scenario,counterparty,path,time_years,hazard_rate,survival_probability
independent,Bank A,0,0.0,0.015,1.0
independent,Bank A,0,0.25,0.022820824755569274,0.9952835544313537
independent,Bank A,0,0.5,0.01020780986803508,0.9911829180490468
independent,Bank A,0,0.75,0.008379847556794412,0.9888826203397416
independent,Bank A,0,1.0,0.013368009331067692,0.9861980113106006
independent,Bank A,0,1.25,0.011994239147010425,0.983076437182333
independent,Bank A,0,1.5,0.015921933430538566,0.9796519491350576
independent,Bank A,0,1.75,0.019294264334236946,0.9753489748854136
independent,Bank A,0,2.0,0.02303718571641135,0.9702016132990482
independent,Bank A,0,2.25,0.02252365485577633,0.9646919172116974
independent,Bank A,0,2.5,0.020797648293828436,0.9594820721487071
independent,Bank A,0,2.75,0.03256510656817638,0.9531032942959753
independent,Bank A,0,3.0,0.028969614076402327,0.9458002989186715
independent,Bank A,0,3.25,0.02484849482124829,0.9394590046774998
independent,Bank A,0,3.5,0.01727267560451362,0.934525614479429
independent,Bank A,0,3.75,0.019020633608204156,0.9302955884503626
independent,Bank A,0,4.0,0.02261581391141795,0.925466390835012
independent,Bank A,0,4.25,0.018316816259724682,0.9207432625789551
independent,Bank A,0,4.5,0.017144052300776112,0.9166710001427625
independent,Bank A,0,4.75,0.012501619955231493,0.9132803703619503
independent,Bank A,0,5.0,0.00906673307228142,0.9108214423604422
independent,Bank A,1,0.0,0.015,1.0
independent,Bank A,1,0.25,0.019884522958754435,0.9956489280913625
independent,Bank A,1,0.5,0.01637756912016557,0.9911461017812229
independent,Bank A,1,0.75,0.01922748469480507,0.9867446773196737
independent,Bank A,1,1.0,0.019442743113888234,0.9819864814342455
independent,Bank A,1,1.25,0.022702650078820046,0.976826808598835
independent,Bank A,1,1.5,0.019046631703492734,0.9717423599325776
independent,Bank A,1,1.75,0.022741806339559224,0.9666796447040146
independent,Bank A,1,2.0,0.02716865808499408,0.9606674897929105
independent,Bank A,1,2.25,0.02725092301854436,0.9541547758077612
independent,Bank A,1,2.5,0.020568104809911218,0.948468443197316
independent,Bank A,1,2.75,0.01947184096259858,0.9437332248209319
independent,Bank A,1,3.0,0.019377710357994578,0.9391613831366504
independent,Bank A,1,3.25,0.01523131683934629,0.935107226129998
independent,Bank A,1,3.5,0.019108718380068387,0.9311018768848043
independent,Bank A,1,3.75,0.024853592521803473,0.9259992361938421
independent,Bank A,1,4.0,0.015867326671376532,0.9212977693392947
independent,Bank A,1,4.25,0.015197577378792553,0.9177272029315378
independent,Bank A,1,4.5,0.014518086326308076,0.9143246670150565
independent,Bank A,1,4.75,0.019182409769285362,0.9104811189323854
independent,Bank A,1,5.0,0.014002134978632607,0.9067122035162517
independent,Bank A,2,0.0,0.015,1.0
independent,Bank A,2,0.25,0.019131723594213806,0.995742622984681
independent,Bank A,2,0.5,0.01693723454929616,0.9912633034729965
independent,Bank A,2,0.75,0.012921257350250747,0.9875704956995792
independent,Bank A,2,1.0,0.008325926744351635,0.984951089161551
independent,Bank A,2,1.25,0.012106864198964812,0.9824386365917198
independent,Bank A,2,1.5,0.007006039410546473,0.9800942813011879
independent,Bank A,2,1.75,0.010911383629498847,0.9779016421383053
independent,Bank A,2,2.0,0.008527338023189888,0.9755283818993941
independent,Bank A,2,2.25,0.01179465613018262,0.9730534414539184
independent,Bank A,2,2.5,0.007743032591766286,0.9706799390244866
independent,Bank A,2,2.75,0.013112584692864759,0.9681527184630587
independent,Bank A,2,3.0,0.012422319282857582,0.9650674341474095
independent,Bank A,2,3.25,0.015251794130986655,0.9617347785357732
independent,Bank A,2,3.5,0.015369220053545057,0.9580606528255451
independent,Bank A,2,3.75,0.01382535448868395,0.9545707529394072
independent,Bank A,2,4.0,0.015295993726836881,0.9511022712867139
independent,Bank A,2,4.25,0.02039552565812206,0.9468684371635924
independent,Bank A,2,4.5,0.023558252485115717,0.9416803966858279
independent,Bank A,2,4.75,0.01882964097724309,0.9367041106791069
independent,Bank A,2,5.0,0.01413001985646618,0.9328528683805102
independent,Bank A,3,0.0,0.015,1.0
independent,Bank A,3,0.25,0.018204490171532556,0.9958580404032847
independent,Bank A,3,0.5,0.019732397480587874,0.9911467506369679
independent,Bank A,3,0.75,0.020172348878349372,0.9862151280978811
independent,Bank A,3,1.0,0.019603030477731223,0.9813239124403297
independent,Bank A,3,1.25,0.013324863803809503,0.977293097266345
independent,Bank A,3,1.5,0.012514918215935622,0.9741415596212869
independent,Bank A,3,1.75,0.01250588219345066,0.9710995939352617
independent,Bank A,3,2.0,0.01048214853506298,0.9683131408811272
independent,Bank A,3,2.25,0.007123649996745076,0.9661844932648079
independent,Bank A,3,2.5,0.006083556691824933,0.9645907344079716
independent,Bank A,3,2.75,0.0070374511209764954,0.9630099807595959
independent,Bank A,3,3.0,0.0081230161558628,0.9611867487082792
independent,Bank A,3,3.25,0.009740588849539017,0.9590428606452538
independent,Bank A,3,3.5,0.007619243569809048,0.9569640140697839
independent,Bank A,3,3.75,0.010004981450542728,0.9548581159578466
independent,Bank A,3,4.0,0.01315741525281035,0.9520975139615588
independent,Bank A,3,4.25,0.010884030746255402,0.9492405837864771
independent,Bank A,3,4.5,0.00806778055760059,0.9469945167236085
independent,Bank A,3,4.75,0.0056653830066083965,0.9453702574370636
independent,Bank A,3,5.0,0.004922744729553615,0.9441198724413773
independent,Bank A,4,0.0,0.015,1.0
independent,Bank A,4,0.25,0.019404111459368104,0.9957087200359415
independent,Bank A,4,0.5,0.023739709295949953,0.9903533389231446
independent,Bank A,4,0.75,0.02380385348769048,0.9844851775073131
independent,Bank A,4,1.0,0.022332496185836957,0.9788239484258201
independent,Bank A,4,1.25,0.018121361730589883,0.9738867912703254
independent,Bank A,4,1.5,0.01972773182352588,0.9692900821399658
independent,Bank A,4,1.75,0.013441236163279864,0.9652796078777975
independent,Bank A,4,2.0,0.01409027952728776,0.9619633661396223
independent,Bank A,4,2.25,0.01485291848269222,0.9584893671958349
independent,Bank A,4,2.5,0.011993340007388633,0.9552782764061184
independent,Bank A,4,2.75,0.011307278503669995,0.9525000025026173
independent,Bank A,4,3.0,0.012412087207555654,0.9496800979776303
independent,Bank A,4,3.25,0.013499372388443778,0.9466091243144881
independent,Bank A,4,3.5,0.01894555801260088,0.9427778153311014
independent,Bank A,4,3.75,0.018407117544949027,0.9383861665664902
independent,Bank A,4,4.0,0.01734859660125862,0.9342014418302256
independent,Bank A,4,4.25,0.015582581345967586,0.9303638016350313
independent,Bank A,4,4.5,0.014111633962410386,0.9269168997777033
independent,Bank A,4,4.75,0.01393273963684039,0.9236732380242187
independent,Bank A,4,5.0,0.013992111074169956,0.9204546789937966
independent,Bank A,5,0.0,0.015,1.0
independent,Bank A,5,0.25,0.0184001755991888,0.9958336813378904
independent,Bank A,5,0.5,0.018825712578832678,0.9912105966735794
independent,Bank A,5,0.75,0.015910180297280484,0.9869161035982779
independent,Bank A,5,1.0,0.014062113316232496,0.9832255039950268
independent,Bank A,5,1.25,0.016930585624698728,0.9794237713675293
independent,Bank A,5,1.5,0.02298783438365641,0.9745488128384824
independent,Bank A,5,1.75,0.022091480024195986,0.9690727568389016
independent,Bank A,5,2.0,0.01498721665192686,0.964591655097985
independent,Bank A,5,2.25,0.013330372812562045,0.9611833270725647
independent,Bank A,5,2.5,0.015837452467385847,0.9576852544774849
independent,Bank A,5,2.75,0.014463980443467863,0.9540647110982344
independent,Bank A,5,3.0,0.012861453534676555,0.9508114912047296
independent,Bank A,5,3.25,0.016644753354722333,0.9473110953141256
independent,Bank A,5,3.5,0.016600109216253465,0.9433826101923557
independent,Bank A,5,3.75,0.01918064776989041,0.9391726639118881
independent,Bank A,5,4.0,0.016470109612060215,0.9349966984957708
independent,Bank A,5,4.25,0.013034002201839498,0.9315547684478451
independent,Bank A,5,4.5,0.009865778376217767,0.9288920312977872
independent,Bank A,5,4.75,0.005929002911139423,0.9270598847308416
independent,Bank A,5,5.0,0.00585552372008923,0.925695269823851
independent,Bank A,6,0.0,0.015,1.0
independent,Bank A,6,0.25,0.017485686241375007,0.9959475227574064
independent,Bank A,6,0.5,0.018793957022127723,0.9914411709284198
independent,Bank A,6,0.75,0.015159052252387147,0.9872422861206241
independent,Bank A,6,1.0,0.017376215939384872,0.983235415363111
independent,Bank A,6,1.25,0.016422972750152188,0.979090108363752
independent,Bank A,6,1.5,0.012860680536238326,0.9755127428451987
independent,Bank A,6,1.75,0.014692148530561316,0.9721587549195613
independent,Bank A,6,2.0,0.012748364613977433,0.9688299003889822
independent,Bank A,6,2.25,0.018471461112191744,0.9650564305388227
independent,Bank A,6,2.5,0.022775920572983964,0.9600934794620314
independent,Bank A,6,2.75,0.01710723462791606,0.9553189461606415
independent,Bank A,6,3.0,0.019448286286046862,0.9509636316986286
independent,Bank A,6,3.25,0.02380321889851749,0.9458361787608006
independent,Bank A,6,3.5,0.022836393262201986,0.9403380422001776
independent,Bank A,6,3.75,0.023368322419139286,0.9349226891960333
independent,Bank A,6,4.0,0.02561395173907957,0.9292158479684077
independent,Bank A,6,4.25,0.025826659768112794,0.9232600875560495
independent,Bank A,6,4.5,0.02570438729526432,0.9173321302899887
independent,Bank A,6,4.75,0.026658296531876503,0.9113474908543978
independent,Bank A,6,5.0,0.02225249614946693,0.9057926478699488
independent,Bank A,7,0.0,0.015,1.0
independent,Bank A,7,0.25,0.015125058809353765,0.9962414487512683
independent,Bank A,7,0.5,0.015470456994127047,0.9924386600303212
independent,Bank A,7,0.75,0.017374571896819326,0.9883724284028893
independent,Bank A,7,1.0,0.022063936424884547,0.9835119271487741
independent,Bank A,7,1.25,0.02398776474888772,0.9778666415044204
independent,Bank A,7,1.5,0.018110751274302662,0.9727343154953986
independent,Bank A,7,1.75,0.02296022058302903,0.9677532196267732
independent,Bank A,7,2.0,0.021919885688420036,0.962339311456458
independent,Bank A,7,2.25,0.016274443350568112,0.9577557736960509
independent,Bank A,7,2.5,0.014760471517783655,0.954047487630425
independent,Bank A,7,2.75,0.017217458664052044,0.9502415413471039
independent,Bank A,7,3.0,0.014141621775817573,0.9465239946685481
independent,Bank A,7,3.25,0.006469166361450446,0.9440885575928937
independent,Bank A,7,3.5,0.008091028974471481,0.9423718560595067
independent,Bank A,7,3.75,0.006387216637283553,0.9406679120084105
independent,Bank A,7,4.0,0.006504316062105416,0.9391533012961452
independent,Bank A,7,4.25,0.006199238373342197,0.9376631616029076
independent,Bank A,7,4.5,0.009146004739572331,0.9358663018353635
independent,Bank A,7,4.75,0.008702959504919111,0.9337805989079904
independent,Bank A,7,5.0,0.010676216862463903,0.9315213490485228
independent,Bank A,8,0.0,0.015,1.0
independent,Bank A,8,0.25,0.015536801338420341,0.9961901756990269
independent,Bank A,8,0.5,0.01062610466406192,0.9929375934198161
independent,Bank A,8,0.75,0.008587254134422467,0.9905557464888147
independent,Bank A,8,1.0,0.008734353550106098,0.9884133144699492
independent,Bank A,8,1.25,0.009620009500981,0.9861482017800418
independent,Bank A,8,1.5,0.012865126031923468,0.9833803837782331
independent,Bank A,8,1.75,0.016522491562403614,0.9797746098186119
independent,Bank A,8,2.0,0.018371630087949124,0.9755103695834331
independent,Bank A,8,2.25,0.019098937863510114,0.9709519374083786
independent,Bank A,8,2.5,0.016861739231185013,0.9665972210133462
independent,Bank A,8,2.75,0.012483515246983275,0.963058085854512
independent,Bank A,8,3.0,0.009747451829691443,0.9603855867643032
independent,Bank A,8,3.25,0.010664214714616373,0.957938326339539
independent,Bank A,8,3.5,0.008873952754049334,0.9556016359858892
independent,Bank A,8,3.75,0.01493334417677155,0.9527620767339509
independent,Bank A,8,4.0,0.01885144814643763,0.9487469522235303
independent,Bank A,8,4.25,0.021703519401745978,0.9439495721146306
independent,Bank A,8,4.5,0.02286245723084579,0.9387056875315549
independent,Bank A,8,4.75,0.024129325918503808,0.9332079184488525
independent,Bank A,8,5.0,0.02151826792158652,0.9278982442168965
independent,Bank A,9,0.0,0.015,1.0
independent,Bank A,9,0.25,0.019474181237514536,0.9956999989379954
independent,Bank A,9,0.5,0.028394323356773037,0.989759954229992
independent,Bank A,9,0.75,0.025531073493805827,0.9831107397123926
independent,Bank A,9,1.0,0.02923879158520659,0.9764031215491091
independent,Bank A,9,1.25,0.018926904869372638,0.9705421408460053
independent,Bank A,9,1.5,0.012693234776774334,0.9667136272104508
independent,Bank A,9,1.75,0.011483819819798846,0.9637965013820559
independent,Bank A,9,2.0,0.01048602331818679,0.9611533251846086
independent,Bank A,9,2.25,0.007726437815212681,0.9589676930400776
independent,Bank A,9,2.5,0.013049127410469605,0.9564805369604608
independent,Bank A,9,2.75,0.01920009051080703,0.952632579363502
independent,Bank A,9,3.0,0.025149146020269054,0.9473661246052417
independent,Bank A,9,3.25,0.025075472204588275,0.9414371177199492
independent,Bank A,9,3.5,0.032148137990367254,0.9347270907467023
independent,Bank A,9,3.75,0.018406125968405122,0.9288389098725053
independent,Bank A,9,4.0,0.016607021240722747,0.9247825961810553
independent,Bank A,9,4.25,0.015946212764996474,0.9210271590571669
independent,Bank A,9,4.5,0.019485802276254856,0.9169569481773028
independent,Bank A,9,4.75,0.020471612066378885,0.9123884631387364
independent,Bank A,9,5.0,0.021937170354847383,0.9075645998437153
independent,Bank A,10,0.0,0.015,1.0
independent,Bank A,10,0.25,0.01647704728270877,0.9960730996076265
independent,Bank A,10,0.5,0.014129990529226233,0.9922695243799321
independent,Bank A,10,0.75,0.018995242271583182,0.988169374015705
independent,Bank A,10,1.0,0.019635201847967184,0.9834091985231527
independent,Bank A,10,1.25,0.022942395118888317,0.9781892017138586
independent,Bank A,10,1.5,0.024006998723918156,0.9724653401209783
independent,Bank A,10,1.75,0.017418580233036492,0.9674427378904331
independent,Bank A,10,2.0,0.013731742649710096,0.9636830431652395
independent,Bank A,10,2.25,0.017133307163782047,0.9599721906049025
independent,Bank A,10,2.5,0.016568167722741167,0.95593663699566
independent,Bank A,10,2.75,0.012993840259465619,0.9524107297522734
independent,Bank A,10,3.0,0.015929334752190032,0.9489736040055827
independent,Bank A,10,3.25,0.018976878527659183,0.9448419898709147
independent,Bank A,10,3.5,0.017923830922883778,0.9404938581835308
independent,Bank A,10,3.75,0.019412258907665996,0.9361147893169092
independent,Bank A,10,4.0,0.01612365089391479,0.9319657996819277
independent,Bank A,10,4.25,0.018563599139247912,0.927933631211771
independent,Bank A,10,4.5,0.022274989143039534,0.9232087638395858
independent,Bank A,10,4.75,0.021767629297703057,0.918140162380581
independent,Bank A,10,5.0,0.015582960611072323,0.9138635190106326
independent,Bank A,11,0.0,0.015,1.0
independent,Bank A,11,0.25,0.0189814483841805,0.9957613275893338
independent,Bank A,11,0.5,0.028143650655890962,0.9899129010828648
independent,Bank A,11,0.75,0.02130312155731152,0.983813271223135
independent,Bank A,11,1.0,0.01813283611416331,0.9789755025819654
independent,Bank A,11,1.25,0.01777986725695135,0.9745906448475374
independent,Bank A,11,1.5,0.020343935938837463,0.9699573059048301
independent,Bank A,11,1.75,0.015013758222340013,0.9656798337433683
independent,Bank A,11,2.0,0.015072858492075994,0.9620548995129927
independent,Bank A,11,2.25,0.016265170542888726,0.9582936581440706
independent,Bank A,11,2.5,0.020206405879143,0.953934791566125
independent,Bank A,11,2.75,0.019030746583975855,0.9492675359289761
independent,Bank A,11,3.0,0.015702248567881664,0.9451551066101331
independent,Bank A,11,3.25,0.012223557338790922,0.9418615810942609
independent,Bank A,11,3.5,0.01826477806320777,0.9382789382581574
independent,Bank A,11,3.75,0.01280302801640474,0.9346422208678342
independent,Bank A,11,4.0,0.015423703293531849,0.9313502949473436
independent,Bank A,11,4.25,0.011245092265558273,0.9282507153699305
independent,Bank A,11,4.5,0.012646665614776835,0.9254826581189084
independent,Bank A,11,4.75,0.01622285815474168,0.9221488965439835
independent,Bank A,11,5.0,0.023812904528020443,0.9175455579895184
independent,Bank A,12,0.0,0.015,1.0
independent,Bank A,12,0.25,0.008282122983385397,0.9970939653441823
independent,Bank A,12,0.5,0.010764864031853323,0.994722834668845
independent,Bank A,12,0.75,0.01492739035292385,0.9915333749220338
independent,Bank A,12,1.0,0.014411652670737539,0.9879037046377015
independent,Bank A,12,1.25,0.020248031796654537,0.9836329090089554
independent,Bank A,12,1.5,0.02041298292051631,0.9786461536289085
independent,Bank A,12,1.75,0.023075267548764575,0.9733406360425596
independent,Bank A,12,2.0,0.022813300917255485,0.9677734670931565
independent,Bank A,12,2.25,0.011800225524102148,0.9635952559635311
independent,Bank A,12,2.5,0.012643326535042921,0.9606555379720412
independent,Bank A,12,2.75,0.020271508863661178,0.9567111804152675
independent,Bank A,12,3.0,0.011500013891934424,0.9529191938436484
independent,Bank A,12,3.25,0.016976094137229697,0.9495332947570222
independent,Bank A,12,3.5,0.016952808302721317,0.9455147445277603
independent,Bank A,12,3.75,0.016030323343225423,0.9416245148741519
independent,Bank A,12,4.0,0.015088161299383122,0.9379688883302296
independent,Bank A,12,4.25,0.0071623293946899355,0.9353637293860344
independent,Bank A,12,4.5,0.010582109672040842,0.9332913404841706
independent,Bank A,12,4.75,0.013800184014640877,0.9304511978123591
independent,Bank A,12,5.0,0.014110174620928936,0.927210700486397
independent,Bank A,13,0.0,0.015,1.0
independent,Bank A,13,0.25,0.014563236812284655,0.9963114150030633
independent,Bank A,13,0.5,0.01493924318812971,0.9926439743721801
independent,Bank A,13,0.75,0.021274546180994364,0.9881607043143614
independent,Bank A,13,1.0,0.01589119664272738,0.9835806355797893
independent,Bank A,13,1.25,0.014954501988168107,0.9797955334185617
independent,Bank A,13,1.5,0.019367453896694052,0.9756009753080115
independent,Bank A,13,1.75,0.018381823004810678,0.9710082905673534
independent,Bank A,13,2.0,0.024553823369140047,0.9658108915745099
independent,Bank A,13,2.25,0.022812719209030087,0.960109396647119
independent,Bank A,13,2.5,0.022897082843187373,0.9546392377129554
independent,Bank A,13,2.75,0.030906063940118116,0.9482404546191607
independent,Bank A,13,3.0,0.027004962542480023,0.941401042063033
independent,Bank A,13,3.25,0.030884973123409182,0.934613424383276
independent,Bank A,13,3.5,0.03850378002831068,0.9265420214968163
independent,Bank A,13,3.75,0.041326631353360635,0.9173422204883884
independent,Bank A,13,4.0,0.03397018876567991,0.9087486068945759
independent,Bank A,13,4.25,0.037168499845907504,0.9007035316422299
independent,Bank A,13,4.5,0.03897796820016866,0.8921710294688503
independent,Bank A,13,4.75,0.041224741198956305,0.8832713981911064
independent,Bank A,13,5.0,0.03501770562259292,0.8748935368171016
independent,Bank A,14,0.0,0.015,1.0
independent,Bank A,14,0.25,0.015100688693926053,0.9962444835707782
independent,Bank A,14,0.5,0.014371090098551875,0.9925810984882556
independent,Bank A,14,0.75,0.013857019117299509,0.9890849342904804
independent,Bank A,14,1.0,0.011857634899780896,0.9859107912878694
independent,Bank A,14,1.25,0.013063425840459626,0.982844327149552
independent,Bank A,14,1.5,0.019114687329521297,0.9788990075290901
independent,Bank A,14,1.75,0.025554098710581428,0.9734484597341696
independent,Bank A,14,2.0,0.022168750529010958,0.9676587788965133
independent,Bank A,14,2.25,0.027263731466391078,0.9616979919971342
independent,Bank A,14,2.5,0.019319054871335645,0.9561144423441938
independent,Bank A,14,2.75,0.024002492328946506,0.9509508911586129
independent,Bank A,14,3.0,0.024076463761976134,0.9452529395140927
independent,Bank A,14,3.25,0.026827212300808072,0.939257428161741
independent,Bank A,14,3.5,0.025341738008014147,0.9331523465157971
independent,Bank A,14,3.75,0.022054262180038604,0.9276402298075074
independent,Bank A,14,4.0,0.02462070297553799,0.9222437906031864
independent,Bank A,14,4.25,0.022997638054739984,0.9167706307702992
independent,Bank A,14,4.5,0.021322899041155613,0.9117057029013685
independent,Bank A,14,4.75,0.01809262208608478,0.9072248310351131
independent,Bank A,14,5.0,0.014703760331243203,0.9035132326087408
independent,Bank A,15,0.0,0.015,1.0
independent,Bank A,15,0.25,0.014730644418408725,0.9962905664575844
independent,Bank A,15,0.5,0.015206501553348918,0.9925692715946507
independent,Bank A,15,0.75,0.016323831977611118,0.9886649656297867
independent,Bank A,15,1.0,0.016783549056242915,0.9845819067024147
independent,Bank A,15,1.25,0.015584961879498368,0.9806062736818266
independent,Bank A,15,1.5,0.018588536796863207,0.9764263642714159
independent,Bank A,15,1.75,0.02070330922913197,0.971642422711552
independent,Bank A,15,2.0,0.019716706479921742,0.9667455785373807
independent,Bank A,15,2.25,0.011816866586995907,0.96294246103694
independent,Bank A,15,2.5,0.008796026072999364,0.9604645260474515
independent,Bank A,15,2.75,0.01099404508997121,0.9580915047338832
independent,Bank A,15,3.0,0.015533937600355855,0.9549197370709248
independent,Bank A,15,3.25,0.010916648678355671,0.9517676774446301
independent,Bank A,15,3.5,0.008798453322431201,0.9494250406077676
independent,Bank A,15,3.75,0.008147318880449821,0.9474160765166891
independent,Bank A,15,4.0,0.010373833375767616,0.9452252089068985
independent,Bank A,15,4.25,0.013467666207770682,0.9424124539541316
independent,Bank A,15,4.5,0.014793267937069506,0.9390891453607224
independent,Bank A,15,4.75,0.010172594097054035,0.9361630672342947
independent,Bank A,15,5.0,0.010038503137181718,0.9338009419647731
independent,Bank A,16,0.0,0.015,1.0
independent,Bank A,16,0.25,0.01700381526274334,0.9960075143400831
independent,Bank A,16,0.5,0.018545480294260785,0.9915914127500797
independent,Bank A,16,0.75,0.020966594397471804,0.986706007965602
independent,Bank A,16,1.0,0.02825800899046207,0.9806533717376135
independent,Bank A,16,1.25,0.027688246776680105,0.9738193103048389
independent,Bank A,16,1.5,0.028389228455507252,0.9670170131042902
independent,Bank A,16,1.75,0.031117366200536463,0.9598507126017444
independent,Bank A,16,2.0,0.03409431146597701,0.952058330982236
independent,Bank A,16,2.25,0.037493334544247595,0.9435768836586637
independent,Bank A,16,2.5,0.032719298886860676,0.9353317414254252
independent,Bank A,16,2.75,0.02958602010308295,0.9280755166265716
independent,Bank A,16,3.0,0.0217866718987675,0.9221348939433485
independent,Bank A,16,3.25,0.02384193144553696,0.9168903984352512
independent,Bank A,16,3.5,0.019467230911540612,0.9119400907391616
independent,Bank A,16,3.75,0.017696528165131873,0.9077135253032202
independent,Bank A,16,4.0,0.01921975214574968,0.9035344989828096
independent,Bank A,16,4.25,0.014928823779137372,0.8996859167467248
independent,Bank A,16,4.5,0.013723812189653054,0.8964693836871991
independent,Bank A,16,4.75,0.010999494375191043,0.8937031992904629
independent,Bank A,16,5.0,0.014258718770127646,0.8908859807628116
independent,Bank A,17,0.0,0.015,1.0
independent,Bank A,17,0.25,0.011725327568337825,0.9966649078699593
independent,Bank A,17,0.5,0.011388559173723287,0.9937894638132135
independent,Bank A,17,0.75,0.016533351589781493,0.9903269472423084
independent,Bank A,17,1.0,0.020741804919333535,0.9857233565494693
independent,Bank A,17,1.25,0.022795056381277618,0.9803735143299221
independent,Bank A,17,1.5,0.01904136635115495,0.9752599816308329
independent,Bank A,17,1.75,0.020713887457105125,0.9704255402201925
independent,Bank A,17,2.0,0.02418644632722962,0.9649942423370231
independent,Bank A,17,2.25,0.02584472711464331,0.958978099823485
independent,Bank A,17,2.5,0.02310173625272654,0.9531286890146626
independent,Bank A,17,2.75,0.0181229083765695,0.948229773172953
independent,Bank A,17,3.0,0.02303759765097577,0.9433636001298761
independent,Bank A,17,3.25,0.015141069938975417,0.9388722800294313
independent,Bank A,17,3.5,0.013957224165431789,0.9354635353621124
independent,Bank A,17,3.75,0.015359301992853432,0.9320417412356392
independent,Bank A,17,4.0,0.02291878993138073,0.9275927958636754
independent,Bank A,17,4.25,0.027433921775422015,0.9217727793491881
independent,Bank A,17,4.5,0.027310364042795982,0.9154865881335513
independent,Bank A,17,4.75,0.024910575125001607,0.9095301039303838
independent,Bank A,17,5.0,0.025996043343897518,0.903760841501989
independent,Bank A,18,0.0,0.015,1.0
independent,Bank A,18,0.25,0.021043694017587218,0.9955046726148881
independent,Bank A,18,0.5,0.021579085635928395,0.9902148796946336
independent,Bank A,18,0.75,0.020686026408548348,0.9849972317555566
independent,Bank A,18,1.0,0.022062527266229884,0.9797478685352283
independent,Bank A,18,1.25,0.022433240408418445,0.9743136657910445
independent,Bank A,18,1.5,0.022604446066663356,0.9688439724570539
independent,Bank A,18,1.75,0.01791451483631466,0.9639493094566158
independent,Bank A,18,2.0,0.017184506545886158,0.9597293637954774
independent,Bank A,18,2.25,0.017782936856358744,0.9555436080069742
independent,Bank A,18,2.5,0.0165120557565886,0.9514560805023835
independent,Bank A,18,2.75,0.01996631774420337,0.9471275104177546
independent,Bank A,18,3.0,0.014920749872912507,0.943006190559657
independent,Bank A,18,3.25,0.012107986389071707,0.9398255334543463
independent,Bank A,18,3.5,0.012936191546056294,0.9368879891413102
independent,Bank A,18,3.75,0.008894305482006464,0.9343348828914287
independent,Bank A,18,4.0,0.01194276502354522,0.9319044492314775
independent,Bank A,18,4.25,0.01125907143863879,0.9292056278952247
independent,Bank A,18,4.5,0.011889760641563885,0.9265207611082126
independent,Bank A,18,4.75,0.011173776213721913,0.9238535020172364
independent,Bank A,18,5.0,0.013331806967515243,0.9210278858323336
independent,Bank A,19,0.0,0.015,1.0
independent,Bank A,19,0.25,0.014952983158113083,0.9962628775937397
independent,Bank A,19,0.5,0.008205927064135855,0.9933830027101571
independent,Bank A,19,0.75,0.010579519902751196,0.9910530963371256
independent,Bank A,19,1.0,0.01794136850031953,0.9875261726647402
independent,Bank A,19,1.25,0.024547942849415305,0.9822951629592536
independent,Bank A,19,1.5,0.019469778621043876,0.976905205549513
independent,Bank A,19,1.75,0.010014219772960731,0.9733114480746053
independent,Bank A,19,2.0,0.00696250443597127,0.9712481830635382
independent,Bank A,19,2.25,0.010701489546222435,0.9691060336084193
independent,Bank A,19,2.5,0.013637734201145753,0.9661621031172911
independent,Bank A,19,2.75,0.018236902708204526,0.9623202535182087
independent,Bank A,19,3.0,0.015533616643806973,0.9582665586560405
independent,Bank A,19,3.25,0.016824618591189427,0.9543984099933617
independent,Bank A,19,3.5,0.02234445204408069,0.9497369684842443
independent,Bank A,19,3.75,0.020938679527117934,0.9446123951880712
independent,Bank A,19,4.0,0.021264414610230466,0.9396423205177706
independent,Bank A,19,4.25,0.02697093982777825,0.9339938685255481
independent,Bank A,19,4.5,0.027703027172858056,0.9276324871644146
independent,Bank A,19,4.75,0.029784664066099014,0.9209904492097384
independent,Bank A,19,5.0,0.02886694958496439,0.9142629435344939
independent,Bank A,20,0.0,0.015,1.0
independent,Bank A,20,0.25,0.016908906358395724,0.9960193306579135
independent,Bank A,20,0.5,0.02033812336988712,0.9913927641793249
independent,Bank A,20,0.75,0.019721458077999077,0.9864408254158192
independent,Bank A,20,1.0,0.01813192100201029,0.9817843357822017
independent,Bank A,20,1.25,0.01633646024415032,0.9775633708278093
independent,Bank A,20,1.5,0.0186891528064786,0.9732927569091595
independent,Bank A,20,1.75,0.021043905781447558,0.9684707541121528
independent,Bank A,20,2.0,0.03161082345020431,0.9621173648817398
independent,Bank A,20,2.25,0.01999053137815602,0.9559315162725038
independent,Bank A,20,2.5,0.019924572521186214,0.9511738817603672
independent,Bank A,20,2.75,0.016472178958718636,0.9468562560062352
independent,Bank A,20,3.0,0.010435965392546681,0.9436768379166907
independent,Bank A,20,3.25,0.01627872472416119,0.9405308393268353
independent,Bank A,20,3.5,0.015268273430505706,0.9368292768659316
independent,Bank A,20,3.75,0.013214430897021092,0.9334997785404727
independent,Bank A,20,4.0,0.017207154094131736,0.9299567015795756
independent,Bank A,20,4.25,0.015934970807802894,0.9261120781204761
independent,Bank A,20,4.5,0.008404323929429419,0.9232987455950162
independent,Bank A,20,4.75,0.011720774251892507,0.9209789799246574
independent,Bank A,20,5.0,0.009868141800472945,0.918496963198658
independent,Bank A,21,0.0,0.015,1.0
independent,Bank A,21,0.25,0.012959008206235108,0.9965112239451552
independent,Bank A,21,0.5,0.012212190663715844,0.9933807286484915
independent,Bank A,21,0.75,0.019226505629549296,0.9894845649280287
independent,Bank A,21,1.0,0.023438199286813094,0.9842216029492892
independent,Bank A,21,1.25,0.02499034333703863,0.9782815481202455
independent,Bank A,21,1.5,0.026336046246220893,0.9720251818913919
independent,Bank A,21,1.75,0.030975483607756198,0.9650865343197044
independent,Bank A,21,2.0,0.032387866900966775,0.9574728364170796
independent,Bank A,21,2.25,0.020858403669812668,0.9511212649938151
independent,Bank A,21,2.5,0.019553343645494606,0.9463288205970334
independent,Bank A,21,2.75,0.019770254688210264,0.9416886025153778
independent,Bank A,21,3.0,0.019799528792130993,0.9370423010460834
independent,Bank A,21,3.25,0.019691512276629422,0.9324281021366139
independent,Bank A,21,3.5,0.021320485113451908,0.9276602414353777
independent,Bank A,21,3.75,0.023820615616568886,0.9224405312010807
independent,Bank A,21,4.0,0.02069986802489405,0.9173213513629753
independent,Bank A,21,4.25,0.018967217216991163,0.9127841761611102
independent,Bank A,21,4.5,0.02141974846951318,0.9081877153421014
independent,Bank A,21,4.75,0.02303070254139163,0.9031555392507947
independent,Bank A,21,5.0,0.02218994687592019,0.8980647807672125
independent,Bank A,22,0.0,0.015,1.0
independent,Bank A,22,0.25,0.010992713974135957,0.9967561833317945
independent,Bank A,22,0.5,0.013696178724555821,0.9936848242407614
independent,Bank A,22,0.75,0.014789665936663296,0.9901528721941468
independent,Bank A,22,1.0,0.011633450935389757,0.9868879014483753
independent,Bank A,22,1.25,0.015197694362866481,0.9835835292169478
independent,Bank A,22,1.5,0.020079251773238833,0.979255850038504
independent,Bank A,22,1.75,0.025330067666150646,0.973713177767609
independent,Bank A,22,2.0,0.025409454434704083,0.9675570033258167
independent,Bank A,22,2.25,0.017227683928971324,0.9624139879876372
independent,Bank A,22,2.5,0.025555031744069617,0.9572808902116899
independent,Bank A,22,2.75,0.02198761369236276,0.9516088027894919
independent,Bank A,22,3.0,0.021108384809377587,0.9464962693192128
independent,Bank A,22,3.25,0.02032098664663932,0.9416073461184329
independent,Bank A,22,3.5,0.02209787299961748,0.9366278206648856
independent,Bank A,22,3.75,0.023618384462583797,0.9312906949527722
independent,Bank A,22,4.0,0.024630163247801738,0.9256909202977175
independent,Bank A,22,4.25,0.03473707870266901,0.9188468815828391
independent,Bank A,22,4.5,0.035615830314408396,0.9108018639475511
independent,Bank A,22,4.75,0.024319189915187896,0.9040037450641628
independent,Bank A,22,5.0,0.017124519078268216,0.8993326960928612
independent,Bank A,23,0.0,0.015,1.0
independent,Bank A,23,0.25,0.01805884896458035,0.9958761703141827
independent,Bank A,23,0.5,0.021026478442463022,0.9910225183580817
independent,Bank A,23,0.75,0.016046802940918,0.9864405861767669
independent,Bank A,23,1.0,0.018331856792269906,0.9822106183180651
independent,Bank A,23,1.25,0.023134450415964094,0.9771327089160121
independent,Bank A,23,1.5,0.020992152665944563,0.9717578525272751
independent,Bank A,23,1.75,0.020951587539830584,0.966676290536318
independent,Bank A,23,2.0,0.019146346926916243,0.9618431976511733
independent,Bank A,23,2.25,0.018633721809912518,0.9573115935776121
independent,Bank A,23,2.5,0.013221800851048932,0.9535072153625904
independent,Bank A,23,2.75,0.010374601183163152,0.9506989415214367
independent,Bank A,23,3.0,0.014636209980103884,0.9477313638214493
independent,Bank A,23,3.25,0.01652867170736972,0.9440465537950933
independent,Bank A,23,3.5,0.017952840224246647,0.9399862912668028
independent,Bank A,23,3.75,0.02090835191582052,0.9354312401593591
independent,Bank A,23,4.0,0.019882665252106278,0.9306737304733271
independent,Bank A,23,4.25,0.025697002144852942,0.9253863322556884
independent,Bank A,23,4.5,0.033389372389756304,0.9185767947139215
independent,Bank A,23,4.75,0.03301927158092163,0.9109831760239382
independent,Bank A,23,5.0,0.019395894664665493,0.9050340196048525
independent,Bank A,24,0.0,0.015,1.0
independent,Bank A,24,0.25,0.015524992496602745,0.9961916461816378
independent,Bank A,24,0.5,0.023421795036535596,0.9913536242769911
independent,Bank A,24,0.75,0.022569535788150113,0.9856707660046701
independent,Bank A,24,1.0,0.021319719665971796,0.980278027729393
independent,Bank A,24,1.25,0.021489826085458984,0.9750463808555089
independent,Bank A,24,1.5,0.02029849483418474,0.9699664660910524
independent,Bank A,24,1.75,0.01648278533209316,0.9655171261622452
independent,Bank A,24,2.0,0.01698350550729021,0.9614865279940011
independent,Bank A,24,2.25,0.012161487347245387,0.957990086098532
independent,Bank A,24,2.5,0.017596650192251564,0.9544332054907592
independent,Bank A,24,2.75,0.01596704095007828,0.9504373060074129
independent,Bank A,24,3.0,0.017681163486629747,0.9464481375634338
independent,Bank A,24,3.25,0.014028430250479203,0.9427041267896151
independent,Bank A,24,3.5,0.014353092450785017,0.9393656299457867
independent,Bank A,24,3.75,0.018327269918114134,0.9355361060126722
independent,Bank A,24,4.0,0.01989085664512564,0.9310774598982056
independent,Bank A,24,4.25,0.022857734724083506,0.9261154479108598
independent,Bank A,24,4.5,0.023068406259247963,0.9208140658930691
independent,Bank A,24,4.75,0.015169503186746477,0.9164233169600136
independent,Bank A,24,5.0,0.016524312285928162,0.9127998802947421
independent,Bank A,25,0.0,0.015,1.0
independent,Bank A,25,0.25,0.026904301282403877,0.9947756569375915
independent,Bank A,25,0.5,0.02675032940951441,0.988126190218633
independent,Bank A,25,0.75,0.026894634785307295,0.9815223571015822
independent,Bank A,25,1.0,0.023439973722335784,0.9753661762715579
independent,Bank A,25,1.25,0.020421251337743175,0.970033214598224
independent,Bank A,25,1.5,0.020335989697355134,0.965103797408205
independent,Bank A,25,1.75,0.017797978580932988,0.9605143397882924
independent,Bank A,25,2.0,0.02359975769076841,0.9555567878995738
independent,Bank A,25,2.25,0.024763127860017053,0.9497975283937862
independent,Bank A,25,2.5,0.024482846358662866,0.9439687738934649
independent,Bank A,25,2.75,0.025866724806771636,0.9380463774552701
independent,Bank A,25,3.0,0.01842389442859975,0.9328673950885231
independent,Bank A,25,3.25,0.012261964972891087,0.9292960191727411
independent,Bank A,25,3.5,0.01704773755016388,0.9258975747016784
independent,Bank A,25,3.75,0.01924462125009015,0.9217067120331472
independent,Bank A,25,4.0,0.01810203382507445,0.9174139071165384
independent,Bank A,25,4.25,0.01385494558299696,0.9137564948033072
independent,Bank A,25,4.5,0.013239009471135888,0.9106670696278919
independent,Bank A,25,4.75,0.01726019126467402,0.9072018520029478
independent,Bank A,25,5.0,0.022255445042562407,0.9027318185497344
independent,Bank A,26,0.0,0.015,1.0
independent,Bank A,26,0.25,0.012912385647810453,0.9965170314499227
independent,Bank A,26,0.5,0.018669971757062784,0.9925907420105768
independent,Bank A,26,0.75,0.015881575479324242,0.9883130429913589
independent,Bank A,26,1.0,0.01990363176720848,0.9839020424982996
independent,Bank A,26,1.25,0.02437876810527947,0.9784708949210077
independent,Bank A,26,1.5,0.025987671502415037,0.9723299842881828
independent,Bank A,26,1.75,0.03322222581419756,0.9651601051895217
independent,Bank A,26,2.0,0.02584466230235583,0.9580602224483339
independent,Bank A,26,2.25,0.02787824641477541,0.9516480538326163
independent,Bank A,26,2.5,0.02726668825244942,0.9451107895613184
independent,Bank A,26,2.75,0.024808070805606923,0.9389787170197431
independent,Bank A,26,3.0,0.0213835895832598,0.9335727157984322
independent,Bank A,26,3.25,0.02073209340163781,0.928670873329431
independent,Bank A,26,3.5,0.022837726013020424,0.9236268684152347
independent,Bank A,26,3.75,0.029001315564438235,0.9176612261587548
independent,Bank A,26,4.0,0.025483792511296458,0.9114326018037843
independent,Bank A,26,4.25,0.02313398705095816,0.9059104198983677
independent,Bank A,26,4.5,0.02051943774971697,0.9009806207452046
independent,Bank A,26,4.75,0.011000585859130808,0.8974377385070124
independent,Bank A,26,5.0,0.013133943914991852,0.894734413547043
independent,Bank A,27,0.0,0.015,1.0
independent,Bank A,27,0.25,0.00980101288582181,0.9969046738198447
independent,Bank A,27,0.5,0.009296884981319302,0.9945276642361118
independent,Bank A,27,0.75,0.005824734243326122,0.9926495811929612
independent,Bank A,27,1.0,0.0069782852129930744,0.9910622377184259
independent,Bank A,27,1.25,0.009232501861080485,0.9890560336749568
independent,Bank A,27,1.5,0.011023655593820285,0.9865548921372875
independent,Bank A,27,1.75,0.006888904462556046,0.9843483978374439
independent,Bank A,27,2.0,0.0086806016151794,0.9824345335163248
independent,Bank A,27,2.25,0.008037088867275749,0.980383672559992
independent,Bank A,27,2.5,0.007080777050950269,0.9785327583640748
independent,Bank A,27,2.75,0.008776443688289733,0.9765950781436836
independent,Bank A,27,3.0,0.006041046062875652,0.9747879163152581
independent,Bank A,27,3.25,0.010538431086844331,0.9727698239717614
independent,Bank A,27,3.5,0.014192293931212534,0.9697673043904335
independent,Bank A,27,3.75,0.019172706374259166,0.9657311909976996
independent,Bank A,27,4.0,0.01882935961509564,0.9611545970491254
independent,Bank A,27,4.25,0.017769140508095516,0.9567675376078922
independent,Bank A,27,4.5,0.022442923947580583,0.9519704043861367
independent,Bank A,27,4.75,0.01873469323638962,0.9470830092715902
independent,Bank A,27,5.0,0.015877484086306515,0.9429942849956634
independent,Bank A,28,0.0,0.015,1.0
independent,Bank A,28,0.25,0.010451371022588276,0.9968236339806719
independent,Bank A,28,0.5,0.014890331568061669,0.993670978961331
independent,Bank A,28,0.75,0.011481489770794794,0.9904007578373287
independent,Bank A,28,1.0,0.005805397910283496,0.9882629500893239
independent,Bank A,28,1.25,0.009052317497715526,0.9864292372078222
independent,Bank A,28,1.5,0.010281455261462052,0.984048190690576
independent,Bank A,28,1.75,0.010147420231631062,0.9815385216657551
independent,Bank A,28,2.0,0.012832556003179445,0.9787231007580656
independent,Bank A,28,2.25,0.012281761458605857,0.9756554231093748
independent,Bank A,28,2.5,0.01583761707831998,0.9722320899883801
independent,Bank A,28,2.75,0.005159295780419132,0.969683701660266
independent,Bank A,28,3.0,0.010250211932662475,0.9678177058070464
independent,Bank A,28,3.25,0.008837956614874241,0.9655112251205867
independent,Bank A,28,3.5,0.009453827604326507,0.9633061316507455
independent,Bank A,28,3.75,0.01085111330290937,0.9608642475962595
independent,Bank A,28,4.0,0.01142746520634418,0.9581921338071165
independent,Bank A,28,4.25,0.016056568869818804,0.9549059088021749
independent,Bank A,28,4.5,0.023845652169554813,0.9501549087869505
independent,Bank A,28,4.75,0.022796695068828914,0.9446313445353823
independent,Bank A,28,5.0,0.020357149944097267,0.9395495038386851
independent,Bank A,29,0.0,0.015,1.0
independent,Bank A,29,0.25,0.023342429235586642,0.9952186635017294
independent,Bank A,29,0.5,0.02299317645516295,0.9894710670212089
independent,Bank A,29,0.75,0.02813808764067672,0.983167120721989
independent,Bank A,29,1.0,0.036274287533390986,0.9752828872726479
independent,Bank A,29,1.25,0.018238725380805086,0.9686597771766026
independent,Bank A,29,1.5,0.0178416369525684,0.9643009144319693
independent,Bank A,29,1.75,0.021050955242276185,0.9596242712891133
independent,Bank A,29,2.0,0.01562773479250704,0.9552346217412151
independent,Bank A,29,2.25,0.01771035490680567,0.9512621923774688
independent,Bank A,29,2.5,0.015307184704432042,0.9473442408691652
independent,Bank A,29,2.75,0.015329096981664745,0.94372329044582
independent,Bank A,29,3.0,0.014088471864730608,0.9402594074289626
independent,Bank A,29,3.25,0.016943711781528183,0.9366191844219398
independent,Bank A,29,3.5,0.020200108303277356,0.9322805624688061
independent,Bank A,29,3.75,0.018713740362933447,0.9277567457432124
independent,Bank A,29,4.0,0.018891736075395526,0.9234058879544322
independent,Bank A,29,4.25,0.020477863440604066,0.9188727862530363
independent,Bank A,29,4.5,0.019162365108612026,0.914331006961859
independent,Bank A,29,4.75,0.023712489220962044,0.9094438884737253
independent,Bank A,29,5.0,0.024013169611265497,0.9040345636476241
independent,Bank A,30,0.0,0.015,1.0
independent,Bank A,30,0.25,0.0167453076806273,0.9960396992968713
independent,Bank A,30,0.5,0.016186379983152324,0.9919479682655946
independent,Bank A,30,0.75,0.021369154616800855,0.9873022393190821
independent,Bank A,30,1.0,0.021793452533282343,0.9819897661313564
independent,Bank A,30,1.25,0.022392782673092564,0.9765809133373748
independent,Bank A,30,1.5,0.0223606501320032,0.9711329973185001
independent,Bank A,30,1.75,0.015889837977824346,0.9665007912562678
independent,Bank A,30,2.0,0.014667963226957128,0.962816065675424
independent,Bank A,30,2.25,0.01759895173097554,0.9589404987023694
independent,Bank A,30,2.5,0.016863402889173398,0.9548184650725867
independent,Bank A,30,2.75,0.018324439217302323,0.9506279376310897
independent,Bank A,30,3.0,0.025167433193351282,0.9454738866615018
independent,Bank A,30,3.25,0.018374042177902,0.9403419490945757
independent,Bank A,30,3.5,0.021886567104418667,0.9356214946052447
independent,Bank A,30,3.75,0.019173089325866054,0.9308317595346671
independent,Bank A,30,4.0,0.017353342102662074,0.9265914518033174
independent,Bank A,30,4.25,0.02215891331279964,0.9220262701089718
independent,Bank A,30,4.5,0.025241828235244082,0.9165793317354457
independent,Bank A,30,4.75,0.029548770031382763,0.9103232882193302
independent,Bank A,30,5.0,0.023119945660146066,0.904349778556265
independent,Bank A,31,0.0,0.015,1.0
independent,Bank A,31,0.25,0.014680614124269048,0.9962967970658279
independent,Bank A,31,0.5,0.01337324862273792,0.9928091690296938
independent,Bank A,31,0.75,0.010193289333134764,0.9898888381514611
independent,Bank A,31,1.0,0.011301313527232064,0.9872327495409446
independent,Bank A,31,1.25,0.011809299886931721,0.984384920660413
independent,Bank A,31,1.5,0.010073628929801081,0.9816959468575492
independent,Bank A,31,1.75,0.006176838786832836,0.9797038435442027
independent,Bank A,31,2.0,0.011139876675208726,0.9775854804775149
independent,Bank A,31,2.25,0.016473791280806564,0.9742169572949537
independent,Bank A,31,2.5,0.01884489401529333,0.9699254296943292
independent,Bank A,31,2.75,0.013408458049742519,0.9660228835724727
independent,Bank A,31,3.0,0.019208799669307944,0.9620922747030737
independent,Bank A,31,3.25,0.011482178405416705,0.9584084014622243
independent,Bank A,31,3.5,0.014105772335099156,0.9553478353017196
independent,Bank A,31,3.75,0.012592250616223833,0.9521649120614899
independent,Bank A,31,4.0,0.019605738800341888,0.9483403891257892
independent,Bank A,31,4.25,0.01970447782123691,0.9436918860669875
independent,Bank A,31,4.5,0.016223883393447575,0.9394632258566976
independent,Bank A,31,4.75,0.011370722472985836,0.9362282935512742
independent,Bank A,31,5.0,0.011804145663834203,0.9335200971699087
independent,Bank A,32,0.0,0.015,1.0
independent,Bank A,32,0.25,0.012002818766004496,0.9966303377521496
independent,Bank A,32,0.5,0.01805496209009326,0.9928928014909928
independent,Bank A,32,0.75,0.01522458328043862,0.988771003029282
independent,Bank A,32,1.0,0.020684149923100956,0.9843427594842038
independent,Bank A,32,1.25,0.024413423928386815,0.9788094365659088
independent,Bank A,32,1.5,0.027714486469900004,0.9724522593805843
independent,Bank A,32,1.75,0.02974740571405909,0.9654924163022869
independent,Bank A,32,2.0,0.02905530032100532,0.9584217382323843
independent,Bank A,32,2.25,0.02809059859157981,0.9515998982798082
independent,Bank A,32,2.5,0.016042959804579746,0.9463646659366459
independent,Bank A,32,2.75,0.021267678574405643,0.9419612585613859
independent,Bank A,32,3.0,0.024353252435281046,0.9366049020015192
independent,Bank A,32,3.25,0.03259589984245668,0.9299612201617902
independent,Bank A,32,3.5,0.03417199938373963,0.9222320740754695
independent,Bank A,32,3.75,0.030692337867794867,0.914784809706338
independent,Bank A,32,4.0,0.029976011502234143,0.9078737374825022
independent,Bank A,32,4.25,0.027210130345134507,0.9014071529156263
independent,Bank A,32,4.5,0.022201349559316852,0.8958568284914897
independent,Bank A,32,4.75,0.022440037965658473,0.8908717138483812
independent,Bank A,32,5.0,0.026533933133089844,0.8854346821967181
independent,Bank A,33,0.0,0.015,1.0
independent,Bank A,33,0.25,0.009243723717692637,0.9969741217607754
independent,Bank A,33,0.5,0.006327189938177277,0.9950355342255878
independent,Bank A,33,0.75,0.007058699509253994,0.9933719969019504
independent,Bank A,33,1.0,0.0111548966540874,0.9911129599030171
independent,Bank A,33,1.25,0.013613482306016538,0.98804917249293
independent,Bank A,33,1.5,0.007683601030848186,0.9854223498271685
independent,Bank A,33,1.75,0.007528907724321602,0.9835502870489516
independent,Bank A,33,2.0,0.004621863722627032,0.9820575591051063
independent,Bank A,33,2.25,0.00866063710474239,0.980428389402187
independent,Bank A,33,2.5,0.00767056096916633,0.9784289846106862
independent,Bank A,33,2.75,0.0035538617687773597,0.9770571596394008
independent,Bank A,33,3.0,0.0030184612354126708,0.9762547973651926
independent,Bank A,33,3.25,0.0064883938169975125,0.9750953473152661
independent,Bank A,33,3.5,0.00840172738116198,0.9732821242954768
independent,Bank A,33,3.75,0.01140250958914771,0.97087571536413
independent,Bank A,33,4.0,0.014269544554903476,0.9677651621850366
independent,Bank A,33,4.25,0.008699356857623046,0.9649905843287462
independent,Bank A,33,4.5,0.013052682895842074,0.9623703339858826
independent,Bank A,33,4.75,0.015072398917540315,0.9589929312752262
independent,Bank A,33,5.0,0.018116240542430866,0.9550227135221699
independent,Bank A,34,0.0,0.015,1.0
independent,Bank A,34,0.25,0.018056826714525635,0.9958764220530446
independent,Bank A,34,0.5,0.020317319464826983,0.9911108723847503
independent,Bank A,34,0.75,0.01739644465447983,0.98644955305392
independent,Bank A,34,1.0,0.020512708493306345,0.9817861774215644
independent,Bank A,34,1.25,0.01699812716409588,0.9771935005386047
independent,Bank A,34,1.5,0.018556588629621004,0.9728601574468297
independent,Bank A,34,1.75,0.01882341039719798,0.968325071823942
independent,Bank A,34,2.0,0.017357328530099938,0.9639556203180714
independent,Bank A,34,2.25,0.020103390836912937,0.959452363128004
independent,Bank A,34,2.5,0.025094830576118797,0.954046954641488
independent,Bank A,34,2.75,0.03220087925772179,0.9472385149578908
independent,Bank A,34,3.0,0.03869323954728879,0.9388813940917798
independent,Bank A,34,3.25,0.030982024963629003,0.9307397986099092
independent,Bank A,34,3.5,0.02718952200730842,0.9239965232551856
independent,Bank A,34,3.75,0.02247884031034588,0.9182776203967997
independent,Bank A,34,4.0,0.01916795501246425,0.9135096268797174
independent,Bank A,34,4.25,0.0143127974118326,0.9096944920903396
independent,Bank A,34,4.5,0.013833328634421868,0.9064995687009858
independent,Bank A,34,4.75,0.010185469842373278,0.9037820214485867
independent,Bank A,34,5.0,0.011782524466456158,0.9013036410334191
independent,Bank A,35,0.0,0.015,1.0
independent,Bank A,35,0.25,0.015527623684684083,0.9961913185357434
independent,Bank A,35,0.5,0.017230544089077867,0.9921204834989166
independent,Bank A,35,0.75,0.021714562089813316,0.9873024407666501
independent,Bank A,35,1.0,0.02377291186958902,0.9817046334720401
independent,Bank A,35,1.25,0.023627302245366227,0.9759052050943804
independent,Bank A,35,1.5,0.01816442428316562,0.9708204026439434
independent,Bank A,35,1.75,0.017351388427413517,0.9665200209793152
independent,Bank A,35,2.0,0.020978305356771115,0.961900294804786
independent,Bank A,35,2.25,0.026476817614770908,0.956211297643194
independent,Bank A,35,2.5,0.015487220985418822,0.9512086189261925
independent,Bank A,35,2.75,0.020569609176542145,0.9469310698933967
independent,Bank A,35,3.0,0.023527635134596003,0.9417257978657348
independent,Bank A,35,3.25,0.022290807468134475,0.9363476625014001
independent,Bank A,35,3.5,0.027080292495749947,0.9305868925013069
independent,Bank A,35,3.75,0.01775627084525417,0.9253859408963263
independent,Bank A,35,4.0,0.017745811582097114,0.9212883985824366
independent,Bank A,35,4.25,0.022749099158319033,0.9166367450996076
independent,Bank A,35,4.5,0.017828196807522546,0.9119991862046822
independent,Bank A,35,4.75,0.019070476632790465,0.9078024270538423
independent,Bank A,35,5.0,0.02038867843830188,0.9033358120697997
independent,Bank A,36,0.0,0.015,1.0
independent,Bank A,36,0.25,0.02022853365939993,0.9956061147762153
independent,Bank A,36,0.5,0.020074704219394796,0.9906029593087199
independent,Bank A,36,0.75,0.016934320274490922,0.9860308868109949
independent,Bank A,36,1.0,0.010597377283690573,0.9826433312068502
independent,Bank A,36,1.25,0.010045763995044431,0.9801109941848082
independent,Bank A,36,1.5,0.007310846557708275,0.9779868736357593
independent,Bank A,36,1.75,0.012508302113576142,0.9755670139399606
independent,Bank A,36,2.0,0.014758654452175366,0.9722475811557796
independent,Bank A,36,2.25,0.013058893441482682,0.9688727590542116
independent,Bank A,36,2.5,0.014669360025638744,0.9655204283724008
independent,Bank A,36,2.75,0.013394619849306344,0.9621393190673725
independent,Bank A,36,3.0,0.01235372973601937,0.9590476096950129
independent,Bank A,36,3.25,0.015030661804051864,0.9557703550903226
independent,Bank A,36,3.5,0.013737239657279734,0.9523395888594863
independent,Bank A,36,3.75,0.01193288427832532,0.9492886519384389
independent,Bank A,36,4.0,0.007686436865370206,0.9469634544135705
independent,Bank A,36,4.25,0.007086609118749026,0.9452163761820627
independent,Bank A,36,4.5,0.007544390672188795,0.9434892734156859
independent,Bank A,36,4.75,0.008273602576475886,0.9416256031234779
independent,Bank A,36,5.0,0.01002316347626867,0.9394744760567454
independent,Bank A,37,0.0,0.015,1.0
independent,Bank A,37,0.25,0.01882251332969406,0.9957811104584521
independent,Bank A,37,0.5,0.022092300277806308,0.9907013365899399
independent,Bank A,37,0.75,0.01855966454927424,0.9856798612115244
independent,Bank A,37,1.0,0.020677677415695987,0.9808572652717091
independent,Bank A,37,1.25,0.02216805563567058,0.9756181139312093
independent,Bank A,37,1.5,0.023105763392336207,0.970112462749889
independent,Bank A,37,1.75,0.027429515776521994,0.9640036644113928
independent,Bank A,37,2.0,0.03165411765708499,0.9569102856734166
independent,Bank A,37,2.25,0.027220700680432502,0.9498938954800701
independent,Bank A,37,2.5,0.027901743055949474,0.9433713334070614
independent,Bank A,37,2.75,0.023355845224054532,0.937346288423153
independent,Bank A,37,3.0,0.02608909976064239,0.9315707754707191
independent,Bank A,37,3.25,0.021115906808938843,0.9260901104772518
independent,Bank A,37,3.5,0.021403950021390304,0.9211810155458477
independent,Bank A,37,3.75,0.011169167136200748,0.9174379238344678
independent,Bank A,37,4.0,0.011636502504988362,0.9148262998168422
independent,Bank A,37,4.25,0.024745559742138195,0.9106753373338679
independent,Bank A,37,4.5,0.02541259737686573,0.9049834747313249
independent,Bank A,37,4.75,0.025580657811468968,0.8992333137559385
independent,Bank A,37,5.0,0.022172875945010818,0.8938816062801485
independent,Bank A,38,0.0,0.015,1.0
independent,Bank A,38,0.25,0.019604814509034132,0.995683740127203
independent,Bank A,38,0.5,0.017334058719913635,0.9910969083696887
independent,Bank A,38,0.75,0.022360292600754922,0.9861914697123971
independent,Bank A,38,1.0,0.02185870951551128,0.980755456658687
independent,Bank A,38,1.25,0.02406041857403619,0.9751421525173062
independent,Bank A,38,1.5,0.023412343201677434,0.9693727012959779
independent,Bank A,38,1.75,0.020917810827920602,0.9640160013161063
independent,Bank A,38,2.0,0.01391270337510803,0.9598279782407816
independent,Bank A,38,2.25,0.00994854391419061,0.9569694068344442
independent,Bank A,38,2.5,0.010645406732051313,0.954509102313171
independent,Bank A,38,2.75,0.011646296210675458,0.9518531002865874
independent,Bank A,38,3.0,0.012172389677228891,0.9490233287160861
independent,Bank A,38,3.25,0.01113735315008342,0.946262167076347
independent,Bank A,38,3.5,0.009270668571490809,0.9438513260572421
independent,Bank A,38,3.75,0.00998078658226922,0.9415827428131169
independent,Bank A,38,4.0,0.007778918912015059,0.9394947822420577
independent,Bank A,38,4.25,0.005927632483875043,0.9378865061905032
independent,Bank A,38,4.5,0.008818261665929018,0.9361593515638617
independent,Bank A,38,4.75,0.007883392932655471,0.9342069640120148
independent,Bank A,38,5.0,0.00948575570722168,0.9321808668295637
independent,Bank A,39,0.0,0.015,1.0
independent,Bank A,39,0.25,0.01588662159218769,0.9961466157139112
independent,Bank A,39,0.5,0.017043567787987823,0.9920546312673801
independent,Bank A,39,0.75,0.018563613993449225,0.9876489095499678
independent,Bank A,39,1.0,0.013558425711742445,0.9836911982912093
independent,Bank A,39,1.25,0.025247279190417415,0.9789311486477825
independent,Bank A,39,1.5,0.022093303214973648,0.9731553584927226
independent,Bank A,39,1.75,0.018199452743123762,0.9682662920293972
independent,Bank A,39,2.0,0.01364980827752368,0.9644191344470611
independent,Bank A,39,2.25,0.020784301391482164,0.9602769411080788
independent,Bank A,39,2.5,0.031687853681162566,0.9539990768604227
independent,Bank A,39,2.75,0.030527477719139523,0.9466086802662719
independent,Bank A,39,3.0,0.032671402257780785,0.939160064468697
independent,Bank A,39,3.25,0.03357264659158957,0.9314154527244851
independent,Bank A,39,3.5,0.028123950443937236,0.9242599346519078
independent,Bank A,39,3.75,0.030681442674396413,0.9174909099779933
independent,Bank A,39,4.0,0.02620739720883756,0.9109896786592716
independent,Bank A,39,4.25,0.03208061112651866,0.9043763286053026
independent,Bank A,39,4.5,0.01741037081970246,0.8987987896919585
independent,Bank A,39,4.75,0.013403967219830074,0.8953434623486445
independent,Bank A,39,5.0,0.014785975007128886,0.8921940543995781
independent,Bank A,40,0.0,0.015,1.0
independent,Bank A,40,0.25,0.019491759727111705,0.99569781107764
independent,Bank A,40,0.5,0.017366406329381218,0.9911209132696327
independent,Bank A,40,0.75,0.011491967224306416,0.9875520868534704
independent,Bank A,40,1.0,0.014743699668643662,0.9843187555901598
independent,Bank A,40,1.25,0.01179526962555134,0.9810588151422103
independent,Bank A,40,1.5,0.011878557300183569,0.9781599294159095
independent,Bank A,40,1.75,0.017630619288679997,0.9745584889596164
independent,Bank A,40,2.0,0.018617235635907465,0.9701527707711803
independent,Bank A,40,2.25,0.020449034740378874,0.9654267880140286
independent,Bank A,40,2.5,0.008496773628448109,0.9619399675203868
independent,Bank A,40,2.75,0.012024053622737358,0.9594756539936755
independent,Bank A,40,3.0,0.015907614004632892,0.9561315259499059
independent,Bank A,40,3.25,0.019866352871537384,0.951865494171363
independent,Bank A,40,3.5,0.016854295386708885,0.9475063664495003
independent,Bank A,40,3.75,0.02225394992776126,0.9428857557229358
independent,Bank A,40,4.0,0.02545819504460919,0.9372791036952168
independent,Bank A,40,4.25,0.019836545871370896,0.9319873715377307
independent,Bank A,40,4.5,0.020898526297023594,0.9272538614023392
independent,Bank A,40,4.75,0.02421090938066501,0.9220400873147336
independent,Bank A,40,5.0,0.0280987837063064,0.9160308009727786
independent,Bank A,41,0.0,0.015,1.0
independent,Bank A,41,0.25,0.01755623890784272,0.9959387394519628
independent,Bank A,41,0.5,0.024320387790900365,0.9907390410883048
independent,Bank A,41,0.75,0.022908658601287275,0.9849073146890159
independent,Bank A,41,1.0,0.02114267906370677,0.979498908239693
independent,Bank A,41,1.25,0.019406858901366564,0.974546690954113
independent,Bank A,41,1.5,0.01891182331160279,0.9698899342868879
independent,Bank A,41,1.75,0.014801601697568351,0.9658112455377202
independent,Bank A,41,2.0,0.015284708773902953,0.962185854851305
independent,Bank A,41,2.25,0.017502914502653337,0.9582504514763324
independent,Bank A,41,2.5,0.01729075301458514,0.9540918703487113
independent,Bank A,41,2.75,0.012828271269886872,0.950506584139691
independent,Bank A,41,3.0,0.021468090158179375,0.946440441567022
independent,Bank A,41,3.25,0.01722610797144847,0.9418737751927396
independent,Bank A,41,3.5,0.014092400986025773,0.9381937229688423
independent,Bank A,41,3.75,0.009377967007842814,0.9354452876235517
independent,Bank A,41,4.0,0.010349611165239282,0.9331413707050817
independent,Bank A,41,4.25,0.015708644904535628,0.9301068109980862
independent,Bank A,41,4.5,0.016798332917383016,0.9263351089177316
independent,Bank A,41,4.75,0.015799296765179875,0.9225682474464625
independent,Bank A,41,5.0,0.015079752007998774,0.9190141073994338
independent,Bank A,42,0.0,0.015,1.0
independent,Bank A,42,0.25,0.013309505740129554,0.9964675655607356
independent,Bank A,42,0.5,0.010503965644862667,0.9935058068750728
independent,Bank A,42,0.75,0.014686694879082246,0.9903823436485397
independent,Bank A,42,1.0,0.015569876512258135,0.9866437212128704
independent,Bank A,42,1.25,0.015905246058636902,0.9827695060403882
independent,Bank A,42,1.5,0.014868428489061183,0.9789963392142793
independent,Bank A,42,1.75,0.016892751753151147,0.9751172846206653
independent,Bank A,42,2.0,0.013821417437016509,0.9713807223906796
independent,Bank A,42,2.25,0.013230394945567953,0.9681015685743627
independent,Bank A,42,2.5,0.01295616495499457,0.9649378431276634
independent,Bank A,42,2.75,0.014264392560547217,0.9616601543150246
independent,Bank A,42,3.0,0.014036520911973327,0.9582641820742878
independent,Bank A,42,3.25,0.015483224357904902,0.9547347335358469
independent,Bank A,42,3.5,0.01674019885238146,0.9508968653812832
independent,Bank A,42,3.75,0.005997766896679959,0.9481980200444475
independent,Bank A,42,4.0,0.00967340007564567,0.9463424169176029
independent,Bank A,42,4.25,0.01301991144289731,0.9436617653601415
independent,Bank A,42,4.5,0.015096519403391725,0.9403510365393756
independent,Bank A,42,4.75,0.017081349388425704,0.9365763214872863
independent,Bank A,42,5.0,0.013728737892699037,0.9329762585515482
independent,Bank A,43,0.0,0.015,1.0
independent,Bank A,43,0.25,0.01959389239124195,0.9956850995000176
independent,Bank A,43,0.5,0.023362078970934664,0.9903530998099443
independent,Bank A,43,0.75,0.018182715601943882,0.9852234287729538
independent,Bank A,43,1.0,0.02160044822497644,0.980336177605126
independent,Bank A,43,1.25,0.01784448330448628,0.9755144128347469
independent,Bank A,43,1.5,0.013404678107395498,0.9717113444207222
independent,Bank A,43,1.75,0.01960444262559722,0.967710187628399
independent,Bank A,43,2.0,0.0218857318781253,0.9627043715409079
independent,Bank A,43,2.25,0.018595456244768122,0.9578452487541911
independent,Bank A,43,2.5,0.02062185476655912,0.9531612246835763
independent,Bank A,43,2.75,0.016021479781747335,0.9488053324958035
independent,Bank A,43,3.0,0.015784900961893063,0.9450405634776142
independent,Bank A,43,3.25,0.013446314248627037,0.9415937789070853
independent,Bank A,43,3.5,0.014856048400276533,0.9382684983814876
independent,Bank A,43,3.75,0.01473123761699738,0.9348048051069876
independent,Bank A,43,4.0,0.014566126205488793,0.9313876514658938
independent,Bank A,43,4.25,0.014666950069584874,0.9279904463861284
independent,Bank A,43,4.5,0.020645455521298785,0.9239032766311244
independent,Bank A,43,4.75,0.01877390480387474,0.9193620146511597
independent,Bank A,43,5.0,0.01628675382743294,0.915341651153819
independent,Bank A,44,0.0,0.015,1.0
independent,Bank A,44,0.25,0.017353455831526376,0.9959639847120945
independent,Bank A,44,0.5,0.013696213671626547,0.9921059324378727
independent,Bank A,44,0.75,0.01793126106774995,0.9881914496969985
independent,Bank A,44,1.0,0.01646012361086066,0.9839524088453376
independent,Bank A,44,1.25,0.021299372228000563,0.9793191584109905
independent,Bank A,44,1.5,0.01980230079088327,0.9743006044067444
independent,Bank A,44,1.75,0.02566973793659432,0.9687783840858979
independent,Bank A,44,2.0,0.02217110638161514,0.9630022751884129
independent,Bank A,44,2.25,0.017577878974252385,0.958229347031548
independent,Bank A,44,2.5,0.014581096940739197,0.9543851195479011
independent,Bank A,44,2.75,0.017934577859984032,0.9505139324956505
independent,Bank A,44,3.0,0.012401379833414924,0.9469164138868165
independent,Bank A,44,3.25,0.011625857961650634,0.9440767071846321
independent,Bank A,44,3.5,0.013910090037948544,0.9410680248736119
independent,Bank A,44,3.75,0.012924447063960851,0.9379166725423377
independent,Bank A,44,4.0,0.015858765994217854,0.9345482039582761
independent,Bank A,44,4.25,0.01801518994135261,0.9305994642376009
independent,Bank A,44,4.5,0.01558719693700605,0.9266988664063659
independent,Bank A,44,4.75,0.01224348509789003,0.923480634814159
independent,Bank A,44,5.0,0.013776447218149456,0.9204819011839684
independent,Bank A,45,0.0,0.015,1.0
independent,Bank A,45,0.25,0.009146242366460807,0.9969862701328568
independent,Bank A,45,0.5,0.011664619240540087,0.9943961226320942
independent,Bank A,45,0.75,0.016726211822930985,0.9908734105834753
independent,Bank A,45,1.0,0.02230049185685136,0.9860513665543004
independent,Bank A,45,1.25,0.019356290753283253,0.9809302452877474
independent,Bank A,45,1.5,0.015471990919374422,0.9766690133691833
independent,Bank A,45,1.75,0.01258713763564141,0.9732494535662708
independent,Bank A,45,2.0,0.021217164005007803,0.9691456278451434
independent,Bank A,45,2.25,0.01877035661967213,0.9643134981135301
independent,Bank A,45,2.5,0.019741298960764018,0.95968249012951
independent,Bank A,45,2.75,0.025504403000070883,0.9542701214671945
independent,Bank A,45,3.0,0.02404799611575072,0.9483775928743371
independent,Bank A,45,3.25,0.012687752413596544,0.9440326563198782
independent,Bank A,45,3.5,0.013139980236770722,0.9409897929715922
independent,Bank A,45,3.75,0.011306373224747812,0.9381187107885266
independent,Bank A,45,4.0,0.012475199115208608,0.9353341094784685
independent,Bank A,45,4.25,0.013966120723997158,0.9322477791603742
independent,Bank A,45,4.5,0.018684967659031174,0.9284506700862696
independent,Bank A,45,4.75,0.015062282087146668,0.9245423372696612
independent,Bank A,45,5.0,0.01618231230529666,0.920938510566224
independent,Bank A,46,0.0,0.015,1.0
independent,Bank A,46,0.25,0.021124428202966717,0.9954946262582328
independent,Bank A,46,0.5,0.01676560145539132,0.9907908590543985
independent,Bank A,46,0.75,0.021246069366942077,0.9860943235892727
independent,Bank A,46,1.0,0.022968696966589184,0.9806593652497364
independent,Bank A,46,1.25,0.02249773173793614,0.9751017880189601
independent,Bank A,46,1.5,0.0212236831400691,0.9697872200461528
independent,Bank A,46,1.75,0.01857025097413515,0.9649752418471282
independent,Bank A,46,2.0,0.019434158841391394,0.9604019489598083
independent,Bank A,46,2.25,0.01629218952303465,0.9561225546927608
independent,Bank A,46,2.5,0.01247244192073282,0.9526909136453572
independent,Bank A,46,2.75,0.013680341610757743,0.949581558902468
independent,Bank A,46,3.0,0.007809227550516291,0.9470342194378806
independent,Bank A,46,3.25,0.009940916631224449,0.9449352995645909
independent,Bank A,46,3.5,0.011570776827694832,0.942397817876204
independent,Bank A,46,3.75,0.008202481830141583,0.9400714096261307
independent,Bank A,46,4.0,0.010539253695785683,0.9378716661035762
independent,Bank A,46,4.25,0.011561787561266728,0.935284249238833
independent,Bank A,46,4.5,0.00984951383000674,0.9327843894409319
independent,Bank A,46,4.75,0.012675437143681698,0.9301617180649426
independent,Bank A,46,5.0,0.011779405938213756,0.9273226896682989
independent,Bank A,47,0.0,0.015,1.0
independent,Bank A,47,0.25,0.023026553710239192,0.9952579599297942
independent,Bank A,47,0.5,0.024670105887268805,0.9893418037443064
independent,Bank A,47,0.75,0.0253671262039911,0.9831731246498245
independent,Bank A,47,1.0,0.023399544066064266,0.9771980945985863
independent,Bank A,47,1.25,0.022910462549443802,0.9715576795497144
independent,Bank A,47,1.5,0.026283005715285062,0.9656017239646145
independent,Bank A,47,1.75,0.024567336851845162,0.9594835417367437
independent,Bank A,47,2.0,0.01757814679357153,0.9544420957932277
independent,Bank A,47,2.25,0.020025806041793673,0.9499662738771767
independent,Bank A,47,2.5,0.02105916827388246,0.9451001124593605
independent,Bank A,47,2.75,0.02431855822630717,0.9397544757920164
independent,Bank A,47,3.0,0.025319979727028645,0.9339415238174227
independent,Bank A,47,3.25,0.016442221366480866,0.9290787955342501
independent,Bank A,47,3.5,0.022689059169223605,0.9245453865806861
independent,Bank A,47,3.75,0.01992199482027475,0.9196339964885228
independent,Bank A,47,4.0,0.01595174410722258,0.9155193900407833
independent,Bank A,47,4.25,0.01952865175185218,0.9114680069269376
independent,Bank A,47,4.5,0.01907529805820311,0.9070803186729816
independent,Bank A,47,4.75,0.014502400578310874,0.9032810886405649
independent,Bank A,47,5.0,0.009821391827351877,0.9005388568848477
independent,Bank A,48,0.0,0.015,1.0
independent,Bank A,48,0.25,0.009875852000938348,0.9968953479305106
independent,Bank A,48,0.5,0.008918303380934328,0.9945561209849819
independent,Bank A,48,0.75,0.011597752253323249,0.9920088425489799
independent,Bank A,48,1.0,0.016127563496549802,0.9885768232993886
independent,Bank A,48,1.25,0.014093824053399338,0.9848493479121434
independent,Bank A,48,1.5,0.012791351424765991,0.9815451721636872
independent,Bank A,48,1.75,0.01882090769103135,0.97767421776195
independent,Bank A,48,2.0,0.01532377918651685,0.9735103125312508
independent,Bank A,48,2.25,0.02052423669989405,0.9691577700463857
independent,Bank A,48,2.5,0.022012203385528843,0.964018380186327
independent,Bank A,48,2.75,0.020445747110939702,0.9589156522911985
independent,Bank A,48,3.0,0.012444546763432039,0.9549813681174508
independent,Bank A,48,3.25,0.013754073709089218,0.9518590840760687
independent,Bank A,48,3.5,0.019344343899655746,0.9479290907832353
independent,Bank A,48,3.75,0.018952071187434884,0.943402149038918
independent,Bank A,48,4.0,0.028841522364065734,0.937782878713825
independent,Bank A,48,4.25,0.027511150944904635,0.931200268637248
independent,Bank A,48,4.5,0.018682488251166737,0.9258388214275558
independent,Bank A,48,4.75,0.012735179706986715,0.9222099895967992
independent,Bank A,48,5.0,0.016012954100953537,0.9189019598642075
independent,Bank A,49,0.0,0.015,1.0
independent,Bank A,49,0.25,0.014708376490934923,0.9962933396272036
independent,Bank A,49,0.5,0.015246187391382789,0.9925698733420525
independent,Bank A,49,0.75,0.019766586214073144,0.9882352875949624
independent,Bank A,49,1.0,0.015603235203728198,0.983875718814378
independent,Bank A,49,1.25,0.01685289191343748,0.97989220544208
independent,Bank A,49,1.5,0.01802863613772833,0.9756289892332527
independent,Bank A,49,1.75,0.01599400068502975,0.9714886157782702
independent,Bank A,49,2.0,0.01368048920378103,0.9678917372351338
independent,Bank A,49,2.25,0.011381810191796238,0.9648642828340779
independent,Bank A,49,2.5,0.008342888040150244,0.962488256086708
independent,Bank A,49,2.75,0.00951787542331976,0.9603418061706346
independent,Bank A,49,3.0,0.010321491554043325,0.9579631850961637
independent,Bank A,49,3.25,0.015252922052684872,0.9549056565168644
independent,Bank A,49,3.5,0.015851955730624163,0.9512000870478493
independent,Bank A,49,3.75,0.00928535396977784,0.9482159514275278
independent,Bank A,49,4.0,0.014747705881193889,0.9453716595424088
independent,Bank A,49,4.25,0.011403251432312352,0.9422864081927086
independent,Bank A,49,4.5,0.005481710087473775,0.9402996968089385
independent,Bank A,49,4.75,0.011069627799254009,0.9383563056103386
independent,Bank A,49,5.0,0.01248135764307,0.9355979657421462
independent,Bank B,0,0.0,0.025,1.0
independent,Bank B,0,0.25,0.03151506534926302,0.9929605109311389
independent,Bank B,0,0.5,0.029505453365496655,0.9854154520448035
independent,Bank B,0,0.75,0.03404622198442956,0.9776183625682228
independent,Bank B,0,1.0,0.04278193193186414,0.9682747235346466
independent,Bank B,0,1.25,0.025083662526782076,0.9600953985445071
independent,Bank B,0,1.5,0.027010769296637635,0.9538637571430243
independent,Bank B,0,1.75,0.02787936540017208,0.947341444629846
independent,Bank B,0,2.0,0.031911438828852605,0.9402875489888782
independent,Bank B,0,2.25,0.03617478952570923,0.9323189275769607
independent,Bank B,0,2.5,0.024979067959588597,0.9252192356423574
independent,Bank B,0,2.75,0.03833128351733806,0.9179261373683058
independent,Bank B,0,3.0,0.03594168907203672,0.909443437651426
independent,Bank B,0,3.25,0.03440458901962451,0.901481499626458
independent,Bank B,0,3.5,0.04170537120556222,0.892945702571922
independent,Bank B,0,3.75,0.025192786348588285,0.8855097836954634
independent,Bank B,0,4.0,0.023016743857417372,0.8801895787489351
independent,Bank B,0,4.25,0.030974256612757555,0.8742692893716748
independent,Bank B,0,4.5,0.036184238357294916,0.8669606832706965
independent,Bank B,0,4.75,0.028712608072554106,0.8599562552222674
independent,Bank B,0,5.0,0.030482540235112866,0.8536165842494986
independent,Bank B,1,0.0,0.025,1.0
independent,Bank B,1,0.25,0.028373946388142557,0.9933504633676323
independent,Bank B,1,0.5,0.03689219778795909,0.9852794117145837
independent,Bank B,1,0.75,0.02532964954543304,0.9776458977624666
independent,Bank B,1,1.0,0.028977366920741248,0.9710317438637439
independent,Bank B,1,1.25,0.02805549407866505,0.9641337714636257
independent,Bank B,1,1.5,0.02034250218956531,0.9583186114960748
independent,Bank B,1,1.75,0.01522972388015195,0.9540668804356559
independent,Bank B,1,2.0,0.015059905147907462,0.9504614187642679
independent,Bank B,1,2.25,0.023506314981225185,0.9458904823129025
independent,Bank B,1,2.5,0.026263223636022563,0.940024182312669
independent,Bank B,1,2.75,0.02466197575996956,0.934059322693669
independent,Bank B,1,3.0,0.018050296683957908,0.929085637312462
independent,Bank B,1,3.25,0.023398424532379322,0.9242844094041155
independent,Bank B,1,3.5,0.03018772213655137,0.9181139930361818
independent,Bank B,1,3.75,0.022096615640663418,0.9121331854684627
independent,Bank B,1,4.0,0.02770491493525822,0.906472619212072
independent,Bank B,1,4.25,0.02750310900765737,0.9002385842416394
independent,Bank B,1,4.5,0.03872560484494424,0.8928166427831452
independent,Bank B,1,4.75,0.03154852837484331,0.8850082490376469
independent,Bank B,1,5.0,0.030695897482209293,0.878149113781221
independent,Bank B,2,0.0,0.025,1.0
independent,Bank B,2,0.25,0.028848272446606787,0.9932915686123616
independent,Bank B,2,0.5,0.030800464922423065,0.9859130368136246
independent,Bank B,2,0.75,0.03321600756312403,0.978055183895983
independent,Bank B,2,1.0,0.02789677276160687,0.9706121900193563
independent,Bank B,2,1.25,0.02749917602523525,0.9639144082589665
independent,Bank B,2,1.5,0.0231115912567148,0.9578356008777129
independent,Bank B,2,1.75,0.02576064354239338,0.9520019920659348
independent,Bank B,2,2.0,0.022828736526338995,0.9462373676800909
independent,Bank B,2,2.25,0.026986473220553142,0.9403635478896539
independent,Bank B,2,2.5,0.02772464579022477,0.9339544456936456
independent,Bank B,2,2.75,0.031960703136869585,0.9270124492397044
independent,Bank B,2,3.0,0.029108332363309907,0.9199629206952001
independent,Bank B,2,3.25,0.022712439066804337,0.9140230310389528
independent,Bank B,2,3.5,0.018607255115039672,0.9093143076801278
independent,Bank B,2,3.75,0.017105428554771398,0.905264097869228
independent,Bank B,2,4.0,0.026110218721410675,0.9003870856881712
independent,Bank B,2,4.25,0.030193775008399707,0.894072409493463
independent,Bank B,2,4.5,0.03640563931652935,0.8866602179230892
independent,Bank B,2,4.75,0.032510814416460324,0.8790548387059722
independent,Bank B,2,5.0,0.033305053925724075,0.8718525362495284
independent,Bank B,3,0.0,0.025,1.0
independent,Bank B,3,0.25,0.04079506471507513,0.9918093446226716
independent,Bank B,3,0.5,0.04833008938645041,0.9808212702989489
independent,Bank B,3,0.75,0.04112076169875906,0.9699154427203198
independent,Bank B,3,1.0,0.04728740305664028,0.9592558951109792
independent,Bank B,3,1.25,0.046926420656074365,0.948025259256977
independent,Bank B,3,1.5,0.05442812342516818,0.9360901900024003
independent,Bank B,3,1.75,0.05607987406860115,0.9232484076317959
independent,Bank B,3,2.0,0.03794789242168903,0.9124605559605274
independent,Bank B,3,2.25,0.03436829736829624,0.9042495149801231
independent,Bank B,3,2.5,0.03606706320400894,0.896323067490779
independent,Bank B,3,2.75,0.02820363318251648,0.8891510022010634
independent,Bank B,3,3.0,0.034993414762228586,0.8821547078415396
independent,Bank B,3,3.25,0.021355418679300735,0.8759629908544246
independent,Bank B,3,3.5,0.02446731065408183,0.8709599559479332
independent,Bank B,3,3.75,0.026881430736378564,0.865387521480268
independent,Bank B,3,4.0,0.03946782776445484,0.8582399745570499
independent,Bank B,3,4.25,0.036763076354912126,0.8501007637042797
independent,Bank B,3,4.5,0.05360803051783561,0.8405517316648009
independent,Bank B,3,4.75,0.0419521906686736,0.8305710464438143
independent,Bank B,3,5.0,0.04057501453597762,0.8220470002447066
independent,Bank B,4,0.0,0.025,1.0
independent,Bank B,4,0.25,0.025075932167523927,0.9937600582842282
independent,Bank B,4,0.5,0.0219811126199626,0.987931789960182
independent,Bank B,4,0.75,0.022165000436470052,0.9824951356420546
independent,Bank B,4,1.0,0.02391828692788346,0.9768518294195473
independent,Bank B,4,1.25,0.013374805921215115,0.9723086986123654
independent,Bank B,4,1.5,0.02474809604677004,0.9676863173714153
independent,Bank B,4,1.75,0.03820289706568121,0.9601015962783654
independent,Bank B,4,2.0,0.03299144338940416,0.9515952775380696
independent,Bank B,4,2.25,0.031907048264338544,0.9439068678172858
independent,Bank B,4,2.5,0.02417440572252528,0.9373130480609423
independent,Bank B,4,2.75,0.0309033120689032,0.9308820782163498
independent,Bank B,4,3.0,0.03342935148801811,0.9234263309561133
independent,Bank B,4,3.25,0.026134630909295638,0.9165764941070341
independent,Bank B,4,3.5,0.02232017240016058,0.9110417060018426
independent,Bank B,4,3.75,0.01998014098904317,0.90623725035984
independent,Bank B,4,4.0,0.024539354311856276,0.9012081036545614
independent,Bank B,4,4.25,0.02103939508297187,0.8960882101116611
independent,Bank B,4,4.5,0.0219095911578083,0.8912903405865721
independent,Bank B,4,4.75,0.023135913457882327,0.8862858652346554
independent,Bank B,4,5.0,0.019107427820568658,0.8816182400509955
independent,Bank B,5,0.0,0.025,1.0
independent,Bank B,5,0.25,0.031610095639654445,0.992948715835482
independent,Bank B,5,0.5,0.02986158782758796,0.9853481757120698
independent,Bank B,5,0.75,0.03648465828682809,0.9772101985481395
independent,Bank B,5,1.0,0.04374993042514845,0.9674584248414055
independent,Bank B,5,1.25,0.046707961421950564,0.9565807577190454
independent,Bank B,5,1.5,0.03832436119114281,0.9464670669006136
independent,Bank B,5,1.75,0.03655406718366998,0.9376496501067499
independent,Bank B,5,2.0,0.02813434893887628,0.9300983375615434
independent,Bank B,5,2.25,0.034774625888417406,0.9228130777538266
independent,Bank B,5,2.5,0.035977029496618754,0.9146877416678196
independent,Bank B,5,2.75,0.03230532748459537,0.9069138357883241
independent,Bank B,5,3.0,0.026724105325717472,0.9002466374296739
independent,Bank B,5,3.25,0.03782155615103876,0.8930124831638709
independent,Bank B,5,3.5,0.03515240529168505,0.8849036902460449
independent,Bank B,5,3.75,0.03935468322740662,0.8767004995840767
independent,Bank B,5,4.0,0.033188417616682085,0.868786613333255
independent,Bank B,5,4.25,0.0259917560120712,0.8623834584440974
independent,Bank B,5,4.5,0.02754000450774177,0.8566321092977859
independent,Bank B,5,4.75,0.036016943578151786,0.849853456544399
independent,Bank B,5,5.0,0.03772647072938036,0.842055565013293
independent,Bank B,6,0.0,0.025,1.0
independent,Bank B,6,0.25,0.023648840457454724,0.9939373474393727
independent,Bank B,6,0.5,0.025616831130444502,0.9878352817542032
independent,Bank B,6,0.75,0.022189922903923433,0.9819497350315706
independent,Bank B,6,1.0,0.01884653590921859,0.9769256641953004
independent,Bank B,6,1.25,0.01754100420388296,0.9724922641470537
independent,Bank B,6,1.5,0.02563625644651061,0.9672577087176938
independent,Bank B,6,1.75,0.03244569004190222,0.9602606134503434
independent,Bank B,6,2.0,0.026260853655036113,0.953239708067206
independent,Bank B,6,2.25,0.02836722071786247,0.9467526754467654
independent,Bank B,6,2.5,0.029173875508743122,0.9399674581514553
independent,Bank B,6,2.75,0.03485244492797805,0.9324746494969653
independent,Bank B,6,3.0,0.021125300119360636,0.9259726952973171
independent,Bank B,6,3.25,0.021929768896198257,0.9210026042317788
independent,Bank B,6,3.5,0.02246354382539674,0.9159059637789781
independent,Bank B,6,3.75,0.024048402555471204,0.9105963426516895
independent,Bank B,6,4.0,0.03178590061405852,0.9042631548971108
independent,Bank B,6,4.25,0.034141017386509674,0.8968418654598047
independent,Bank B,6,4.5,0.026088124336975015,0.8901152165232047
independent,Bank B,6,4.75,0.03143102066287399,0.8837383352656569
independent,Bank B,6,5.0,0.030491339223708783,0.8769243450276993
independent,Bank B,7,0.0,0.025,1.0
independent,Bank B,7,0.25,0.031829685845136735,0.992921460982972
independent,Bank B,7,0.5,0.019125685948905177,0.9866172241910512
independent,Bank B,7,0.75,0.024766279484579257,0.9812189753293806
independent,Bank B,7,1.0,0.02194225570966602,0.9755067545176698
independent,Bank B,7,1.25,0.01910837672710333,0.9705139292352862
independent,Bank B,7,1.5,0.019593989317490398,0.965830119859356
independent,Bank B,7,1.75,0.024769059680667234,0.960489046573497
independent,Bank B,7,2.0,0.026237808733705917,0.9543845855416788
independent,Bank B,7,2.25,0.027269745501527554,0.9480225372402649
independent,Bank B,7,2.5,0.018348360944880383,0.9426320467175789
independent,Bank B,7,2.75,0.01476549319684321,0.9387383382447598
independent,Bank B,7,3.0,0.004786970694592468,0.9364468087681532
independent,Bank B,7,3.25,0.012455744683048948,0.9344306216087649
independent,Bank B,7,3.5,0.018233898676677775,0.9308528207707666
independent,Bank B,7,3.75,0.019258456611765392,0.9265005442207432
independent,Bank B,7,4.0,0.01513736050949831,0.9225256274655766
independent,Bank B,7,4.25,0.01824871011383828,0.9186837114776104
independent,Bank B,7,4.5,0.022107433900149513,0.9140610642734339
independent,Bank B,7,4.75,0.011786457562285958,0.9101966205559052
independent,Bank B,7,5.0,0.019614950822202708,0.9066309411196684
independent,Bank B,8,0.0,0.025,1.0
independent,Bank B,8,0.25,0.03356239177379051,0.9927064291577284
independent,Bank B,8,0.5,0.04178692914280645,0.9834003539434245
independent,Bank B,8,0.75,0.030768890733754384,0.9745217495855376
independent,Bank B,8,1.0,0.03043092077444915,0.9670951241356978
independent,Bank B,8,1.25,0.027281281447811372,0.9601435799197648
independent,Bank B,8,1.5,0.03420868670463592,0.9527919694874931
independent,Bank B,8,1.75,0.030841003515227484,0.9450760291631881
independent,Bank B,8,2.0,0.040093846167985184,0.9367332178190297
independent,Bank B,8,2.25,0.06267721737496632,0.9247765485965944
independent,Bank B,8,2.5,0.05912292716848163,0.9108034491948696
independent,Bank B,8,2.75,0.0346948058533694,0.9001846460412702
independent,Bank B,8,3.0,0.04179688379179442,0.8916185827711756
independent,Bank B,8,3.25,0.04458047095530236,0.8820434113387132
independent,Bank B,8,3.5,0.04530883143883219,0.8721880996034248
independent,Bank B,8,3.75,0.04967247397293012,0.861894133386746
independent,Bank B,8,4.0,0.060645448142510605,0.8500904093423436
independent,Bank B,8,4.25,0.056800533551895425,0.8377016074546267
independent,Bank B,8,4.5,0.05200543388558098,0.8263853698028776
independent,Bank B,8,4.75,0.062302327147316025,0.8146615443571952
independent,Bank B,8,5.0,0.05080287051361504,0.8032247753628915
independent,Bank B,9,0.0,0.025,1.0
independent,Bank B,9,0.25,0.02532849181351876,0.9937286858183789
independent,Bank B,9,0.5,0.020307524281759325,0.988076096463073
independent,Bank B,9,0.75,0.018463136340645565,0.9832991358071413
independent,Bank B,9,1.0,0.01784732344145127,0.9788462433966697
independent,Bank B,9,1.25,0.018027408782913805,0.9744665898083852
independent,Bank B,9,1.5,0.021487569352765613,0.9696652042367468
independent,Bank B,9,1.75,0.019545216192448242,0.9647044292163531
independent,Bank B,9,2.0,0.03149353597119951,0.9585693566444802
independent,Bank B,9,2.25,0.030709558687370606,0.9511450100784407
independent,Bank B,9,2.5,0.03155599201454545,0.9437707987814393
independent,Bank B,9,2.75,0.03286276294486209,0.9362017465093214
independent,Bank B,9,3.0,0.026619194181322327,0.9292666714300183
independent,Bank B,9,3.25,0.031047061017912967,0.9225923394348808
independent,Bank B,9,3.5,0.0355082730551708,0.9149487484598421
independent,Bank B,9,3.75,0.03331603055457656,0.9071111714792011
independent,Bank B,9,4.0,0.04029646177575405,0.8988026166720502
independent,Bank B,9,4.25,0.04105570239283274,0.8897089894231935
independent,Bank B,9,4.5,0.03704089677979445,0.8810658398087646
independent,Bank B,9,4.75,0.028569468808563564,0.8738695082841387
independent,Bank B,9,5.0,0.03009352495687939,0.8674849702105099
independent,Bank B,10,0.0,0.025,1.0
independent,Bank B,10,0.25,0.016259442173031748,0.9948558464375009
independent,Bank B,10,0.5,0.019101413220673436,0.9904681813401159
independent,Bank B,10,0.75,0.018972234253013212,0.985765538592721
independent,Bank B,10,1.0,0.02609085549883306,0.9802284430306006
independent,Bank B,10,1.25,0.024485690614071208,0.9740509198365425
independent,Bank B,10,1.5,0.017227969458720627,0.9689852344605814
independent,Bank B,10,1.75,0.030121456824106337,0.963267061300857
independent,Bank B,10,2.0,0.018652023959334768,0.9574121911479418
independent,Bank B,10,2.25,0.01878608656630773,0.9529421956385226
independent,Bank B,10,2.5,0.02209080337531064,0.9480854500895787
independent,Bank B,10,2.75,0.021284317801657827,0.9429589451609933
independent,Bank B,10,3.0,0.015744536935481574,0.9386044443459283
independent,Bank B,10,3.25,0.019645058638057763,0.9344615106876053
independent,Bank B,10,3.5,0.02508858553607127,0.929250858890483
independent,Bank B,10,3.75,0.024818793248130737,0.923471844274677
independent,Bank B,10,4.0,0.025779203407525625,0.9176495478060638
independent,Bank B,10,4.25,0.027632454590296247,0.911543306541451
independent,Bank B,10,4.5,0.013165957092001532,0.906906450228533
independent,Bank B,10,4.75,0.029219707921988608,0.9021141775430975
independent,Bank B,10,5.0,0.034607032932348625,0.8949454369250839
independent,Bank B,11,0.0,0.025,1.0
independent,Bank B,11,0.25,0.028072265266729145,0.9933879234591587
independent,Bank B,11,0.5,0.023132705620146153,0.9870499286868835
independent,Bank B,11,0.75,0.0296567190106218,0.9805581461071464
independent,Bank B,11,1.0,0.02635745046847765,0.9737164821682497
independent,Bank B,11,1.25,0.026073858473079536,0.9673556952483062
independent,Bank B,11,1.5,0.02019095395147123,0.9617775241362333
independent,Bank B,11,1.75,0.02326361923150171,0.9565674829774163
independent,Bank B,11,2.0,0.019614773667969283,0.9514541887869873
independent,Bank B,11,2.25,0.02143291678242755,0.946584817121301
independent,Bank B,11,2.5,0.022600017301025795,0.9413890160295068
independent,Bank B,11,2.75,0.022877768533328093,0.9360526622402818
independent,Bank B,11,3.0,0.02073177835996171,0.9309639405857202
independent,Bank B,11,3.25,0.029668408339953715,0.9251172824130884
independent,Bank B,11,3.5,0.02708004993785894,0.9185781303202168
independent,Bank B,11,3.75,0.03203889787968718,0.911814978928796
independent,Bank B,11,4.0,0.03115858771536803,0.9046403033316605
independent,Bank B,11,4.25,0.02732457983996729,0.8980511385734494
independent,Bank B,11,4.5,0.033290596442476214,0.8912724108551909
independent,Bank B,11,4.75,0.02986291176897914,0.8842642367340642
independent,Bank B,11,5.0,0.031313491348336345,0.8775280125073924
independent,Bank B,12,0.0,0.025,1.0
independent,Bank B,12,0.25,0.027340040682305354,0.993478850502712
independent,Bank B,12,0.5,0.022750371935847433,0.9872778133496517
independent,Bank B,12,0.75,0.028835153303745732,0.9809321388266553
independent,Bank B,12,1.0,0.03003340783570561,0.9737403738834689
independent,Bank B,12,1.25,0.02333657197419345,0.9672659311887962
independent,Bank B,12,1.5,0.02709785198743564,0.9611871749750938
independent,Bank B,12,1.75,0.036136793195454604,0.953619581510995
independent,Bank B,12,2.0,0.0269834728260306,0.9461250960514471
independent,Bank B,12,2.25,0.016668166664360107,0.9409766659627619
independent,Bank B,12,2.5,0.024323570691311573,0.9361674640376737
independent,Bank B,12,2.75,0.03332213254351689,0.9294459557738263
independent,Bank B,12,3.0,0.028608539577940538,0.9222785824903972
independent,Bank B,12,3.25,0.02451868203268947,0.9161741121919268
independent,Bank B,12,3.5,0.024599115137595776,0.9105662882784952
independent,Bank B,12,3.75,0.01930999039060426,0.9055822097871367
independent,Bank B,12,4.0,0.019025164417443192,0.9012531360275033
independent,Bank B,12,4.25,0.02165271200066651,0.8966821340805968
independent,Bank B,12,4.5,0.025895704908700776,0.8913684637679674
independent,Bank B,12,4.75,0.03439455017707879,0.8846761091709602
independent,Bank B,12,5.0,0.031057228588049535,0.8774676840232742
independent,Bank B,13,0.0,0.025,1.0
independent,Bank B,13,0.25,0.013800685642145797,0.995161656968411
independent,Bank B,13,0.5,0.01765618244047891,0.9912562566088253
independent,Bank B,13,0.75,0.02302527312652718,0.9862283329770041
independent,Bank B,13,1.0,0.025891963576451668,0.9802162869006593
independent,Bank B,13,1.25,0.02918743604052702,0.9734907503029461
independent,Bank B,13,1.5,0.03190538817411395,0.9660849016466974
independent,Bank B,13,1.75,0.025574846121425722,0.959168430613167
independent,Bank B,13,2.0,0.023998014617917812,0.9532432173041666
independent,Bank B,13,2.25,0.02182783237810021,0.9477984294649401
independent,Bank B,13,2.5,0.01509116132763048,0.9434345360878233
independent,Bank B,13,2.75,0.02135877839277793,0.9391457972777298
independent,Bank B,13,3.0,0.01587187893243103,0.9347853246819139
independent,Bank B,13,3.25,0.018196449043568756,0.9308129672800673
independent,Bank B,13,3.5,0.02993399654738145,0.9252297240104719
independent,Bank B,13,3.75,0.030433647967065425,0.9182742574516003
independent,Bank B,13,4.0,0.031157772791033704,0.9112316753825593
independent,Bank B,13,4.25,0.042205680891624284,0.9029134865169973
independent,Bank B,13,4.5,0.029562743813190268,0.8948496264353443
independent,Bank B,13,4.75,0.03355208746324159,0.8878176165178012
independent,Bank B,13,5.0,0.02881593824201508,0.880923097293109
independent,Bank B,14,0.0,0.025,1.0
independent,Bank B,14,0.25,0.020542081727925002,0.9943234128391193
independent,Bank B,14,0.5,0.019181044145843908,0.9893984458896116
independent,Bank B,14,0.75,0.024573530688435066,0.984001878581174
independent,Bank B,14,1.0,0.0132098684461164,0.9793654689407932
independent,Bank B,14,1.25,0.01696200386540397,0.9756787642503434
independent,Bank B,14,1.5,0.023529243503752403,0.9707529343040118
independent,Bank B,14,1.75,0.022251976700225305,0.9652135177683036
independent,Bank B,14,2.0,0.0141587279716186,0.9608304866200933
independent,Bank B,14,2.25,0.02050292284394295,0.9566764957771708
independent,Bank B,14,2.5,0.02442016480650178,0.9513194430541613
independent,Bank B,14,2.75,0.02639889386438058,0.9452954518349892
independent,Bank B,14,3.0,0.03084100245010823,0.9385560141747953
independent,Bank B,14,3.25,0.02889206833141167,0.9315742576177259
independent,Bank B,14,3.5,0.02653334324987963,0.9251424528529942
independent,Bank B,14,3.75,0.02741428476531166,0.9189247855765497
independent,Bank B,14,4.0,0.036030478633990955,0.9116659862214406
independent,Bank B,14,4.25,0.04152844550323703,0.9028702129012823
independent,Bank B,14,4.5,0.0427618283952662,0.8934072554561063
independent,Bank B,14,4.75,0.0331712927929619,0.8849674723358307
independent,Bank B,14,5.0,0.03139361408213787,0.877853985742193
independent,Bank B,15,0.0,0.025,1.0
independent,Bank B,15,0.25,0.01848723385065236,0.9945788435614441
independent,Bank B,15,0.5,0.01645429936729667,0.9902443027086091
independent,Bank B,15,0.75,0.02578763676043329,0.9850293533492106
independent,Bank B,15,1.0,0.021013135147441034,0.9792836594066392
independent,Bank B,15,1.25,0.014862697675158793,0.9749019145651534
independent,Bank B,15,1.5,0.013518284203696926,0.9714494579964371
independent,Bank B,15,1.75,0.02223413784574461,0.9671176857876195
independent,Bank B,15,2.0,0.028400073986748278,0.9610158610042993
independent,Bank B,15,2.25,0.013439625250751664,0.9560029043946464
independent,Bank B,15,2.5,0.015996026717096212,0.9524917967430541
independent,Bank B,15,2.75,0.011726011562194702,0.9491968821432009
independent,Bank B,15,3.0,0.017822266948326077,0.9456974570164276
independent,Bank B,15,3.25,0.016242148056339986,0.9416791892534048
independent,Bank B,15,3.5,0.017173498759634205,0.9377540401472387
independent,Bank B,15,3.75,0.01915760127422787,0.9335049912588008
independent,Bank B,15,4.0,0.014983073384528336,0.9295296685297411
independent,Bank B,15,4.25,0.02334756051650652,0.9250866383616675
independent,Bank B,15,4.5,0.027331234749458273,0.919244876694253
independent,Bank B,15,4.75,0.028952438634560054,0.9128002638822047
independent,Bank B,15,5.0,0.023658597786396722,0.906817038435838
independent,Bank B,16,0.0,0.025,1.0
independent,Bank B,16,0.25,0.01709833510738139,0.9947515297144724
independent,Bank B,16,0.5,0.016095142562022068,0.990632672736738
independent,Bank B,16,0.75,0.024182245140660176,0.9856576949110922
independent,Bank B,16,1.0,0.019632811256995068,0.9802741200342235
independent,Bank B,16,1.25,0.022093876463622774,0.9751744820222661
independent,Bank B,16,1.5,0.024229406190132568,0.9695441383579687
independent,Bank B,16,1.75,0.021979356465095315,0.9639601014761469
independent,Bank B,16,2.0,0.03854190557610243,0.9566951063050053
independent,Bank B,16,2.25,0.04227718584031021,0.9470788579612365
independent,Bank B,16,2.5,0.03436636160854026,0.9380487478362278
independent,Bank B,16,2.75,0.044563212078213676,0.9288392802803885
independent,Bank B,16,3.0,0.042222865775065274,0.918817448520427
independent,Bank B,16,3.25,0.046202105242439395,0.9087175681664215
independent,Bank B,16,3.5,0.045825545250668245,0.898324070508135
independent,Bank B,16,3.75,0.03967727746771153,0.8887740406055148
independent,Bank B,16,4.0,0.03252401436762249,0.8807887996171275
independent,Bank B,16,4.25,0.035054225488754295,0.8733798667431528
independent,Bank B,16,4.5,0.02752955588979258,0.8665740953038359
independent,Bank B,16,4.75,0.019372909599188977,0.8615084017089909
independent,Bank B,16,5.0,0.01756415772509519,0.8575398711472951
independent,Bank B,17,0.0,0.025,1.0
independent,Bank B,17,0.25,0.03240265620761794,0.9928503492083842
independent,Bank B,17,0.5,0.041176316653723795,0.9837606005702432
independent,Bank B,17,0.75,0.039945339940357684,0.9738354708490847
independent,Bank B,17,1.0,0.03344493135404419,0.9649425678267609
independent,Bank B,17,1.25,0.02136900588382733,0.95835362879077
independent,Bank B,17,1.5,0.03283968726526699,0.9518816935273009
independent,Bank B,17,1.75,0.026693684493188544,0.9448243943055918
independent,Bank B,17,2.0,0.032135587017803724,0.937901961751688
independent,Bank B,17,2.25,0.028103697783186478,0.9308661665263802
independent,Bank B,17,2.5,0.03095779343455915,0.9240191792155603
independent,Bank B,17,2.75,0.03804413451251502,0.9160835636081446
independent,Bank B,17,3.0,0.04017353984169081,0.9071704664866818
independent,Bank B,17,3.25,0.04166187504779712,0.8979379348113256
independent,Bank B,17,3.5,0.03528256235571402,0.8893429185853029
independent,Bank B,17,3.75,0.03518967753780243,0.8815430751128338
independent,Bank B,17,4.0,0.039974889959686816,0.8732992629221996
independent,Bank B,17,4.25,0.03160433638724088,0.8655203546315026
independent,Bank B,17,4.5,0.030278318638582994,0.8588510951635113
independent,Bank B,17,4.75,0.02081368273949266,0.8533835204138381
independent,Bank B,17,5.0,0.0367965948278931,0.8472601373035018
independent,Bank B,18,0.0,0.025,1.0
independent,Bank B,18,0.25,0.02895891004507951,0.993277831783133
independent,Bank B,18,0.5,0.0355755330284207,0.9852974840533437
independent,Bank B,18,0.75,0.026838472886829275,0.9776403470547901
independent,Bank B,18,1.0,0.025086757825434815,0.971315370803855
independent,Bank B,18,1.25,0.03175009199547346,0.9644390134011785
independent,Bank B,18,1.5,0.03601418780688644,0.956304200753467
independent,Bank B,18,1.75,0.03638743425584333,0.9476884995663054
independent,Bank B,18,2.0,0.01507485864354453,0.941611787723732
independent,Bank B,18,2.25,0.016316528477519,0.9379242148137709
independent,Bank B,18,2.5,0.013206771602565778,0.9344692665712072
independent,Bank B,18,2.75,0.019764010049004656,0.9306259191283626
independent,Bank B,18,3.0,0.017671116119272672,0.9262813297345417
independent,Bank B,18,3.25,0.004739967175383055,0.9236900899554477
independent,Bank B,18,3.5,0.00858444871432276,0.9221529165679226
independent,Bank B,18,3.75,0.009356777760579159,0.9200871645264763
independent,Bank B,18,4.0,0.014746832373562703,0.9173191587657784
independent,Bank B,18,4.25,0.023302277935484582,0.9129666203763919
independent,Bank B,18,4.5,0.020073108620436028,0.9080299805025146
independent,Bank B,18,4.75,0.023467475222627997,0.9031013853507232
independent,Bank B,18,5.0,0.0304855560662019,0.8970312450997726
independent,Bank B,19,0.0,0.025,1.0
independent,Bank B,19,0.25,0.030200386152785023,0.9931237024056295
independent,Bank B,19,0.5,0.021895724593247692,0.9866774788360989
independent,Bank B,19,0.75,0.01675817912981386,0.9819216106089701
independent,Bank B,19,1.0,0.015918068950889395,0.9779191010926995
independent,Bank B,19,1.25,0.021880664535324012,0.9733094865833999
independent,Bank B,19,1.5,0.02541267288920284,0.9675725788896096
independent,Bank B,19,1.75,0.032299627129920565,0.9606175909539064
independent,Bank B,19,2.0,0.02682597500678635,0.9535441253972355
independent,Bank B,19,2.25,0.025615952413821336,0.9473138566865554
independent,Bank B,19,2.5,0.028123889593281486,0.9409716203357782
independent,Bank B,19,2.75,0.031170422445235425,0.9340231194469814
independent,Bank B,19,3.0,0.031225903775023454,0.9267665039605645
independent,Bank B,19,3.25,0.04186029303156063,0.9183383316336526
independent,Bank B,19,3.5,0.04625983571889176,0.9082783274007196
independent,Bank B,19,3.75,0.03625068981889523,0.8989586554388335
independent,Bank B,19,4.0,0.04751564079686026,0.8895949551728057
independent,Bank B,19,4.25,0.03966287068574208,0.879953388671813
independent,Bank B,19,4.5,0.03806653097005735,0.8714450087638256
independent,Bank B,19,4.75,0.026299441608903823,0.8644617136542676
independent,Bank B,19,5.0,0.032989153074689304,0.8580788049542108
independent,Bank B,20,0.0,0.025,1.0
independent,Bank B,20,0.25,0.03726235803897693,0.9922474127750915
independent,Bank B,20,0.5,0.04511118495599201,0.9820829658090071
independent,Bank B,20,0.75,0.042791677031042696,0.9713510462608083
independent,Bank B,20,1.0,0.04178454835202874,0.9611359877200096
independent,Bank B,20,1.25,0.05090037509042594,0.9500648923526244
independent,Bank B,20,1.5,0.0562818388159271,0.9374210240315052
independent,Bank B,20,1.75,0.06207525443728962,0.9236543084694376
independent,Bank B,20,2.0,0.051291022772171936,0.9106577056893979
independent,Bank B,20,2.25,0.05777956924496807,0.898326212523017
independent,Bank B,20,2.5,0.06293091459275202,0.8848732881038844
independent,Bank B,20,2.75,0.056822635585858795,0.8717260953258789
independent,Bank B,20,3.0,0.036548346287296085,0.8616109985016295
independent,Bank B,20,3.25,0.04103163082377551,0.853295911239765
independent,Bank B,20,3.5,0.05694310282413113,0.8429094617055367
independent,Bank B,20,3.75,0.06494354459902238,0.8301643732089564
independent,Bank B,20,4.0,0.04213351191072234,0.8191269591615349
independent,Bank B,20,4.25,0.03195142004491123,0.8115763541222187
independent,Bank B,20,4.5,0.03989243176065782,0.804320636391078
independent,Bank B,20,4.75,0.05076528355578163,0.7952573530080789
independent,Bank B,20,5.0,0.048635244187661845,0.7854373612936213
independent,Bank B,21,0.0,0.025,1.0
independent,Bank B,21,0.25,0.02490362061246496,0.9937814630573703
independent,Bank B,21,0.5,0.03208699299351166,0.9867270930243723
independent,Bank B,21,0.75,0.03436112437089518,0.9785652663634401
independent,Bank B,21,1.0,0.0336729383552177,0.9702785810213551
independent,Bank B,21,1.25,0.021595372198834745,0.9635984752328894
independent,Bank B,21,1.5,0.012442376902831379,0.9595073443182089
independent,Bank B,21,1.75,0.01792393767062314,0.9558721601478471
independent,Bank B,21,2.0,0.021544800509195976,0.9511678906608131
independent,Bank B,21,2.25,0.026370041957518634,0.9454880345231678
independent,Bank B,21,2.5,0.017814003471586223,0.9402804926185551
independent,Bank B,21,2.75,0.01974273281929121,0.935876604622896
independent,Bank B,21,3.0,0.023745723610961722,0.9308029288944558
independent,Bank B,21,3.25,0.020462552298886598,0.9256734656557754
independent,Bank B,21,3.5,0.021496349626787835,0.9208311451393655
independent,Bank B,21,3.75,0.01691119205042705,0.9164208827458581
independent,Bank B,21,4.0,0.012106859628683662,0.9131028105663009
independent,Bank B,21,4.25,0.015786487883790543,0.9099246676001557
independent,Bank B,21,4.5,0.018349819416519544,0.9060502561009839
independent,Bank B,21,4.75,0.015301864905741192,0.9022469961905544
independent,Bank B,21,5.0,0.015856252685036994,0.8987397907435887
independent,Bank B,22,0.0,0.025,1.0
independent,Bank B,22,0.25,0.024580750381977507,0.9938215716729861
independent,Bank B,22,0.5,0.02425406665782434,0.9877734136693138
independent,Bank B,22,0.75,0.014453899485856571,0.9830056199639852
independent,Bank B,22,1.0,0.018757282703175115,0.9789332315226182
independent,Bank B,22,1.25,0.015170506323196605,0.9747903925486593
independent,Bank B,22,1.5,0.012696937943518219,0.9714006852642161
independent,Bank B,22,1.75,0.016186902537196096,0.9678997862258137
independent,Bank B,22,2.0,0.014293760764302686,0.9642190242460019
independent,Bank B,22,2.25,0.022620474098171115,0.9597800974062359
independent,Bank B,22,2.5,0.025586360892986097,0.9540139926099113
independent,Bank B,22,2.75,0.027872721812087154,0.9476601565276688
independent,Bank B,22,3.0,0.04079834384974493,0.939560365986137
independent,Bank B,22,3.25,0.027563262431716116,0.9315658400704866
independent,Bank B,22,3.5,0.03787444658949009,0.9239769779456168
independent,Bank B,22,3.75,0.041952718934934644,0.9148030168770873
independent,Bank B,22,4.0,0.0505045742486666,0.9042913500529307
independent,Bank B,22,4.25,0.05094398649010819,0.8928963710242557
independent,Bank B,22,4.5,0.05160045191784034,0.8815242165641145
independent,Bank B,22,4.75,0.045711529633620726,0.8708663108113583
independent,Bank B,22,5.0,0.05247374273210509,0.8602433520471777
independent,Bank B,23,0.0,0.025,1.0
independent,Bank B,23,0.25,0.0257417892077038,0.9936773489599302
independent,Bank B,23,0.5,0.024517257072951062,0.9874542578581272
independent,Bank B,23,0.75,0.020303115353929226,0.9819374678758328
independent,Bank B,23,1.0,0.01612531516563131,0.9774763275027529
independent,Bank B,23,1.25,0.020957698559421905,0.9729558416657588
independent,Bank B,23,1.5,0.021936258356441304,0.9677530613754324
independent,Bank B,23,1.75,0.02687943475952439,0.9618658493563619
independent,Bank B,23,2.0,0.02212489521166741,0.9559919093205561
independent,Bank B,23,2.25,0.022389131039619817,0.9506872999833618
independent,Bank B,23,2.5,0.024876130102562323,0.9450870494180061
independent,Bank B,23,2.75,0.026171716786099114,0.9390756666997168
independent,Bank B,23,3.0,0.020004502835270648,0.9336709093807357
independent,Bank B,23,3.25,0.028707550163681983,0.9280030543432776
independent,Bank B,23,3.5,0.02215226792479547,0.9221220101375878
independent,Bank B,23,3.75,0.01594289763321604,0.9177413995904934
independent,Bank B,23,4.0,0.014564420997120835,0.9142483354127146
independent,Bank B,23,4.25,0.019830523274970528,0.9103260829893972
independent,Bank B,23,4.5,0.01790153671192642,0.9060426325965727
independent,Bank B,23,4.75,0.020347582750443242,0.9017210552504099
independent,Bank B,23,5.0,0.01516583741251663,0.8977270270713089
independent,Bank B,24,0.0,0.025,1.0
independent,Bank B,24,0.25,0.027142698045455393,0.993503357771983
independent,Bank B,24,0.5,0.020640566191246545,0.9875869402869919
independent,Bank B,24,0.75,0.02893236703768875,0.9814861642127095
independent,Bank B,24,1.0,0.026111679239898072,0.9747562222349596
independent,Bank B,24,1.25,0.03556677247333579,0.9672699364019802
independent,Bank B,24,1.5,0.024635403432576843,0.9600182865846696
independent,Bank B,24,1.75,0.019266757192426695,0.9547643563231787
independent,Bank B,24,2.0,0.009270763963150375,0.9513645977188427
independent,Bank B,24,2.25,0.011690595380557544,0.948875123665644
independent,Bank B,24,2.5,0.024410451893427512,0.9446028473067416
independent,Bank B,24,2.75,0.02112635483116236,0.9392413462240388
independent,Bank B,24,3.0,0.020508256781126763,0.9343659252868135
independent,Bank B,24,3.25,0.04018225263033238,0.9273043518120971
independent,Bank B,24,3.5,0.052344494663002235,0.916641078625495
independent,Bank B,24,3.75,0.05002828117895536,0.9049859243693366
independent,Bank B,24,4.0,0.05711736855667336,0.8929460673777964
independent,Bank B,24,4.25,0.050115509589596284,0.8810567809357405
independent,Bank B,24,4.5,0.0496298479679292,0.8701398142018916
independent,Bank B,24,4.75,0.04818672021327293,0.8595653321070201
independent,Bank B,24,5.0,0.028334425890796603,0.8513826631492056
independent,Bank B,25,0.0,0.025,1.0
independent,Bank B,25,0.25,0.0400651912598294,0.99189983566471
independent,Bank B,25,0.5,0.0406916891860342,0.9819373618523121
independent,Bank B,25,0.75,0.03962767193653444,0.9721281135886631
independent,Bank B,25,1.0,0.04701812379669275,0.9616560740992474
independent,Bank B,25,1.25,0.049357532608706435,0.9501405474739574
independent,Bank B,25,1.5,0.05269351654403515,0.9380971707746657
independent,Bank B,25,1.75,0.06680267088261935,0.9241889238553239
independent,Bank B,25,2.0,0.05701596875541507,0.9099950717474583
independent,Bank B,25,2.25,0.050036405764706395,0.897899042383264
independent,Bank B,25,2.5,0.04988949939524916,0.886753374285571
independent,Bank B,25,2.75,0.045392637760846274,0.8762545507117216
independent,Bank B,25,3.0,0.033431702166529374,0.8676631725038528
independent,Bank B,25,3.25,0.025501560546252994,0.8612948801073111
independent,Bank B,25,3.5,0.011199004612300414,0.8573526784769335
independent,Bank B,25,3.75,0.017694894898396735,0.854261730915332
independent,Bank B,25,4.0,0.004377895493872026,0.8519079869986909
independent,Bank B,25,4.25,0.006066197592088344,0.8507965368724755
independent,Bank B,25,4.5,0.012673056711557782,0.8488059575727387
independent,Bank B,25,4.75,0.020974092966015073,0.8452434669151218
independent,Bank B,25,5.0,0.02417766176311169,0.8404863757681926
independent,Bank B,26,0.0,0.025,1.0
independent,Bank B,26,0.25,0.025940874601201078,0.9936526209368649
independent,Bank B,26,0.5,0.03754111742852064,0.9857989416279381
independent,Bank B,26,0.75,0.033279067147337825,0.9771106471561511
independent,Bank B,26,1.0,0.04776587880992104,0.967261883470499
independent,Bank B,26,1.25,0.04255323963161259,0.9564030164399265
independent,Bank B,26,1.5,0.0467414951521825,0.9457871537338591
independent,Bank B,26,1.75,0.04905327663269681,0.9345295066629471
independent,Bank B,26,2.0,0.04260483985347546,0.9238834586174277
independent,Bank B,26,2.25,0.03563343199079999,0.9148921163256266
independent,Bank B,26,2.5,0.02167838749457798,0.9083612711934009
independent,Bank B,26,2.75,0.021532015399519884,0.9034681655931855
independent,Bank B,26,3.0,0.023507969498543228,0.8983959332534803
independent,Bank B,26,3.25,0.02211280074769003,0.8932873239581808
independent,Bank B,26,3.5,0.018172301383085863,0.8888003594190709
independent,Bank B,26,3.75,0.021627297603733713,0.8843896029269971
independent,Bank B,26,4.0,0.022203575017205532,0.8795574064722473
independent,Bank B,26,4.25,0.018592323492404337,0.875083531565605
independent,Bank B,26,4.5,0.015771425427685892,0.8713326992786674
independent,Bank B,26,4.75,0.009371136520940694,0.8685985559434941
independent,Bank B,26,5.0,0.013275790522116056,0.8661431470341395
independent,Bank B,27,0.0,0.025,1.0
independent,Bank B,27,0.25,0.03225378542549566,0.9928688251812942
independent,Bank B,27,0.5,0.031307035231571516,0.985011634937698
independent,Bank B,27,0.75,0.039664650581795094,0.9763117901272649
independent,Bank B,27,1.0,0.03879103085935283,0.9667839352874202
independent,Bank B,27,1.25,0.043621721176856365,0.9568756429231201
independent,Bank B,27,1.5,0.049454042697689354,0.9458074128466242
independent,Bank B,27,1.75,0.06726695842637612,0.9321081443698208
independent,Bank B,27,2.0,0.046957165239588095,0.9188940498849917
independent,Bank B,27,2.25,0.04194420858816056,0.9087392101583399
independent,Bank B,27,2.5,0.04674707673066602,0.8987201941684408
independent,Bank B,27,2.75,0.03508576933411169,0.8895739489611186
independent,Bank B,27,3.0,0.0328033309087088,0.8820568427968707
independent,Bank B,27,3.25,0.03354920319732244,0.8747712597752179
independent,Bank B,27,3.5,0.027320644218533127,0.8681406180102922
independent,Bank B,27,3.75,0.03275652725447313,0.8616456070555619
independent,Bank B,27,4.0,0.03429604243891096,0.8544538442788953
independent,Bank B,27,4.25,0.041996945666128216,0.8463439715223539
independent,Bank B,27,4.5,0.028195765277995985,0.838950556973004
independent,Bank B,27,4.75,0.0353144509108307,0.8323166828323405
independent,Bank B,27,5.0,0.05090768888545068,0.8233943350229669
independent,Bank B,28,0.0,0.025,1.0
independent,Bank B,28,0.25,0.02485597861010042,0.9937873812923441
independent,Bank B,28,0.5,0.02042164612296153,0.9881787264101797
independent,Bank B,28,0.75,0.02625547206041132,0.9824298471392262
independent,Bank B,28,1.0,0.028798199073996524,0.97569226056912
independent,Bank B,28,1.25,0.02573836659429635,0.9690635174155846
independent,Bank B,28,1.5,0.01905569135028001,0.963652644069244
independent,Bank B,28,1.75,0.022919876274880742,0.9586096524500849
independent,Bank B,28,2.0,0.02240778419268293,0.9531935689831184
independent,Bank B,28,2.25,0.02467364835349559,0.9476003288963034
independent,Bank B,28,2.5,0.040308916891648394,0.9399343183362847
independent,Bank B,28,2.75,0.04100347849619572,0.9304291667149485
independent,Bank B,28,3.0,0.03455352406290802,0.9216829790950756
independent,Bank B,28,3.25,0.04052250382983118,0.9130739011079984
independent,Bank B,28,3.5,0.03592707289622802,0.9043899458301174
independent,Bank B,28,3.75,0.03960770007135913,0.8958910205890989
independent,Bank B,28,4.0,0.044552462942956575,0.8865156299126257
independent,Bank B,28,4.25,0.037948408028747556,0.8774203197579619
independent,Bank B,28,4.5,0.03389248396707113,0.869576260431885
independent,Bank B,28,4.75,0.02756963049515381,0.8629211086913969
independent,Bank B,28,5.0,0.032351479565794546,0.8564818554053742
independent,Bank B,29,0.0,0.025,1.0
independent,Bank B,29,0.25,0.0267002773688899,0.9935583025947288
independent,Bank B,29,0.5,0.028231345835299664,0.9867594500193014
independent,Bank B,29,0.75,0.025363775168780536,0.9801708579203325
independent,Bank B,29,1.0,0.029542424669252366,0.9734667083226857
independent,Bank B,29,1.25,0.03831225013444048,0.965244842500047
independent,Bank B,29,1.5,0.024513043650781555,0.9576943052493002
independent,Bank B,29,1.75,0.02544684065361316,0.9517321543132324
independent,Bank B,29,2.0,0.03402601343556033,0.9446831100083255
independent,Bank B,29,2.25,0.01611210729490264,0.938781044753124
independent,Bank B,29,2.5,0.017008244454638097,0.9349024841963551
independent,Bank B,29,2.75,0.015134146570240656,0.9311537698771672
independent,Bank B,29,3.0,0.02244825860567013,0.9267896539938923
independent,Bank B,29,3.25,0.04034606159912823,0.9195434890359311
independent,Bank B,29,3.5,0.041236380173574005,0.910213815591569
independent,Bank B,29,3.75,0.03225383449865689,0.901890627589083
independent,Bank B,29,4.0,0.027167212949804155,0.8952165339034708
independent,Bank B,29,4.25,0.031128120013205748,0.8887168756580854
independent,Bank B,29,4.5,0.030674995140198676,0.8818776436124887
independent,Bank B,29,4.75,0.03658637629545003,0.8744941884704357
independent,Bank B,29,5.0,0.03841585760396693,0.8663338736484825
independent,Bank B,30,0.0,0.025,1.0
independent,Bank B,30,0.25,0.03337517623687112,0.9927296606879511
independent,Bank B,30,0.5,0.03173187322721026,0.9846832351483857
independent,Bank B,30,0.75,0.02363207905219597,0.9778922662266428
independent,Bank B,30,1.0,0.02829999069265541,0.9715648295798087
independent,Bank B,30,1.25,0.0355044649712788,0.9638468773381836
independent,Bank B,30,1.5,0.031683430702950245,0.9557859192152592
independent,Bank B,30,1.75,0.025525256088750687,0.9489753924077116
independent,Bank B,30,2.0,0.028907533917632566,0.9425403871573872
independent,Bank B,30,2.25,0.027169220540029803,0.9359566630002042
independent,Bank B,30,2.5,0.041204096751928466,0.927991441786407
independent,Bank B,30,2.75,0.058353824945111175,0.9165143919481159
independent,Bank B,30,3.0,0.05986724801911983,0.903070059969029
independent,Bank B,30,3.25,0.05559223186926801,0.890130161769513
independent,Bank B,30,3.5,0.051400885086650534,0.8783046907225331
independent,Bank B,30,3.75,0.06518789265093067,0.8655974519224369
independent,Bank B,30,4.0,0.041120213318086435,0.8541710368940494
independent,Bank B,30,4.25,0.0376188916838673,0.8458051915072355
independent,Bank B,30,4.5,0.041047305764644965,0.8375289148714842
independent,Bank B,30,4.75,0.02639581498209491,0.830497898153519
independent,Bank B,30,5.0,0.0440778001112163,0.8232140042518749
independent,Bank B,31,0.0,0.025,1.0
independent,Bank B,31,0.25,0.03210067972223538,0.9928878270980905
independent,Bank B,31,0.5,0.03438552217781184,0.9846703536162449
independent,Bank B,31,0.75,0.03100858324563387,0.9766542066852022
independent,Bank B,31,1.0,0.02265164453348821,0.9701251920408495
independent,Bank B,31,1.25,0.021225681874696815,0.9648189443765768
independent,Bank B,31,1.5,0.027904477504062768,0.9589118877929033
independent,Bank B,31,1.75,0.02046451562758675,0.9531316790167489
independent,Bank B,31,2.0,0.03374604687987306,0.9466947873098905
independent,Bank B,31,2.25,0.024856060149114872,0.9397853363242481
independent,Bank B,31,2.5,0.036155399236367076,0.9326453877385555
independent,Bank B,31,2.75,0.039539130674648884,0.9238624850938939
independent,Bank B,31,3.0,0.04634119496698154,0.9139978271967539
independent,Bank B,31,3.25,0.03347935233411898,0.9049236955105129
independent,Bank B,31,3.5,0.03808026153531726,0.8968652914798495
independent,Bank B,31,3.75,0.045059531379137346,0.8875929071153953
independent,Bank B,31,4.0,0.03090077993963336,0.8792050623954247
independent,Bank B,31,4.25,0.03489481506323647,0.8720037389217219
independent,Bank B,31,4.5,0.036857134145689155,0.8642177115328074
independent,Bank B,31,4.75,0.05326498298717221,0.8545367022516491
independent,Bank B,31,5.0,0.04743837555224968,0.8438472826904267
independent,Bank B,32,0.0,0.025,1.0
independent,Bank B,32,0.25,0.02244571907891899,0.9940868370889316
independent,Bank B,32,0.5,0.025010054381913303,0.9882073976958724
independent,Bank B,32,0.75,0.028193027559535268,0.9816572424708162
independent,Bank B,32,1.0,0.017646269387577157,0.9760485168389765
independent,Bank B,32,1.25,0.017505495323044733,0.97176919685086
independent,Bank B,32,1.5,0.01969687776636457,0.9672606729352344
independent,Bank B,32,1.75,0.021285954163436264,0.9623182083076692
independent,Bank B,32,2.0,0.02530635604023321,0.9567299187516431
independent,Bank B,32,2.25,0.02672919313639854,0.9505271176635979
independent,Bank B,32,2.5,0.016736682022701295,0.9453766854574128
independent,Bank B,32,2.75,0.025232073260094603,0.9404301364883101
independent,Bank B,32,3.0,0.022150416018902094,0.9348766088631926
independent,Bank B,32,3.25,0.02295037470791869,0.9296209780655305
independent,Bank B,32,3.5,0.032079802295213726,0.9232482705242988
independent,Bank B,32,3.75,0.025076286625152284,0.9166756201383216
independent,Bank B,32,4.0,0.030544245785393716,0.9103244758435755
independent,Bank B,32,4.25,0.03373280121184857,0.9030396592993829
independent,Bank B,32,4.5,0.03263537782823188,0.8955790117147083
independent,Bank B,32,4.75,0.030937641937367606,0.8884903815926826
independent,Bank B,32,5.0,0.03664095159585773,0.8810166263570935
independent,Bank B,33,0.0,0.025,1.0
independent,Bank B,33,0.25,0.025632144912166623,0.9936909679348724
independent,Bank B,33,0.5,0.02260669646718276,0.9877171839383828
independent,Bank B,33,0.75,0.03077152881408044,0.9811487975623701
independent,Bank B,33,1.0,0.03660690838697874,0.9729199649923753
independent,Bank B,33,1.25,0.041591530596380065,0.963456190803303
independent,Bank B,33,1.5,0.023319028772390483,0.9556705092916811
independent,Bank B,33,1.75,0.023414057944873105,0.9501041044779474
independent,Bank B,33,2.0,0.017754218204010613,0.9452273945807121
independent,Bank B,33,2.25,0.019869368587447627,0.9407924757373186
independent,Bank B,33,2.5,0.017183241747185295,0.936445198754963
independent,Bank B,33,2.75,0.03063485951441814,0.930864515058984
independent,Bank B,33,3.0,0.04324039290219013,0.9223081011875915
independent,Bank B,33,3.25,0.03895521392911823,0.9128804070553339
independent,Bank B,33,3.5,0.030359664076529482,0.9050050495322125
independent,Bank B,33,3.75,0.02565888119885035,0.8986900518542639
independent,Bank B,33,4.0,0.04224926685033757,0.8910937908312367
independent,Bank B,33,4.25,0.058473225145792146,0.8799449732442451
independent,Bank B,33,4.5,0.043771022765429685,0.8687703700328803
independent,Bank B,33,4.75,0.03748522631904276,0.8599909044652404
independent,Bank B,33,5.0,0.020885400215710448,0.853738964316611
independent,Bank B,34,0.0,0.025,1.0
independent,Bank B,34,0.25,0.02438083366032537,0.9938464071771138
independent,Bank B,34,0.5,0.02061651308439601,0.9882720424255375
independent,Bank B,34,0.75,0.025356779925149592,0.9826090645963446
independent,Bank B,34,1.0,0.017667723951768063,0.977338715994157
independent,Bank B,34,1.25,0.017117797611650172,0.9730982871482872
independent,Bank B,34,1.5,0.015870937846156133,0.9690938888286762
independent,Bank B,34,1.75,0.015666912358193025,0.9652810171402524
independent,Bank B,34,2.0,0.0133959956081906,0.9617806450067065
independent,Bank B,34,2.25,0.015232541226005276,0.9583449994395085
independent,Bank B,34,2.5,0.02982360257071169,0.9529627538556372
independent,Bank B,34,2.75,0.029283713663253705,0.9459478165429138
independent,Bank B,34,3.0,0.0318785254117281,0.9387433558803981
independent,Bank B,34,3.25,0.0330428877337322,0.9311561152625278
independent,Bank B,34,3.5,0.03856804720086994,0.9228581895603508
independent,Bank B,34,3.75,0.036436670750172165,0.9142462837146398
independent,Bank B,34,4.0,0.03303817611389856,0.9063410193924928
independent,Bank B,34,4.25,0.02979731222907516,0.8992501058405797
independent,Bank B,34,4.5,0.03435520329682384,0.8920677974786877
independent,Bank B,34,4.75,0.03215110121135533,0.884682521403231
independent,Bank B,34,5.0,0.03636551962254183,0.8771379434725771
independent,Bank B,35,0.0,0.025,1.0
independent,Bank B,35,0.25,0.022135100497747806,0.9941254355686268
independent,Bank B,35,0.5,0.019980681650798728,0.9889056410729274
independent,Bank B,35,0.75,0.03530584016493505,0.9820950573591267
independent,Bank B,35,1.0,0.026958283249328148,0.9744810647231762
independent,Bank B,35,1.25,0.031103158917070092,0.9674341956190603
independent,Bank B,35,1.5,0.02646453309787268,0.9604975641907655
independent,Bank B,35,1.75,0.02805748976220108,0.95397378627101
independent,Bank B,35,2.0,0.020914425466793896,0.9481518833855853
independent,Bank B,35,2.25,0.020396009122772826,0.9432684320356164
independent,Bank B,35,2.5,0.021386024762585807,0.9383548153122274
independent,Bank B,35,2.75,0.027223703252466553,0.9326704559546871
independent,Bank B,35,3.0,0.028105248976667527,0.926242250805963
independent,Bank B,35,3.25,0.014358633590787562,0.921338795781483
independent,Bank B,35,3.5,0.026493780905848606,0.9166459238790515
independent,Bank B,35,3.75,0.03389985503257711,0.9097520307974596
independent,Bank B,35,4.0,0.035829182801965204,0.9018569712400268
independent,Bank B,35,4.25,0.04026991543193054,0.8933188318846038
independent,Bank B,35,4.5,0.04622417870387906,0.8837125057240618
independent,Bank B,35,4.75,0.04838065724588195,0.8733236196433065
independent,Bank B,35,5.0,0.05267082421267736,0.8623616672946606
independent,Bank B,36,0.0,0.025,1.0
independent,Bank B,36,0.25,0.0294283774819574,0.993219544543673
independent,Bank B,36,0.5,0.033853172979523574,0.9853939771347124
independent,Bank B,36,0.75,0.04063346579903524,0.9762617218923991
independent,Bank B,36,1.0,0.03992611440857256,0.9664801501954766
independent,Bank B,36,1.25,0.03821190626451229,0.9570862454519704
independent,Bank B,36,1.5,0.03144086177602783,0.9487894529921903
independent,Bank B,36,1.75,0.024378969825261873,0.9421923369401395
independent,Bank B,36,2.0,0.025486284487024266,0.9363377695520387
independent,Bank B,36,2.25,0.029520783243663463,0.9299217035027932
independent,Bank B,36,2.5,0.032590590865377495,0.9227298188915106
independent,Bank B,36,2.75,0.0385837937031634,0.914556888384137
independent,Bank B,36,3.0,0.023794564315787903,0.9074535481652246
independent,Bank B,36,3.25,0.01167865764502066,0.9034386683969305
independent,Bank B,36,3.5,0.017825564663739326,0.9001128980190124
independent,Bank B,36,3.75,0.014974806375730652,0.896429948680822
independent,Bank B,36,4.0,0.02420487109530284,0.892050452105249
independent,Bank B,36,4.25,0.02616330848118762,0.8864517257825842
independent,Bank B,36,4.5,0.03088542914797432,0.8801528424436783
independent,Bank B,36,4.75,0.027768924157688904,0.8737233416604453
independent,Bank B,36,5.0,0.030737183314311575,0.8673568808720874
independent,Bank B,37,0.0,0.025,1.0
independent,Bank B,37,0.25,0.021626338669323286,0.994188659213252
independent,Bank B,37,0.5,0.019181573654776164,0.9891302262324038
independent,Bank B,37,0.75,0.02960087370346038,0.983117054293595
independent,Bank B,37,1.0,0.02183047895711694,0.9768169474405579
independent,Bank B,37,1.25,0.032811196047893794,0.9701678164955905
independent,Bank B,37,1.5,0.025662026554479217,0.9631025636194605
independent,Bank B,37,1.75,0.025027775791912277,0.9570194212281818
independent,Bank B,37,2.0,0.027170100388148634,0.9507954505306637
independent,Bank B,37,2.25,0.022727596990533956,0.9448835934921982
independent,Bank B,37,2.5,0.021098029143586668,0.9397214815627153
independent,Bank B,37,2.75,0.011166190640378526,0.9359391911778012
independent,Bank B,37,3.0,0.005601624448874642,0.9339795386768334
independent,Bank B,37,3.25,0.0019191248918279443,0.9331019230119659
independent,Bank B,37,3.5,0.007555329193552087,0.931997498214111
independent,Bank B,37,3.75,0.015224405018730632,0.9293474410675425
independent,Bank B,37,4.0,0.011900904888277627,0.9262016725342129
independent,Bank B,37,4.25,0.01118830300506602,0.9235323685232893
independent,Bank B,37,4.5,0.00661765692999023,0.9214791068453007
independent,Bank B,37,4.75,0.005561619715548754,0.92007730555324
independent,Bank B,37,5.0,0.009337920570424886,0.9183653091854963
independent,Bank B,38,0.0,0.025,1.0
independent,Bank B,38,0.25,0.02759483828372278,0.9934472090030799
independent,Bank B,38,0.5,0.02350020347439588,0.9871224000732864
independent,Bank B,38,0.75,0.02942418347582141,0.9806135974772852
independent,Bank B,38,1.0,0.023461975773973496,0.974152367002296
independent,Bank B,38,1.25,0.024443807178039772,0.9683363566829131
independent,Bank B,38,1.5,0.028608152420855106,0.961936084166473
independent,Bank B,38,1.75,0.017646670463917824,0.9563903589993602
independent,Bank B,38,2.0,0.01887729693525368,0.9520339149435814
independent,Bank B,38,2.25,0.02086344417097601,0.9473163255089053
independent,Bank B,38,2.5,0.023162353946913444,0.9421173495341119
independent,Bank B,38,2.75,0.02135498763469669,0.9368893391127406
independent,Bank B,38,3.0,0.02753052018647798,0.9311817566130298
independent,Bank B,38,3.25,0.03565804642588024,0.9238557222443644
independent,Bank B,38,3.5,0.04600548518132562,0.9144730275959667
independent,Bank B,38,3.75,0.04416233232267466,0.904223890358528
independent,Bank B,38,4.0,0.046473274922873606,0.8940373431371377
independent,Bank B,38,4.25,0.04426383053711534,0.8839543375652398
independent,Bank B,38,4.5,0.04361136649761291,0.8742977627997494
independent,Bank B,38,4.75,0.0332281594797751,0.8659403849030682
independent,Bank B,38,5.0,0.037250611277699956,0.8583450889880523
independent,Bank B,39,0.0,0.025,1.0
independent,Bank B,39,0.25,0.026488533163995805,0.9935846004693535
independent,Bank B,39,0.5,0.02289006292266074,0.9874707615952583
independent,Bank B,39,0.75,0.03168209013186897,0.9807576337996532
independent,Bank B,39,1.0,0.0198259635465306,0.9744633039800759
independent,Bank B,39,1.25,0.03037524589396344,0.968367545334683
independent,Bank B,39,1.5,0.031548685716444806,0.9609008398938499
independent,Bank B,39,1.75,0.03552329157615538,0.9528783273336454
independent,Bank B,39,2.0,0.03130411037943009,0.9449516828683935
independent,Bank B,39,2.25,0.032896204877670907,0.9373987551814902
independent,Bank B,39,2.5,0.04135204006903239,0.928738976628911
independent,Bank B,39,2.75,0.043101337527700394,0.9189861529487207
independent,Bank B,39,3.0,0.044430075064287554,0.9089859414876804
independent,Bank B,39,3.25,0.04446041757216418,0.8989418204874567
independent,Bank B,39,3.5,0.04857922876998781,0.8885477254427888
independent,Bank B,39,3.75,0.03970887526115113,0.878795612391977
independent,Bank B,39,4.0,0.05017085741661914,0.8689776286836682
independent,Bank B,39,4.25,0.03228245327047549,0.8600673648071328
independent,Bank B,39,4.5,0.03910547694452639,0.8524267025724156
independent,Bank B,39,4.75,0.03440221207010367,0.8446300872549318
independent,Bank B,39,5.0,0.025352369400797832,0.838344775318083
independent,Bank B,40,0.0,0.025,1.0
independent,Bank B,40,0.25,0.03293882645646901,0.9927838093358521
independent,Bank B,40,0.5,0.037627783697545596,0.9840651452722774
independent,Bank B,40,0.75,0.03963419238772271,0.9746070385727401
independent,Bank B,40,1.0,0.05227240649591582,0.9634745058192551
independent,Bank B,40,1.25,0.05185134422886524,0.9510156879668329
independent,Bank B,40,1.5,0.02643944316199382,0.9417541095216593
independent,Bank B,40,1.75,0.02219880101590413,0.9360458213826656
independent,Bank B,40,2.0,0.01709929486909104,0.931458994149474
independent,Bank B,40,2.25,0.021965189363419697,0.9269217104319014
independent,Bank B,40,2.5,0.01979698397852802,0.9220955352215064
independent,Bank B,40,2.75,0.031266785269448455,0.9162285702706084
independent,Bank B,40,3.0,0.028510589964275003,0.9094078673575267
independent,Bank B,40,3.25,0.041889422102525484,0.9014401859752212
independent,Bank B,40,3.5,0.033519245142593496,0.8929830570171273
independent,Bank B,40,3.75,0.03214252432323804,0.8856836975950189
independent,Bank B,40,4.0,0.021301871946869652,0.8797865637616097
independent,Bank B,40,4.25,0.02224175678518915,0.8750109348779396
independent,Bank B,40,4.5,0.029659806224417384,0.8693525054119658
independent,Bank B,40,4.75,0.03327883146314692,0.8625398564336814
independent,Bank B,40,5.0,0.03755457010227629,0.8549364878831813
independent,Bank B,41,0.0,0.025,1.0
independent,Bank B,41,0.25,0.023536938701941033,0.9939512504533643
independent,Bank B,41,0.5,0.020880210268265424,0.9884479819639298
independent,Bank B,41,0.75,0.027028878332384487,0.9825462161229934
independent,Bank B,41,1.0,0.04375563154991856,0.9738909322984995
independent,Bank B,41,1.25,0.029788387767199078,0.9649789771820521
independent,Bank B,41,1.5,0.02931492115251844,0.9578760660125701
independent,Bank B,41,1.75,0.018809840343311512,0.9521311681744274
independent,Bank B,41,2.0,0.0146223301917742,0.9481604942703239
independent,Bank B,41,2.25,0.018010556313890622,0.9443007201206679
independent,Bank B,41,2.5,0.03126618622695565,0.9385020891238813
independent,Bank B,41,2.75,0.03237317895714139,0.9310659954578612
independent,Bank B,41,3.0,0.028997184109046836,0.9239508393107833
independent,Bank B,41,3.25,0.014972467701441011,0.918886544677084
independent,Bank B,41,3.5,0.018809307833837576,0.9150145232912054
independent,Bank B,41,3.75,0.017542823667316774,0.9108661146133537
independent,Bank B,41,4.0,0.009341756053924368,0.9078102206816071
independent,Bank B,41,4.25,0.015394330128802515,0.905007596804056
independent,Bank B,41,4.5,0.014417051562766462,0.9016414317135925
independent,Bank B,41,4.75,0.021499864053986982,0.8976024827572674
independent,Bank B,41,5.0,0.0191665378066888,0.8930512772202176
independent,Bank B,42,0.0,0.025,1.0
independent,Bank B,42,0.25,0.031586697854216035,0.9929516199398545
independent,Bank B,42,0.5,0.02568221375344689,0.9858688442958174
independent,Bank B,42,0.75,0.029413323804261322,0.9791025488401672
independent,Bank B,42,1.0,0.029238045433946737,0.9719505847659146
independent,Bank B,42,1.25,0.02376612302662108,0.965532191777861
independent,Bank B,42,1.5,0.03804364415269874,0.958101021180027
independent,Bank B,42,1.75,0.04023492303164092,0.9487718906541229
independent,Bank B,42,2.0,0.038371964679545484,0.9394950411248955
independent,Bank B,42,2.25,0.035434311711239765,0.930867322224305
independent,Bank B,42,2.5,0.03547903174323076,0.9226524208797798
independent,Bank B,42,2.75,0.043311799454700164,0.9136099540467556
independent,Bank B,42,3.0,0.03820194390363573,0.9043482480309137
independent,Bank B,42,3.25,0.04183116563320832,0.8953461270447417
independent,Bank B,42,3.5,0.039066334955317944,0.8863378425587363
independent,Bank B,42,3.75,0.043443670536644406,0.8772433547838745
independent,Bank B,42,4.0,0.03931035172244209,0.8682157004387344
independent,Bank B,42,4.25,0.04221323774907425,0.8594131201933376
independent,Bank B,42,4.5,0.03664590394632188,0.8509831645178152
independent,Bank B,42,4.75,0.027210815369611042,0.8442175780643209
independent,Bank B,42,5.0,0.030649777144557654,0.8381337393322321
independent,Bank B,43,0.0,0.025,1.0
independent,Bank B,43,0.25,0.02148156682634582,0.9942066506916004
independent,Bank B,43,0.5,0.028673843605264034,0.9879930435925903
independent,Bank B,43,0.75,0.02817769116646851,0.9809968170653784
independent,Bank B,43,1.0,0.030495525592804145,0.9738283566264399
independent,Bank B,43,1.25,0.03613591507224083,0.9657510925091642
independent,Bank B,43,1.5,0.02753054425986604,0.958095850216369
independent,Bank B,43,1.75,0.03157886371254869,0.9510428785532982
independent,Bank B,43,2.0,0.027655179195602668,0.9440271195066577
independent,Bank B,43,2.25,0.0316950154878707,0.9370495099985788
independent,Bank B,43,2.5,0.03489300438100758,0.9292823459224041
independent,Bank B,43,2.75,0.043335103211863936,0.9202396302180976
independent,Bank B,43,3.0,0.053183281328449655,0.9092038311129509
independent,Bank B,43,3.25,0.02777255528417247,0.9000495578728843
independent,Bank B,43,3.5,0.033979812889232706,0.8931287791822337
independent,Bank B,43,3.75,0.03871950945192392,0.8850493133873681
independent,Bank B,43,4.0,0.051787620136974126,0.8750928312598814
independent,Bank B,43,4.25,0.04798010845792243,0.8642473456525002
independent,Bank B,43,4.5,0.04619077050949978,0.8541336220530589
independent,Bank B,43,4.75,0.04485896238725728,0.8444676518725479
independent,Bank B,43,5.0,0.05461640804210936,0.8340321991754763
independent,Bank B,44,0.0,0.025,1.0
independent,Bank B,44,0.25,0.016827066489972984,0.9947852608953738
independent,Bank B,44,0.5,0.02309479378458202,0.9898334168245569
independent,Bank B,44,0.75,0.014783978195257447,0.9851577854713407
independent,Bank B,44,1.0,0.023728691616467065,0.9804265508255116
independent,Bank B,44,1.25,0.02511896404247916,0.9744583478441223
independent,Bank B,44,1.5,0.020443066376901707,0.9689243339983521
independent,Bank B,44,1.75,0.025364990749046412,0.9633921202063316
independent,Bank B,44,2.0,0.029823203657005675,0.9567690073722878
independent,Bank B,44,2.25,0.035081953180020574,0.9490380058354572
independent,Bank B,44,2.5,0.044225262980442374,0.9396762904442751
independent,Bank B,44,2.75,0.04972386112356017,0.9287056138150057
independent,Bank B,44,3.0,0.055998761106768796,0.9165132054992225
independent,Bank B,44,3.25,0.04464059339606135,0.9050557612855664
independent,Bank B,44,3.5,0.0474098279846093,0.8947015990592553
independent,Bank B,44,3.75,0.0495631517853743,0.8839218301876469
independent,Bank B,44,4.0,0.03567394108153769,0.8745539585517329
independent,Bank B,44,4.25,0.03872316717414669,0.8664586230499981
independent,Bank B,44,4.5,0.041722021181654086,0.857789479636967
independent,Bank B,44,4.75,0.029411543400363296,0.8501960858207819
independent,Bank B,44,5.0,0.024094166582283794,0.8445287659206376
independent,Bank B,45,0.0,0.025,1.0
independent,Bank B,45,0.25,0.02378431403112121,0.9939205160513288
independent,Bank B,45,0.5,0.035813804988007306,0.9865435543328868
independent,Bank B,45,0.75,0.049368615024243515,0.9760947604736426
independent,Bank B,45,1.0,0.04860476490022443,0.964213747552886
independent,Bank B,45,1.25,0.04115861014234935,0.9534553323726366
independent,Bank B,45,1.5,0.03790687842824579,0.9440785683883801
independent,Bank B,45,1.75,0.041215937573516694,0.9347873216199826
independent,Bank B,45,2.0,0.017837530447637938,0.927912422850227
independent,Bank B,45,2.25,0.016154969588881442,0.9239780296276017
independent,Bank B,45,2.5,0.01803770956807423,0.9200372966010038
independent,Bank B,45,2.75,0.026047939076692728,0.914981185642227
independent,Bank B,45,3.0,0.01772525326446268,0.9099884015514655
independent,Bank B,45,3.25,0.027398532062406996,0.9048700848252496
independent,Bank B,45,3.5,0.02991165103558381,0.8984109645039009
independent,Bank B,45,3.75,0.030110128516490812,0.8916956594324321
independent,Bank B,45,4.0,0.0333388483650889,0.8846514833076145
independent,Bank B,45,4.25,0.033484325973668426,0.8772928564803377
independent,Bank B,45,4.5,0.028781247337983998,0.8704912172302863
independent,Bank B,45,4.75,0.02530329951960194,0.8646260501225167
independent,Bank B,45,5.0,0.029611538251030523,0.8587112739989023
independent,Bank B,46,0.0,0.025,1.0
independent,Bank B,46,0.25,0.0333768572072381,0.9927294520943303
independent,Bank B,46,0.5,0.05110547056186469,0.9823011003527138
independent,Bank B,46,0.75,0.03904324016748279,0.971294086365418
independent,Bank B,46,1.0,0.015496964565428657,0.9646947850878461
independent,Bank B,46,1.25,0.0241788257129535,0.959922251001966
independent,Bank B,46,1.5,0.015336735337583812,0.9551924586043256
independent,Bank B,46,1.75,0.015549581149269444,0.9515117712830631
independent,Bank B,46,2.0,0.024550832006590473,0.9467542031286332
independent,Bank B,46,2.25,0.029883270408173342,0.9403341055072922
independent,Bank B,46,2.5,0.026101705511495578,0.9337765049325069
independent,Bank B,46,2.75,0.021098131387243726,0.9282834629430743
independent,Bank B,46,3.0,0.03413099274436154,0.9218969979119467
independent,Bank B,46,3.25,0.030388664523246463,0.914491839400452
independent,Bank B,46,3.5,0.027777169585339146,0.9078669299684968
independent,Bank B,46,3.75,0.029119186236686183,0.9014330461360984
independent,Bank B,46,4.0,0.03172146273687898,0.894603576944516
independent,Bank B,46,4.25,0.03734611059925515,0.8869133092000706
independent,Bank B,46,4.5,0.02536877551108812,0.8799876576119935
independent,Bank B,46,4.75,0.03380443107813643,0.8735027091952107
independent,Bank B,46,5.0,0.03524373119081233,0.8659959317695488
independent,Bank B,47,0.0,0.025,1.0
independent,Bank B,47,0.25,0.019946988802961432,0.9943973799436797
independent,Bank B,47,0.5,0.008217956025820367,0.9909026419542963
independent,Bank B,47,0.75,0.01200826121699965,0.9884005297908066
independent,Bank B,47,1.0,0.02066447423996458,0.9843720431158783
independent,Bank B,47,1.25,0.024077809111904786,0.978882028054665
independent,Bank B,47,1.5,0.02704451172829622,0.9726466321301768
independent,Bank B,47,1.75,0.029736682405232726,0.9657675689424248
independent,Bank B,47,2.0,0.03303747726965102,0.9582190674034748
independent,Bank B,47,2.25,0.049737585095188774,0.9483556030719621
independent,Bank B,47,2.5,0.036212272476878686,0.9382212622492447
independent,Bank B,47,2.75,0.040692590362637004,0.9292452528606492
independent,Bank B,47,3.0,0.03412553484052645,0.920595216169808
independent,Bank B,47,3.25,0.04078593631414269,0.9120150581330762
independent,Bank B,47,3.5,0.0336153290952365,0.9035724932794317
independent,Bank B,47,3.75,0.03830092608385332,0.8954861999807734
independent,Bank B,47,4.0,0.04121164227637684,0.8866299832082606
independent,Bank B,47,4.25,0.04610973106892286,0.8770048900690939
independent,Bank B,47,4.5,0.05413130446228708,0.8660844653225551
independent,Bank B,47,4.75,0.05330067957868485,0.854531564326077
independent,Bank B,47,5.0,0.056673744627785745,0.8428648608942685
independent,Bank B,48,0.0,0.025,1.0
independent,Bank B,48,0.25,0.030941704182490964,0.9930316791060634
independent,Bank B,48,0.5,0.027984488348852875,0.9857441043801254
independent,Bank B,48,0.75,0.01981389820179419,0.9798720418257189
independent,Bank B,48,1.0,0.017686045106949332,0.975289646935807
independent,Bank B,48,1.25,0.009525796261470614,0.9719778542324656
independent,Bank B,48,1.5,0.020968390591441274,0.968279947213638
independent,Bank B,48,1.75,0.024348094608544184,0.9628105721545971
independent,Bank B,48,2.0,0.030701439340630587,0.9562080307245264
independent,Bank B,48,2.25,0.03402727463733986,0.9485024813900848
independent,Bank B,48,2.5,0.03799530881959794,0.9400016048593836
independent,Bank B,48,2.75,0.0219935411096666,0.9329792647451457
independent,Bank B,48,3.0,0.030683511736061684,0.9268561214361082
independent,Bank B,48,3.25,0.026357810317500882,0.9202709885624836
independent,Bank B,48,3.5,0.026529317379942144,0.9142072428663336
independent,Bank B,48,3.75,0.023398665829719213,0.9085194446124776
independent,Bank B,48,4.0,0.025668059101711077,0.9029642388013096
independent,Bank B,48,4.25,0.024890771586397246,0.8972756313107049
independent,Bank B,48,4.5,0.018931182137355083,0.8923740220488394
independent,Bank B,48,4.75,0.025550562807929108,0.8874259966412945
independent,Bank B,48,5.0,0.02585510905232106,0.8817419370574705
independent,Bank B,49,0.0,0.025,1.0
independent,Bank B,49,0.25,0.022992825892451517,0.9940188554533074
independent,Bank B,49,0.5,0.03327003118916145,0.9870525879485066
independent,Bank B,49,0.75,0.023159333456218248,0.9801147415544181
independent,Bank B,49,1.0,0.030676715419149406,0.9735411965763222
independent,Bank B,49,1.25,0.03393893038689765,0.9657096176682468
independent,Bank B,49,1.5,0.024694712273235154,0.9586576079701651
independent,Bank B,49,1.75,0.029890759083483532,0.9521387756816824
independent,Bank B,49,2.0,0.020420831588341105,0.9461696131911045
independent,Bank B,49,2.25,0.03132469242399603,0.9400693579609473
independent,Bank B,49,2.5,0.026767908669441967,0.9332676989512654
independent,Bank B,49,2.75,0.026848871692357244,0.9270337613607057
independent,Bank B,49,3.0,0.02350700091203593,0.9212168884249756
independent,Bank B,49,3.25,0.019412941603333223,0.9162878005215273
independent,Bank B,49,3.5,0.020982596567065987,0.9116727197666595
independent,Bank B,49,3.75,0.01318280809437364,0.9077875633692426
independent,Bank B,49,4.0,0.017883631976825215,0.9042691832703712
independent,Bank B,49,4.25,0.01772023239446343,0.9002536906695418
independent,Bank B,49,4.5,0.013311499126051332,0.8967684008471001
independent,Bank B,49,4.75,0.012101540987064946,0.8939242192772217
independent,Bank B,49,5.0,0.0162660394224728,0.8907600242312425
independent,Fund C,0,0.0,0.02,1.0
independent,Fund C,0,0.25,0.027597355944446435,0.994067994741002
independent,Fund C,0,0.5,0.028616351826796418,0.9871074472966664
independent,Fund C,0,0.75,0.024803801876688895,0.9805379766459917
independent,Fund C,0,1.0,0.029326198556450928,0.9739258065332026
independent,Fund C,0,1.25,0.03429717760182489,0.9662109689545347
independent,Fund C,0,1.5,0.03827323700027615,0.9574858117272148
independent,Fund C,0,1.75,0.02845074630961585,0.9495331141425503
independent,Fund C,0,2.0,0.032547241334416346,0.9423206943824649
independent,Fund C,0,2.25,0.024021309961416746,0.9356809824112068
independent,Fund C,0,2.5,0.026349041877222715,0.9298081677598521
independent,Fund C,0,2.75,0.017243314951206408,0.9247553805148258
independent,Fund C,0,3.0,0.016714019428450834,0.9208384210303705
independent,Fund C,0,3.25,0.017106710450350116,0.9169537098641464
independent,Fund C,0,3.5,0.023605075782525575,0.9122992102934842
independent,Fund C,0,3.75,0.023071565248829758,0.906991825686161
independent,Fund C,0,4.0,0.014428104488889839,0.902750287729788
independent,Fund C,0,4.25,0.020206777704953813,0.8988504045875234
independent,Fund C,0,4.5,0.023469806324868475,0.8939564368275559
independent,Fund C,0,4.75,0.02666060399502381,0.8883721511355385
independent,Fund C,0,5.0,0.033230193672846436,0.8817463191342015
independent,Fund C,1,0.0,0.02,1.0
independent,Fund C,1,0.25,0.023395223960563604,0.9945902825134851
independent,Fund C,1,0.5,0.01906560937149526,0.9893253753672558
independent,Fund C,1,0.75,0.024631891336820186,0.9839362262515908
independent,Fund C,1,1.0,0.018496085584407806,0.9786461012309057
independent,Fund C,1,1.25,0.01156157641436292,0.9749760234547559
independent,Fund C,1,1.5,0.01082469896005693,0.9722515769026548
independent,Fund C,1,1.75,0.016522499827101526,0.9689337063944925
independent,Fund C,1,2.0,0.017062135401129275,0.9648745720040033
independent,Fund C,1,2.25,0.022119385477184183,0.9601604688868591
independent,Fund C,1,2.5,0.023062375173852404,0.9547530355336336
independent,Fund C,1,2.75,0.012532527937542339,0.9505144293503469
independent,Fund C,1,3.0,0.016465130598791827,0.9470753293741354
independent,Fund C,1,3.25,0.02051429340150575,0.9427076442853832
independent,Fund C,1,3.5,0.021905504492288022,0.9377221901208351
independent,Fund C,1,3.75,0.022634626013000023,0.932515912994883
independent,Fund C,1,4.0,0.02765771690975806,0.9266719999862829
independent,Fund C,1,4.25,0.03243841556607438,0.9197369054621123
independent,Fund C,1,4.5,0.02632445200141098,0.9130058594524066
independent,Fund C,1,4.75,0.02062126595912774,0.9076638344104925
independent,Fund C,1,5.0,0.021442040899131227,0.902903941130709
independent,Fund C,2,0.0,0.02,1.0
independent,Fund C,2,0.25,0.023237492594154495,0.9946098924673383
independent,Fund C,2,0.5,0.022267084100237006,0.9889685391230832
independent,Fund C,2,0.75,0.02977917258021208,0.9825554091513468
independent,Fund C,2,1.0,0.029503579608312125,0.975301246662883
independent,Fund C,2,1.25,0.028062686644997274,0.968308380007828
independent,Fund C,2,1.5,0.03271168665079752,0.9609802086956731
independent,Fund C,2,1.75,0.031962070033768275,0.9532427514626692
independent,Fund C,2,2.0,0.027472159880827202,0.9461870870571981
independent,Fund C,2,2.25,0.028711306952385628,0.9395653574034258
independent,Fund C,2,2.5,0.029106590086424203,0.9327993748970531
independent,Fund C,2,2.75,0.02807238218791689,0.9261560805252408
independent,Fund C,2,3.0,0.023280629802231292,0.9202300079402567
independent,Fund C,2,3.25,0.021975188260960305,0.9150389843079434
independent,Fund C,2,3.5,0.017033564386537182,0.9105880285910777
independent,Fund C,2,3.75,0.01572965942566517,0.9068664295938572
independent,Fund C,2,4.0,0.0167865089089646,0.903187932636951
independent,Fund C,2,4.25,0.014662594522997112,0.8996443460253201
independent,Fund C,2,4.5,0.017120616962828128,0.8960772382869971
independent,Fund C,2,4.75,0.011023159106504206,0.8929304021313257
independent,Fund C,2,5.0,0.009837581063134102,0.8906050366132562
independent,Fund C,3,0.0,0.02,1.0
independent,Fund C,3,0.25,0.02575839404226924,0.994296527652766
independent,Fund C,3,0.5,0.024335333605811908,0.9880899773275763
independent,Fund C,3,0.75,0.021332021739380074,0.982465613700369
independent,Fund C,3,1.0,0.023564899905241438,0.9769673463766267
independent,Fund C,3,1.25,0.021537342886972934,0.971474916174982
independent,Fund C,3,1.5,0.024999502147225718,0.9658401488791123
independent,Fund C,3,1.75,0.016108788236797837,0.960889873692873
independent,Fund C,3,2.0,0.013935053738140147,0.9572880382968915
independent,Fund C,3,2.25,0.018572506490060904,0.953406043454618
independent,Fund C,3,2.5,0.017327135028264506,0.9491372617038102
independent,Fund C,3,2.75,0.017897531194622503,0.9449673183392947
independent,Fund C,3,3.0,0.014759870051811275,0.9411176590669843
independent,Fund C,3,3.25,0.011925576233772618,0.9379836209558832
independent,Fund C,3,3.5,0.010661228489321198,0.9353390993084528
independent,Fund C,3,3.75,0.015314452074850635,0.9323070157915301
independent,Fund C,3,4.0,0.022724994457738405,0.9278844831824823
independent,Fund C,3,4.25,0.01889809274799343,0.9230693432613982
independent,Fund C,3,4.5,0.013435203305453575,0.9193461380040443
independent,Fund C,3,4.75,0.015063423306234029,0.9160769516296369
independent,Fund C,3,5.0,0.01166008504224042,0.9130219582211819
independent,Fund C,4,0.0,0.02,1.0
independent,Fund C,4,0.25,0.02424323046949985,0.9944848607218196
independent,Fund C,4,0.5,0.024187172168881256,0.9884826344148387
independent,Fund C,4,0.75,0.03232035389652477,0.9815251467142673
independent,Fund C,4,1.0,0.01273758389158608,0.9760124981981193
independent,Fund C,4,1.25,0.014315402718730278,0.9727175658174596
independent,Fund C,4,1.5,0.010102579009865019,0.9697531172659215
independent,Fund C,4,1.75,0.020973493792309318,0.9659934094940589
independent,Fund C,4,2.0,0.015502352683329463,0.9615990067916906
independent,Fund C,4,2.25,0.018263169426716318,0.9575489482597809
independent,Fund C,4,2.5,0.02929180316584114,0.9518738057999054
independent,Fund C,4,2.75,0.03661478106438608,0.9440641752047794
independent,Fund C,4,3.0,0.027291606314602805,0.9365527505380598
independent,Fund C,4,3.25,0.0318239379485253,0.9296576541764293
independent,Fund C,4,3.5,0.03344624288874029,0.9221036463947195
independent,Fund C,4,3.75,0.01865539289241108,0.9161177711286318
independent,Fund C,4,4.0,0.02369227270129215,0.9112811525146169
independent,Fund C,4,4.25,0.030762374271070092,0.9050992791848178
independent,Fund C,4,4.5,0.032464922857034784,0.8979741002545657
independent,Fund C,4,4.75,0.027246887872403463,0.8912965941897342
independent,Fund C,4,5.0,0.02983662298846084,0.8849594379211744
independent,Fund C,5,0.0,0.02,1.0
independent,Fund C,5,0.25,0.021774836240883538,0.994791755651821
independent,Fund C,5,0.5,0.028295116299879332,0.9885850519981513
independent,Fund C,5,0.75,0.01992603995245595,0.9826441355690742
independent,Fund C,5,1.0,0.01914722915091626,0.9778564471587082
independent,Fund C,5,1.25,0.022603452653752316,0.9727664689182328
independent,Fund C,5,1.5,0.013094892373181156,0.9684353702910502
independent,Fund C,5,1.75,0.018263718533851135,0.9646467021071542
independent,Fund C,5,2.0,0.023660349622064474,0.9596046857503406
independent,Fund C,5,2.25,0.024183828770043946,0.9538828752906496
independent,Fund C,5,2.5,0.02668975941312304,0.9478361911285941
independent,Fund C,5,2.75,0.01730833328259647,0.9426376265902396
independent,Fund C,5,3.0,0.02310434269610384,0.9378878200942391
independent,Fund C,5,3.25,0.025665358665517463,0.93218764886352
independent,Fund C,5,3.5,0.030975223900531926,0.9256110014706993
independent,Fund C,5,3.75,0.02655193711195987,0.9189789037688754
independent,Fund C,5,4.0,0.031134242416971335,0.9123761899581185
independent,Fund C,5,4.25,0.023062067821752526,0.9062161513469151
independent,Fund C,5,4.5,0.0231867443293543,0.9009923380242952
independent,Fund C,5,4.75,0.02377131198793306,0.8957192229975256
independent,Fund C,5,5.0,0.02415803744956796,0.8903688615058645
independent,Fund C,6,0.0,0.02,1.0
independent,Fund C,6,0.25,0.024463605759629987,0.9944574661129258
independent,Fund C,6,0.5,0.02466091108698612,0.9883696462493063
independent,Fund C,6,0.75,0.022931155395087503,0.9825072819266191
independent,Fund C,6,1.0,0.02097404234872458,0.977129904288304
independent,Fund C,6,1.25,0.0249988336205009,0.9715308235749821
independent,Fund C,6,1.5,0.02502508310495359,0.9654748052902412
independent,Fund C,6,1.75,0.03304691020101143,0.9584917999643847
independent,Fund C,6,2.0,0.03888304996349922,0.9499123929144678
independent,Fund C,6,2.25,0.022838224629565747,0.9426118660359912
independent,Fund C,6,2.5,0.019006289618756986,0.9376943459924141
independent,Fund C,6,2.75,0.018792257181197616,0.9332743605764925
independent,Fund C,6,3.0,0.018327626739886506,0.9289540120136541
independent,Fund C,6,3.25,0.024092252898964106,0.92404128368588
independent,Fund C,6,3.5,0.022526927932627047,0.9186721868482949
independent,Fund C,6,3.75,0.015500426544032213,0.9143157150077068
independent,Fund C,6,4.0,0.025308935428670035,0.9096635108173965
independent,Fund C,6,4.25,0.033757741186817944,0.9029718943847567
independent,Fund C,6,4.5,0.021246468087044997,0.8967847817049258
independent,Fund C,6,4.75,0.02439280769536453,0.8916832713721603
independent,Fund C,6,5.0,0.01691831743274,0.8870905847437437
independent,Fund C,7,0.0,0.02,1.0
independent,Fund C,7,0.25,0.026375105007215245,0.9942198814107136
independent,Fund C,7,0.5,0.015831861862213498,0.9889883183717108
independent,Fund C,7,0.75,0.01907253876063402,0.9846827124296089
independent,Fund C,7,1.0,0.011862649504871344,0.9808823967463083
independent,Fund C,7,1.25,0.01535175629648769,0.9775512993748338
independent,Fund C,7,1.5,0.024608018197839813,0.9726806327379741
independent,Fund C,7,1.75,0.035569136933777744,0.9653914381290565
independent,Fund C,7,2.0,0.034856681006545896,0.9569301757721794
independent,Fund C,7,2.25,0.021668882948298128,0.9501926292971445
independent,Fund C,7,2.5,0.015311741262968259,0.9458104260695974
independent,Fund C,7,2.75,0.01919793142122054,0.9417392622626747
independent,Fund C,7,3.0,0.03133940666756216,0.9358088891278655
independent,Fund C,7,3.25,0.04575976677414849,0.926833447063623
independent,Fund C,7,3.5,0.04939874747260235,0.9158742434023753
independent,Fund C,7,3.75,0.03345874156952623,0.9064373177484144
independent,Fund C,7,4.0,0.028616831946451843,0.8994310831092338
independent,Fund C,7,4.25,0.04055963945738445,0.8916871787846521
independent,Fund C,7,4.5,0.02598310777931366,0.8843010254840387
independent,Fund C,7,4.75,0.022568407602709274,0.8789505085330471
independent,Fund C,7,5.0,0.033225785089097216,0.8728417934655811
independent,Fund C,8,0.0,0.02,1.0
independent,Fund C,8,0.25,0.02080391486739325,0.9949124960507293
independent,Fund C,8,0.5,0.02225874703586462,0.9895714364073638
independent,Fund C,8,0.75,0.018576126785619373,0.9845331777945021
independent,Fund C,8,1.0,0.02336860032379353,0.9793846896503712
independent,Fund C,8,1.25,0.024852855145529765,0.9734990265233872
independent,Fund C,8,1.5,0.029324023812236154,0.9669286569007387
independent,Fund C,8,1.75,0.024767543642301323,0.9604128739478168
independent,Fund C,8,2.0,0.03339710528050203,0.9534554371959466
independent,Fund C,8,2.25,0.02849065670971211,0.9461079907562309
independent,Fund C,8,2.5,0.0346154969117251,0.9386741946698636
independent,Fund C,8,2.75,0.027169276649880628,0.9314526453557687
independent,Fund C,8,3.0,0.041599055489147926,0.9234801547667011
independent,Fund C,8,3.25,0.03120454184228788,0.9151141948366487
independent,Fund C,8,3.5,0.04064274756161711,0.9069324303801279
independent,Fund C,8,3.75,0.0334119936430656,0.8985758370843561
independent,Fund C,8,4.0,0.02541076537625166,0.8919929793676238
independent,Fund C,8,4.25,0.023125263162619352,0.8865976381066194
independent,Fund C,8,4.5,0.021405442828866326,0.8816762455371381
independent,Fund C,8,4.75,0.027234255375051745,0.8763319502450247
independent,Fund C,8,5.0,0.02047401687918184,0.8711214667265089
independent,Fund C,9,0.0,0.02,1.0
independent,Fund C,9,0.25,0.02246020486191695,0.9947065344206472
independent,Fund C,9,0.5,0.023407059107500412,0.989019793802271
independent,Fund C,9,0.75,0.033675124292676384,0.9819879844184659
independent,Fund C,9,1.0,0.03287247906493013,0.9738532471695511
independent,Fund C,9,1.25,0.030250921018239417,0.9661993670452876
independent,Fund C,9,1.5,0.02188042375778191,0.95992367771971
independent,Fund C,9,1.75,0.02322046499472911,0.95452722718224
independent,Fund C,9,2.0,0.02265469563764985,0.9490692549886444
independent,Fund C,9,2.25,0.01469721272770448,0.9446483900230326
independent,Fund C,9,2.5,0.0187167715295259,0.9407110600604784
independent,Fund C,9,2.75,0.018655178338001146,0.9363267827734806
independent,Fund C,9,3.0,0.024256440227841822,0.9313178164920349
independent,Fund C,9,3.25,0.02187317707955379,0.9259631027014686
independent,Fund C,9,3.5,0.021233740357521583,0.9209870941382645
independent,Fund C,9,3.75,0.02940617933638432,0.9151756676179618
independent,Fund C,9,4.0,0.023895008311770816,0.9090984415606277
independent,Fund C,9,4.25,0.02224888784998774,0.9038698672201414
independent,Fund C,9,4.5,0.02503676121486217,0.8985431159911506
independent,Fund C,9,4.75,0.02924855707149156,0.8924665437181185
independent,Fund C,9,5.0,0.03756690775847201,0.8850437632783144
independent,Fund C,10,0.0,0.02,1.0
independent,Fund C,10,0.25,0.029239332604467486,0.9938639861220754
independent,Fund C,10,0.5,0.027403548149240026,0.986851924470149
independent,Fund C,10,0.75,0.015022148340454792,0.9816322920834809
independent,Fund C,10,1.0,0.016650776123837398,0.9777535796055167
independent,Fund C,10,1.25,0.019038335872952283,0.9734014000365463
independent,Fund C,10,1.5,0.016324276434952222,0.9691081437832346
independent,Fund C,10,1.75,0.014262105782742254,0.9654100287734765
independent,Fund C,10,2.0,0.013129719198309438,0.9621101385554331
independent,Fund C,10,2.25,0.01013655052795556,0.959316114183821
independent,Fund C,10,2.5,0.015413697388213061,0.9562571560367629
independent,Fund C,10,2.75,0.019464619818049003,0.9520971509473196
independent,Fund C,10,3.0,0.029912308022218406,0.946238794732255
independent,Fund C,10,3.25,0.035316593380067714,0.9385548984284626
independent,Fund C,10,3.5,0.035360481478013774,0.9302996289145743
independent,Fund C,10,3.75,0.018484188474001125,0.9240591937987427
independent,Fund C,10,4.0,0.012674900473128806,0.9204670884339646
independent,Fund C,10,4.25,0.012461428067026891,0.9175794819055934
independent,Fund C,10,4.5,0.013310218078708526,0.9146282962999857
independent,Fund C,10,4.75,0.018516317520851974,0.9109968433708707
independent,Fund C,10,5.0,0.0198693115056931,0.9066361650890327
independent,Fund C,11,0.0,0.02,1.0
independent,Fund C,11,0.25,0.027456793675380568,0.9940854609510631
independent,Fund C,11,0.5,0.016593318625756213,0.9886268061162047
independent,Fund C,11,0.75,0.0177030624127694,0.9843975878177329
independent,Fund C,11,1.0,0.017213845113474444,0.9801104355618496
independent,Fund C,11,1.25,0.020410126378595204,0.9755118018311539
independent,Fund C,11,1.5,0.022035465471056736,0.970349736150864
independent,Fund C,11,1.75,0.019815700051662978,0.9652867076227175
independent,Fund C,11,2.0,0.01703916318030428,0.9608499964198622
independent,Fund C,11,2.25,0.012415059942012927,0.9573188645576183
independent,Fund C,11,2.5,0.019036094106220373,0.9535626550804426
independent,Fund C,11,2.75,0.014973961849446708,0.949517419933007
independent,Fund C,11,3.0,0.014200457361731573,0.9460610237533693
independent,Fund C,11,3.25,0.022805134387895096,0.9416949361400764
independent,Fund C,11,3.5,0.01878060248160326,0.9368125023814199
independent,Fund C,11,3.75,0.012986875589952344,0.9330998572673795
independent,Fund C,11,4.0,0.011435395940810925,0.9302556485936053
independent,Fund C,11,4.25,0.011334425036092785,0.9276116937045622
independent,Fund C,11,4.5,0.008234275247591934,0.9253454471515444
independent,Fund C,11,4.75,0.01091525111291292,0.9231331051601226
independent,Fund C,11,5.0,0.017046742380032627,0.9199121572121491
independent,Fund C,12,0.0,0.02,1.0
independent,Fund C,12,0.25,0.016317586045487022,0.9954705905991201
independent,Fund C,12,0.5,0.016780388198736992,0.9913605910068496
independent,Fund C,12,0.75,0.013231345555145008,0.9876485019856438
independent,Fund C,12,1.0,0.016865548841195545,0.9839398384800988
independent,Fund C,12,1.25,0.017020793147485492,0.9797808876923171
independent,Fund C,12,1.5,0.025557436730383628,0.9745800730783646
independent,Fund C,12,1.75,0.022841437789049828,0.9687018000366782
independent,Fund C,12,2.0,0.028102157960040244,0.9625527551065987
independent,Fund C,12,2.25,0.035158846855831476,0.9549712636014117
independent,Fund C,12,2.5,0.02807639989643288,0.947452537841662
independent,Fund C,12,2.75,0.02575798366794798,0.9410982513474359
independent,Fund C,12,3.0,0.02786572658037925,0.9348111983381702
independent,Fund C,12,3.25,0.01051026761333013,0.9303376480853506
independent,Fund C,12,3.5,0.010852397441255754,0.9278566506589658
independent,Fund C,12,3.75,0.016210547459457998,0.9247231371022173
independent,Fund C,12,4.0,0.011856675358730327,0.921484520318606
independent,Fund C,12,4.25,0.008977497403512495,0.9190878465061821
independent,Fund C,12,4.5,0.014976439805311785,0.9163399908611937
independent,Fund C,12,4.75,0.021461381507790943,0.9121758023264486
independent,Fund C,12,5.0,0.023601588784055726,0.907052077629813
independent,Fund C,13,0.0,0.02,1.0
independent,Fund C,13,0.25,0.02006317456372112,0.9950046217887979
independent,Fund C,13,0.5,0.015618976194592984,0.9905765162853789
independent,Fund C,13,0.75,0.024951641166691452,0.9855656951799964
independent,Fund C,13,1.0,0.028297758639258565,0.9790273816819306
independent,Fund C,13,1.25,0.0279118321076609,0.9721726501784546
independent,Fund C,13,1.5,0.01740485122016038,0.9666812630618736
independent,Fund C,13,1.75,0.021190601769644456,0.9620288071578675
independent,Fund C,13,2.0,0.0293830853835722,0.955966321996512
independent,Fund C,13,2.25,0.030080224047882024,0.948887049249827
independent,Fund C,13,2.5,0.032000194903810064,0.9415521325323936
independent,Fund C,13,2.75,0.03805621525800465,0.9333429089908766
independent,Fund C,13,3.0,0.04009485077194002,0.924269581372688
independent,Fund C,13,3.25,0.03518488857364806,0.9156130275473107
independent,Fund C,13,3.5,0.03462743599487742,0.9076576552396899
independent,Fund C,13,3.75,0.04098398755733033,0.8991194071911321
independent,Fund C,13,4.0,0.047196885295705884,0.8892631858553298
independent,Fund C,13,4.25,0.044198944726980174,0.8791616298587099
independent,Fund C,13,4.5,0.0386264893746152,0.8701064676465383
independent,Fund C,13,4.75,0.048187937585942656,0.8607152911090569
independent,Fund C,13,5.0,0.03201042366663573,0.8521299019116039
independent,Fund C,14,0.0,0.02,1.0
independent,Fund C,14,0.25,0.01995032882225516,0.9950186571420755
independent,Fund C,14,0.5,0.017470701597149606,0.99037519786855
independent,Fund C,14,0.75,0.015008639147140236,0.9863625072873
independent,Fund C,14,1.0,0.02132281736590115,0.9818931652579803
independent,Fund C,14,1.25,0.025085047310534243,0.9762137087578211
independent,Fund C,14,1.5,0.020402893304045017,0.9706787157334781
independent,Fund C,14,1.75,0.0326756717188603,0.9642597544430158
independent,Fund C,14,2.0,0.03201596879512301,0.956493753296776
independent,Fund C,14,2.25,0.0240572517435326,0.9498129832695853
independent,Fund C,14,2.5,0.024138860811518805,0.9441080236483541
independent,Fund C,14,2.75,0.0230564898814952,0.9385547316934063
independent,Fund C,14,3.0,0.024856172153701932,0.9329504487446519
independent,Fund C,14,3.25,0.02743826544372501,0.9268718229065686
independent,Fund C,14,3.5,0.0408830021512073,0.9189898950383208
independent,Fund C,14,3.75,0.03989434099753805,0.9097573892957347
independent,Fund C,14,4.0,0.04145790506148959,0.9005529180167752
independent,Fund C,14,4.25,0.04505779139719949,0.8908663943308456
independent,Fund C,14,4.5,0.051447854189806824,0.8801842497592176
independent,Fund C,14,4.75,0.04843518435308316,0.8692631340990103
independent,Fund C,14,5.0,0.03850279849793818,0.8598677794556261
independent,Fund C,15,0.0,0.02,1.0
independent,Fund C,15,0.25,0.02425964100760429,0.9944828207199494
independent,Fund C,15,0.5,0.022659393290792088,0.9886673691532589
independent,Fund C,15,0.75,0.01658727858176341,0.9838290089744367
independent,Fund C,15,1.0,0.02219215279845424,0.9790715079214192
independent,Fund C,15,1.25,0.020925571728691854,0.9738087860019196
independent,Fund C,15,1.5,0.030287475041843603,0.9675947328974835
independent,Fund C,15,1.75,0.03541498512406967,0.9596806066798468
independent,Fund C,15,2.0,0.0325005475987501,0.9515679389571211
independent,Fund C,15,2.25,0.02939463648028364,0.9442341617899622
independent,Fund C,15,2.5,0.02860187413575446,0.937413628782847
independent,Fund C,15,2.75,0.011986154157770997,0.9326697017630239
independent,Fund C,15,3.0,0.011827083225710537,0.9298975939875962
independent,Fund C,15,3.25,0.013609292506756923,0.9269456363443136
independent,Fund C,15,3.5,0.012990683854336662,0.9238686631406876
independent,Fund C,15,3.75,0.016854787182150773,0.9204284224276676
independent,Fund C,15,4.0,0.011816072856816684,0.9171356420704326
independent,Fund C,15,4.25,0.010732985048590275,0.9145542137405217
independent,Fund C,15,4.5,0.011057701537314099,0.9120665078002033
independent,Fund C,15,4.75,0.004957929414858732,0.9102424192059351
independent,Fund C,15,5.0,0.0070900574490643355,0.9088726273282912
independent,Fund C,16,0.0,0.02,1.0
independent,Fund C,16,0.25,0.02110299558709877,0.9948753018528175
independent,Fund C,16,0.5,0.02733438324956489,0.9888698567139135
independent,Fund C,16,0.75,0.019616329332504217,0.9830833353511766
independent,Fund C,16,1.0,0.020998137587031448,0.978105057225347
independent,Fund C,16,1.25,0.01719872902291527,0.9734461198265941
independent,Fund C,16,1.5,0.014082645360151986,0.9696472102968087
independent,Fund C,16,1.75,0.016104149104462038,0.9659952869909525
independent,Fund C,16,2.0,0.018947739430884077,0.9617720508816457
independent,Fund C,16,2.25,0.02311916051770766,0.9567279782057457
independent,Fund C,16,2.5,0.016535767423237847,0.9519973400821932
independent,Fund C,16,2.75,0.021564400908202306,0.947474212014279
independent,Fund C,16,3.0,0.026625412795532117,0.9417840415153164
independent,Fund C,16,3.25,0.02913149711012445,0.935242991295769
independent,Fund C,16,3.5,0.021953119887265317,0.9292899520683087
independent,Fund C,16,3.75,0.026038503751487422,0.9237318733591964
independent,Fund C,16,4.0,0.029474814203521885,0.9173441341296065
independent,Fund C,16,4.25,0.03948222871353755,0.9094709475022977
independent,Fund C,16,4.5,0.03770363608981284,0.9007383545905502
independent,Fund C,16,4.75,0.042099137726927145,0.891797843678484
independent,Fund C,16,5.0,0.03869750320523533,0.8828363895438743
independent,Fund C,17,0.0,0.02,1.0
independent,Fund C,17,0.25,0.02001791661214394,0.9950102507885942
independent,Fund C,17,0.5,0.021055205895777744,0.9899148200685235
independent,Fund C,17,0.75,0.013853401711285166,0.9856046622558051
independent,Fund C,17,1.0,0.015767019405568624,0.9819621565577316
independent,Fund C,17,1.25,0.015704681926065594,0.9781067425934796
independent,Fund C,17,1.5,0.014100632429474609,0.974469425145654
independent,Fund C,17,1.75,0.022825999323629196,0.9699818059525834
independent,Fund C,17,2.0,0.02233637989606924,0.9645213974994782
independent,Fund C,17,2.25,0.023238591479117974,0.9590422648897078
independent,Fund C,17,2.5,0.0288068472227344,0.9528232942137781
independent,Fund C,17,2.75,0.01814878585509349,0.9472471221414822
independent,Fund C,17,3.0,0.021994540747470447,0.9425058214892063
independent,Fund C,17,3.25,0.030647298138088253,0.9363242768358822
independent,Fund C,17,3.5,0.030829596350920106,0.9291565640572355
independent,Fund C,17,3.75,0.023803548335466718,0.9228328383228345
independent,Fund C,17,4.0,0.013175973620564533,0.9185769425619001
independent,Fund C,17,4.25,0.013938803276254668,0.9154688366546828
independent,Fund C,17,4.5,0.022421311387663,0.9113174588527897
independent,Fund C,17,4.75,0.027076850395863224,0.9056962992253456
independent,Fund C,17,5.0,0.025908597482655667,0.8997175298098895
independent,Fund C,18,0.0,0.02,1.0
independent,Fund C,18,0.25,0.026689932158918708,0.9941807562538936
independent,Fund C,18,0.5,0.025111432407408804,0.9877640632894948
independent,Fund C,18,0.75,0.017574975772254982,0.9825075870177027
independent,Fund C,18,1.0,0.016670187974784045,0.9783108092350369
independent,Fund C,18,1.25,0.018701190522813587,0.9739948324040235
independent,Fund C,18,1.5,0.016898556510986363,0.9696702155388632
independent,Fund C,18,1.75,0.024593893407234533,0.964653986154702
independent,Fund C,18,2.0,0.021166654690441836,0.959151850561706
independent,Fund C,18,2.25,0.023875525851456813,0.9537667382598779
independent,Fund C,18,2.5,0.02471641419306786,0.9479911245137517
independent,Fund C,18,2.75,0.019944937683764638,0.942713549050496
independent,Fund C,18,3.0,0.019576340651274973,0.9380678781068161
independent,Fund C,18,3.25,0.01406339387190315,0.9341316155355291
independent,Fund C,18,3.5,0.015085574511402407,0.9307341871491116
independent,Fund C,18,3.75,0.014876828430781017,0.9272548277458694
independent,Fund C,18,4.0,0.01412423885210507,0.9238994907365756
independent,Fund C,18,4.25,0.01612516634222897,0.9204126607923989
independent,Fund C,18,4.5,0.011800795971581159,0.9172053358666328
independent,Fund C,18,4.75,0.009059836009296097,0.9148167660420029
independent,Fund C,18,5.0,0.013020153848871861,0.9122953540749736
independent,Fund C,19,0.0,0.02,1.0
independent,Fund C,19,0.25,0.014433361799496395,0.9957050794402558
independent,Fund C,19,0.5,0.01927198613589884,0.9915188310496507
independent,Fund C,19,0.75,0.01773103085831442,0.9869432725295775
independent,Fund C,19,1.0,0.018673440479484025,0.9824623321440399
independent,Fund C,19,1.25,0.02071761665358947,0.9776366935993356
independent,Fund C,19,1.5,0.01803864904759968,0.9729119539868799
independent,Fund C,19,1.75,0.021469053702416602,0.9681191088365397
independent,Fund C,19,2.0,0.015821857146750037,0.9636168548882734
independent,Fund C,19,2.25,0.017800811934049917,0.9595754322216667
independent,Fund C,19,2.5,0.016144925122636364,0.9555123716285392
independent,Fund C,19,2.75,0.017792829059098268,0.9514674643881768
independent,Fund C,19,3.0,0.020937356147876382,0.9468722827388011
independent,Fund C,19,3.25,0.01608055964737315,0.9425009992222972
independent,Fund C,19,3.5,0.011766288863997307,0.9392259921248225
independent,Fund C,19,3.75,0.011790881424502332,0.9364643717883595
independent,Fund C,19,4.0,0.013261572654820145,0.9335363674531755
independent,Fund C,19,4.25,0.017630125548852696,0.9299385029670911
independent,Fund C,19,4.5,0.02722557557171927,0.9247389629586114
independent,Fund C,19,4.75,0.015224912550239058,0.9198450063244661
independent,Fund C,19,5.0,0.017536173268145785,0.9160858186209313
independent,Fund C,20,0.0,0.02,1.0
independent,Fund C,20,0.25,0.017042694822004715,0.9953803666303178
independent,Fund C,20,0.5,0.015057338137696052,0.9913944010079233
independent,Fund C,20,0.75,0.014447339979940757,0.98774478859854
independent,Fund C,20,1.0,0.019410796220674247,0.9835732227177079
independent,Fund C,20,1.25,0.015578222135199136,0.9792808335222642
independent,Fund C,20,1.5,0.016747256576357145,0.9753318519730805
independent,Fund C,20,1.75,0.015786494417192105,0.9713735057180982
independent,Fund C,20,2.0,0.014188180340972615,0.9677407400408383
independent,Fund C,20,2.25,0.021135575670547725,0.9634771301646485
independent,Fund C,20,2.5,0.02392739330081812,0.9580652441996539
independent,Fund C,20,2.75,0.018333708558832526,0.9530174770916713
independent,Fund C,20,3.0,0.023820068024755902,0.9480090232813384
independent,Fund C,20,3.25,0.021520858570801268,0.9426512695260041
independent,Fund C,20,3.5,0.017245075272635326,0.9380944743748163
independent,Fund C,20,3.75,0.02183205108075815,0.9335233929705676
independent,Fund C,20,4.0,0.020565427241901937,0.9285890998913917
independent,Fund C,20,4.25,0.011616984214849628,0.9248610739121769
independent,Fund C,20,4.5,0.003950709337510386,0.9230630796713719
independent,Fund C,20,4.75,0.0059701786395901565,0.921919088479858
independent,Fund C,20,5.0,0.011237334169313289,0.9199382277834579
independent,Fund C,21,0.0,0.02,1.0
independent,Fund C,21,0.25,0.030560331070372287,0.9936998880706547
independent,Fund C,21,0.5,0.020469675055400587,0.987381497292519
independent,Fund C,21,0.75,0.02142297542063984,0.9822245080795903
independent,Fund C,21,1.0,0.028381574508239683,0.9761285968312116
independent,Fund C,21,1.25,0.030655608267149668,0.9689516258634403
independent,Fund C,21,1.5,0.03607749292776595,0.9609026002013142
independent,Fund C,21,1.75,0.02598840654200421,0.9534765335205553
independent,Fund C,21,2.0,0.02483585860543676,0.9474382664661885
independent,Fund C,21,2.25,0.017140930664659396,0.94247998408334
independent,Fund C,21,2.5,0.017841012391183565,0.938367758845794
independent,Fund C,21,2.75,0.015626321821965546,0.9344503751582647
independent,Fund C,21,3.0,0.01941552100323544,0.9303662185648485
independent,Fund C,21,3.25,0.02119724227897305,0.9256550940442161
independent,Fund C,21,3.5,0.02290876630533582,0.9205657673628381
independent,Fund C,21,3.75,0.01882634204032294,0.9157757836270993
independent,Fund C,21,4.0,0.013465479631449572,0.9120867254993865
independent,Fund C,21,4.25,0.013551497531800318,0.9090116925237017
independent,Fund C,21,4.5,0.007440885820168357,0.906629529105962
independent,Fund C,21,4.75,0.00868893063412864,0.9048033996832993
independent,Fund C,21,5.0,0.0093680316599595,0.9027634526433258
independent,Fund C,22,0.0,0.02,1.0
independent,Fund C,22,0.25,0.020107336006495866,0.9949991291989997
independent,Fund C,22,0.5,0.019861528631858045,0.9900404034896095
independent,Fund C,22,0.75,0.017601208228869028,0.9854150389782496
independent,Fund C,22,1.0,0.02071639777320187,0.980706481119966
independent,Fund C,22,1.25,0.02174213127176173,0.9755153494668328
independent,Fund C,22,1.5,0.024942206823685663,0.9698392660377815
independent,Fund C,22,1.75,0.01970213831040055,0.964442109711665
independent,Fund C,22,2.0,0.025092920928723422,0.959056920469139
independent,Fund C,22,2.25,0.020084135586196955,0.9536562628477031
independent,Fund C,22,2.5,0.011091670191177256,0.949947119459006
independent,Fund C,22,2.75,0.0064062673775204726,0.9478716256665092
independent,Fund C,22,3.0,0.0039036131379180045,0.9466508570585482
independent,Fund C,22,3.25,0.003617012214880647,0.9457613494229309
independent,Fund C,22,3.5,0.005846329946206959,0.94464325295486
independent,Fund C,22,3.75,0.00902663539059737,0.9428886786482977
independent,Fund C,22,4.0,0.0117162095192781,0.9404470711804428
independent,Fund C,22,4.25,0.014691447860686761,0.9373478137477107
independent,Fund C,22,4.5,0.010704761161967273,0.9343768967439083
independent,Fund C,22,4.75,0.010645244011503926,0.9318866022620184
independent,Fund C,22,5.0,0.014275273390283326,0.9289882318753269
independent,Fund C,23,0.0,0.02,1.0
independent,Fund C,23,0.25,0.02270571697235502,0.994676008326491
independent,Fund C,23,0.5,0.02216487021338414,0.989112662753475
independent,Fund C,23,0.75,0.028437428786137187,0.9828759860951524
independent,Fund C,23,1.0,0.01635641870748438,0.9773880150135474
independent,Fund C,23,1.25,0.014182897779217453,0.9736640322887437
independent,Fund C,23,1.5,0.016533287406067614,0.9699327943692266
independent,Fund C,23,1.75,0.009704460365011441,0.9667568987361245
independent,Fund C,23,2.0,0.011558691563466075,0.9641907731397378
independent,Fund C,23,2.25,0.015006251766278195,0.9609943739311292
independent,Fund C,23,2.5,0.014547176049573438,0.9574508384545689
independent,Fund C,23,2.75,0.016477875932422625,0.9537449088862394
independent,Fund C,23,3.0,0.011204999792468247,0.9504503121949012
independent,Fund C,23,3.25,0.015026005182338162,0.9473390074146387
independent,Fund C,23,3.5,0.012900710687743514,0.9440377644101628
independent,Fund C,23,3.75,0.016061673682503042,0.9406262454199262
independent,Fund C,23,4.0,0.023228722268923002,0.9360178740260212
independent,Fund C,23,4.25,0.031013517741492358,0.9296928776084072
independent,Fund C,23,4.5,0.02827391008016175,0.9228284574667719
independent,Fund C,23,4.75,0.023632563354844278,0.9168602438603156
independent,Fund C,23,5.0,0.021190532512336067,0.91173754389001
independent,Fund C,24,0.0,0.02,1.0
independent,Fund C,24,0.25,0.03034253664501541,0.9937269412259171
independent,Fund C,24,0.5,0.026397909935001528,0.9867038128291825
independent,Fund C,24,0.75,0.023496550178785297,0.9805690815297498
independent,Fund C,24,1.0,0.03060808962801398,0.9739597891878518
independent,Fund C,24,1.25,0.019164827679179056,0.9679189979055026
independent,Fund C,24,1.5,0.020234280389280945,0.9631638237180637
independent,Fund C,24,1.75,0.019763347851269663,0.9583603082313867
independent,Fund C,24,2.0,0.023831535867714387,0.9531520611529323
independent,Fund C,24,2.25,0.029647858960568114,0.9468015616803548
independent,Fund C,24,2.5,0.02866360661058976,0.9399254784456986
independent,Fund C,24,2.75,0.022391051822212786,0.9339461315522696
independent,Fund C,24,3.0,0.019585891997188604,0.9290584403756637
independent,Fund C,24,3.25,0.02675872864500297,0.9236918921773101
independent,Fund C,24,3.5,0.01596117203114723,0.9187725352833392
independent,Fund C,24,3.75,0.0221816107915525,0.9144023939867783
independent,Fund C,24,4.0,0.01978203801291657,0.909618494208017
independent,Fund C,24,4.25,0.02188742213654111,0.904892898007653
independent,Fund C,24,4.5,0.017075555070427326,0.9004964477027451
independent,Fund C,24,4.75,0.01382047313730217,0.8970254340941947
independent,Fund C,24,5.0,0.01563303139700198,0.8937289383160872
independent,Fund C,25,0.0,0.02,1.0
independent,Fund C,25,0.25,0.028133259726507473,0.994001406371586
independent,Fund C,25,0.5,0.022931620826717666,0.9876767928122764
independent,Fund C,25,0.75,0.02169538881681687,0.9821824989593736
independent,Fund C,25,1.0,0.02173723113436092,0.9768646027566921
independent,Fund C,25,1.25,0.020308013282329295,0.9717440067148031
independent,Fund C,25,1.5,0.0307982348851078,0.9655560192652646
independent,Fund C,25,1.75,0.03150597546383543,0.9580654498357427
independent,Fund C,25,2.0,0.02683904546073055,0.9511035740286929
independent,Fund C,25,2.25,0.03785440043364162,0.943443317845733
independent,Fund C,25,2.5,0.0218812281245496,0.9364249060825468
independent,Fund C,25,2.75,0.0072451254330953285,0.9330217745306527
independent,Fund C,25,3.0,0.012366090499598739,0.9307373642423288
independent,Fund C,25,3.25,0.018957312637262212,0.9271002565913886
independent,Fund C,25,3.5,0.02618516652078228,0.9218835384068109
independent,Fund C,25,3.75,0.028662220001782375,0.915584792094691
independent,Fund C,25,4.0,0.020386610317836854,0.9099884202051337
independent,Fund C,25,4.25,0.020853008775934417,0.9053095432815773
independent,Fund C,25,4.5,0.03113796440542438,0.899445129435259
independent,Fund C,25,4.75,0.029569248059146788,0.8926456099841557
independent,Fund C,25,5.0,0.0353748135335023,0.8854284402051485
independent,Fund C,26,0.0,0.02,1.0
independent,Fund C,26,0.25,0.012834535969841809,0.9959040942014307
independent,Fund C,26,0.5,0.013828060889239003,0.9925904455018999
independent,Fund C,26,0.75,0.008268400833603862,0.9898526361380053
independent,Fund C,26,1.0,0.010384321806059728,0.987547393788223
independent,Fund C,26,1.25,0.010790196529851127,0.984936994883728
independent,Fund C,26,1.5,0.01961539914547701,0.9812006502389726
independent,Fund C,26,1.75,0.017639977990178777,0.9766418983203196
independent,Fund C,26,2.0,0.02055941508847155,0.9719896233183174
independent,Fund C,26,2.25,0.010653848132866435,0.9682046409778606
independent,Fund C,26,2.5,0.009410010746919668,0.965779443265188
independent,Fund C,26,2.75,0.011130409973466987,0.9633029343980911
independent,Fund C,26,3.0,0.014506259692203864,0.9602208904798637
independent,Fund C,26,3.25,0.026757495435707296,0.9552808517547755
independent,Fund C,26,3.5,0.021715840703040824,0.9495101460156891
independent,Fund C,26,3.75,0.025326429487581112,0.9439431407375856
independent,Fund C,26,4.0,0.030065230857717645,0.9374298932535309
independent,Fund C,26,4.25,0.027275371002996974,0.9307348163647926
independent,Fund C,26,4.5,0.022317611005043543,0.9249829237536904
independent,Fund C,26,4.75,0.025255327511687693,0.9194987266554289
independent,Fund C,26,5.0,0.024859615285950747,0.9137566524046609
independent,Fund C,27,0.0,0.02,1.0
independent,Fund C,27,0.25,0.025889259723644475,0.9942802628742251
independent,Fund C,27,0.5,0.02449060418901894,0.9880384742394775
independent,Fund C,27,0.75,0.0317513577098219,0.9811166809226185
independent,Fund C,27,1.0,0.02202728678668052,0.9745434088809514
independent,Fund C,27,1.25,0.019037525447951804,0.969553795669856
independent,Fund C,27,1.5,0.026292421202048548,0.9640756029842792
independent,Fund C,27,1.75,0.031613974976460756,0.9571225295793364
independent,Fund C,27,2.0,0.026313157261659927,0.9502171399217642
independent,Fund C,27,2.25,0.02906450002749145,0.9436622533467124
independent,Fund C,27,2.5,0.027740542335011744,0.9369853895859526
independent,Fund C,27,2.75,0.012479364999887308,0.9322865280262952
independent,Fund C,27,3.0,0.02266642520794028,0.9281997682833915
independent,Fund C,27,3.25,0.026711950409660488,0.9224882882904878
independent,Fund C,27,3.5,0.022805567651700234,0.9167960068825184
independent,Fund C,27,3.75,0.015455312043306746,0.9124217975732378
independent,Fund C,27,4.0,0.010772409676306865,0.9094353526014504
independent,Fund C,27,4.25,0.019211294345075583,0.9060332020962529
independent,Fund C,27,4.5,0.01328488420398838,0.9023603396826562
independent,Fund C,27,4.75,0.01864911703464187,0.8987655222369023
independent,Fund C,27,5.0,0.017100431108088256,0.8947581750454636
independent,Fund C,28,0.0,0.02,1.0
independent,Fund C,28,0.25,0.029143046149468152,0.9938759481490584
independent,Fund C,28,0.5,0.030889868061140007,0.9864457030293601
independent,Fund C,28,0.75,0.026874877519025103,0.979348633258146
independent,Fund C,28,1.0,0.02831748453489882,0.9726153161519152
independent,Fund C,28,1.25,0.04024036119956087,0.964315877571019
independent,Fund C,28,1.5,0.032994086176751654,0.9555285174794603
independent,Fund C,28,1.75,0.015729616788793904,0.9497265926602868
independent,Fund C,28,2.0,0.017232359315413327,0.9458215349294078
independent,Fund C,28,2.25,0.021290931004750248,0.9412779635938787
independent,Fund C,28,2.5,0.026959251516760187,0.9356179451158199
independent,Fund C,28,2.75,0.03146901935006281,0.9288095208182044
independent,Fund C,28,3.0,0.021668847482912867,0.9226605951461514
independent,Fund C,28,3.25,0.021996166660993872,0.9176383152424895
independent,Fund C,28,3.5,0.022244021205616988,0.9125777592033323
independent,Fund C,28,3.75,0.018231549761957917,0.9079722813796017
independent,Fund C,28,4.0,0.015680930328457694,0.9041314788379493
independent,Fund C,28,4.25,0.01900588118960186,0.9002197854525881
independent,Fund C,28,4.5,0.020631337612250007,0.8957705407092158
independent,Fund C,28,4.75,0.021534413371357235,0.8910616066496406
independent,Fund C,28,5.0,0.01926649237398112,0.8865286606658225
independent,Fund C,29,0.0,0.02,1.0
independent,Fund C,29,0.25,0.02799911558995169,0.9940180739438758
independent,Fund C,29,0.5,0.029744017018410996,0.9868691902321073
independent,Fund C,29,0.75,0.019224314026194476,0.9808469730048369
independent,Fund C,29,1.0,0.028278573205363353,0.975040097382596
independent,Fund C,29,1.25,0.03481844269825568,0.9673800797906391
independent,Fund C,29,1.5,0.039986562134606315,0.9583766303905745
independent,Fund C,29,1.75,0.04419551945147194,0.9483447371009246
independent,Fund C,29,2.0,0.03872124912774928,0.9385662893313597
independent,Fund C,29,2.25,0.03347771307944751,0.9301339579065934
independent,Fund C,29,2.5,0.024676477907317335,0.9233970752163645
independent,Fund C,29,2.75,0.029564678248912207,0.9171574861582601
independent,Fund C,29,3.0,0.027259794660896872,0.9106659445128704
independent,Fund C,29,3.25,0.028153432695256754,0.9043798729867046
independent,Fund C,29,3.5,0.034901007193550534,0.8972797448637343
independent,Fund C,29,3.75,0.0291852497853492,0.8901205460012949
independent,Fund C,29,4.0,0.033960207326129685,0.8831223178844719
independent,Fund C,29,4.25,0.026090062196859196,0.8765181685511612
independent,Fund C,29,4.5,0.019650662121689165,0.8715208963545374
independent,Fund C,29,4.75,0.018669566252645244,0.8673562686874744
independent,Fund C,29,5.0,0.016917261831841193,0.8635065302317069
independent,Fund C,30,0.0,0.02,1.0
independent,Fund C,30,0.25,0.022673628631234625,0.9946799980223748
independent,Fund C,30,0.5,0.016564442555127006,0.9898132772535331
independent,Fund C,30,0.75,0.01790222840673087,0.9855580043362584
independent,Fund C,30,1.0,0.02203692881395996,0.9806499714381759
independent,Fund C,30,1.25,0.027515038374973103,0.9745946023625214
independent,Fund C,30,1.5,0.02601910937630917,0.9680946133987067
independent,Fund C,30,1.75,0.018632998285811553,0.9627062319362675
independent,Fund C,30,2.0,0.023776988539603264,0.9576161908162207
independent,Fund C,30,2.25,0.02199170681238126,0.9521532272986861
independent,Fund C,30,2.5,0.013873983261542744,0.9478940776970463
independent,Fund C,30,2.75,0.016343468204791864,0.9443204631300962
independent,Fund C,30,3.0,0.015075888453278646,0.9406189938206093
independent,Fund C,30,3.25,0.01634726530363759,0.9369315885217824
independent,Fund C,30,3.5,0.014210570217734877,0.9333595897272102
independent,Fund C,30,3.75,0.014224505482368309,0.930047959793035
independent,Fund C,30,4.0,0.019752278965414885,0.9261063310777347
independent,Fund C,30,4.25,0.019816140112843446,0.9215370698679785
independent,Fund C,30,4.5,0.013700101334514877,0.9176843387029897
independent,Fund C,30,4.75,0.018205617102016243,0.9140317050228364
independent,Fund C,30,5.0,0.01810323747991408,0.9098926743117025
independent,Fund C,31,0.0,0.02,1.0
independent,Fund C,31,0.25,0.01866911997755854,0.9951780232410844
independent,Fund C,31,0.5,0.03136849996541426,0.9889729065869111
independent,Fund C,31,0.75,0.04312598046144685,0.9798065227798188
independent,Fund C,31,1.0,0.026348135106156426,0.971334463874416
independent,Fund C,31,1.25,0.018647426341668133,0.9658865814496774
independent,Fund C,31,1.5,0.017735026295727863,0.9615038894708163
independent,Fund C,31,1.75,0.01253678799424977,0.9578724560361308
independent,Fund C,31,2.0,0.01329070971779529,0.9547850114449528
independent,Fund C,31,2.25,0.01669382285995342,0.9512131117004203
independent,Fund C,31,2.5,0.016252445961035384,0.9473038016888043
independent,Fund C,31,2.75,0.01919264094805872,0.9431159278142209
independent,Fund C,31,3.0,0.0195416978138253,0.9385605932255355
independent,Fund C,31,3.25,0.017073450501710156,0.9342747167917997
independent,Fund C,31,3.5,0.016654654600974917,0.9303440939124644
independent,Fund C,31,3.75,0.016297062891061337,0.9265199206673176
independent,Fund C,31,4.0,0.01674550982387257,0.9227009875760118
independent,Fund C,31,4.25,0.0172204377482578,0.9187917406072148
independent,Fund C,31,4.5,0.0164452430987489,0.9149333959755924
independent,Fund C,31,4.75,0.0173603275419314,0.9110753225462872
independent,Fund C,31,5.0,0.013108001784608867,0.9076120538621061
independent,Fund C,32,0.0,0.02,1.0
independent,Fund C,32,0.25,0.023907049355247966,0.9945266524784865
independent,Fund C,32,0.5,0.02188424482342884,0.9888503305452809
independent,Fund C,32,0.75,0.02357416511319321,0.9832473191591573
independent,Fund C,32,1.0,0.023528532127959096,0.9774751285949397
independent,Fund C,32,1.25,0.012989490224652043,0.9730233646017117
independent,Fund C,32,1.5,0.007098550605641159,0.9705831629286731
independent,Fund C,32,1.75,0.012906697147524671,0.9681591004850477
independent,Fund C,32,2.0,0.020690397308854195,0.9641017096388733
independent,Fund C,32,2.25,0.020790399968471415,0.959115683883443
independent,Fund C,32,2.5,0.02222379424088824,0.9539725744063096
independent,Fund C,32,2.75,0.026502379514390485,0.9481798043571156
independent,Fund C,32,3.0,0.018886351843585558,0.9428154515175668
independent,Fund C,32,3.25,0.023249097349193625,0.9378627616356197
independent,Fund C,32,3.5,0.02588029549494463,0.9321208322692293
independent,Fund C,32,3.75,0.024627725510876025,0.9262544232280413
independent,Fund C,32,4.0,0.02020965417482975,0.9210775913454698
independent,Fund C,32,4.25,0.024812798698553434,0.9159085037450426
independent,Fund C,32,4.5,0.028173054615892222,0.9098622744327257
independent,Fund C,32,4.75,0.027039871313701176,0.9036043742880784
independent,Fund C,32,5.0,0.028525394378285218,0.8973499926880415
independent,Fund C,33,0.0,0.02,1.0
independent,Fund C,33,0.25,0.018934250477662087,0.9951450422817293
independent,Fund C,33,0.5,0.017119204945033224,0.990670330728461
independent,Fund C,33,0.75,0.01998762654924272,0.9860858914451276
independent,Fund C,33,1.0,0.019116792815611298,0.9812776130486522
independent,Fund C,33,1.25,0.022372855870404478,0.9762016789174538
independent,Fund C,33,1.5,0.025127698595722864,0.970422587645866
independent,Fund C,33,1.75,0.03492910105746361,0.9631648048160705
independent,Fund C,33,2.0,0.03351783302348521,0.9549592479593964
independent,Fund C,33,2.25,0.0327232125395538,0.9470847066831954
independent,Fund C,33,2.5,0.051783114966870256,0.9371330291522517
independent,Fund C,33,2.75,0.053645711235239,0.9248639469975294
independent,Fund C,33,3.0,0.041662785979231856,0.9139108973514551
independent,Fund C,33,3.25,0.03809258789986512,0.9048450001516374
independent,Fund C,33,3.5,0.02969828773075141,0.8972098660071826
independent,Fund C,33,3.75,0.030405514556225307,0.8904944085781688
independent,Fund C,33,4.0,0.03356846567637266,0.8834017465273198
independent,Fund C,33,4.25,0.036735546308708976,0.8756724230524313
independent,Fund C,33,4.5,0.018420469421799906,0.8696558622376938
independent,Fund C,33,4.75,0.021343683289050126,0.8653439462815246
independent,Fund C,33,5.0,0.02787951554351466,0.8600359182691307
independent,Fund C,34,0.0,0.02,1.0
independent,Fund C,34,0.25,0.01795277184695998,0.9952671389704629
independent,Fund C,34,0.5,0.02821761751345836,0.9895396983376333
independent,Fund C,34,0.75,0.021763643865645717,0.9833766653562361
independent,Fund C,34,1.0,0.03180110046344778,0.9768143691474305
independent,Fund C,34,1.25,0.04073140164469999,0.9679980476210804
independent,Fund C,34,1.5,0.03170174604530094,0.9592732119877388
independent,Fund C,34,1.75,0.04025406580452852,0.9506837384599821
independent,Fund C,34,2.0,0.028477406734187197,0.9425509878225439
independent,Fund C,34,2.25,0.0329425057536856,0.9353422707564123
independent,Fund C,34,2.5,0.03359029946884579,0.9275956600008887
independent,Fund C,34,2.75,0.03121475206368518,0.9201119019391352
independent,Fund C,34,3.0,0.029032658577179554,0.9132086336192087
independent,Fund C,34,3.25,0.031056125732658507,0.9063751297280054
independent,Fund C,34,3.5,0.021861048555821175,0.9003995633074667
independent,Fund C,34,3.75,0.018041810885320118,0.8959196804518296
independent,Fund C,34,4.0,0.021367915414369235,0.8915170398599429
independent,Fund C,34,4.25,0.02452053150686985,0.8864178868091143
independent,Fund C,34,4.5,0.016629992506129464,0.8818700234546328
independent,Fund C,34,4.75,0.01800283672851101,0.878060568425753
independent,Fund C,34,5.0,0.017995702945439705,0.8741183324727433
independent,Fund C,35,0.0,0.02,1.0
independent,Fund C,35,0.25,0.021305646812689958,0.9948501005846067
independent,Fund C,35,0.5,0.021439453986144653,0.9895486553941463
independent,Fund C,35,0.75,0.01568031561323252,0.9849678138371791
independent,Fund C,35,1.0,0.018383717026224197,0.9807827332355631
independent,Fund C,35,1.25,0.01221296053658321,0.9770388106427588
independent,Fund C,35,1.5,0.019459205341109738,0.9731783406156139
independent,Fund C,35,1.75,0.015009233768750239,0.9689943682283673
independent,Fund C,35,2.0,0.019980857579397337,0.9647654728770012
independent,Fund C,35,2.25,0.018423042539387438,0.960145226859032
independent,Fund C,35,2.5,0.01815393739651354,0.9557653455784544
independent,Fund C,35,2.75,0.013323929269433533,0.9520120527600405
independent,Fund C,35,3.0,0.014049008869427754,0.9487601983547564
independent,Fund C,35,3.25,0.0148489779577893,0.945339223316037
independent,Fund C,35,3.5,0.02262091610592341,0.9409218562148349
independent,Fund C,35,3.75,0.019066513604052662,0.9360315321278879
independent,Fund C,35,4.0,0.024065337116487402,0.9309985154880225
independent,Fund C,35,4.25,0.0320827957941729,0.9244871636838712
independent,Fund C,35,4.5,0.010314337477340004,0.9196006727603985
independent,Fund C,35,4.75,0.011242766507519798,0.9171260174919401
independent,Fund C,35,5.0,0.0133243367571575,0.914313946282273
independent,Fund C,36,0.0,0.02,1.0
independent,Fund C,36,0.25,0.015443884458930083,0.9955793145653281
independent,Fund C,36,0.5,0.019367111414119655,0.9912565878610469
independent,Fund C,36,0.75,0.02383573310025078,0.9859178782709331
independent,Fund C,36,1.0,0.011588355573853064,0.9815618743121304
independent,Fund C,36,1.25,0.020505168870302518,0.9776320397219004
independent,Fund C,36,1.5,0.016324852567150203,0.9731416079489915
independent,Fund C,36,1.75,0.017636487577903773,0.9690192151194077
independent,Fund C,36,2.0,0.015733475720552136,0.9649856165770878
independent,Fund C,36,2.25,0.014052284590173337,0.96139944299167
independent,Fund C,36,2.5,0.018365477468965646,0.9575115233667919
independent,Fund C,36,2.75,0.012711011294019364,0.9537992263451972
independent,Fund C,36,3.0,0.010018005263347295,0.9510932074362326
independent,Fund C,36,3.25,0.012125500013002926,0.9484642802864315
independent,Fund C,36,3.5,0.015512345907173476,0.945193245107766
independent,Fund C,36,3.75,0.017414420475597783,0.9413109703643675
independent,Fund C,36,4.0,0.02098738187309324,0.9368032932237562
independent,Fund C,36,4.25,0.02332370133263098,0.931628790856534
independent,Fund C,36,4.5,0.02245640031120604,0.926312758303051
independent,Fund C,36,4.75,0.02309545119113527,0.9210533383812034
independent,Fund C,36,5.0,0.022007315413621685,0.9158751921729924
independent,Fund C,37,0.0,0.02,1.0
independent,Fund C,37,0.25,0.02750150642355767,0.9940799049299794
independent,Fund C,37,0.5,0.028644316395135906,0.9871276504431765
independent,Fund C,37,0.75,0.02720372193195969,0.9802605052617646
independent,Fund C,37,1.0,0.025871705171469563,0.9737785629048342
independent,Fund C,37,1.25,0.02706650500903251,0.9673560742525075
independent,Fund C,37,1.5,0.02938878052523762,0.9605535594295521
independent,Fund C,37,1.75,0.028034394965154252,0.9536834907971972
independent,Fund C,37,2.0,0.02374274161160719,0.9475310469746362
independent,Fund C,37,2.25,0.025716798151874543,0.9416910620747032
independent,Fund C,37,2.5,0.0364979299685338,0.9343960831116602
independent,Fund C,37,2.75,0.04447512515729314,0.9249861720810185
independent,Fund C,37,3.0,0.050252305306026576,0.9140980665264244
independent,Fund C,37,3.25,0.06477503045335008,0.9010488219292256
independent,Fund C,37,3.5,0.06320000383606911,0.8867495296513771
independent,Fund C,37,3.75,0.04846195385958897,0.8744584832798973
independent,Fund C,37,4.0,0.049473164784722794,0.8638187171645503
independent,Fund C,37,4.25,0.03248349837354642,0.8550144298379456
independent,Fund C,37,4.5,0.02975990026097625,0.8483878665057759
independent,Fund C,37,4.75,0.03564481966231574,0.8414800712836545
independent,Fund C,37,5.0,0.032990463124124986,0.8342915491859394
independent,Fund C,38,0.0,0.02,1.0
independent,Fund C,38,0.25,0.029778115048544808,0.9937970538175321
independent,Fund C,38,0.5,0.027131854178467626,0.986752520068716
independent,Fund C,38,0.75,0.025678091678835467,0.9802601790110869
independent,Fund C,38,1.0,0.022254944978827178,0.9744043835214
independent,Fund C,38,1.25,0.03419123285160956,0.9675534060232638
independent,Fund C,38,1.5,0.030773075375427665,0.9597281668910138
independent,Fund C,38,1.75,0.03452214561460835,0.9519268391942214
independent,Fund C,38,2.0,0.04099261806513845,0.9429835487154
independent,Fund C,38,2.25,0.04246694553887684,0.9331970615394621
independent,Fund C,38,2.5,0.032474649119146264,0.9244959702819852
independent,Fund C,38,2.75,0.031227249343208138,0.9171636830092695
independent,Fund C,38,3.0,0.037791174114152545,0.9092850685416918
independent,Fund C,38,3.25,0.03575720152150955,0.9009638230597239
independent,Fund C,38,3.5,0.025201868025357822,0.8941246733702343
independent,Fund C,38,3.75,0.017632766968704788,0.8893500292828584
independent,Fund C,38,4.0,0.020607413090819145,0.8851090601648318
independent,Fund C,38,4.25,0.026865183743603194,0.8798723099689459
independent,Fund C,38,4.5,0.026964083589610183,0.8739718231868704
independent,Fund C,38,4.75,0.025177732298730146,0.8682940366807226
independent,Fund C,38,5.0,0.01672642285931327,0.8637577865310656
independent,Fund C,39,0.0,0.02,1.0
independent,Fund C,39,0.25,0.02346202105607747,0.9945819780803924
independent,Fund C,39,0.5,0.023963196826360056,0.9887033865126426
independent,Fund C,39,0.75,0.018931377051695522,0.983416322020801
independent,Fund C,39,1.0,0.01721009121938403,0.9789835787007646
independent,Fund C,39,1.25,0.015607215352227546,0.9749758539627054
independent,Fund C,39,1.5,0.022955075551952815,0.9702874998321978
independent,Fund C,39,1.75,0.01764916821524251,0.9653752527365398
independent,Fund C,39,2.0,0.024114218932924213,0.9603487169218069
independent,Fund C,39,2.25,0.019324362390710503,0.9551483250716055
independent,Fund C,39,2.5,0.027516562176833816,0.949572161711712
independent,Fund C,39,2.75,0.03863502065889258,0.9417525734618426
independent,Fund C,39,3.0,0.03697857123749487,0.9328933449506572
independent,Fund C,39,3.25,0.038677961486540346,0.9241124964437915
independent,Fund C,39,3.5,0.0409682632684397,0.914957883756271
independent,Fund C,39,3.75,0.04924069305273194,0.9046986601065067
independent,Fund C,39,4.0,0.04212902304449584,0.8944246849590108
independent,Fund C,39,4.25,0.03995405583066425,0.8852944633562474
independent,Fund C,39,4.5,0.03259803681226154,0.8773020142024874
independent,Fund C,39,4.75,0.02165669814943226,0.8713724201810732
independent,Fund C,39,5.0,0.01816791702457584,0.8670454402228457
independent,Fund C,40,0.0,0.02,1.0
independent,Fund C,40,0.25,0.01660328978047295,0.9954350400257068
independent,Fund C,40,0.5,0.014899864437376502,0.991522830068391
independent,Fund C,40,0.75,0.015484642210405302,0.9877641060200634
independent,Fund C,40,1.0,0.015098676019369149,0.9839951767590935
independent,Fund C,40,1.25,0.017517835659897972,0.9799915325897443
independent,Fund C,40,1.5,0.01948630278744745,0.9754690323111423
independent,Fund C,40,1.75,0.019964047653126666,0.9706705490045547
independent,Fund C,40,2.0,0.020161191450258957,0.9658141896131017
independent,Fund C,40,2.25,0.021445856828407297,0.9608041445285244
independent,Fund C,40,2.5,0.015410078506862832,0.9563879081944812
independent,Fund C,40,2.75,0.01768467970308176,0.9524396521642716
independent,Fund C,40,3.0,0.02507871904179143,0.9473620406717884
independent,Fund C,40,3.25,0.02892242682340369,0.9409887457300798
independent,Fund C,40,3.5,0.026870750356810597,0.9344489828944785
independent,Fund C,40,3.75,0.02830719215099097,0.9280260371335514
independent,Fund C,40,4.0,0.024214236966447103,0.9219533364119229
independent,Fund C,40,4.25,0.024467832658446723,0.9163600474130601
independent,Fund C,40,4.5,0.026244182175286332,0.9105696115549167
independent,Fund C,40,4.75,0.02362676336526327,0.9049108967826571
independent,Fund C,40,5.0,0.02959627434542645,0.8989106151420513
independent,Fund C,41,0.0,0.02,1.0
independent,Fund C,41,0.25,0.018395938735741982,0.995212006817338
independent,Fund C,41,0.5,0.013046175526012338,0.9913082370617486
independent,Fund C,41,0.75,0.023018926176887902,0.9868493412230461
independent,Fund C,41,1.0,0.0167869045250025,0.9819512424087218
independent,Fund C,41,1.25,0.004948018507705418,0.979287033861041
independent,Fund C,41,1.5,0.009815306568905934,0.9774815087425588
independent,Fund C,41,1.75,0.008133953906751375,0.9752908334478197
independent,Fund C,41,2.0,0.010471533260623911,0.9730252488522954
independent,Fund C,41,2.25,0.012091513710864425,0.9702848134054418
independent,Fund C,41,2.5,0.014178909483841437,0.9671038150662691
independent,Fund C,41,2.75,0.017522261603471867,0.9632791076150812
independent,Fund C,41,3.0,0.017983018049483976,0.9590133938146088
independent,Fund C,41,3.25,0.02177510236556927,0.9542591460980713
independent,Fund C,41,3.5,0.022524894559580743,0.9489895401293916
independent,Fund C,41,3.75,0.024521751252428604,0.9434250711695575
independent,Fund C,41,4.0,0.030623920712316823,0.9369442076179872
independent,Fund C,41,4.25,0.03099634880603953,0.9297550860624387
independent,Fund C,41,4.5,0.0369151875876284,0.921895854493596
independent,Fund C,41,4.75,0.0358166303564445,0.9135524437451273
independent,Fund C,41,5.0,0.031387054824201295,0.9059103259872181
independent,Fund C,42,0.0,0.02,1.0
independent,Fund C,42,0.25,0.02372344938231785,0.9945494771237074
independent,Fund C,42,0.5,0.024926603735804985,0.9885197193471685
independent,Fund C,42,0.75,0.0261129864796725,0.9822330896844581
independent,Fund C,42,1.0,0.02310086091092084,0.9762092036723867
independent,Fund C,42,1.25,0.020320638144533266,0.9709249987742374
independent,Fund C,42,1.5,0.020897389330107485,0.9659354119603991
independent,Fund C,42,1.75,0.026775581778903598,0.9601964022977846
independent,Fund C,42,2.0,0.031976124108986925,0.953170585467621
independent,Fund C,42,2.25,0.022376399460194617,0.9467166312481166
independent,Fund C,42,2.5,0.017351016035204267,0.942026959548316
independent,Fund C,42,2.75,0.018961445523971977,0.9377607344744189
independent,Fund C,42,3.0,0.025532401728478746,0.932559638569512
independent,Fund C,42,3.25,0.025549382461774045,0.9266240076247761
independent,Fund C,42,3.5,0.022155599030306918,0.9211148771184409
independent,Fund C,42,3.75,0.02661360215845944,0.9155167035139351
independent,Fund C,42,4.0,0.0280441956785403,0.9092830069085491
independent,Fund C,42,4.25,0.026385630454568307,0.9031174904452217
independent,Fund C,42,4.5,0.031430015320950175,0.8966142280296504
independent,Fund C,42,4.75,0.03242801948840908,0.8894857138634723
independent,Fund C,42,5.0,0.023035295646781757,0.8833403129407167
independent,Fund C,43,0.0,0.02,1.0
independent,Fund C,43,0.25,0.016550443449528114,0.9954416156836203
independent,Fund C,43,0.5,0.02279646731912019,0.9905576919324556
independent,Fund C,43,0.75,0.02580892802270977,0.9845576315680118
independent,Fund C,43,1.0,0.024582483532850908,0.9783754664087801
independent,Fund C,43,1.25,0.01935338906820706,0.9730169717798673
independent,Fund C,43,1.5,0.027541294155633635,0.9673299908044375
independent,Fund C,43,1.75,0.024440964996464733,0.961064867767461
independent,Fund C,43,2.0,0.025174436893771083,0.9551228602994288
independent,Fund C,43,2.25,0.024665786426748285,0.9491909154947997
independent,Fund C,43,2.5,0.024497239055556563,0.9433756651068745
independent,Fund C,43,2.75,0.0212494232744729,0.9379965236250375
independent,Fund C,43,3.0,0.017802772800389187,0.9334288283339314
independent,Fund C,43,3.25,0.014818477914059835,0.9296303760095443
independent,Fund C,43,3.5,0.015540672449669455,0.9261092129093021
independent,Fund C,43,3.75,0.020210135910971316,0.921979802517548
independent,Fund C,43,4.0,0.016948754069761093,0.9177072646162059
independent,Fund C,43,4.25,0.019486765230208616,0.9135371255545452
independent,Fund C,43,4.5,0.03042392862830915,0.9078554585048358
independent,Fund C,43,4.75,0.02070723245303477,0.902071499018689
independent,Fund C,43,5.0,0.01956395206982853,0.8975419731954971
independent,Fund C,44,0.0,0.02,1.0
independent,Fund C,44,0.25,0.02017955588594874,0.9949901468998977
independent,Fund C,44,0.5,0.014579864696301625,0.9906763650971733
independent,Fund C,44,0.75,0.006876743404962974,0.9880228558294921
independent,Fund C,44,1.0,0.010788326177088834,0.9858435762232366
independent,Fund C,44,1.25,0.008636941534801806,0.983452695692572
independent,Fund C,44,1.5,0.013176559681865086,0.9807747799498663
independent,Fund C,44,1.75,0.020370838911959177,0.9766705859693964
independent,Fund C,44,2.0,0.019917509748012586,0.9717643945986185
independent,Fund C,44,2.25,0.016383993461751685,0.967364820558515
independent,Fund C,44,2.5,0.014980905399752553,0.9635795831615342
independent,Fund C,44,2.75,0.018953884094384126,0.9595008811063505
independent,Fund C,44,3.0,0.01643395362866612,0.9552659219553485
independent,Fund C,44,3.25,0.017347693280452908,0.9512406197603073
independent,Fund C,44,3.5,0.022230597092558646,0.9465461820160779
independent,Fund C,44,3.75,0.016675921826877764,0.9419540055498837
independent,Fund C,44,4.0,0.017632117958266778,0.9379230806112526
independent,Fund C,44,4.25,0.020553569320901785,0.9334568435556775
independent,Fund C,44,4.5,0.029506308496227755,0.9276339888259706
independent,Fund C,44,4.75,0.032896063075763524,0.9204263162562868
independent,Fund C,44,5.0,0.03181208615516242,0.913011458859764
independent,Fund C,45,0.0,0.02,1.0
independent,Fund C,45,0.25,0.026397143634495718,0.994217142509311
independent,Fund C,45,0.5,0.03292742594689091,0.986871723403044
independent,Fund C,45,0.75,0.03745832964522532,0.9782270938504775
independent,Fund C,45,1.0,0.04130315422265267,0.9686435201064384
independent,Fund C,45,1.25,0.03697965875735576,0.9592112270814275
independent,Fund C,45,1.5,0.037743713289081667,0.9502935023954525
independent,Fund C,45,1.75,0.04015552158348962,0.9410850164384816
independent,Fund C,45,2.0,0.03602723862119492,0.9321657454917784
independent,Fund C,45,2.25,0.03159443046050472,0.9243196272370907
independent,Fund C,45,2.5,0.028315015275478625,0.9174235461707599
independent,Fund C,45,2.75,0.025621459676812508,0.9112590262863033
independent,Fund C,45,3.0,0.014155599837741987,0.9067393711942086
independent,Fund C,45,3.25,0.015632825750173208,0.9033693570156659
independent,Fund C,45,3.5,0.017186741371579203,0.8996709246061158
independent,Fund C,45,3.75,0.018973681903674575,0.895613541127829
independent,Fund C,45,4.0,0.011682519869491394,0.8921880948393885
independent,Fund C,45,4.25,0.004920004519637039,0.8903384429833449
independent,Fund C,45,4.5,0.009007703795241868,0.8887897447211938
independent,Fund C,45,4.75,0.009202875880872317,0.8867688736132637
independent,Fund C,45,5.0,0.013055191967022711,0.884305082435271
independent,Fund C,46,0.0,0.02,1.0
independent,Fund C,46,0.25,0.01592583525770176,0.9955193388411936
independent,Fund C,46,0.5,0.018573281947546635,0.9912355149450129
independent,Fund C,46,0.75,0.02643081491192746,0.9856749626956468
independent,Fund C,46,1.0,0.028310129236263724,0.9789533882448413
independent,Fund C,46,1.25,0.03303099085635295,0.9714758303222754
independent,Fund C,46,1.5,0.026725356110869024,0.9642463834208176
independent,Fund C,46,1.75,0.023592587117562736,0.9582005548585713
independent,Fund C,46,2.0,0.027268050546065032,0.9521280421502738
independent,Fund C,46,2.25,0.03156245631426591,0.9451519521059485
independent,Fund C,46,2.5,0.02618652761909069,0.9383538225809123
independent,Fund C,46,2.75,0.03479213875852031,0.9312285670288782
independent,Fund C,46,3.0,0.02090817144597163,0.9247673712865409
independent,Fund C,46,3.25,0.01896662241161266,0.920169476026433
independent,Fund C,46,3.5,0.01570366207946047,0.9161902875399983
independent,Fund C,46,3.75,0.015689316850766143,0.9126020896092479
independent,Fund C,46,4.0,0.02182509426682125,0.9083326415501597
independent,Fund C,46,4.25,0.025181055845185905,0.9030111382592722
independent,Fund C,46,4.5,0.021895503146039896,0.897712910304559
independent,Fund C,46,4.75,0.021392893271866588,0.8928684598641444
independent,Fund C,46,5.0,0.023562302714131317,0.8878651462638156
independent,Fund C,47,0.0,0.02,1.0
independent,Fund C,47,0.25,0.011803489875994028,0.996032455351166
independent,Fund C,47,0.5,0.016579419592820874,0.9925049292661609
independent,Fund C,47,0.75,0.014399617918320971,0.9886690052075603
independent,Fund C,47,1.0,0.019278275212637103,0.9845157173279075
independent,Fund C,47,1.25,0.026903317537310026,0.978848776846913
independent,Fund C,47,1.5,0.023907713309946316,0.9726514390759344
independent,Fund C,47,1.75,0.013169937282914834,0.9681539157008637
independent,Fund C,47,2.0,0.010711581981926985,0.9652681018963871
independent,Fund C,47,2.25,0.011299208922598137,0.962615962754727
independent,Fund C,47,2.5,0.01642028109451234,0.9592863316195391
independent,Fund C,47,2.75,0.016897018207553592,0.9552995354835628
independent,Fund C,47,3.0,0.022971977838937008,0.9505505247802647
independent,Fund C,47,3.25,0.02274659309940146,0.9451337909059697
independent,Fund C,47,3.5,0.023320693943458065,0.9397069621517056
independent,Fund C,47,3.75,0.02908222638963602,0.9335716547065802
independent,Fund C,47,4.0,0.021880426731827756,0.9276433961905592
independent,Fund C,47,4.25,0.026438470554964597,0.9220574441146878
independent,Fund C,47,4.5,0.027486586549483744,0.9158630944439048
independent,Fund C,47,4.75,0.02155812165828926,0.9102654905007381
independent,Fund C,47,5.0,0.02243549528540866,0.9052734951634654
independent,Fund C,48,0.0,0.02,1.0
independent,Fund C,48,0.25,0.020482714815014222,0.9949524425958814
independent,Fund C,48,0.5,0.022758723740276588,0.9895890538302914
independent,Fund C,48,0.75,0.026648572796313403,0.9834962724581334
independent,Fund C,48,1.0,0.03909760707960123,0.9754467539770402
independent,Fund C,48,1.25,0.04571319762265076,0.9651603223321517
independent,Fund C,48,1.5,0.04250481999784924,0.9545757228233265
independent,Fund C,48,1.75,0.050438521217578705,0.9435497143326463
independent,Fund C,48,2.0,0.04911578443136192,0.9318806668347381
independent,Fund C,48,2.25,0.049994710029350714,0.920406991975943
independent,Fund C,48,2.5,0.052677512593790256,0.9086699409502618
independent,Fund C,48,2.75,0.038783605592939974,0.8983406031495804
independent,Fund C,48,3.0,0.03352820298805507,0.8902571122103422
independent,Fund C,48,3.25,0.0344123378429174,0.882728557130442
independent,Fund C,48,3.5,0.05246524824527567,0.8731942548770086
independent,Fund C,48,3.75,0.0411614147269217,0.8630345390813301
independent,Fund C,48,4.0,0.048016354823106566,0.8534675240593147
independent,Fund C,48,4.25,0.0410165532781178,0.8440218456112356
independent,Fund C,48,4.5,0.034617766049683044,0.8360798206478149
independent,Fund C,48,4.75,0.023299963673394965,0.8300486981631984
independent,Fund C,48,5.0,0.027977696136269624,0.8247453434502023
independent,Fund C,49,0.0,0.02,1.0
independent,Fund C,49,0.25,0.023568229466357005,0.9945687740466932
independent,Fund C,49,0.5,0.02393502744025111,0.9886806160170567
independent,Fund C,49,0.75,0.025303386313457365,0.9826141708958066
independent,Fund C,49,1.0,0.028266871328836082,0.9760562903227695
independent,Fund C,49,1.25,0.03651274341212324,0.9681846347034998
independent,Fund C,49,1.5,0.0384385008783056,0.9591561638052065
independent,Fund C,49,1.75,0.03660131777374427,0.9502013642960163
independent,Fund C,49,2.0,0.03443282411318894,0.9418016189605508
independent,Fund C,49,2.25,0.024956562687018534,0.9348358790603608
independent,Fund C,49,2.5,0.026026699273695452,0.9288971996736628
independent,Fund C,49,2.75,0.03236540899419746,0.9221418501271561
independent,Fund C,49,3.0,0.03431387996359203,0.9144878218999275
independent,Fund C,49,3.25,0.03296511623233693,0.9068293426261848
independent,Fund C,49,3.5,0.027945142014915863,0.8999511591683023
independent,Fund C,49,3.75,0.024005077340280102,0.8941260107311388
independent,Fund C,49,4.0,0.023371426437141504,0.8888465881564674
independent,Fund C,49,4.25,0.014400147391948512,0.8846598378773652
independent,Fund C,49,4.5,0.014658643395666254,0.8814522737566048
independent,Fund C,49,4.75,0.021620362825395575,0.877464047082331
independent,Fund C,49,5.0,0.01696461638967929,0.8732421201994455
moderate,Bank A,0,0.0,0.015,1.0
moderate,Bank A,0,0.25,0.020651110091189764,0.9955535262052144
moderate,Bank A,0,0.5,0.007677214512373571,0.9920344650202314
moderate,Bank A,0,0.75,0.006045302241170131,0.9903342724239
moderate,Bank A,0,1.0,0.011767993633215911,0.9881315859769144
moderate,Bank A,0,1.25,0.009721813631305514,0.9854808032047271
moderate,Bank A,0,1.5,0.012724062541645872,0.9827196809940648
moderate,Bank A,0,1.75,0.015624904120261114,0.9792434579056789
moderate,Bank A,0,2.0,0.01996085254751407,0.974897241607883
moderate,Bank A,0,2.25,0.018535491736497264,0.9702172632853214
moderate,Bank A,0,2.5,0.01627832528534318,0.9660043159480639
moderate,Bank A,0,2.75,0.0273374683568122,0.9607520160470758
moderate,Bank A,0,3.0,0.025265336064706215,0.9544554584701138
moderate,Bank A,0,3.25,0.022244169784111846,0.9488040426795181
moderate,Bank A,0,3.5,0.015404753580443221,0.9443493517097931
moderate,Bank A,0,3.75,0.019510634655330955,0.9402367921829987
moderate,Bank A,0,4.0,0.022173844332555558,0.9353503736257948
moderate,Bank A,0,4.25,0.019715889163335353,0.9304654767416818
moderate,Bank A,0,4.5,0.018029480203608336,0.9260857216956865
moderate,Bank A,0,4.75,0.0143403049732066,0.9223461428995098
moderate,Bank A,0,5.0,0.010904446434255827,0.9194401804435153
moderate,Bank A,1,0.0,0.015,1.0
moderate,Bank A,1,0.25,0.018527839137698218,0.9958177900082464
moderate,Bank A,1,0.5,0.01643533589047822,0.9914751674513901
moderate,Bank A,1,0.75,0.019754701210935352,0.9870001067344271
moderate,Bank A,1,1.0,0.019710290464374124,0.9821431028110477
moderate,Bank A,1,1.25,0.020945797956301148,0.9771645020744482
moderate,Bank A,1,1.5,0.02022392518742098,0.9721487202887602
moderate,Bank A,1,1.75,0.023134864010801573,0.9668940739165675
moderate,Bank A,1,2.0,0.023896055907890974,0.9612265099413272
moderate,Bank A,1,2.25,0.021597791309945553,0.9557757865310259
moderate,Bank A,1,2.5,0.016884422602263697,0.9511892805227696
moderate,Bank A,1,2.75,0.01682642906619662,0.9471895385175473
moderate,Bank A,1,3.0,0.01773261085959346,0.9431066185941253
moderate,Bank A,1,3.25,0.012865378822023916,0.9395063621980002
moderate,Bank A,1,3.5,0.016309661076164328,0.9360863352521496
moderate,Bank A,1,3.75,0.022922232204692986,0.931507017984124
moderate,Bank A,1,4.0,0.013403612277821221,0.9272868840968448
moderate,Bank A,1,4.25,0.012747698304658668,0.9242606121895884
moderate,Bank A,1,4.5,0.01290219606987541,0.9213019594102104
moderate,Bank A,1,4.75,0.016619708092859984,0.9179084012611138
moderate,Bank A,1,5.0,0.014165509421423896,0.9143829376479997
moderate,Bank A,2,0.0,0.015,1.0
moderate,Bank A,2,0.25,0.01774530487582571,0.9959152024648632
moderate,Bank A,2,0.5,0.014571643725693422,0.9919001999130223
moderate,Bank A,2,0.75,0.011547613895015988,0.9886670186964372
moderate,Bank A,2,1.0,0.0063370861352613946,0.986459235829444
moderate,Bank A,2,1.25,0.010198542978184826,0.984422376094536
moderate,Bank A,2,1.5,0.006685753737801454,0.9823469071056044
moderate,Bank A,2,1.75,0.011959966638511947,0.9800600024845564
moderate,Bank A,2,2.0,0.011738059244452044,0.9771611123145315
moderate,Bank A,2,2.25,0.01648268963789621,0.9737201577314489
moderate,Bank A,2,2.5,0.010579225848855369,0.9704318809817581
moderate,Bank A,2,2.75,0.017455991638216428,0.9670370492788942
moderate,Bank A,2,3.0,0.01584226978361793,0.9630203328735137
moderate,Bank A,2,3.25,0.017623508442042184,0.9590002191397823
moderate,Bank A,2,3.5,0.016551920480627105,0.9549121767910888
moderate,Bank A,2,3.75,0.016991593785210132,0.9509166703246583
moderate,Bank A,2,4.0,0.018302034623475984,0.9467307481864407
moderate,Bank A,2,4.25,0.023251818900035685,0.9418259586660928
moderate,Bank A,2,4.5,0.025298432334379246,0.9361275315457849
moderate,Bank A,2,4.75,0.022789706397906867,0.9305173311182612
moderate,Bank A,2,5.0,0.017071319087652432,0.9258924408595812
moderate,Bank A,3,0.0,0.015,1.0
moderate,Bank A,3,0.25,0.01783528140756162,0.9959040014033753
moderate,Bank A,3,0.5,0.017192719923355804,0.991552968018978
moderate,Bank A,3,0.75,0.016103842663430085,0.9874346311856183
moderate,Bank A,3,1.0,0.014761116831418675,0.9836323295330702
moderate,Bank A,3,1.25,0.010013705943007814,0.9805908768496019
moderate,Bank A,3,1.5,0.009797045591971929,0.9781656007205572
moderate,Bank A,3,1.75,0.011665203301035026,0.9755449134598689
moderate,Bank A,3,2.0,0.010137277284462582,0.9728898706311728
moderate,Bank A,3,2.25,0.009867580735727797,0.9704600943889354
moderate,Bank A,3,2.5,0.006781468257624014,0.9684425398077425
moderate,Bank A,3,2.75,0.005908501864894807,0.9669075691883615
moderate,Bank A,3,3.0,0.006886691691181186,0.9653623340543535
moderate,Bank A,3,3.25,0.008633902593369899,0.9634912749974508
moderate,Bank A,3,3.5,0.004307412168265741,0.9619339294857355
moderate,Bank A,3,3.75,0.00679867284776962,0.9605994410088821
moderate,Bank A,3,4.0,0.008545603347301855,0.9587587439414902
moderate,Bank A,3,4.25,0.006718688521183418,0.9569311413997451
moderate,Bank A,3,4.5,0.007498077115727029,0.9552320933114248
moderate,Bank A,3,4.75,0.006146894300920148,0.953604217649686
moderate,Bank A,3,5.0,0.004793920763957912,0.9523009580991222
moderate,Bank A,4,0.0,0.015,1.0
moderate,Bank A,4,0.25,0.018789056900569413,0.9957852748771783
moderate,Bank A,4,0.5,0.023989460374210358,0.9904747089668235
moderate,Bank A,4,0.75,0.02294935382358921,0.9846802610805986
moderate,Bank A,4,1.0,0.019810130993911466,0.9794312488089508
moderate,Bank A,4,1.25,0.017052301300030555,0.9749286031679821
moderate,Bank A,4,1.5,0.01914443461943349,0.9705274133218963
moderate,Bank A,4,1.75,0.010088226232265374,0.9669874974930509
moderate,Bank A,4,2.0,0.01315423607548774,0.964182178316323
moderate,Bank A,4,2.25,0.015204354860430392,0.9607703730155953
moderate,Bank A,4,2.5,0.01294276028393006,0.9573959484767952
moderate,Bank A,4,2.75,0.012706788542393078,0.9543312673168657
moderate,Bank A,4,3.0,0.015595598511469624,0.9509610008804794
moderate,Bank A,4,3.25,0.017408380593173782,0.9470458951871714
moderate,Bank A,4,3.5,0.023697958044857366,0.942192177118172
moderate,Bank A,4,3.75,0.01857589290716991,0.9372265469841191
moderate,Bank A,4,4.0,0.01973442194760369,0.9327490958128186
moderate,Bank A,4,4.25,0.016243172558673153,0.9285637554285842
moderate,Bank A,4,4.5,0.012596830917410486,0.9252223092630261
moderate,Bank A,4,4.75,0.013425669857734747,0.922217623968944
moderate,Bank A,4,5.0,0.01396286305806901,0.9190657489059055
moderate,Bank A,5,0.0,0.015,1.0
moderate,Bank A,5,0.25,0.01844686898770613,0.9958278689987301
moderate,Bank A,5,0.5,0.018384209669824403,0.9912537296618888
moderate,Bank A,5,0.75,0.013679166433122721,0.9872888128646098
moderate,Bank A,5,1.0,0.013621964208012767,0.9839252927652238
moderate,Bank A,5,1.25,0.018230478688230585,0.9800155283767124
moderate,Bank A,5,1.5,0.022388328969862443,0.9750522563949996
moderate,Bank A,5,1.75,0.020948992637600715,0.9697845182286132
moderate,Bank A,5,2.0,0.015433997612429225,0.9653840745604736
moderate,Bank A,5,2.25,0.011095388748009777,0.9621879959771089
moderate,Bank A,5,2.5,0.012345960778465986,0.9593727494245591
moderate,Bank A,5,2.75,0.012364101089836795,0.956414051128819
moderate,Bank A,5,3.0,0.00947904558933747,0.9538062263919767
moderate,Bank A,5,3.25,0.013687506662235125,0.9510481715105533
moderate,Bank A,5,3.5,0.0171577773717291,0.9473883127584358
moderate,Bank A,5,3.75,0.018132157227337558,0.943218357910353
moderate,Bank A,5,4.0,0.01452062243352676,0.9393763663240657
moderate,Bank A,5,4.25,0.011278269636798023,0.9363518870226287
moderate,Bank A,5,4.5,0.007780021623505608,0.934123883574381
moderate,Bank A,5,4.75,0.00541384336702813,0.9325845652201591
moderate,Bank A,5,5.0,0.004686414369402834,0.931407890112858
moderate,Bank A,6,0.0,0.015,1.0
moderate,Bank A,6,0.25,0.019448545870299077,0.9957031895849962
moderate,Bank A,6,0.5,0.020081588623523137,0.9907952900664551
moderate,Bank A,6,0.75,0.017557322982934602,0.9861446818418045
moderate,Bank A,6,1.0,0.020057682396062274,0.9815188357516152
moderate,Bank A,6,1.25,0.01807684463228735,0.976851249780005
moderate,Bank A,6,1.5,0.015841599699710614,0.972718357957845
moderate,Bank A,6,1.75,0.016335091747088297,0.968813858031
moderate,Bank A,6,2.0,0.014915358223710888,0.9650367564665104
moderate,Bank A,6,2.25,0.020079620412044967,0.9608245459873506
moderate,Bank A,6,2.5,0.022714655893164726,0.955698544543064
moderate,Bank A,6,2.75,0.01585200622095203,0.9511023692843298
moderate,Bank A,6,3.0,0.017474971818067942,0.9471484398133219
moderate,Bank A,6,3.25,0.02407225241951712,0.9422422671296661
moderate,Bank A,6,3.5,0.023906235647556996,0.9366082585461631
moderate,Bank A,6,3.75,0.026316308951605014,0.9307468200642058
moderate,Bank A,6,4.0,0.026325193021871578,0.9246424372620692
moderate,Bank A,6,4.25,0.025987333117778542,0.9186158651036389
moderate,Bank A,6,4.5,0.027030415542647082,0.9125481252991139
moderate,Bank A,6,4.75,0.031670029818340065,0.9058767583233742
moderate,Bank A,6,5.0,0.02416686896049648,0.8995761033584009
moderate,Bank A,7,0.0,0.015,1.0
moderate,Bank A,7,0.25,0.015656186079220678,0.9961753095717122
moderate,Bank A,7,0.5,0.017042540741892362,0.9921119114361555
moderate,Bank A,7,0.75,0.018910699270238092,0.9876632107901306
moderate,Bank A,7,1.0,0.02161924524803086,0.9826721226065129
moderate,Bank A,7,1.25,0.025598306215284795,0.9768892836723768
moderate,Bank A,7,1.5,0.017460956126113276,0.9716453922202251
moderate,Bank A,7,1.75,0.025130577839410598,0.966486154680898
moderate,Bank A,7,2.0,0.02681780546860017,0.9602305630010689
moderate,Bank A,7,2.25,0.016974975737231168,0.9549885279280431
moderate,Bank A,7,2.5,0.01674330699179906,0.9509719267814487
moderate,Bank A,7,2.75,0.0178971071963862,0.9468630713016583
moderate,Bank A,7,3.0,0.015798236522523337,0.9428833487372974
moderate,Bank A,7,3.25,0.008935608116277647,0.9399727092298784
moderate,Bank A,7,3.5,0.010608299057264247,0.9376791694941932
moderate,Bank A,7,3.75,0.008603968706279158,0.9354300033889367
moderate,Bank A,7,4.0,0.008251694793806035,0.9334611665748374
moderate,Bank A,7,4.25,0.006983063905501395,0.9316852261595336
moderate,Bank A,7,4.5,0.007319571652997548,0.9300210199805933
moderate,Bank A,7,4.75,0.005547346237453423,0.9285264092298388
moderate,Bank A,7,5.0,0.00697288738657336,0.9270743748181376
moderate,Bank A,8,0.0,0.015,1.0
moderate,Bank A,8,0.25,0.016575156875396804,0.9960608841417689
moderate,Bank A,8,0.5,0.01155695269749471,0.9925643737664529
moderate,Bank A,8,0.75,0.00899981052198441,0.9900171589722807
moderate,Bank A,8,1.0,0.007899514263271986,0.9879280386053061
moderate,Bank A,8,1.25,0.009218511837024792,0.9858163763853056
moderate,Bank A,8,1.5,0.012327054211523445,0.9831649519093669
moderate,Bank A,8,1.75,0.01349090405160623,0.9799971523293443
moderate,Bank A,8,2.0,0.011978720856981475,0.9768820936863074
moderate,Bank A,8,2.25,0.011868270634681802,0.9739744671014
moderate,Bank A,8,2.5,0.012022765665245534,0.9710701485400751
moderate,Bank A,8,2.75,0.01036593052745403,0.968356323432002
moderate,Bank A,8,3.0,0.008025288305952463,0.9661327236990149
moderate,Bank A,8,3.25,0.008871341584537501,0.964094328699955
moderate,Bank A,8,3.5,0.005330623384559525,0.9623843427361991
moderate,Bank A,8,3.75,0.00985667217101235,0.9605590739090561
moderate,Bank A,8,4.0,0.013498768528859359,0.9577588783243562
moderate,Bank A,8,4.25,0.015232621018304872,0.9543253297506167
moderate,Bank A,8,4.5,0.018071295617813305,0.9503607413431956
moderate,Bank A,8,4.75,0.019760983322869678,0.9458770623537318
moderate,Bank A,8,5.0,0.019349637063881358,0.941264117647219
moderate,Bank A,9,0.0,0.015,1.0
moderate,Bank A,9,0.25,0.02081335495890991,0.9955333359786792
moderate,Bank A,9,0.5,0.03155681263991553,0.9890375896766028
moderate,Bank A,9,0.75,0.02576379464669068,0.9819763875018697
moderate,Bank A,9,1.0,0.02865639525346916,0.9753191385348907
moderate,Bank A,9,1.25,0.02089439386630907,0.9692968293042467
moderate,Bank A,9,1.5,0.01663783259281816,0.9647599964526462
moderate,Bank A,9,1.75,0.016094905237447197,0.9608206565305731
moderate,Bank A,9,2.0,0.01273820952669235,0.9573639579518856
moderate,Bank A,9,2.25,0.0123586574797766,0.9543653094625968
moderate,Bank A,9,2.5,0.018576356451584095,0.9506820224426727
moderate,Bank A,9,2.75,0.025292684507412174,0.9454831013777636
moderate,Bank A,9,3.0,0.027038268646698782,0.9393185317363688
moderate,Bank A,9,3.25,0.029929575184624538,0.9326534220311506
moderate,Bank A,9,3.5,0.03898134761062447,0.9246541727254008
moderate,Bank A,9,3.75,0.02491582284234857,0.9172982401253962
moderate,Bank A,9,4.0,0.021714176309422118,0.9119670901689071
moderate,Bank A,9,4.25,0.020563229095603146,0.9071603520832336
moderate,Bank A,9,4.5,0.02315434373801156,0.9022165165714076
moderate,Bank A,9,4.75,0.02421689053880049,0.8968899138724582
moderate,Bank A,9,5.0,0.02701750699406838,0.8911643158660408
moderate,Bank A,10,0.0,0.015,1.0
moderate,Bank A,10,0.25,0.014784719241732167,0.996283832200799
moderate,Bank A,10,0.5,0.014706694986964319,0.9926178661121069
moderate,Bank A,10,0.75,0.019510085764541878,0.9883814089539406
moderate,Bank A,10,1.0,0.019145994030456272,0.9836170600879678
moderate,Bank A,10,1.25,0.022600341648597075,0.9784976280543014
moderate,Bank A,10,1.5,0.0261700786845365,0.9725505564697294
moderate,Bank A,10,1.75,0.019510477849405038,0.9670130499546364
moderate,Bank A,10,2.0,0.011047955639418022,0.9633262952816259
moderate,Bank A,10,2.25,0.013957566027133488,0.9603199366336038
moderate,Bank A,10,2.5,0.016120242070578033,0.9567161756099174
moderate,Bank A,10,2.75,0.013053747264070301,0.9532336260229776
moderate,Bank A,10,3.0,0.016313834902811807,0.9497407701366193
moderate,Bank A,10,3.25,0.02059616443612045,0.9453689966267623
moderate,Bank A,10,3.5,0.019355592346652555,0.9406596216241974
moderate,Bank A,10,3.75,0.021237786582119847,0.9358986417975489
moderate,Bank A,10,4.0,0.01521076880069902,0.9316443214613459
moderate,Bank A,10,4.25,0.018818464166058615,0.9276898452038632
moderate,Bank A,10,4.5,0.0221057792941615,0.9229563370936272
moderate,Bank A,10,4.75,0.021720301661225974,0.9179139665196521
moderate,Bank A,10,5.0,0.015626545740619176,0.9136388041691863
moderate,Bank A,11,0.0,0.015,1.0
moderate,Bank A,11,0.25,0.02009462781359709,0.9956227796005455
moderate,Bank A,11,0.5,0.029007828000478235,0.9895305547336936
moderate,Bank A,11,0.75,0.018856079933263967,0.9836278802370526
moderate,Bank A,11,1.0,0.01654026078181759,0.9792853906381788
moderate,Bank A,11,1.25,0.015161677577890451,0.9754124138744884
moderate,Bank A,11,1.5,0.01794444957198136,0.9713842385287728
moderate,Bank A,11,1.75,0.01707827838688667,0.9671409677470012
moderate,Bank A,11,2.0,0.01508042137969358,0.9632610218459424
moderate,Bank A,11,2.25,0.015286087288455614,0.9596115932319055
moderate,Bank A,11,2.5,0.019780429132152194,0.9554145190386857
moderate,Bank A,11,2.75,0.017274467075362742,0.9509994038047564
moderate,Bank A,11,3.0,0.017661044801052985,0.9468555021023441
moderate,Bank A,11,3.25,0.014078623823704083,0.9431063343700367
moderate,Bank A,11,3.5,0.022074347730790606,0.9388539380947472
moderate,Bank A,11,3.75,0.015758420706151,0.9344244895392266
moderate,Bank A,11,4.0,0.019237383902723955,0.9303458000000652
moderate,Bank A,11,4.25,0.013693858858814786,0.926523991030149
moderate,Bank A,11,4.5,0.00948700311644814,0.9238431737901528
moderate,Bank A,11,4.75,0.0116931151414629,0.9214005202385469
moderate,Bank A,11,5.0,0.021392046003523117,0.9175978034158287
moderate,Bank A,12,0.0,0.015,1.0
moderate,Bank A,12,0.25,0.009096135114778733,0.9969925146826579
moderate,Bank A,12,0.5,0.009824083050304033,0.9946373862660353
moderate,Bank A,12,0.75,0.013826867444710825,0.9917012136612497
moderate,Bank A,12,1.0,0.014510296303614875,0.9881946776976848
moderate,Bank A,12,1.25,0.01929753049559684,0.9840273999988252
moderate,Bank A,12,1.5,0.016988070963616465,0.9795742534443707
moderate,Bank A,12,1.75,0.020738265836846702,0.9749656600434892
moderate,Bank A,12,2.0,0.01995810892653663,0.9700185577970478
moderate,Bank A,12,2.25,0.013170217243836164,0.9660099769769348
moderate,Bank A,12,2.5,0.013950549345871472,0.9627406553761962
moderate,Bank A,12,2.75,0.02004098542742901,0.9586587044452738
moderate,Bank A,12,3.0,0.01265400368352574,0.9547487825778416
moderate,Bank A,12,3.25,0.018268759848380736,0.9510654719433186
moderate,Bank A,12,3.5,0.015314456449981223,0.947081360566472
moderate,Bank A,12,3.75,0.014411996738909087,0.9435687195391943
moderate,Bank A,12,4.0,0.014384554987530053,0.94017838439251
moderate,Bank A,12,4.25,0.006954553343333985,0.9376739050378546
moderate,Bank A,12,4.5,0.011318380509915071,0.9355345925323642
moderate,Bank A,12,4.75,0.014929984947975223,0.9324700909310062
moderate,Bank A,12,5.0,0.014235801824610874,0.929076752295949
moderate,Bank A,13,0.0,0.015,1.0
moderate,Bank A,13,0.25,0.01609316949615724,0.9961208970464809
moderate,Bank A,13,0.5,0.014887210013868751,0.9922708312107283
moderate,Bank A,13,0.75,0.02137444173014861,0.9877833367268476
moderate,Bank A,13,1.0,0.02071338349372542,0.9826002761114542
moderate,Bank A,13,1.25,0.019593496359379247,0.9776620329721208
moderate,Bank A,13,1.5,0.025846479386269737,0.9721246566167612
moderate,Bank A,13,1.75,0.02356731782476715,0.9661386163787425
moderate,Bank A,13,2.0,0.028909141752522596,0.9598219146560607
moderate,Bank A,13,2.25,0.023123428033592765,0.9535994222641353
moderate,Bank A,13,2.5,0.02826476432431535,0.9474935849373486
moderate,Bank A,13,2.75,0.03516813553351754,0.940010508011081
moderate,Bank A,13,3.0,0.02963195271274388,0.9324271665638131
moderate,Bank A,13,3.25,0.03224471994236994,0.9252430491389849
moderate,Bank A,13,3.5,0.03937113445284004,0.9169972533765735
moderate,Bank A,13,3.75,0.04275079291792272,0.907632205121559
moderate,Bank A,13,4.0,0.036915013040019304,0.898638652962372
moderate,Bank A,13,4.25,0.040952284088163496,0.8899342630151827
moderate,Bank A,13,4.5,0.04395638195388132,0.8805388194821573
moderate,Bank A,13,4.75,0.04454937130715918,0.8708509140680628
moderate,Bank A,13,5.0,0.036940737498981066,0.8620252238167204
moderate,Bank A,14,0.0,0.015,1.0
moderate,Bank A,14,0.25,0.015141586611145336,0.9962393905432442
moderate,Bank A,14,0.5,0.014105577236401847,0.9926038930061355
moderate,Bank A,14,0.75,0.010722469414632969,0.9895281163500936
moderate,Bank A,14,1.0,0.011540940797948648,0.9867781607902821
moderate,Bank A,14,1.25,0.01283789586986371,0.9837756749820838
moderate,Bank A,14,1.5,0.015254039939538134,0.9803272127601986
moderate,Bank A,14,1.75,0.022189107623169124,0.9757496165314317
moderate,Bank A,14,2.0,0.021560236052013366,0.970428129851135
moderate,Bank A,14,2.25,0.02518946053374458,0.9647737646046475
moderate,Bank A,14,2.5,0.021210161258988967,0.9591943182837247
moderate,Bank A,14,2.75,0.024715213799508216,0.9537036735049469
moderate,Bank A,14,3.0,0.022940894473723286,0.9480393358327787
moderate,Bank A,14,3.25,0.024812630516636538,0.9423971646690591
moderate,Bank A,14,3.5,0.021764796379952087,0.9369263019119842
moderate,Bank A,14,3.75,0.019674806280324912,0.9320856182769548
moderate,Bank A,14,4.0,0.023666419422608536,0.9270495557703086
moderate,Bank A,14,4.25,0.019688394020063137,0.9220391370757095
moderate,Bank A,14,4.5,0.018475763776112104,0.9176510063396588
moderate,Bank A,14,4.75,0.01737523684467705,0.913547868706126
moderate,Bank A,14,5.0,0.012979687907362852,0.9100881020652982
moderate,Bank A,15,0.0,0.015,1.0
moderate,Bank A,15,0.25,0.01407582529889512,0.9963721185590945
moderate,Bank A,15,0.5,0.013705626694474319,0.9929180364713783
moderate,Bank A,15,0.75,0.015425520796657377,0.9893090061879909
moderate,Bank A,15,1.0,0.014948324164369454,0.9855599879012487
moderate,Bank A,15,1.25,0.010925625232056792,0.9823775958342652
moderate,Bank A,15,1.5,0.01577714550072737,0.9791040367278714
moderate,Bank A,15,1.75,0.01883342516394331,0.974877267819437
moderate,Bank A,15,2.0,0.019182744640827677,0.970255620131417
moderate,Bank A,15,2.25,0.012266239553766305,0.9664489131427002
moderate,Bank A,15,2.5,0.010213805059099294,0.9637369983395917
moderate,Bank A,15,2.75,0.010926946330830873,0.9611935948750782
moderate,Bank A,15,3.0,0.015272254568178732,0.958050930627703
moderate,Bank A,15,3.25,0.00883248910093167,0.9551685786924455
moderate,Bank A,15,3.5,0.00801918481570256,0.953158672650271
moderate,Bank A,15,3.75,0.007749582813500865,0.9512817558466677
moderate,Bank A,15,4.0,0.01009548740830551,0.9491621595303886
moderate,Bank A,15,4.25,0.012925038166021769,0.9464348090065463
moderate,Bank A,15,4.5,0.01510919719964863,0.9431240412978874
moderate,Bank A,15,4.75,0.011382491741163462,0.9400060880457654
moderate,Bank A,15,5.0,0.013183609605815359,0.9371239798424464
moderate,Bank A,16,0.0,0.015,1.0
moderate,Bank A,16,0.25,0.013650735727799578,0.9964250633902917
moderate,Bank A,16,0.5,0.0158873879104757,0.9927527812426751
moderate,Bank A,16,0.75,0.019648108718025973,0.9883528152743867
moderate,Bank A,16,1.0,0.022651826295843842,0.9831406994454983
moderate,Bank A,16,1.25,0.021632848528638553,0.97771347645684
moderate,Bank A,16,1.5,0.019213215205312745,0.9727342303149511
moderate,Bank A,16,1.75,0.018247704830635928,0.9681899383011884
moderate,Bank A,16,2.0,0.021326926904003073,0.9634122951037395
moderate,Bank A,16,2.25,0.025956314215820276,0.9577349324068867
moderate,Bank A,16,2.5,0.02426240547966427,0.9517417349917119
moderate,Bank A,16,2.75,0.021667393240902808,0.9462932272215026
moderate,Bank A,16,3.0,0.01823700421481021,0.9415848222317613
moderate,Bank A,16,3.25,0.021685845786683245,0.9368976835023198
moderate,Bank A,16,3.5,0.01859973717818493,0.9321916089621145
moderate,Bank A,16,3.75,0.018230482111127447,0.9279098699391308
moderate,Bank A,16,4.0,0.020255772826978043,0.9234566183620362
moderate,Bank A,16,4.25,0.020023033387198866,0.9188188371551181
moderate,Bank A,16,4.5,0.01763609951018886,0.9145037614120033
moderate,Bank A,16,4.75,0.014668097435863319,0.9108184184703517
moderate,Bank A,16,5.0,0.016653905520053875,0.9072593082711794
moderate,Bank A,17,0.0,0.015,1.0
moderate,Bank A,17,0.25,0.013412293439008181,0.9964547625669763
moderate,Bank A,17,0.5,0.013341610363977043,0.9931279466419071
moderate,Bank A,17,0.75,0.019449294892229806,0.9890655823164741
moderate,Bank A,17,1.0,0.020398140051554856,0.9841513653544549
moderate,Bank A,17,1.25,0.022582972836018223,0.9788780537226346
moderate,Bank A,17,1.5,0.013898638321660996,0.9744243353013582
moderate,Bank A,17,1.75,0.016200283055315807,0.9707650831572748
moderate,Bank A,17,2.0,0.018292974996083504,0.966588487337409
moderate,Bank A,17,2.25,0.02118036667830902,0.9618309245935437
moderate,Bank A,17,2.5,0.019167106284201842,0.9569922058266976
moderate,Bank A,17,2.75,0.015014822843041961,0.9529119490054653
moderate,Bank A,17,3.0,0.020679262801703083,0.9486697547808045
moderate,Bank A,17,3.25,0.01502814654007396,0.9444448731105569
moderate,Bank A,17,3.5,0.015889962230688632,0.9408018611706226
moderate,Bank A,17,3.75,0.01846005594903529,0.9367709510988451
moderate,Bank A,17,4.0,0.025149847687757333,0.9316782830193472
moderate,Bank A,17,4.25,0.027294292240257218,0.9255906254132967
moderate,Bank A,17,4.5,0.028555903560789866,0.9191513266151417
moderate,Bank A,17,4.75,0.02263375479721911,0.9132887228621736
moderate,Bank A,17,5.0,0.018426298921581548,0.9086132710171165
moderate,Bank A,18,0.0,0.015,1.0
moderate,Bank A,18,0.25,0.02110789040117435,0.9954966841719617
moderate,Bank A,18,0.5,0.022053673782836264,0.9901402474231216
moderate,Bank A,18,0.75,0.020028447499769272,0.9849455219707569
moderate,Bank A,18,1.0,0.02065618437854799,0.9799492190379826
moderate,Bank A,18,1.25,0.021306776132998285,0.9748224803158778
moderate,Bank A,18,1.5,0.02028835360663844,0.969767150580331
moderate,Bank A,18,1.75,0.016592307296102244,0.9653067332468489
moderate,Bank A,18,2.0,0.013419460932406401,0.9616921971562162
moderate,Bank A,18,2.25,0.011411157896787236,0.9587118981682717
moderate,Bank A,18,2.5,0.009716124177861421,0.9561833663630331
moderate,Bank A,18,2.75,0.014080259841692757,0.9533433789740569
moderate,Bank A,18,3.0,0.009989815775085693,0.9504793088810705
moderate,Bank A,18,3.25,0.009100444215644063,0.9482139007676448
moderate,Bank A,18,3.5,0.009256128498165914,0.9460406503832522
moderate,Bank A,18,3.75,0.0056311614671986565,0.9442817897474374
moderate,Bank A,18,4.0,0.008285539248988713,0.9426405568130886
moderate,Bank A,18,4.25,0.009208341895710305,0.9405815037026051
moderate,Bank A,18,4.5,0.01044700464900967,0.9382734083384495
moderate,Bank A,18,4.75,0.007760412429430365,0.9361403946411456
moderate,Bank A,18,5.0,0.011689443867972651,0.9338671845926729
moderate,Bank A,19,0.0,0.015,1.0
moderate,Bank A,19,0.25,0.010914461357316153,0.9967659332269387
moderate,Bank A,19,0.5,0.007834314080950557,0.9944326508507743
moderate,Bank A,19,0.75,0.010865868257777673,0.99211085654471
moderate,Bank A,19,1.0,0.016260031650397452,0.9887525658293173
moderate,Bank A,19,1.25,0.01969578493884808,0.9843186117071929
moderate,Bank A,19,1.5,0.017608592224298447,0.9797393725164142
moderate,Bank A,19,1.75,0.009296164996147627,0.9764499506906726
moderate,Bank A,19,2.0,0.007361929784843639,0.9744188415965986
moderate,Bank A,19,2.25,0.010542637096359525,0.9722404617751251
moderate,Bank A,19,2.5,0.014315046064541183,0.9692241946208531
moderate,Bank A,19,2.75,0.018756987503924467,0.9652256883487574
moderate,Bank A,19,3.0,0.015100558786416154,0.9611492987895387
moderate,Bank A,19,3.25,0.014015703209264287,0.9576575225109295
moderate,Bank A,19,3.5,0.01912997436543765,0.9536979549010922
moderate,Bank A,19,3.75,0.020113073658651736,0.9490311586353803
moderate,Bank A,19,4.0,0.020232768808959793,0.944257024580109
moderate,Bank A,19,4.25,0.022643704529563904,0.9392097608239148
moderate,Bank A,19,4.5,0.022928010569921116,0.9338747955154904
moderate,Bank A,19,4.75,0.023869318127971,0.9284278866256662
moderate,Bank A,19,5.0,0.024226658482693255,0.9228629259111615
moderate,Bank A,20,0.0,0.015,1.0
moderate,Bank A,20,0.25,0.01847434486857951,0.995824448848616
moderate,Bank A,20,0.5,0.023727305573234544,0.9905851009077529
moderate,Bank A,20,0.75,0.02180252025417813,0.984963467192807
moderate,Bank A,20,1.0,0.02003920024237079,0.9798253448862837
moderate,Bank A,20,1.25,0.014925237090319917,0.9755523092226004
moderate,Bank A,20,1.5,0.017334402181024385,0.9716263594519688
moderate,Bank A,20,1.75,0.02144003441064051,0.9669284704404802
moderate,Bank A,20,2.0,0.03299928740880515,0.9603709411883438
moderate,Bank A,20,2.25,0.021704744914485603,0.9538263223783875
moderate,Bank A,20,2.5,0.023066820041747437,0.9485031944262234
moderate,Bank A,20,2.75,0.020041768781300748,0.9434058611623749
moderate,Bank A,20,3.0,0.01341765696326043,0.9394683737365896
moderate,Bank A,20,3.25,0.01792969152105219,0.9357943463134423
moderate,Bank A,20,3.5,0.016056376118107035,0.931827282592034
moderate,Bank A,20,3.75,0.01131554113528847,0.9286444932282494
moderate,Bank A,20,4.0,0.013735064965380968,0.9257411528269397
moderate,Bank A,20,4.25,0.012338303673880432,0.922728915399102
moderate,Bank A,20,4.5,0.0060363810822015515,0.9206119908266287
moderate,Bank A,20,4.75,0.009823279388291053,0.9187887244978802
moderate,Bank A,20,5.0,0.009221684931737717,0.9166040386741718
moderate,Bank A,21,0.0,0.015,1.0
moderate,Bank A,21,0.25,0.011654106128104533,0.9966737808982272
moderate,Bank A,21,0.5,0.012190767708133234,0.9937075086732747
moderate,Bank A,21,0.75,0.019860900774518797,0.9897342254308458
moderate,Bank A,21,1.0,0.022739605610782008,0.9844778357569093
moderate,Bank A,21,1.25,0.02851171620547928,0.9781910214327677
moderate,Bank A,21,1.5,0.0281704141568936,0.9712847727554293
moderate,Bank A,21,1.75,0.03603488848146623,0.9635207659819456
moderate,Bank A,21,2.0,0.03613390960624964,0.9548678371786141
moderate,Bank A,21,2.25,0.023994691243625785,0.94771788225616
moderate,Bank A,21,2.5,0.021162700841211052,0.9423833936455157
moderate,Bank A,21,2.75,0.018606372391813192,0.93771030427169
moderate,Bank A,21,3.0,0.018962663652281306,0.9333170190363755
moderate,Bank A,21,3.25,0.01904208260271189,0.9288937244314892
moderate,Bank A,21,3.5,0.018175732515082896,0.9245823366221638
moderate,Bank A,21,3.75,0.020436492015957108,0.9201305659649237
moderate,Bank A,21,4.0,0.020792910259470828,0.9154007103475481
moderate,Bank A,21,4.25,0.017793356822404228,0.9109961041814496
moderate,Bank A,21,4.5,0.021597331588883297,0.9065215337866785
moderate,Bank A,21,4.75,0.021987738358524356,0.9015961125891161
moderate,Bank A,21,5.0,0.025406486123647154,0.8962705970134445
moderate,Bank A,22,0.0,0.015,1.0
moderate,Bank A,22,0.25,0.010224286629452024,0.996851929768514
moderate,Bank A,22,0.5,0.012710785067527246,0.9939981636212468
moderate,Bank A,22,0.75,0.017780794192258812,0.990216802704304
moderate,Bank A,22,1.0,0.01685221852735706,0.9859392944318168
moderate,Bank A,22,1.25,0.020081776128129232,0.9813979510412733
moderate,Bank A,22,1.5,0.024497731044034316,0.9759443803719696
moderate,Bank A,22,1.75,0.031336275067028005,0.9691567337059742
moderate,Bank A,22,2.0,0.03256984620760574,0.9614456926613875
moderate,Bank A,22,2.25,0.022232673078610255,0.9548819942653111
moderate,Bank A,22,2.5,0.029734735227584345,0.9486992545064795
moderate,Bank A,22,2.75,0.026392297995620016,0.9420665893792866
moderate,Bank A,22,3.0,0.02095425039282455,0.9365076053544886
moderate,Bank A,22,3.25,0.021903412742588488,0.931503954186921
moderate,Bank A,22,3.5,0.023280222083002493,0.926257691645568
moderate,Bank A,22,3.75,0.026183693409026897,0.9205483188074103
moderate,Bank A,22,4.0,0.02818327409731145,0.9143136004063908
moderate,Bank A,22,4.25,0.03879619813070717,0.9066905264773215
moderate,Bank A,22,4.5,0.038295512971268555,0.8979951993527509
moderate,Bank A,22,4.75,0.027939514820215533,0.8905910504002449
moderate,Bank A,22,5.0,0.01970691345032026,0.8853026291065859
moderate,Bank A,23,0.0,0.015,1.0
moderate,Bank A,23,0.25,0.017858544517584264,0.9959011054295414
moderate,Bank A,23,0.5,0.017286322360292542,0.9915356000478709
moderate,Bank A,23,0.75,0.014776707154391363,0.9875695985819524
moderate,Bank A,23,1.0,0.018037751534609604,0.9835270748521944
moderate,Bank A,23,1.25,0.02414184868137762,0.9783551239074186
moderate,Bank A,23,1.5,0.019859675192698153,0.9729887559164058
moderate,Bank A,23,1.75,0.020232850496264353,0.9681247571349659
moderate,Bank A,23,2.0,0.01909065710414273,0.9633776760298534
moderate,Bank A,23,2.25,0.016611917025151912,0.9590878726022072
moderate,Bank A,23,2.5,0.015107345580930572,0.9552927063046344
moderate,Bank A,23,2.75,0.014134435820306214,0.9518072726418566
moderate,Bank A,23,3.0,0.018320346082949024,0.947953757308497
moderate,Bank A,23,3.25,0.02049008073465996,0.9433660831650377
moderate,Bank A,23,3.5,0.017496420474708445,0.9388973040341648
moderate,Bank A,23,3.75,0.02097264423515902,0.9343933290513932
moderate,Bank A,23,4.0,0.02186221088007221,0.9294036239444046
moderate,Bank A,23,4.25,0.024994530965755594,0.9239759315003157
moderate,Bank A,23,4.5,0.032758818661487124,0.917329612686473
moderate,Bank A,23,4.75,0.02587193367854743,0.910631222729131
moderate,Bank A,23,5.0,0.01759564700195218,0.9056967733867493
moderate,Bank A,24,0.0,0.015,1.0
moderate,Bank A,24,0.25,0.01705150110984968,0.9960015774250215
moderate,Bank A,24,0.5,0.02248090917251189,0.9910919251897975
moderate,Bank A,24,0.75,0.023116149095750396,0.9854591333270188
moderate,Bank A,24,1.0,0.02419119517090892,0.9796488976244467
moderate,Bank A,24,1.25,0.02164589720219339,0.9740519151472332
moderate,Bank A,24,1.5,0.02064430216662839,0.9689163947818058
moderate,Bank A,24,1.75,0.013889426538600142,0.9647428722291451
moderate,Bank A,24,2.0,0.01766845706173874,0.960944713112585
moderate,Bank A,24,2.25,0.012007696949649404,0.9573866735878398
moderate,Bank A,24,2.5,0.01546725083268747,0.9541042946554323
moderate,Bank A,24,2.75,0.013485944343219456,0.9506574896860857
moderate,Bank A,24,3.0,0.016101276145631005,0.9471480692165287
moderate,Bank A,24,3.25,0.014423923424224449,0.943540969827811
moderate,Bank A,24,3.5,0.017179391755793798,0.9398209446542936
moderate,Bank A,24,3.75,0.021006278442840545,0.9353456722760631
moderate,Bank A,24,4.0,0.02108120238205679,0.9304378007119094
moderate,Bank A,24,4.25,0.023135913833060417,0.9253093271167635
moderate,Bank A,24,4.5,0.020701888018738575,0.9202527532207935
moderate,Bank A,24,4.75,0.01583994611163934,0.9160588733332763
moderate,Bank A,24,5.0,0.01688129406175173,0.9123197026390879
moderate,Bank A,25,0.0,0.015,1.0
moderate,Bank A,25,0.25,0.024941578487053945,0.9950197454860183
moderate,Bank A,25,0.5,0.027115281639846656,0.9885660651895516
moderate,Bank A,25,0.75,0.028313366072194972,0.9817403786352825
moderate,Bank A,25,1.0,0.024706688811827554,0.9752554008949569
moderate,Bank A,25,1.25,0.020332878517974287,0.9697801927582316
moderate,Bank A,25,1.5,0.01886624387837648,0.9650399988979123
moderate,Bank A,25,1.75,0.014385481024174938,0.9610371679049958
moderate,Bank A,25,2.0,0.019063045090798782,0.9570273967038618
moderate,Bank A,25,2.25,0.01997350598481373,0.9523688905913988
moderate,Bank A,25,2.5,0.02207943816495644,0.947375786039788
moderate,Bank A,25,2.75,0.0247430190173987,0.9418471730025973
moderate,Bank A,25,3.0,0.016238931510982997,0.9370346683599783
moderate,Bank A,25,3.25,0.00958352761000244,0.9340149770453962
moderate,Bank A,25,3.5,0.01750894083570541,0.9308572305982995
moderate,Bank A,25,3.75,0.016569232184995415,0.9269004249056088
moderate,Bank A,25,4.0,0.018725789884012772,0.922820061188047
moderate,Bank A,25,4.25,0.014377935586171016,0.9190093531695444
moderate,Bank A,25,4.5,0.013476959896097328,0.9158150537664613
moderate,Bank A,25,4.75,0.0168414738750658,0.9123508624593359
moderate,Bank A,25,5.0,0.021524357999712782,0.9079859498190985
moderate,Bank A,26,0.0,0.015,1.0
moderate,Bank A,26,0.25,0.013711121882161411,0.996417542133967
moderate,Bank A,26,0.5,0.020152787446666435,0.9922086323896989
moderate,Bank A,26,0.75,0.018044182303448394,0.9874825037156374
moderate,Bank A,26,1.0,0.022930605978718856,0.9824376982935068
moderate,Bank A,26,1.25,0.025308799370362123,0.9765314968722902
moderate,Bank A,26,1.5,0.023258554651139914,0.9706210121977612
moderate,Bank A,26,1.75,0.028858813291171494,0.9643182880228953
moderate,Bank A,26,2.0,0.02337674346383084,0.9580423367252529
moderate,Bank A,26,2.25,0.02576702200696079,0.9521751501647603
moderate,Bank A,26,2.5,0.025599480325731134,0.9460809974245581
moderate,Bank A,26,2.75,0.023613816163204213,0.9402788914409719
moderate,Bank A,26,3.0,0.020999315179759177,0.9350498869235592
moderate,Bank A,26,3.25,0.02229988270820804,0.9300026941957872
moderate,Bank A,26,3.5,0.02458537075524017,0.9245682080745904
moderate,Bank A,26,3.75,0.03169514935969048,0.9180866364915257
moderate,Bank A,26,4.0,0.027058455633161206,0.9113687230901906
moderate,Bank A,26,4.25,0.02310695097244469,0.9056717060115128
moderate,Bank A,26,4.5,0.02087975310853553,0.9007056817964562
moderate,Bank A,26,4.75,0.01011504256809854,0.8972227845621491
moderate,Bank A,26,5.0,0.011303464965576953,0.8948238507227044
moderate,Bank A,27,0.0,0.015,1.0
moderate,Bank A,27,0.25,0.008887193757159812,0.9970185541438957
moderate,Bank A,27,0.5,0.010220512466944017,0.9946400535512172
moderate,Bank A,27,0.75,0.006036180096399347,0.9926209110869552
moderate,Bank A,27,1.0,0.006072956782626136,0.9911195748063402
moderate,Bank A,27,1.25,0.0089180451513285,0.9892640793999042
moderate,Bank A,27,1.5,0.011006938418852301,0.9868032613408692
moderate,Bank A,27,1.75,0.007358785946163708,0.9845404401440467
moderate,Bank A,27,2.0,0.00964821779709955,0.9824496529392108
moderate,Bank A,27,2.25,0.008960841839531983,0.9801670008213713
moderate,Bank A,27,2.5,0.007951835475131104,0.9780970336103693
moderate,Bank A,27,2.75,0.009310292992654139,0.9759888043800746
moderate,Bank A,27,3.0,0.0063894307070084715,0.9740753382294566
moderate,Bank A,27,3.25,0.010261531347842622,0.9720500352263959
moderate,Bank A,27,3.5,0.015921147938275034,0.9688738762931209
moderate,Bank A,27,3.75,0.02031337056240792,0.9644954645813554
moderate,Bank A,27,4.0,0.01844935678288237,0.959833458865915
moderate,Bank A,27,4.25,0.017928624220844815,0.9554787668842927
moderate,Bank A,27,4.5,0.02264797413090152,0.9506447766578398
moderate,Bank A,27,4.75,0.022033366206330302,0.9453500659938407
moderate,Bank A,27,5.0,0.018458905429704756,0.9405772336520436
moderate,Bank A,28,0.0,0.015,1.0
moderate,Bank A,28,0.25,0.009687027826611412,0.9969188779508197
moderate,Bank A,28,0.5,0.013145666628524639,0.9940776414302341
moderate,Bank A,28,0.75,0.012220639316412775,0.9909306236322082
moderate,Bank A,28,1.0,0.0036054217167945275,0.9889722452931701
moderate,Bank A,28,1.25,0.00710628084954061,0.9876489343557052
moderate,Bank A,28,1.5,0.007936904601118388,0.9857935061144101
moderate,Bank A,28,1.75,0.009358477501044828,0.9836645987899457
moderate,Bank A,28,2.0,0.011487245474086857,0.9811047853450893
moderate,Bank A,28,2.25,0.012549661573353176,0.9781613689075107
moderate,Bank A,28,2.5,0.018430151845159996,0.9743807866525614
moderate,Bank A,28,2.75,0.007469209846587839,0.971231407283089
moderate,Bank A,28,3.0,0.012822025653235944,0.9687710931267146
moderate,Bank A,28,3.25,0.008724579797023443,0.9661653876442088
moderate,Bank A,28,3.5,0.008966890519482506,0.9640311376057761
moderate,Bank A,28,3.75,0.009598141993933993,0.9617965727299951
moderate,Bank A,28,4.0,0.009429845267328775,0.9595116595216744
moderate,Bank A,28,4.25,0.013238353902780836,0.9567967076045869
moderate,Bank A,28,4.5,0.020622190184732606,0.9527555587187314
moderate,Bank A,28,4.75,0.02023872315316797,0.9479016574089181
moderate,Bank A,28,5.0,0.01916744675934766,0.943243991403512
moderate,Bank A,29,0.0,0.015,1.0
moderate,Bank A,29,0.25,0.024543772284335692,0.9950692248445305
moderate,Bank A,29,0.5,0.02493032543162566,0.9889344449324129
moderate,Bank A,29,0.75,0.031364606930470156,0.9819998726663975
moderate,Bank A,29,1.0,0.03852215586725785,0.9734586354277857
moderate,Bank A,29,1.25,0.022935671449156928,0.9660089555474225
moderate,Bank A,29,1.5,0.021358171685309388,0.9606752038028542
moderate,Bank A,29,1.75,0.022233696833567452,0.9554547364435039
moderate,Bank A,29,2.0,0.018253982559837362,0.950631433878551
moderate,Bank A,29,2.25,0.020181565078634504,0.946075132917581
moderate,Bank A,29,2.5,0.017962917357144004,0.9415749267841687
moderate,Bank A,29,2.75,0.015900772175551983,0.9375977003214004
moderate,Bank A,29,3.0,0.01694255937958898,0.9337563618466482
moderate,Bank A,29,3.25,0.020550902164923175,0.9293903810409425
moderate,Bank A,29,3.5,0.025969617014997243,0.9240015989041298
moderate,Bank A,29,3.75,0.022065688176119338,0.9184701347708647
moderate,Bank A,29,4.0,0.02307992061388335,0.9133016202966837
moderate,Bank A,29,4.25,0.022819619425552204,0.9080766081970058
moderate,Bank A,29,4.5,0.02104234803926579,0.9031114785764371
moderate,Bank A,29,4.75,0.02560900495391094,0.8978603825803183
moderate,Bank A,29,5.0,0.02515723828834412,0.8921807975168852
moderate,Bank A,30,0.0,0.015,1.0
moderate,Bank A,30,0.25,0.018098041706260302,0.9958712914364478
moderate,Bank A,30,0.5,0.014650679371032144,0.9918029353149541
moderate,Bank A,30,0.75,0.018682878828128687,0.9876789927779929
moderate,Bank A,30,1.0,0.017039162518590317,0.9832785858322174
moderate,Bank A,30,1.25,0.017227314565534422,0.9790759063054364
moderate,Bank A,30,1.5,0.017506156240659678,0.9748342828114193
moderate,Bank A,30,1.75,0.014794843381799132,0.9709062029792921
moderate,Bank A,30,2.0,0.016641583705238112,0.9670984614834808
moderate,Bank A,30,2.25,0.01932679414232412,0.9627601011682424
moderate,Bank A,30,2.5,0.01878884062935196,0.9581839846253035
moderate,Bank A,30,2.75,0.020819388553667523,0.9534517127410407
moderate,Bank A,30,3.0,0.031611407765923485,0.9472233657903318
moderate,Bank A,30,3.25,0.02531991309444126,0.9405064596133015
moderate,Bank A,30,3.5,0.026281671204055203,0.934459529606678
moderate,Bank A,30,3.75,0.021605080864114595,0.9288827082730612
moderate,Bank A,30,4.0,0.017064198529655777,0.9244036390213939
moderate,Bank A,30,4.25,0.020255974248698613,0.9201013190908461
moderate,Bank A,30,4.5,0.023220967661961772,0.9151144831878941
moderate,Bank A,30,4.75,0.02827710729886662,0.9092425736853272
moderate,Bank A,30,5.0,0.022967470269952862,0.903436968697734
moderate,Bank A,31,0.0,0.015,1.0
moderate,Bank A,31,0.25,0.01344283419034574,0.9964509585145971
moderate,Bank A,31,0.5,0.012427040562940935,0.9932339051791089
moderate,Bank A,31,0.75,0.009882164030752707,0.9904679812692048
moderate,Bank A,31,1.0,0.010150948386427543,0.9879908145967748
moderate,Bank A,31,1.25,0.008267620080999596,0.9857187590430888
moderate,Bank A,31,1.5,0.008088412493253512,0.9837055117739938
moderate,Bank A,31,1.75,0.006496649293717586,0.9819137198988168
moderate,Bank A,31,2.0,0.010923485455410983,0.9797779124569996
moderate,Bank A,31,2.25,0.01692600738858887,0.976373052626535
moderate,Bank A,31,2.5,0.021331845869390846,0.9717149574275911
moderate,Bank A,31,2.75,0.018762588719300154,0.9668570956972575
moderate,Bank A,31,3.0,0.025169138618878272,0.9615621846273928
moderate,Bank A,31,3.25,0.015004024814888665,0.956745663829354
moderate,Bank A,31,3.5,0.017294942489723325,0.9528907138828125
moderate,Bank A,31,3.75,0.012606726535987428,0.9493357339181576
moderate,Bank A,31,4.0,0.01965779463334089,0.9455147114532172
moderate,Bank A,31,4.25,0.018886482981847308,0.940970145491788
moderate,Bank A,31,4.5,0.01671581112205548,0.9367918626832002
moderate,Bank A,31,4.75,0.008875113934103097,0.9337999792571042
moderate,Bank A,31,5.0,0.010844827496750533,0.9315010037876535
moderate,Bank A,32,0.0,0.015,1.0
moderate,Bank A,32,0.25,0.012372417988966712,0.9965842945909509
moderate,Bank A,32,0.5,0.016730954310827897,0.9929653857661229
moderate,Bank A,32,0.75,0.015206693829706455,0.9890091656551211
moderate,Bank A,32,1.0,0.02051524283766388,0.9846028452725919
moderate,Bank A,32,1.25,0.02222389489812015,0.9793567365578757
moderate,Bank A,32,1.5,0.027095770903113374,0.9733376160665653
moderate,Bank A,32,1.75,0.030866103042686187,0.9663110423640018
moderate,Bank A,32,2.0,0.03121586385341921,0.9588412522865883
moderate,Bank A,32,2.25,0.03135149184369592,0.9513714803927888
moderate,Bank A,32,2.5,0.01969802528502327,0.9453199271464343
moderate,Bank A,32,2.75,0.02675236449205568,0.9398470213002579
moderate,Bank A,32,3.0,0.027190292869670864,0.9335311080712171
moderate,Bank A,32,3.25,0.031957661145272265,0.9266545035826899
moderate,Bank A,32,3.5,0.03240412393488109,0.9192292702121345
moderate,Bank A,32,3.75,0.031337688133357994,0.9119342039286491
moderate,Bank A,32,4.0,0.02892646705445623,0.9050903955145079
moderate,Bank A,32,4.25,0.02609212908980767,0.8988871504609095
moderate,Bank A,32,4.5,0.021550726776129542,0.893549865086589
moderate,Bank A,32,4.75,0.021816343796898948,0.8887191403076496
moderate,Bank A,32,5.0,0.02515704297725797,0.8835161618620586
moderate,Bank A,33,0.0,0.015,1.0
moderate,Bank A,33,0.25,0.00965007512270577,0.9969234828174692
moderate,Bank A,33,0.5,0.006767826334447014,0.9948796568055239
moderate,Bank A,33,0.75,0.009882362418805853,0.9928111933123389
moderate,Bank A,33,1.0,0.012665837146118434,0.9900168699825683
moderate,Bank A,33,1.25,0.013529426209327441,0.986780452470364
moderate,Bank A,33,1.5,0.007217451530825974,0.984224691231415
moderate,Bank A,33,1.75,0.007489631494344523,0.9824169691043316
moderate,Bank A,33,2.0,0.004317198760369629,0.9809681347019827
moderate,Bank A,33,2.25,0.008599049725976362,0.9793856090410404
moderate,Bank A,33,2.5,0.008425181903222652,0.9773036641134312
moderate,Bank A,33,2.75,0.004175810244354732,0.9757655013553391
moderate,Bank A,33,3.0,0.0036689391100472916,0.9748091408591459
moderate,Bank A,33,3.25,0.005628007355205537,0.973676955303796
moderate,Bank A,33,3.5,0.0073739139851612834,0.9720957816473352
moderate,Bank A,33,3.75,0.01051709127795183,0.9699242394012902
moderate,Bank A,33,4.0,0.011946451861225256,0.967204567655521
moderate,Bank A,33,4.25,0.007564897242687224,0.9648485086946571
moderate,Bank A,33,4.5,0.011595845245420592,0.9625403721717414
moderate,Bank A,33,4.75,0.012220972752684025,0.959679052398384
moderate,Bank A,33,5.0,0.015534180813721831,0.9563553164731244
moderate,Bank A,34,0.0,0.015,1.0
moderate,Bank A,34,0.25,0.019757861360790878,0.9956646920266854
moderate,Bank A,34,0.5,0.0209897059155842,0.9906062212335549
moderate,Bank A,34,0.75,0.015905045341651658,0.9860482184451806
moderate,Bank A,34,1.0,0.018196539797352418,0.9818539383621263
moderate,Bank A,34,1.25,0.01512868321246643,0.977772382753836
moderate,Bank A,34,1.5,0.01779121094723008,0.9737571293579652
moderate,Bank A,34,1.75,0.0200319909900479,0.9691641688753075
moderate,Bank A,34,2.0,0.019717208425282354,0.9643606747210719
moderate,Bank A,34,2.25,0.02217771428192723,0.9593236483558956
moderate,Bank A,34,2.5,0.027193852154447362,0.9534214656841884
moderate,Bank A,34,2.75,0.03029537088512096,0.9465945921300243
moderate,Bank A,34,3.0,0.03464081741561296,0.9389421610424488
moderate,Bank A,34,3.25,0.02992892192467557,0.931394256084527
moderate,Bank A,34,3.5,0.02613069618309987,0.9248903697471518
moderate,Bank A,34,3.75,0.02101638078592544,0.9194556651977895
moderate,Bank A,34,4.0,0.017090739098901242,0.9150863539183703
moderate,Bank A,34,4.25,0.013383677164370772,0.9116071444970324
moderate,Bank A,34,4.5,0.012565771717910443,0.908654972163674
moderate,Bank A,34,4.75,0.00899929640131289,0.9062088697462596
moderate,Bank A,34,5.0,0.010475198668548678,0.9040055575880233
moderate,Bank A,35,0.0,0.015,1.0
moderate,Bank A,35,0.25,0.016969025620354364,0.996011845692656
moderate,Bank A,35,0.5,0.018535685237401716,0.9916012511633319
moderate,Bank A,35,0.75,0.020293502903640296,0.9868000283700478
moderate,Bank A,35,1.0,0.02136361671738286,0.9816749775257511
moderate,Bank A,35,1.25,0.022908080577976456,0.9762574294238318
moderate,Bank A,35,1.5,0.018565861749872285,0.9712093703711971
moderate,Bank A,35,1.75,0.01754946317612773,0.9668348093461738
moderate,Bank A,35,2.0,0.024869566767098304,0.9617218524016261
moderate,Bank A,35,2.25,0.02775548782574542,0.95541628145464
moderate,Bank A,35,2.5,0.017613856385769865,0.9500132903036214
moderate,Bank A,35,2.75,0.023974856866974415,0.9450873765087484
moderate,Bank A,35,3.0,0.024329313188711423,0.9393981120742804
moderate,Bank A,35,3.25,0.024818764725776578,0.933644602092045
moderate,Bank A,35,3.5,0.029437169475552683,0.9273340553059269
moderate,Bank A,35,3.75,0.020323336176690993,0.9215838806324343
moderate,Bank A,35,4.0,0.020959838239995914,0.9168403917907566
moderate,Bank A,35,4.25,0.023160845504223367,0.9117978564573707
moderate,Bank A,35,4.5,0.019540867857002486,0.9069439061428941
moderate,Bank A,35,4.75,0.017216569177018363,0.9027863480903198
moderate,Bank A,35,5.0,0.017806339849746517,0.8988427112235908
moderate,Bank A,36,0.0,0.015,1.0
moderate,Bank A,36,0.25,0.02115504202372682,0.9954908167787647
moderate,Bank A,36,0.5,0.021359497161470047,0.9902144950534346
moderate,Bank A,36,0.75,0.017562002964371735,0.9854086160849975
moderate,Bank A,36,1.0,0.010496701626185219,0.9819585088106014
moderate,Bank A,36,1.25,0.010226428839236535,0.9794181437147335
moderate,Bank A,36,1.5,0.006052610748748334,0.9774271717543607
moderate,Bank A,36,1.75,0.010950547867995205,0.9753519592038609
moderate,Bank A,36,2.0,0.013978199281892242,0.97231740184476
moderate,Bank A,36,2.25,0.009457147467486254,0.9694732453080149
moderate,Bank A,36,2.5,0.013693663218509934,0.9666717893157263
moderate,Bank A,36,2.75,0.013124515378915824,0.9634366677631977
moderate,Bank A,36,3.0,0.01355532866946166,0.9602289770234592
moderate,Bank A,36,3.25,0.015510577586484855,0.956746566389246
moderate,Bank A,36,3.5,0.01585874998822036,0.9530023499777566
moderate,Bank A,36,3.75,0.015900460120744014,0.9492265245304065
moderate,Bank A,36,4.0,0.012600618203274688,0.9458507939082259
moderate,Bank A,36,4.25,0.011039347881482442,0.9430599343419805
moderate,Bank A,36,4.5,0.01209118732399605,0.940337187274547
moderate,Bank A,36,4.75,0.008493094354938675,0.937920776670481
moderate,Bank A,36,5.0,0.010328050488864475,0.9357167774501318
moderate,Bank A,37,0.0,0.015,1.0
moderate,Bank A,37,0.25,0.01849980833691334,0.9958212792106205
moderate,Bank A,37,0.5,0.018866061110192955,0.9911809086253536
moderate,Bank A,37,0.75,0.016280165758678793,0.9868359263368534
moderate,Bank A,37,1.0,0.017574657391902778,0.982668605829162
moderate,Bank A,37,1.25,0.019099496291491505,0.9781740982828889
moderate,Bank A,37,1.5,0.022914178252571683,0.973050477914692
moderate,Bank A,37,1.75,0.02598418319784971,0.9671210458472589
moderate,Bank A,37,2.0,0.03252322057113749,0.9600738790320248
moderate,Bank A,37,2.25,0.03331885627647793,0.9522046490892611
moderate,Bank A,37,2.5,0.03812406416898393,0.9437389710253653
moderate,Bank A,37,2.75,0.0332249473983907,0.9353595377409062
moderate,Bank A,37,3.0,0.033540897978982076,0.9275857629934703
moderate,Bank A,37,3.25,0.02877639976416813,0.9203882527032853
moderate,Bank A,37,3.5,0.02802449066748844,0.9138765379713885
moderate,Bank A,37,3.75,0.018331685243504238,0.9085963730669256
moderate,Bank A,37,4.0,0.019887672615842025,0.9042659791164981
moderate,Bank A,37,4.25,0.03392109144106173,0.8982042086537046
moderate,Bank A,37,4.5,0.033723216919264075,0.8906414271006623
moderate,Bank A,37,4.75,0.0333112765632654,0.8832096450759532
moderate,Bank A,37,5.0,0.02824753742265339,0.8764395586054563
moderate,Bank A,38,0.0,0.015,1.0
moderate,Bank A,38,0.25,0.01907906839437761,0.9957491768845993
moderate,Bank A,38,0.5,0.016468821656140182,0.9913343948779568
moderate,Bank A,38,0.75,0.023330545750235306,0.9864148320170553
moderate,Bank A,38,1.0,0.02250147410002767,0.9807798159199073
moderate,Bank A,38,1.25,0.02351920514628419,0.9751539937789522
moderate,Bank A,38,1.5,0.023297165245189724,0.9694640127135443
moderate,Bank A,38,1.75,0.020966225029152206,0.9641148541092712
moderate,Bank A,38,2.0,0.013015421913211265,0.9600282632487611
moderate,Bank A,38,2.25,0.010815834058241464,0.9571726837032147
moderate,Bank A,38,2.5,0.009216146192420987,0.9547789239012202
moderate,Bank A,38,2.75,0.009217854582332676,0.9525814072596451
moderate,Bank A,38,3.0,0.011139660895652409,0.9501604649963433
moderate,Bank A,38,3.25,0.011784360560755979,0.947441674846107
moderate,Bank A,38,3.5,0.008953217784981702,0.9449888995133281
moderate,Bank A,38,3.75,0.009047753758180227,0.942864950195325
moderate,Bank A,38,4.0,0.00687236389092938,0.9409905007880698
moderate,Bank A,38,4.25,0.00573583723771645,0.9395086441297106
moderate,Bank A,38,4.5,0.007834607872318886,0.9379163012509412
moderate,Bank A,38,4.75,0.008260112630904433,0.9360312604964983
moderate,Bank A,38,5.0,0.009638258115161379,0.9339394220839867
moderate,Bank A,39,0.0,0.015,1.0
moderate,Bank A,39,0.25,0.016131472110251014,0.9961161278036093
moderate,Bank A,39,0.5,0.018041857599448652,0.9918701274002121
moderate,Bank A,39,0.75,0.019909993249191744,0.9871758575762843
moderate,Bank A,39,1.0,0.013860822350789791,0.9830174241256987
moderate,Bank A,39,1.25,0.026197334290298573,0.978107493812263
moderate,Bank A,39,1.5,0.028962061380756476,0.971386712793938
moderate,Bank A,39,1.75,0.024485717164470195,0.9649185359698107
moderate,Bank A,39,2.0,0.019015910476542598,0.9596858349447127
moderate,Bank A,39,2.25,0.02549301940316054,0.9543613367197927
moderate,Bank A,39,2.5,0.03520787884988559,0.9471474157477382
moderate,Bank A,39,2.75,0.03463197861687317,0.9389148231620902
moderate,Bank A,39,3.0,0.03671402340686471,0.930578573435552
moderate,Bank A,39,3.25,0.03403803701125009,0.9223848157387522
moderate,Bank A,39,3.5,0.028811573962423596,0.9151667652379657
moderate,Bank A,39,3.75,0.031291609582938126,0.9083169738404994
moderate,Bank A,39,4.0,0.02366683160360934,0.9020983978766098
moderate,Bank A,39,4.25,0.026473213450193878,0.896462172076019
moderate,Bank A,39,4.5,0.012160425047240894,0.8921434091293267
moderate,Bank A,39,4.75,0.008461301212798717,0.8898466784146035
moderate,Bank A,39,5.0,0.010319836566976213,0.8877600870241964
moderate,Bank A,40,0.0,0.015,1.0
moderate,Bank A,40,0.25,0.020882167484940928,0.9955247728700577
moderate,Bank A,40,0.5,0.018011798955042898,0.9906965308347693
moderate,Bank A,40,0.75,0.011542143288751146,0.98704340924177
moderate,Bank A,40,1.0,0.013271871465542142,0.9839865887268692
moderate,Bank A,40,1.25,0.012736099062852876,0.9807928461873734
moderate,Bank A,40,1.5,0.01282152924762143,0.9776645035351796
moderate,Bank A,40,1.75,0.017361464704286886,0.9739828478896442
moderate,Bank A,40,2.0,0.015986576272927877,0.9699312458281661
moderate,Bank A,40,2.25,0.01931754206038241,0.9656603555755486
moderate,Bank A,40,2.5,0.010094726069259277,0.9621165912888157
moderate,Bank A,40,2.75,0.012296557808468183,0.9594274781229755
moderate,Bank A,40,3.0,0.016372565776589174,0.9559953883662057
moderate,Bank A,40,3.25,0.020279062099371185,0.9516255576944491
moderate,Bank A,40,3.5,0.019068866161403044,0.9469564877245955
moderate,Bank A,40,3.75,0.02669511484949754,0.9415548900278904
moderate,Bank A,40,4.0,0.026962628532928128,0.9352608076810076
moderate,Bank A,40,4.25,0.02211929757563733,0.9295403236663127
moderate,Bank A,40,4.5,0.021256839336545822,0.9245139789007034
moderate,Bank A,40,4.75,0.023542295670223867,0.919351269380055
moderate,Bank A,40,5.0,0.023129253325264183,0.914003440537155
moderate,Bank A,41,0.0,0.015,1.0
moderate,Bank A,41,0.25,0.018525114541096975,0.995818129158525
moderate,Bank A,41,0.5,0.02638151086106784,0.990243934724653
moderate,Bank A,41,0.75,0.022596030381634623,0.9841999905536619
moderate,Bank A,41,1.0,0.02197865840445356,0.978731438603722
moderate,Bank A,41,1.25,0.02006707182929824,0.9736009977293317
moderate,Bank A,41,1.5,0.023018894116634204,0.9683715252453927
moderate,Bank A,41,1.75,0.019104778913308047,0.9632860051066846
moderate,Bank A,41,2.0,0.01808714580337839,0.9588180912257822
moderate,Bank A,41,2.25,0.02003151208103932,0.9542603509337108
moderate,Bank A,41,2.5,0.018232390934628816,0.949707033156105
moderate,Bank A,41,2.75,0.013371341594667244,0.9459626481774369
moderate,Bank A,41,3.0,0.021801461764921183,0.9418127577909249
moderate,Bank A,41,3.25,0.01731799696499943,0.9372185988448248
moderate,Bank A,41,3.5,0.01380486671872281,0.9335795661676787
moderate,Bank A,41,3.75,0.010348812181794287,0.9307651443370256
moderate,Bank A,41,4.0,0.012115150927217962,0.9281552261378653
moderate,Bank A,41,4.25,0.016812318444396398,0.9248051389001538
moderate,Bank A,41,4.5,0.01622852310626388,0.9209934731012638
moderate,Bank A,41,4.75,0.014205723525234349,0.9174964114079635
moderate,Bank A,41,5.0,0.013153171021513303,0.9143640596201187
moderate,Bank A,42,0.0,0.015,1.0
moderate,Bank A,42,0.25,0.010140573053895775,0.9968623610780092
moderate,Bank A,42,0.5,0.007054517334107752,0.9947220198117199
moderate,Bank A,42,0.75,0.011248709299886774,0.9924487934436035
moderate,Bank A,42,1.0,0.011921343026723522,0.9895785655986034
moderate,Bank A,42,1.25,0.012543140218580408,0.9865569969932526
moderate,Bank A,42,1.5,0.012799993168070213,0.98343663638894
moderate,Bank A,42,1.75,0.015547795928210472,0.9799580214242612
moderate,Bank A,42,2.0,0.012339211284262993,0.9765479563577262
moderate,Bank A,42,2.25,0.010775572318972292,0.9737304418715338
moderate,Bank A,42,2.5,0.010796780073194054,0.9711082718305573
moderate,Bank A,42,2.75,0.013452986075551687,0.9681690851807498
moderate,Bank A,42,3.0,0.0117093754927203,0.9651286915823925
moderate,Bank A,42,3.25,0.013386281143793529,0.9621058680133808
moderate,Bank A,42,3.5,0.014385185739630029,0.9587717720011809
moderate,Bank A,42,3.75,0.007098900168224264,0.9562004343345434
moderate,Bank A,42,4.0,0.010455880872388496,0.9541044986243846
moderate,Bank A,42,4.25,0.014038176450901793,0.9511877298366072
moderate,Bank A,42,4.5,0.0170155175350017,0.947502650086734
moderate,Bank A,42,4.75,0.018791185987813663,0.9432712583527213
moderate,Bank A,42,5.0,0.015449420077266011,0.9392426135091434
moderate,Bank A,43,0.0,0.015,1.0
moderate,Bank A,43,0.25,0.01931515980704728,0.9957197913394767
moderate,Bank A,43,0.5,0.02220485916640255,0.9905653905071272
moderate,Bank A,43,0.75,0.017619591044075577,0.985646553529285
moderate,Bank A,43,1.0,0.021953658670759008,0.9807829381142992
moderate,Bank A,43,1.25,0.016683716184822322,0.9760574987065306
moderate,Bank A,43,1.5,0.010749429412265123,0.9727161899596809
moderate,Bank A,43,1.75,0.019034103149250102,0.9691015571284864
moderate,Bank A,43,2.0,0.02272983786625238,0.9640555523701819
moderate,Bank A,43,2.25,0.02047663743568211,0.9588629069346131
moderate,Bank A,43,2.5,0.021700852818619696,0.9538209059337399
moderate,Bank A,43,2.75,0.01875804584340481,0.9490092653723171
moderate,Bank A,43,3.0,0.019846270741235784,0.9444408150908642
moderate,Bank A,43,3.25,0.016321946608617827,0.9401806100144623
moderate,Bank A,43,3.5,0.017607480166030497,0.9362015802210882
moderate,Bank A,43,3.75,0.01874242345091789,0.9319573751500281
moderate,Bank A,43,4.0,0.020049025591924122,0.9274493164873286
moderate,Bank A,43,4.25,0.02198629435833874,0.9225888934153003
moderate,Bank A,43,4.5,0.02546397762249225,0.9171329530363979
moderate,Bank A,43,4.75,0.024810632376753145,0.9113874625221653
moderate,Bank A,43,5.0,0.021031524250289278,0.9061799012860329
moderate,Bank A,44,0.0,0.015,1.0
moderate,Bank A,44,0.25,0.017257090302405166,0.9959759818588978
moderate,Bank A,44,0.5,0.0164490552741963,0.9917884956253243
moderate,Bank A,44,0.75,0.020035425238626305,0.9872756829185626
moderate,Bank A,44,1.0,0.01885010494748419,0.9824884845941736
moderate,Bank A,44,1.25,0.022615394763919744,0.9774092373141308
moderate,Bank A,44,1.5,0.02158355230565954,0.9720240697899983
moderate,Bank A,44,1.75,0.025702128249012867,0.9662956634849957
moderate,Bank A,44,2.0,0.023487053404220887,0.960372480313981
moderate,Bank A,44,2.25,0.015720692208412615,0.9556772403353094
moderate,Bank A,44,2.5,0.014087494126191126,0.9521229903994196
moderate,Bank A,44,2.75,0.017412104351742664,0.9483814248592318
moderate,Bank A,44,3.0,0.015203990180544734,0.9445227338927676
moderate,Bank A,44,3.25,0.015189316767697907,0.9409411455489826
moderate,Bank A,44,3.5,0.01679457254068203,0.9371867858082858
moderate,Bank A,44,3.75,0.015588525332487217,0.9334008271184598
moderate,Bank A,44,4.0,0.021178960620269603,0.9291208197467177
moderate,Bank A,44,4.25,0.02609540171935598,0.9236465608964742
moderate,Bank A,44,4.5,0.020936772281721968,0.9182323533915828
moderate,Bank A,44,4.75,0.017218416747877954,0.913863364271687
moderate,Bank A,44,5.0,0.017015558910585146,0.9099610726404075
moderate,Bank A,45,0.0,0.015,1.0
moderate,Bank A,45,0.25,0.013285699678475605,0.9964705308111852
moderate,Bank A,45,0.5,0.01630641759224478,0.992791380521101
moderate,Bank A,45,0.75,0.02081659541722554,0.988195127025526
moderate,Bank A,45,1.0,0.024971665099607812,0.9825553152551009
moderate,Bank A,45,1.25,0.020285570807686195,0.9770125409907392
moderate,Bank A,45,1.5,0.015386442055160491,0.972665738900497
moderate,Bank A,45,1.75,0.015853815026897637,0.9688748545132557
moderate,Bank A,45,2.0,0.02507850443959188,0.9639302281060933
moderate,Bank A,45,2.25,0.0217222147893358,0.9583076120510492
moderate,Bank A,45,2.5,0.024549242710560266,0.9527808244980985
moderate,Bank A,45,2.75,0.03275702749843524,0.9459801716587706
moderate,Bank A,45,3.0,0.026780965731538958,0.9389660841941485
moderate,Bank A,45,3.25,0.015404881407037926,0.9340277312132595
moderate,Bank A,45,3.5,0.016461216484692624,0.9303146538136218
moderate,Bank A,45,3.75,0.016965898475892572,0.9264355468068007
moderate,Bank A,45,4.0,0.017780228458539906,0.9224205164024274
moderate,Bank A,45,4.25,0.015830598589927653,0.918553231451007
moderate,Bank A,45,4.5,0.020326383347200973,0.91441108489712
moderate,Bank A,45,4.75,0.013233985939989623,0.9105831230381252
moderate,Bank A,45,5.0,0.015440341795011298,0.9073251703887042
moderate,Bank A,46,0.0,0.015,1.0
moderate,Bank A,46,0.25,0.021480435976821487,0.995450326765703
moderate,Bank A,46,0.5,0.01783230664601468,0.9905705910114704
moderate,Bank A,46,0.75,0.02407199877607203,0.9853955099065905
moderate,Bank A,46,1.0,0.02274918315570207,0.9796451808403489
moderate,Bank A,46,1.25,0.021977563515288876,0.9741834202621004
moderate,Bank A,46,1.5,0.0192371921079973,0.9691774847848474
moderate,Bank A,46,1.75,0.0168108692218107,0.9648201879874416
moderate,Bank A,46,2.0,0.017419604987520473,0.9607007258985435
moderate,Bank A,46,2.25,0.01514725704906469,0.9567977994178619
moderate,Bank A,46,2.5,0.01267940460077925,0.9534755196856554
moderate,Bank A,46,2.75,0.014784119404785958,0.9502079069268841
moderate,Bank A,46,3.0,0.011093576040676402,0.947139223902242
moderate,Bank A,46,3.25,0.012997610867994763,0.9442913006611943
moderate,Bank A,46,3.5,0.013583960951308639,0.9411589141495262
moderate,Bank A,46,3.75,0.012089166060291163,0.9381434437295099
moderate,Bank A,46,4.0,0.012803312342232557,0.9352288910570478
moderate,Bank A,46,4.25,0.012923801949587343,0.9322261293483632
moderate,Bank A,46,4.5,0.012860076664888526,0.929226415291423
moderate,Bank A,46,4.75,0.016265081566898237,0.9258495826479682
moderate,Bank A,46,5.0,0.012706439798758159,0.922502737634597
moderate,Bank A,47,0.0,0.015,1.0
moderate,Bank A,47,0.25,0.02351403452426893,0.9951973156324366
moderate,Bank A,47,0.5,0.027057949154102732,0.9889260207052117
moderate,Bank A,47,0.75,0.028756535272352834,0.9820504837562698
moderate,Bank A,47,1.0,0.027337627537858178,0.9751886561837877
moderate,Bank A,47,1.25,0.027077050378943236,0.9685780915749321
moderate,Bank A,47,1.5,0.0259961761492791,0.9621736634850881
moderate,Bank A,47,1.75,0.021975821323761042,0.9564212538143976
moderate,Bank A,47,2.0,0.015342162795323525,0.9519701793109816
moderate,Bank A,47,2.25,0.0189211372580692,0.9479016930285544
moderate,Bank A,47,2.5,0.018231567579843375,0.9435097602065874
moderate,Bank A,47,2.75,0.020192903093992787,0.9389888930043505
moderate,Bank A,47,3.0,0.017037427127982348,0.9346291871332213
moderate,Bank A,47,3.25,0.01214611573634582,0.9312259244929951
moderate,Bank A,47,3.5,0.017537908459734936,0.9277770104436723
moderate,Bank A,47,3.75,0.01634846495127028,0.923855447002493
moderate,Bank A,47,4.0,0.015538936633326592,0.9201803574785713
moderate,Bank A,47,4.25,0.018487529850491076,0.9162748582508745
moderate,Bank A,47,4.5,0.016379899558932962,0.9122900297367942
moderate,Bank A,47,4.75,0.011744142327526044,0.909088500154932
moderate,Bank A,47,5.0,0.008301365554007987,0.9068134590305634
moderate,Bank A,48,0.0,0.015,1.0
moderate,Bank A,48,0.25,0.01022812771658791,0.9968514511442385
moderate,Bank A,48,0.5,0.0065086844737482896,0.9947681167377254
moderate,Bank A,48,0.75,0.008577328866096766,0.9928939987187931
moderate,Bank A,48,1.0,0.012516058067299446,0.9902795098476977
moderate,Bank A,48,1.25,0.011587357959588448,0.9873003602054637
moderate,Bank A,48,1.5,0.011995721452490723,0.9843941979761429
moderate,Bank A,48,1.75,0.01612666271266565,0.9809398341169046
moderate,Bank A,48,2.0,0.014483264776546115,0.9771936933565977
moderate,Bank A,48,2.25,0.01753566033016658,0.97329042326387
moderate,Bank A,48,2.5,0.01976171399545379,0.9687633373345258
moderate,Bank A,48,2.75,0.021104480852594372,0.9638272466079364
moderate,Bank A,48,3.0,0.013623791598654327,0.959652308037422
moderate,Bank A,48,3.25,0.01368408698545023,0.9563821339686482
moderate,Bank A,48,3.5,0.01736107908971787,0.9526779456659885
moderate,Bank A,48,3.75,0.02020092200797443,0.94821536906584
moderate,Bank A,48,4.0,0.03045314005992296,0.9422304665177373
moderate,Bank A,48,4.25,0.03398801141871817,0.9346711510512417
moderate,Bank A,48,4.5,0.020558960306224845,0.9283198931688484
moderate,Bank A,48,4.75,0.012222351121173324,0.9245237332341146
moderate,Bank A,48,5.0,0.01447063575432365,0.9214440864173615
moderate,Bank A,49,0.0,0.015,1.0
moderate,Bank A,49,0.25,0.014308271231879591,0.9963431686488398
moderate,Bank A,49,0.5,0.01620959332904201,0.9925496256914594
moderate,Bank A,49,0.75,0.019163493966717144,0.9881706209388678
moderate,Bank A,49,1.0,0.017336235945742528,0.9836723951470177
moderate,Bank A,49,1.25,0.01900335485125101,0.979214246728577
moderate,Bank A,49,1.5,0.019265378239384012,0.9745412713615663
moderate,Bank A,49,1.75,0.017040008536178576,0.9701286543220523
moderate,Bank A,49,2.0,0.014629310376130114,0.9662958315403832
moderate,Bank A,49,2.25,0.011731936355381152,0.9631169764742923
moderate,Bank A,49,2.5,0.01022459895313694,0.9604772615808506
moderate,Bank A,49,2.75,0.01270877919595093,0.9577278307917781
moderate,Bank A,49,3.0,0.011815060509910245,0.9547964306859711
moderate,Bank A,49,3.25,0.015042651154278323,0.9515963494661153
moderate,Bank A,49,3.5,0.018199461342822274,0.9476504192221911
moderate,Bank A,49,3.75,0.010946091327471272,0.9442042262081195
moderate,Bank A,49,4.0,0.015765328004298248,0.9410568541778885
moderate,Bank A,49,4.25,0.011508052096994001,0.9378540915050051
moderate,Bank A,49,4.5,0.004961139921678349,0.9359253650817245
moderate,Bank A,49,4.75,0.009608351643731501,0.9342224216521012
moderate,Bank A,49,5.0,0.010954026303609938,0.9318242756313079
moderate,Bank B,0,0.0,0.025,1.0
moderate,Bank B,0,0.25,0.03123383455818555,0.9929954179284427
moderate,Bank B,0,0.5,0.03489301287196206,0.984821290486766
moderate,Bank B,0,0.75,0.03837731872351678,0.9758426969678792
moderate,Bank B,0,1.0,0.041745162990041274,0.966118108309982
moderate,Bank B,0,1.25,0.026025447808384276,0.9579683747858441
moderate,Bank B,0,1.5,0.027081490692734526,0.951630090047471
moderate,Bank B,0,1.75,0.028216785175118796,0.9450748341395171
moderate,Bank B,0,2.0,0.02627798402499535,0.9386590063933896
moderate,Bank B,0,2.25,0.031957812473549306,0.9318508719185076
moderate,Bank B,0,2.5,0.0269999198846437,0.9250086387582606
moderate,Bank B,0,2.75,0.038075445006083765,0.9175147499649626
moderate,Bank B,0,3.0,0.03319416818487728,0.9093771861827469
moderate,Bank B,0,3.25,0.030522964967398022,0.9021630897577337
moderate,Bank B,0,3.5,0.04089577369388304,0.8941450143193238
moderate,Bank B,0,3.75,0.024904546188146387,0.8868207981005674
moderate,Bank B,0,4.0,0.02566845917797923,0.8812323316852566
moderate,Bank B,0,4.25,0.03077289750196949,0.8750369685084091
moderate,Bank B,0,4.5,0.03711241414942037,0.8676431140932277
moderate,Bank B,0,4.75,0.030007704346005644,0.8603940280076331
moderate,Bank B,0,5.0,0.030402782559051898,0.8539213944285009
moderate,Bank B,1,0.0,0.025,1.0
moderate,Bank B,1,0.25,0.029485810749830053,0.9932124140887486
moderate,Bank B,1,0.5,0.03846594131821949,0.984811826297521
moderate,Bank B,1,0.75,0.024254213540431946,0.9771210697493592
moderate,Bank B,1,1.0,0.03138433749997203,0.9703489464279376
moderate,Bank B,1,1.25,0.03337951824327576,0.9625252151956076
moderate,Bank B,1,1.5,0.023178321461459733,0.955744419282132
moderate,Bank B,1,1.75,0.02104891103064005,0.950475256403756
moderate,Bank B,1,2.0,0.02107074004157611,0.9454841960215512
moderate,Bank B,1,2.25,0.03178593961412253,0.9392578931191071
moderate,Bank B,1,2.5,0.029342211543413693,0.9321083554724654
moderate,Bank B,1,2.75,0.027871014499072255,0.925466019869066
moderate,Bank B,1,3.0,0.016469998299271427,0.9203506965492082
moderate,Bank B,1,3.25,0.024392893825159613,0.9156616583192947
moderate,Bank B,1,3.5,0.032673890980443474,0.9091531662363656
moderate,Bank B,1,3.75,0.018315634451172076,0.903376932692365
moderate,Bank B,1,4.0,0.02837367109347455,0.8981200324732692
moderate,Bank B,1,4.25,0.03124282330189295,0.8914520624082759
moderate,Bank B,1,4.5,0.039556891845501034,0.8835975507367648
moderate,Bank B,1,4.75,0.036796112787168024,0.8752045006236786
moderate,Bank B,1,5.0,0.03341519517030087,0.8675569521455447
moderate,Bank B,2,0.0,0.025,1.0
moderate,Bank B,2,0.25,0.027409060268139718,0.9934702793523361
moderate,Bank B,2,0.5,0.028455737686973424,0.9865569436482127
moderate,Bank B,2,0.75,0.032491273669195936,0.9790695386409184
moderate,Bank B,2,1.0,0.033931998694072076,0.9709740677987726
moderate,Bank B,2,1.25,0.02989409973643609,0.9632582025221206
moderate,Bank B,2,1.5,0.02392160948091006,0.9568001455168067
moderate,Bank B,2,1.75,0.022435871069165014,0.9512718229133487
moderate,Bank B,2,2.0,0.016452142946289352,0.946658909688574
moderate,Bank B,2,2.25,0.020827948735172165,0.942257731056529
moderate,Bank B,2,2.5,0.022751567531399196,0.9371387942496852
moderate,Bank B,2,2.75,0.02399083895148208,0.9316792440071616
moderate,Bank B,2,3.0,0.02740929405756026,0.9257123785056419
moderate,Bank B,2,3.25,0.022445899412581502,0.9199613707523289
moderate,Bank B,2,3.5,0.020496415485402823,0.9150364417088163
moderate,Bank B,2,3.75,0.01610536614712562,0.9108595086912415
moderate,Bank B,2,4.0,0.023985054750689898,0.9063063342521558
moderate,Bank B,2,4.25,0.02305596638623407,0.9009927748377738
moderate,Bank B,2,4.5,0.033355050087461056,0.8946618820428658
moderate,Bank B,2,4.75,0.028726839223287837,0.8877459638377823
moderate,Bank B,2,5.0,0.0353391392208464,0.8806650652510654
moderate,Bank B,3,0.0,0.025,1.0
moderate,Bank B,3,0.25,0.043497971474376465,0.9914743052019385
moderate,Bank B,3,0.5,0.05205108209693374,0.979702937635667
moderate,Bank B,3,0.75,0.04340204678838619,0.9680829344978809
moderate,Bank B,3,1.0,0.04862980936003742,0.9570099397112941
moderate,Bank B,3,1.25,0.04829101474791215,0.9454856158493624
moderate,Bank B,3,1.5,0.054982749690391165,0.9333585772228715
moderate,Bank B,3,1.75,0.05150666472319412,0.9210168002034914
moderate,Bank B,3,2.0,0.03800149401804593,0.9107694188732551
moderate,Bank B,3,2.25,0.026202458960607605,0.9034892966196048
moderate,Bank B,3,2.5,0.03004397721693104,0.8971593184820172
moderate,Bank B,3,2.75,0.02601356590055084,0.8908947243274463
moderate,Bank B,3,3.0,0.03418638817516946,0.8842159071873527
moderate,Bank B,3,3.25,0.023499393297008744,0.8778630035274135
moderate,Bank B,3,3.5,0.02964877488603926,0.8720502322219913
moderate,Bank B,3,3.75,0.03478650144632872,0.8650545932009808
moderate,Bank B,3,4.0,0.045085458833838826,0.8564608636990202
moderate,Bank B,3,4.25,0.04502328457696549,0.8468681627297926
moderate,Bank B,3,4.5,0.051395280601674975,0.8367226970982511
moderate,Bank B,3,4.75,0.03458788501341157,0.8277778440989029
moderate,Bank B,3,5.0,0.03395572602714222,0.8207157806871394
moderate,Bank B,4,0.0,0.025,1.0
moderate,Bank B,4,0.25,0.022495347285897513,0.9940806702646465
moderate,Bank B,4,0.5,0.01965845502804644,0.9888564112437241
moderate,Bank B,4,0.75,0.020392935351402474,0.983918148806019
moderate,Bank B,4,1.0,0.02504453359467093,0.9783456450239446
moderate,Bank B,4,1.25,0.013570495470992613,0.973634668137579
moderate,Bank B,4,1.5,0.02561844383218316,0.9688768672358039
moderate,Bank B,4,1.75,0.04081235178634605,0.9608647712506051
moderate,Bank B,4,2.0,0.03334586584966785,0.9519989245949213
moderate,Bank B,4,2.25,0.02901437164767799,0.9446069126216566
moderate,Bank B,4,2.5,0.02376314218048903,0.9383956729617962
moderate,Bank B,4,2.75,0.027600865459835193,0.9323900029831357
moderate,Bank B,4,3.0,0.028790055204773454,0.9258408209148389
moderate,Bank B,4,3.25,0.021505274414444366,0.9200383960483141
moderate,Bank B,4,3.5,0.016050185211902664,0.9157294598618148
moderate,Bank B,4,3.75,0.017063134583556072,0.91194693819649
moderate,Bank B,4,4.0,0.02181648066065916,0.9075256722086958
moderate,Bank B,4,4.25,0.022267869600079638,0.9025384659874383
moderate,Bank B,4,4.5,0.02917403309069449,0.8967535481264075
moderate,Bank B,4,4.75,0.02724876652820897,0.890451131033182
moderate,Bank B,4,5.0,0.02015293016297809,0.8851906194432189
moderate,Bank B,5,0.0,0.025,1.0
moderate,Bank B,5,0.25,0.02933920771714249,0.9932306152495207
moderate,Bank B,5,0.5,0.02834244146281143,0.9860949733993372
moderate,Bank B,5,0.75,0.04259344290003087,0.9773899342867791
moderate,Bank B,5,1.0,0.04808322148242756,0.9663741743645341
moderate,Bank B,5,1.25,0.044344295007936275,0.9552734778389066
moderate,Bank B,5,1.5,0.04060563928700577,0.9451833425241499
moderate,Bank B,5,1.75,0.038913190754118886,0.9358348963906533
moderate,Bank B,5,2.0,0.034152343028754834,0.927326649727976
moderate,Bank B,5,2.25,0.04196439966488068,0.9185453556934474
moderate,Bank B,5,2.5,0.046810651803514555,0.9084087133682761
moderate,Bank B,5,2.75,0.03950269337938562,0.8986604215557648
moderate,Bank B,5,3.0,0.03446354398016492,0.890389897936206
moderate,Bank B,5,3.25,0.041776033669084965,0.8819448336393203
moderate,Bank B,5,3.5,0.029689320663732584,0.8741013568476145
moderate,Bank B,5,3.75,0.0337142213429443,0.8672010965132094
moderate,Bank B,5,4.0,0.03420084631025135,0.8598702550604919
moderate,Bank B,5,4.25,0.030805144705553653,0.8529114762350618
moderate,Bank B,5,4.5,0.031255233492837986,0.8463205728124866
moderate,Bank B,5,4.75,0.037286083939302196,0.8391005554428954
moderate,Bank B,5,5.0,0.039574082567634526,0.8310774820280707
moderate,Bank B,6,0.0,0.025,1.0
moderate,Bank B,6,0.25,0.020617720009806495,0.9943140117692392
moderate,Bank B,6,0.5,0.024700213898552266,0.988697403023956
moderate,Bank B,6,0.75,0.019860491575830554,0.9832055804685356
moderate,Bank B,6,1.0,0.017788797027677602,0.9785893275714724
moderate,Bank B,6,1.25,0.02269189363468094,0.973650088117518
moderate,Bank B,6,1.5,0.027660321147006017,0.9675411533892181
moderate,Bank B,6,1.75,0.03414790799220145,0.9600947055010438
moderate,Bank B,6,2.0,0.031131875840632806,0.952292235911294
moderate,Bank B,6,2.25,0.03069875811570053,0.944960501188509
moderate,Bank B,6,2.5,0.029820031147781048,0.9378389885537696
moderate,Bank B,6,2.75,0.035470069480059575,0.9302161864670004
moderate,Bank B,6,3.0,0.018858052895244275,0.9239204754455824
moderate,Bank B,6,3.25,0.017838799380790537,0.9196920593073181
moderate,Bank B,6,3.5,0.0214735612942194,0.9151837371854029
moderate,Bank B,6,3.75,0.025692985365331503,0.909803855117829
moderate,Bank B,6,4.0,0.035925942457215546,0.902823131413818
moderate,Bank B,6,4.25,0.037622595057828175,0.894561003702153
moderate,Bank B,6,4.5,0.025835673395104286,0.8874931612868577
moderate,Bank B,6,4.75,0.02633075451800709,0.8817248203326243
moderate,Bank B,6,5.0,0.03189326948796224,0.8753309200803805
moderate,Bank B,7,0.0,0.025,1.0
moderate,Bank B,7,0.25,0.03048648232137345,0.9930881869299119
moderate,Bank B,7,0.5,0.017139189287802246,0.9871936884455231
moderate,Bank B,7,0.75,0.02385500109516697,0.9821479765399828
moderate,Bank B,7,1.0,0.02282520222403476,0.9764338055150279
moderate,Bank B,7,1.25,0.016685832073352832,0.9716232060811782
moderate,Bank B,7,1.5,0.022750676442072498,0.9668453138632892
moderate,Bank B,7,1.75,0.02447739390369343,0.9611543489102069
moderate,Bank B,7,2.0,0.02462495634776058,0.9552730492901865
moderate,Bank B,7,2.25,0.02917889616913126,0.9488699341599093
moderate,Bank B,7,2.5,0.019180924494482433,0.9431513384840581
moderate,Bank B,7,2.75,0.014456168337035733,0.9391940551424641
moderate,Bank B,7,3.0,0.004931197235404361,0.936920748532882
moderate,Bank B,7,3.25,0.013587143542395697,0.9347544795190169
moderate,Bank B,7,3.5,0.02069185025412811,0.9307577430150967
moderate,Bank B,7,3.75,0.021033175961685805,0.9259158942293054
moderate,Bank B,7,4.0,0.017048149424304514,0.9215188547941427
moderate,Bank B,7,4.25,0.020758519760718346,0.9171741841640726
moderate,Bank B,7,4.5,0.02700956348713359,0.911714045062531
moderate,Bank B,7,4.75,0.021099006735597364,0.9062478398477506
moderate,Bank B,7,5.0,0.02914726645506719,0.9005737303615753
moderate,Bank B,8,0.0,0.025,1.0
moderate,Bank B,8,0.25,0.029540017385586263,0.9932056842736038
moderate,Bank B,8,0.5,0.03663053109236447,0.9850244451242764
moderate,Bank B,8,0.75,0.024856862986031934,0.9774826418360748
moderate,Bank B,8,1.0,0.02479167244181545,0.9714351042610809
moderate,Bank B,8,1.25,0.021988230809959545,0.9657712251082138
moderate,Bank B,8,1.5,0.032199694934987894,0.9592516876188945
moderate,Bank B,8,1.75,0.03682473681924137,0.9510108147589863
moderate,Bank B,8,2.0,0.04988342716756339,0.9407589225811238
moderate,Bank B,8,2.25,0.07306181105974513,0.926411721231155
moderate,Bank B,8,2.5,0.05953439163439066,0.91118343610231
moderate,Bank B,8,2.75,0.03017512463057523,0.9010227836156225
moderate,Bank B,8,3.0,0.03688415166526416,0.8935016084657903
moderate,Bank B,8,3.25,0.04083635657909863,0.8848632127988991
moderate,Bank B,8,3.5,0.04782945684518435,0.8751102203815021
moderate,Bank B,8,3.75,0.059973749933403944,0.8633968577530527
moderate,Bank B,8,4.0,0.06987231146629355,0.8494963853346966
moderate,Bank B,8,4.25,0.06780276739588428,0.8350021512499441
moderate,Bank B,8,4.5,0.05916245907726675,0.8218547266645128
moderate,Bank B,8,4.75,0.06981775275782424,0.8087105950943283
moderate,Bank B,8,5.0,0.059197376020350065,0.7957732077082078
moderate,Bank B,9,0.0,0.025,1.0
moderate,Bank B,9,0.25,0.027324833425177,0.9934807390155483
moderate,Bank B,9,0.5,0.02003974016983756,0.9876161430796663
moderate,Bank B,9,0.75,0.021288221091439522,0.9825272787086593
moderate,Bank B,9,1.0,0.01950467027036165,0.977530014272982
moderate,Bank B,9,1.25,0.019771550266965122,0.9727425653924745
moderate,Bank B,9,1.5,0.02118081559933792,0.9677757751727258
moderate,Bank B,9,1.75,0.014984685977640013,0.9634106372789677
moderate,Bank B,9,2.0,0.027346912898681734,0.9583262619195994
moderate,Bank B,9,2.25,0.021233489097575636,0.952524411382122
moderate,Bank B,9,2.5,0.02216918151792999,0.9473706415743417
moderate,Bank B,9,2.75,0.021015950623784908,0.9422703791357084
moderate,Bank B,9,3.0,0.021533513488942804,0.9372720457338942
moderate,Bank B,9,3.25,0.021752137715178855,0.9322144368342061
moderate,Bank B,9,3.5,0.02402441272021341,0.9268954739348166
moderate,Bank B,9,3.75,0.024900928245448494,0.9212441876053228
moderate,Bank B,9,4.0,0.02880378665758494,0.9150805048728605
moderate,Bank B,9,4.25,0.030517627908126285,0.9083201168369186
moderate,Bank B,9,4.5,0.03234745084481079,0.9012103860743285
moderate,Bank B,9,4.75,0.028024616901433683,0.894434991704354
moderate,Bank B,9,5.0,0.024006124549620637,0.8886366035709875
moderate,Bank B,10,0.0,0.025,1.0
moderate,Bank B,10,0.25,0.02000642026243752,0.9943899926601709
moderate,Bank B,10,0.5,0.018887619514532144,0.9895672451768729
moderate,Bank B,10,0.75,0.01936590619422126,0.9848467356727267
moderate,Bank B,10,1.0,0.02746579108195651,0.9790983220630058
moderate,Bank B,10,1.25,0.02532163660932804,0.972659079631753
moderate,Bank B,10,1.5,0.018541274073291245,0.9673407155961453
moderate,Bank B,10,1.75,0.0322478477349522,0.9612188706741508
moderate,Bank B,10,2.0,0.024840239268049298,0.9543840181544034
moderate,Bank B,10,2.25,0.027201914691640995,0.948195643498444
moderate,Bank B,10,2.5,0.022950948063273326,0.9422698967322176
moderate,Bank B,10,2.75,0.016849892985409582,0.9375936469965572
moderate,Bank B,10,3.0,0.008384922456758417,0.9346408062641568
moderate,Bank B,10,3.25,0.013155658654689964,0.932127603011521
moderate,Bank B,10,3.5,0.01772752891205742,0.9285361557304589
moderate,Bank B,10,3.75,0.02107329799027003,0.9240435629754816
moderate,Bank B,10,4.0,0.026673804753030533,0.918544937893942
moderate,Bank B,10,4.25,0.02990051869732717,0.9120720948618078
moderate,Bank B,10,4.5,0.016548501325217603,0.9067918317613048
moderate,Bank B,10,4.75,0.0336990846470486,0.9011141684159029
moderate,Bank B,10,5.0,0.03866956643879871,0.892999375187689
moderate,Bank B,11,0.0,0.025,1.0
moderate,Bank B,11,0.25,0.02762829160724337,0.9934430547479054
moderate,Bank B,11,0.5,0.02195726971415518,0.9873045443042031
moderate,Bank B,11,0.75,0.03553900963980516,0.9802341899442003
moderate,Bank B,11,1.0,0.032354980345107136,0.9719503896456734
moderate,Bank B,11,1.25,0.03285537365101864,0.9640599384077567
moderate,Bank B,11,1.5,0.025166158168021275,0.9570932034368429
moderate,Bank B,11,1.75,0.024297222288801337,0.9511938267682987
moderate,Bank B,11,2.0,0.024267336963813887,0.945437029347814
moderate,Bank B,11,2.25,0.02396336115510575,0.9397542907193774
moderate,Bank B,11,2.5,0.019478710300976386,0.9346650121444487
moderate,Bank B,11,2.75,0.022290813153195414,0.9297976658543873
moderate,Bank B,11,3.0,0.017654162625439437,0.9251666439492366
moderate,Bank B,11,3.25,0.02601362940516394,0.9201304034724265
moderate,Bank B,11,3.5,0.01919696127977004,0.9149451142660574
moderate,Bank B,11,3.75,0.02458169812173289,0.9099519051607612
moderate,Bank B,11,4.0,0.022417243709685397,0.904621730444465
moderate,Bank B,11,4.25,0.020993080781323163,0.8997262841559772
moderate,Bank B,11,4.5,0.03603086877442015,0.8933358434435774
moderate,Bank B,11,4.75,0.03585240998697633,0.8853448098813341
moderate,Bank B,11,5.0,0.03144033164928741,0.8779288835395345
moderate,Bank B,12,0.0,0.025,1.0
moderate,Bank B,12,0.25,0.02665687940108477,0.9935636924107515
moderate,Bank B,12,0.5,0.026180091662057443,0.9870232029062276
moderate,Bank B,12,0.75,0.030586647341819803,0.9800442319594933
moderate,Bank B,12,1.0,0.031637417322424394,0.9724510083596775
moderate,Bank B,12,1.25,0.027420064396580207,0.9652986274854529
moderate,Bank B,12,1.5,0.03242110532753266,0.9581049908788963
moderate,Bank B,12,1.75,0.04098036519871343,0.949354406968876
moderate,Bank B,12,2.0,0.031066529388511805,0.9408430360002499
moderate,Bank B,12,2.25,0.015257561483868885,0.935410816555936
moderate,Bank B,12,2.5,0.021298744144489894,0.9311461722419533
moderate,Bank B,12,2.75,0.03163581669077362,0.9250052845091951
moderate,Bank B,12,3.0,0.02571497531774446,0.9183977737208788
moderate,Bank B,12,3.25,0.02339577795681705,0.9127771426521472
moderate,Bank B,12,3.5,0.029439526038764315,0.906768648553876
moderate,Bank B,12,3.75,0.024560360388359875,0.9006685838852024
moderate,Bank B,12,4.0,0.021460518814653225,0.8955022630340318
moderate,Bank B,12,4.25,0.030302867264959555,0.8897266897141116
moderate,Bank B,12,4.5,0.028324542197934583,0.8832302268447155
moderate,Bank B,12,4.75,0.03640047449650702,0.876113169996441
moderate,Bank B,12,5.0,0.030996454158893627,0.8687632564658755
moderate,Bank B,13,0.0,0.025,1.0
moderate,Bank B,13,0.25,0.01323888522918812,0.9952315447010476
moderate,Bank B,13,0.5,0.01976739214353665,0.9911338924771559
moderate,Bank B,13,0.75,0.026785511758014885,0.985383120793741
moderate,Bank B,13,1.0,0.026169689146647076,0.9788820160970424
moderate,Bank B,13,1.25,0.027886956944042477,0.9722899279762188
moderate,Bank B,13,1.5,0.028515703598638566,0.9654590688411537
moderate,Bank B,13,1.75,0.02686960292644234,0.95879812204926
moderate,Bank B,13,2.0,0.023891545976527463,0.9527336705236872
moderate,Bank B,13,2.25,0.027112488146321216,0.9466788347683632
moderate,Bank B,13,2.5,0.012951739984789032,0.9419496918932123
moderate,Bank B,13,2.75,0.01849567599448792,0.9382542244840376
moderate,Bank B,13,3.0,0.01757413927037183,0.9340334148048149
moderate,Bank B,13,3.25,0.020249897610260095,0.9296277237844525
moderate,Bank B,13,3.5,0.030765219486665288,0.9237184517988147
moderate,Bank B,13,3.75,0.025821420367624588,0.9172077397317151
moderate,Bank B,13,4.0,0.023540864044980334,0.9115657303722743
moderate,Bank B,13,4.25,0.035826806899942984,0.9048260768570778
moderate,Bank B,13,4.5,0.01921083694317422,0.8986225037832483
moderate,Bank B,13,4.75,0.025689201021660977,0.8935931076732709
moderate,Bank B,13,5.0,0.022080324454506837,0.8882731917560072
moderate,Bank B,14,0.0,0.025,1.0
moderate,Bank B,14,0.25,0.021928746080376753,0.9941510786712296
moderate,Bank B,14,0.5,0.018350708769742843,0.9891581757460115
moderate,Bank B,14,0.75,0.028681077592989164,0.9833600016012677
moderate,Bank B,14,1.0,0.015343692772912884,0.9779633396137755
moderate,Bank B,14,1.25,0.018654634294192427,0.9738160187938681
moderate,Bank B,14,1.5,0.029782026366123565,0.9679377823787951
moderate,Bank B,14,1.75,0.024828917248389825,0.961352784303066
moderate,Bank B,14,2.0,0.013198774234797329,0.9567938748015139
moderate,Bank B,14,2.25,0.018933840031329537,0.9529585463394862
moderate,Bank B,14,2.5,0.024087885753533524,0.9478475612113028
moderate,Bank B,14,2.75,0.028656560159926004,0.9416189049095297
moderate,Bank B,14,3.0,0.030858062490057125,0.9346398849793844
moderate,Bank B,14,3.25,0.03276135902621473,0.9272367045223623
moderate,Bank B,14,3.5,0.03239969099671047,0.9197149144302311
moderate,Bank B,14,3.75,0.03212305333585169,0.9123269315020852
moderate,Bank B,14,4.0,0.04102071074570367,0.9040235698097083
moderate,Bank B,14,4.25,0.049394237745982124,0.893863933825041
moderate,Bank B,14,4.5,0.04441313734299565,0.8834437675829557
moderate,Bank B,14,4.75,0.029053202840598195,0.8753679829384591
moderate,Bank B,14,5.0,0.02912278399827147,0.8690253979909556
moderate,Bank B,15,0.0,0.025,1.0
moderate,Bank B,15,0.25,0.02125421997076778,0.9942349048125451
moderate,Bank B,15,0.5,0.022057242395142253,0.9888667284398343
moderate,Bank B,15,0.75,0.025680962314436628,0.9829834591531343
moderate,Bank B,15,1.0,0.02803832974566294,0.9764049240708829
moderate,Bank B,15,1.25,0.029737180739399707,0.9693787891512071
moderate,Bank B,15,1.5,0.02078020445786121,0.9632767653589586
moderate,Bank B,15,1.75,0.02747263514143789,0.9574841474058441
moderate,Bank B,15,2.0,0.031608198094121104,0.9504390735727313
moderate,Bank B,15,2.25,0.017870537134956156,0.9445788989707703
moderate,Bank B,15,2.5,0.017607920922853827,0.9403991486585407
moderate,Bank B,15,2.75,0.011340316888067588,0.9370024356442888
moderate,Bank B,15,3.0,0.01670626193314366,0.9337232230879332
moderate,Bank B,15,3.25,0.017244322750698184,0.9297690632303317
moderate,Bank B,15,3.5,0.019543038443481098,0.9255034095862374
moderate,Bank B,15,3.75,0.017558781740961336,0.9212211146848623
moderate,Bank B,15,4.0,0.012272045748355661,0.917792412702308
moderate,Bank B,15,4.25,0.02135243562425968,0.913942971350444
moderate,Bank B,15,4.5,0.020950706649044443,0.909122894164291
moderate,Bank B,15,4.75,0.024368335074952327,0.9039873816329301
moderate,Bank B,15,5.0,0.01795180198571541,0.8992178993405121
moderate,Bank B,16,0.0,0.025,1.0
moderate,Bank B,16,0.25,0.024522806932211604,0.9938287698803434
moderate,Bank B,16,0.5,0.023584072964172777,0.9878704524300738
moderate,Bank B,16,0.75,0.02619582789228637,0.9817425260279289
moderate,Bank B,16,1.0,0.026089495478254874,0.9753471072715102
moderate,Bank B,16,1.25,0.03274852781437466,0.9681999851700952
moderate,Bank B,16,1.5,0.03622922062807879,0.9598878393571624
moderate,Bank B,16,1.75,0.03977024994785379,0.9508121459060462
moderate,Bank B,16,2.0,0.06355478510013467,0.9386107724397151
moderate,Bank B,16,2.25,0.06150179788306297,0.9240524254733224
moderate,Bank B,16,2.5,0.05274268977663182,0.9109502146091476
moderate,Bank B,16,2.75,0.06339944256258288,0.8978207876412385
moderate,Bank B,16,3.0,0.052961425582681736,0.8848563996319232
moderate,Bank B,16,3.25,0.05765434561861085,0.8727057126866846
moderate,Bank B,16,3.5,0.051340170074045004,0.8608963256984682
moderate,Bank B,16,3.75,0.03465744577004301,0.8516915099135376
moderate,Bank B,16,4.0,0.028680514873012732,0.8449750823817418
moderate,Bank B,16,4.25,0.027307066289231872,0.839082213026816
moderate,Bank B,16,4.5,0.022247876897563638,0.8339006937885645
moderate,Bank B,16,4.75,0.014597998901389514,0.8300687997316075
moderate,Bank B,16,5.0,0.01635172395050851,0.826863703618964
moderate,Bank B,17,0.0,0.025,1.0
moderate,Bank B,17,0.25,0.03338682597364411,0.9927282150590995
moderate,Bank B,17,0.5,0.04301245646123256,0.9832928746849069
moderate,Bank B,17,0.75,0.04026571153206879,0.9731101130954699
moderate,Bank B,17,1.0,0.03767613213709918,0.9636753981285405
moderate,Bank B,17,1.25,0.023522655188076946,0.9563315528760148
moderate,Bank B,17,1.5,0.038447377386755105,0.9489521838238367
moderate,Bank B,17,1.75,0.031188804877729008,0.9407278542804923
moderate,Bank B,17,2.0,0.038416963421617545,0.9325783483485863
moderate,Bank B,17,2.25,0.03707239341973905,0.9238197695902964
moderate,Bank B,17,2.5,0.03644258648372234,0.9153693321903356
moderate,Bank B,17,2.75,0.041547526464040065,0.9064889691032232
moderate,Bank B,17,3.0,0.0412673864704918,0.8971535214805503
moderate,Bank B,17,3.25,0.04182508455973457,0.8878834092283763
moderate,Bank B,17,3.5,0.032047306195812086,0.8797223880825122
moderate,Bank B,17,3.75,0.025058030761212068,0.8734651418611099
moderate,Bank B,17,4.0,0.030390805619511782,0.8674319959794035
moderate,Bank B,17,4.25,0.02553607174282131,0.8613890479338341
moderate,Bank B,17,4.5,0.023776023412359282,0.8560957662820583
moderate,Bank B,17,4.75,0.021490899261893348,0.8512653427139418
moderate,Bank B,17,5.0,0.04393639791330241,0.8443317354905978
moderate,Bank B,18,0.0,0.025,1.0
moderate,Bank B,18,0.25,0.03120535558465247,0.9929989528710128
moderate,Bank B,18,0.5,0.031792779008117576,0.9852100259029295
moderate,Bank B,18,0.75,0.027486328018243602,0.9779367100902637
moderate,Bank B,18,1.0,0.024092261360880725,0.9716519174060213
moderate,Bank B,18,1.25,0.024053126272924517,0.9658219082293023
moderate,Bank B,18,1.5,0.03050244570783451,0.9592579441388853
moderate,Bank B,18,1.75,0.03273587546063004,0.9517051025371422
moderate,Bank B,18,2.0,0.021263979871112983,0.9453027425211835
moderate,Bank B,18,2.25,0.025666508035482188,0.9397735365330109
moderate,Bank B,18,2.5,0.021010681600449985,0.9343062534339635
moderate,Bank B,18,2.75,0.024637520708262816,0.9289902593464222
moderate,Bank B,18,3.0,0.020702604045841448,0.9237400843422937
moderate,Bank B,18,3.25,0.00811921725491056,0.9204180881044514
moderate,Bank B,18,3.5,0.013122562768742966,0.9179774149838215
moderate,Bank B,18,3.75,0.013110939666480022,0.9149721247883762
moderate,Bank B,18,4.0,0.017527202847813148,0.9114746954398355
moderate,Bank B,18,4.25,0.027850219270504697,0.9063192839666947
moderate,Bank B,18,4.5,0.020791197181028016,0.9008254210052777
moderate,Bank B,18,4.75,0.029223533355162003,0.8952111714039326
moderate,Bank B,18,5.0,0.03376724313344562,0.8881900932746792
moderate,Bank B,19,0.0,0.025,1.0
moderate,Bank B,19,0.25,0.03721808247148648,0.9922529043299493
moderate,Bank B,19,0.5,0.023096693283833274,0.9848000953616773
moderate,Bank B,19,0.75,0.018804560946463496,0.9796555349482271
moderate,Bank B,19,1.0,0.015623286493232157,0.9754486646213419
moderate,Bank B,19,1.25,0.02447104695215183,0.9705721493657411
moderate,Bank B,19,1.5,0.025614066564107824,0.9645147287788516
moderate,Bank B,19,1.75,0.033720319113968035,0.9573875806462622
moderate,Bank B,19,2.0,0.029950035839050107,0.949798171096252
moderate,Bank B,19,2.25,0.03251197809845457,0.9424112578894667
moderate,Bank B,19,2.5,0.0312931460148878,0.9349248187385841
moderate,Bank B,19,2.75,0.03538966353332717,0.9271642803734388
moderate,Bank B,19,3.0,0.03996239762351527,0.9184723120477115
moderate,Bank B,19,3.25,0.05163166497428345,0.9080164558562128
moderate,Bank B,19,3.5,0.05707800356411443,0.8957611403994918
moderate,Bank B,19,3.75,0.04780531369987352,0.8840939881313121
moderate,Bank B,19,4.0,0.05394317128293401,0.8729207892664986
moderate,Bank B,19,4.25,0.056138240077504356,0.8609915079392954
moderate,Bank B,19,4.5,0.0581794280187982,0.8487756784485153
moderate,Bank B,19,4.75,0.042976640038563635,0.838110894729212
moderate,Bank B,19,5.0,0.042279398459483336,0.8292265671357321
moderate,Bank B,20,0.0,0.025,1.0
moderate,Bank B,20,0.25,0.03152455532622049,0.9929593330352915
moderate,Bank B,20,0.5,0.035173496142719134,0.9847151909649114
moderate,Bank B,20,0.75,0.03531551627226475,0.9760768534294362
moderate,Bank B,20,1.0,0.03680612928868226,0.9673168656969814
moderate,Bank B,20,1.25,0.044096091349488074,0.9575839019812897
moderate,Bank B,20,1.5,0.04625717693447996,0.9468296420553051
moderate,Bank B,20,1.75,0.05411892197278091,0.9350239766231098
moderate,Bank B,20,2.0,0.04501142585774639,0.9235093082702696
moderate,Bank B,20,2.25,0.05003473653110804,0.9126022268711507
moderate,Bank B,20,2.5,0.05522789581610616,0.9006730161496656
moderate,Bank B,20,2.75,0.05821932890431822,0.8879907945992909
moderate,Bank B,20,3.0,0.042271308046288855,0.8769062138161453
moderate,Bank B,20,3.25,0.04858881089856284,0.867003082388783
moderate,Bank B,20,3.5,0.06301539014841555,0.8549919099783706
moderate,Bank B,20,3.75,0.07154122747837681,0.8407315701672103
moderate,Bank B,20,4.0,0.04746306562567196,0.8283177965751876
moderate,Bank B,20,4.25,0.035981753785396,0.819722846137454
moderate,Bank B,20,4.5,0.04403700684362765,0.8115645643538346
moderate,Bank B,20,4.75,0.05228588672927852,0.8018516244540012
moderate,Bank B,20,5.0,0.048647258675554715,0.7917985003225437
moderate,Bank B,21,0.0,0.025,1.0
moderate,Bank B,21,0.25,0.02992845095336279,0.9931574611408962
moderate,Bank B,21,0.5,0.036450636489165696,0.984950943799523
moderate,Bank B,21,0.75,0.03695607646601719,0.9759545303417543
moderate,Bank B,21,1.0,0.041843546855256424,0.9663886134277152
moderate,Bank B,21,1.25,0.026917991886118472,0.9581179124683601
moderate,Bank B,21,1.5,0.019080752580537586,0.952624692550627
moderate,Bank B,21,1.75,0.020546888031057666,0.947917576799328
moderate,Bank B,21,2.0,0.02363461011083624,0.9426969536706252
moderate,Bank B,21,2.25,0.02898855487024961,0.9365163415020449
moderate,Bank B,21,2.5,0.02135736769068279,0.9306411255647551
moderate,Bank B,21,2.75,0.02503286407893796,0.9252601599694444
moderate,Bank B,21,3.0,0.02801755460989907,0.9191447789891093
moderate,Bank B,21,3.25,0.024052672288115324,0.9131816965824696
moderate,Bank B,21,3.5,0.028390793547147818,0.907214973539128
moderate,Bank B,21,3.75,0.02612269140752493,0.9010540569665478
moderate,Bank B,21,4.0,0.015312989203227097,0.8963991488136857
moderate,Bank B,21,4.25,0.019696934993876095,0.8924848617103506
moderate,Bank B,21,4.5,0.02167277644164857,0.88788154418978
moderate,Bank B,21,4.75,0.018177863372657893,0.8834697107597325
moderate,Bank B,21,5.0,0.014101767169062656,0.8799121334342704
moderate,Bank B,22,0.0,0.025,1.0
moderate,Bank B,22,0.25,0.028901979925973292,0.9932849002364421
moderate,Bank B,22,0.5,0.03183058870044797,0.9857728574962672
moderate,Bank B,22,0.75,0.01626350244620515,0.9798644041896275
moderate,Bank B,22,1.0,0.017105372902765138,0.9757857946210882
moderate,Bank B,22,1.25,0.017464657050118217,0.9715782740320141
moderate,Bank B,22,1.5,0.017409969168707764,0.9673520638000651
moderate,Bank B,22,1.75,0.015571046117776953,0.9633722414477506
moderate,Bank B,22,2.0,0.014841881752294173,0.9597168227877838
moderate,Bank B,22,2.25,0.025273211392805233,0.9549164770235934
moderate,Bank B,22,2.5,0.029329638795959595,0.9484210239631633
moderate,Bank B,22,2.75,0.030476057604240755,0.9413573374260007
moderate,Bank B,22,3.0,0.04510513582785504,0.9325056034292547
moderate,Bank B,22,3.25,0.0338000891390368,0.9233533670264644
moderate,Bank B,22,3.5,0.04192171026210464,0.9146548513677049
moderate,Bank B,22,3.75,0.04018694883782719,0.905315226934062
moderate,Bank B,22,4.0,0.04630533466435688,0.8955800999384567
moderate,Bank B,22,4.25,0.044495397456965236,0.8854726525783253
moderate,Bank B,22,4.5,0.04591229763398353,0.8755222901115617
moderate,Bank B,22,4.75,0.04082441984873463,0.8660810726689104
moderate,Bank B,22,5.0,0.043888304907046205,0.8569584471247268
moderate,Bank B,23,0.0,0.025,1.0
moderate,Bank B,23,0.25,0.024933060658532076,0.9937778059425927
moderate,Bank B,23,0.5,0.029796173083206385,0.9870024208658584
moderate,Bank B,23,0.75,0.024993863449274185,0.9802657786653407
moderate,Bank B,23,1.0,0.01818900766002538,0.974988697601318
moderate,Bank B,23,1.25,0.020294066443381286,0.9703098897678502
moderate,Bank B,23,1.5,0.02045701332809775,0.9653798100924433
moderate,Bank B,23,1.75,0.02492949018913453,0.9599184150742598
moderate,Bank B,23,2.0,0.019817644101771902,0.9545642033570545
moderate,Bank B,23,2.25,0.02525397425767671,0.9492013553731046
moderate,Bank B,23,2.5,0.020012957932215227,0.9438455929227181
moderate,Bank B,23,2.75,0.01959203120013782,0.9391845157555684
moderate,Bank B,23,3.0,0.01981782342507725,0.9345692523637589
moderate,Bank B,23,3.25,0.026929784829820443,0.9291240675313792
moderate,Bank B,23,3.5,0.028155270283175736,0.9227484365371348
moderate,Bank B,23,3.75,0.022740307118472598,0.9168965940218191
moderate,Bank B,23,4.0,0.01737830222945058,0.9123100270185303
moderate,Bank B,23,4.25,0.023237072486819298,0.907690037903153
moderate,Bank B,23,4.5,0.021867255436078918,0.9025868437898518
moderate,Bank B,23,4.75,0.026333400256644022,0.8971650339047273
moderate,Bank B,23,5.0,0.019191108798948173,0.8920741579057796
moderate,Bank B,24,0.0,0.025,1.0
moderate,Bank B,24,0.25,0.029755046981404843,0.9931789885552716
moderate,Bank B,24,0.5,0.02705510524402811,0.986151140218619
moderate,Bank B,24,0.75,0.03465681072509576,0.9785732461562111
moderate,Bank B,24,1.0,0.031857448998078165,0.9704708412906611
moderate,Bank B,24,1.25,0.04398127304091631,0.9613144021055917
moderate,Bank B,24,1.5,0.03630895776862546,0.9517146362453461
moderate,Bank B,24,1.75,0.03465352239993343,0.943309963504923
moderate,Bank B,24,2.0,0.015804200284476273,0.9373790279423093
moderate,Bank B,24,2.25,0.019170688686418972,0.93328988211594
moderate,Bank B,24,2.5,0.03313260630548827,0.9272080181229209
moderate,Bank B,24,2.75,0.02975628439135136,0.9199477071052177
moderate,Bank B,24,3.0,0.026790383380836284,0.9134681367942009
moderate,Bank B,24,3.25,0.04474840513164592,0.9053360007014353
moderate,Bank B,24,3.5,0.053524592379190966,0.8942827690154133
moderate,Bank B,24,3.75,0.04952478339264435,0.8828372330924115
moderate,Bank B,24,4.0,0.05657249664074453,0.8712062012286881
moderate,Bank B,24,4.25,0.05170487927782,0.8594941492416437
moderate,Bank B,24,4.5,0.05491256554183861,0.8481155065176864
moderate,Bank B,24,4.75,0.04872064679200568,0.8371997445859389
moderate,Bank B,24,5.0,0.031593234441414306,0.8288369477587585
moderate,Bank B,25,0.0,0.025,1.0
moderate,Bank B,25,0.25,0.03956628922875289,0.9919616951988851
moderate,Bank B,25,0.5,0.039600839146480174,0.9821937612587668
moderate,Bank B,25,0.75,0.03797852015455244,0.9727150497246138
moderate,Bank B,25,1.0,0.03996696473700464,0.9632837266231155
moderate,Bank B,25,1.25,0.043060182114680254,0.953338088338593
moderate,Bank B,25,1.5,0.04814173305458823,0.9425315216693757
moderate,Bank B,25,1.75,0.06529668452330299,0.9292609207312968
moderate,Bank B,25,2.0,0.05348607901944005,0.9155653248578947
moderate,Bank B,25,2.25,0.04708151914286717,0.9041278397933962
moderate,Bank B,25,2.5,0.047470992670888966,0.8935047958905401
moderate,Bank B,25,2.75,0.03542088407931361,0.8842945579836043
moderate,Bank B,25,3.0,0.030441338358220937,0.8770442434394747
moderate,Bank B,25,3.25,0.02506867725436273,0.8709797154434455
moderate,Bank B,25,3.5,0.004901015939514402,0.8677229451713898
moderate,Bank B,25,3.75,0.013869295950059864,0.8656894029538176
moderate,Bank B,25,4.0,0.0031880093855911184,0.8638455782608839
moderate,Bank B,25,4.25,0.005609274143299101,0.8628961635638074
moderate,Bank B,25,4.5,0.01218976284547132,0.860978457595749
moderate,Bank B,25,4.75,0.021986367859994287,0.8573081888639731
moderate,Bank B,25,5.0,0.028383043638556187,0.8519273822749671
moderate,Bank B,26,0.0,0.025,1.0
moderate,Bank B,26,0.25,0.026707601781425436,0.9935573929412844
moderate,Bank B,26,0.5,0.03428118921797341,0.9860117090974764
moderate,Bank B,26,0.75,0.03053220365731686,0.9780556358364466
moderate,Bank B,26,1.0,0.04107579111945325,0.9693401249356085
moderate,Bank B,26,1.25,0.04225757512967177,0.9592952359582182
moderate,Bank B,26,1.5,0.051379506433287994,0.9481324905477184
moderate,Bank B,26,1.75,0.05075859651943496,0.9361043802137926
moderate,Bank B,26,2.0,0.04408489651681922,0.925071980232912
moderate,Bank B,26,2.25,0.034055307592201184,0.9160803007804271
moderate,Bank B,26,2.5,0.021366995749054506,0.90975582335508
moderate,Bank B,26,2.75,0.022100695694538004,0.904826105023093
moderate,Bank B,26,3.0,0.01992325953059579,0.9000855205902859
moderate,Bank B,26,3.25,0.017211368426452843,0.8959171598654868
moderate,Bank B,26,3.5,0.01650111637003309,0.8921496544849933
moderate,Bank B,26,3.75,0.018031543762605948,0.8883069165986311
moderate,Bank B,26,4.0,0.016128474192858462,0.8845219307709425
moderate,Bank B,26,4.25,0.018193097020116556,0.8807352864982215
moderate,Bank B,26,4.5,0.01636417813964317,0.8769390152458368
moderate,Bank B,26,4.75,0.013044069310736449,0.8737212781749262
moderate,Bank B,26,5.0,0.016198693463934273,0.8705333551956657
moderate,Bank B,27,0.0,0.025,1.0
moderate,Bank B,27,0.25,0.03176342441685639,0.9929296850663025
moderate,Bank B,27,0.5,0.021683226865048724,0.9863181989413731
moderate,Bank B,27,0.75,0.0331094106265347,0.9795859083156789
moderate,Bank B,27,1.0,0.035888044277074975,0.971173620298671
moderate,Bank B,27,1.25,0.037089726307841964,0.9623546450688573
moderate,Bank B,27,1.5,0.042835948456342476,0.9527879083402875
moderate,Bank B,27,1.75,0.06124861513250057,0.9404718870995726
moderate,Bank B,27,2.0,0.036439627056752265,0.9290575884191633
moderate,Bank B,27,2.25,0.034955243878267636,0.9208032322944644
moderate,Bank B,27,2.5,0.040457149185655246,0.9121640183439728
moderate,Bank B,27,2.75,0.03264059031323068,0.9038673393729048
moderate,Bank B,27,3.0,0.031066926370583458,0.8966980304891943
moderate,Bank B,27,3.25,0.030518522170639533,0.8898215886937714
moderate,Bank B,27,3.5,0.02173497164546509,0.8840284927732135
moderate,Bank B,27,3.75,0.028495695066675236,0.8784952146442776
moderate,Bank B,27,4.0,0.03186905028332343,0.8718913933611471
moderate,Bank B,27,4.25,0.039531868798925604,0.8641442858465226
moderate,Bank B,27,4.5,0.022589586557204944,0.8574600340649989
moderate,Bank B,27,4.75,0.029523876121091926,0.8518925361670513
moderate,Bank B,27,5.0,0.045074601145259796,0.8439857224770423
moderate,Bank B,28,0.0,0.025,1.0
moderate,Bank B,28,0.25,0.027514043664776593,0.993457242202331
moderate,Bank B,28,0.5,0.026519373550106168,0.9867698652824475
moderate,Bank B,28,0.75,0.03073434242259668,0.9797330453729369
moderate,Bank B,28,1.0,0.034589279930342554,0.9717656543861191
moderate,Bank B,28,1.25,0.02713697059580374,0.9642965750529471
moderate,Bank B,28,1.5,0.02537683065713963,0.95798744514569
moderate,Bank B,28,1.75,0.024728144894424365,0.9520062031320452
moderate,Bank B,28,2.0,0.02650321546988302,0.9459291108992608
moderate,Bank B,28,2.25,0.02500172737817828,0.9398586698752157
moderate,Bank B,28,2.5,0.037793678843311036,0.9325101973796102
moderate,Bank B,28,2.75,0.034230343411432586,0.9241524841881994
moderate,Bank B,28,3.0,0.02697718133341602,0.9171088280893339
moderate,Bank B,28,3.25,0.03413204804099496,0.9101300395802049
moderate,Bank B,28,3.5,0.028085670778011922,0.9030792161422636
moderate,Bank B,28,3.75,0.031363663016511556,0.8963931572990758
moderate,Bank B,28,4.0,0.044667176615576024,0.887914321383277
moderate,Bank B,28,4.25,0.03456388013106168,0.8791639256041532
moderate,Bank B,28,4.5,0.02731245838493354,0.872390224527629
moderate,Bank B,28,4.75,0.02060269758479982,0.8671807516854835
moderate,Bank B,28,5.0,0.021764206858040366,0.8626004202892845
moderate,Bank B,29,0.0,0.025,1.0
moderate,Bank B,29,0.25,0.02155646154949298,0.9941973431311866
moderate,Bank B,29,0.5,0.029436651390954194,0.9878803450561354
moderate,Bank B,29,0.75,0.025981459283107262,0.9810606853315602
moderate,Bank B,29,1.0,0.03031610898974941,0.9741810041912922
moderate,Bank B,29,1.25,0.030287526664341577,0.9668290228207107
moderate,Bank B,29,1.5,0.023059052090476605,0.9604033433064263
moderate,Bank B,29,1.75,0.025479218773654184,0.9545939450597559
moderate,Bank B,29,2.0,0.028573877903513064,0.9481658408481468
moderate,Bank B,29,2.25,0.016873748938783635,0.9427946261887125
moderate,Bank B,29,2.5,0.015346824511008493,0.939005089688621
moderate,Bank B,29,2.75,0.01501452765694426,0.9354481605046977
moderate,Bank B,29,3.0,0.015525485168998397,0.9318838932787443
moderate,Bank B,29,3.25,0.03164999897847681,0.926404804842423
moderate,Bank B,29,3.5,0.03093418969504582,0.9191857922751625
moderate,Bank B,29,3.75,0.026346366025893405,0.9126278637797751
moderate,Bank B,29,4.0,0.02490165000218393,0.9068002536259925
moderate,Bank B,29,4.25,0.0320027598509799,0.9003730226756517
moderate,Bank B,29,4.5,0.03382907484099258,0.8929942731040904
moderate,Bank B,29,4.75,0.0422353070458768,0.8845438779693723
moderate,Bank B,29,5.0,0.04546523933720057,0.8748999629153079
moderate,Bank B,30,0.0,0.025,1.0
moderate,Bank B,30,0.25,0.030631322015092152,0.993070207269069
moderate,Bank B,30,0.5,0.033963827793206385,0.9850840524856417
moderate,Bank B,30,0.75,0.03268489176661214,0.9769113197969747
moderate,Bank B,30,1.0,0.03917565354618507,0.968175441327429
moderate,Bank B,30,1.25,0.045870908216070386,0.9579374577700236
moderate,Bank B,30,1.5,0.040185149530154826,0.9476881424332319
moderate,Bank B,30,1.75,0.024582205151882343,0.9400467096263234
moderate,Bank B,30,2.0,0.026919601894293276,0.9340143846557032
moderate,Bank B,30,2.25,0.027437257756344077,0.9276896349817607
moderate,Bank B,30,2.5,0.03879204852127499,0.9200413075072318
moderate,Bank B,30,2.75,0.054287371430504244,0.9093987264904408
moderate,Bank B,30,3.0,0.047360064410607444,0.8979170674441903
moderate,Bank B,30,3.25,0.04294303131608802,0.8878384711248358
moderate,Bank B,30,3.5,0.04329605458628965,0.8783190750375627
moderate,Bank B,30,3.75,0.05952985674270746,0.8671020719574636
moderate,Bank B,30,4.0,0.046157645301008764,0.8557221755185219
moderate,Bank B,30,4.25,0.046097544629668474,0.8459107549246115
moderate,Bank B,30,4.5,0.04765534878084732,0.8360552937380941
moderate,Bank B,30,4.75,0.03231284375336216,0.8277396956017258
moderate,Bank B,30,5.0,0.04934739894888545,0.8193334938162561
moderate,Bank B,31,0.0,0.025,1.0
moderate,Bank B,31,0.25,0.03046846507528541,0.9930904235217118
moderate,Bank B,31,0.5,0.03288692203959956,0.9852567799061773
moderate,Bank B,31,0.75,0.026494944058534496,0.9779705569329399
moderate,Bank B,31,1.0,0.019105509758190413,0.9724119265854337
moderate,Bank B,31,1.25,0.023741401722678288,0.9672177427052019
moderate,Bank B,31,1.5,0.026687917439062583,0.9611399026338656
moderate,Bank B,31,1.75,0.014278376200581458,0.9562306904407499
moderate,Bank B,31,2.0,0.02622767047975589,0.9514012863892887
moderate,Bank B,31,2.25,0.01848689289907977,0.9460984332274652
moderate,Bank B,31,2.5,0.0252990310235074,0.9409343539900941
moderate,Bank B,31,2.75,0.026731717957352408,0.934834521771923
moderate,Bank B,31,3.0,0.029962603503186788,0.92823296521273
moderate,Bank B,31,3.25,0.020603357030934473,0.9223843445689995
moderate,Bank B,31,3.5,0.025894113302080933,0.9170388268458627
moderate,Bank B,31,3.75,0.036279330971749874,0.9099395165644711
moderate,Bank B,31,4.0,0.025153284639294643,0.9029787812120246
moderate,Bank B,31,4.25,0.031040108370269756,0.8966583250000989
moderate,Bank B,31,4.5,0.037939367697447594,0.8889601833713504
moderate,Bank B,31,4.75,0.057249869423933564,0.8784454329072204
moderate,Bank B,31,5.0,0.048354814062452886,0.8669256402050671
moderate,Bank B,32,0.0,0.025,1.0
moderate,Bank B,32,0.25,0.01995467520082677,0.9943964245274014
moderate,Bank B,32,0.5,0.02291969066367062,0.9890814150876567
moderate,Bank B,32,0.75,0.023618734205961514,0.9833443320514471
moderate,Bank B,32,1.0,0.014027130075805817,0.9787278466360002
moderate,Bank B,32,1.25,0.015692854490201115,0.9750986200328475
moderate,Bank B,32,1.5,0.017882564557180045,0.9710147777245992
moderate,Bank B,32,1.75,0.01761481179908971,0.9667157628857072
moderate,Bank B,32,2.0,0.021791309164008482,0.9619656566577234
moderate,Bank B,32,2.25,0.02461178758993057,0.9564020346571265
moderate,Bank B,32,2.5,0.017904106900648878,0.9513327309627807
moderate,Bank B,32,2.75,0.023998240033142004,0.9463628736000761
moderate,Bank B,32,3.0,0.02373788702934921,0.9407327255989132
moderate,Bank B,32,3.25,0.028736880559338217,0.9345823275525413
moderate,Bank B,32,3.5,0.04181622875298043,0.9263763544068206
moderate,Bank B,32,3.75,0.032184912129093024,0.9178467518574127
moderate,Bank B,32,4.0,0.035672175335328155,0.9100943757760326
moderate,Bank B,32,4.25,0.03602435779213497,0.9019744891613819
moderate,Bank B,32,4.5,0.03564868068792903,0.8939296737109906
moderate,Bank B,32,4.75,0.031092578875127265,0.8865029470560921
moderate,Bank B,32,5.0,0.035721600327285545,0.8791299080389988
moderate,Bank B,33,0.0,0.025,1.0
moderate,Bank B,33,0.25,0.02682561825603741,0.9935427360317896
moderate,Bank B,33,0.5,0.019345699542101462,0.987825104138636
moderate,Bank B,33,0.75,0.024073606187263348,0.9824782919178228
moderate,Bank B,33,1.0,0.030000717225433633,0.975859829059929
moderate,Bank B,33,1.25,0.037103438241735426,0.9677085322604311
moderate,Bank B,33,1.5,0.02636475093626169,0.9600615675326426
moderate,Bank B,33,1.75,0.02695849814950587,0.9536836465993814
moderate,Bank B,33,2.0,0.021058235471135774,0.9479766938568795
moderate,Bank B,33,2.25,0.0225660340990216,0.9428214137347055
moderate,Bank B,33,2.5,0.019756489430477378,0.9378467613936986
moderate,Bank B,33,2.75,0.029564505161045147,0.9320826061371449
moderate,Bank B,33,3.0,0.04583784728581968,0.923338725046166
moderate,Bank B,33,3.25,0.04720820125857178,0.9126618082337382
moderate,Bank B,33,3.5,0.03484418697122472,0.903348888952176
moderate,Bank B,33,3.75,0.02758432517705815,0.8963269816513175
moderate,Bank B,33,4.0,0.04211523629166469,0.8885517019889536
moderate,Bank B,33,4.25,0.05536553535845112,0.8777903112368737
moderate,Bank B,33,4.5,0.04244363935242927,0.8671236569084534
moderate,Bank B,33,4.75,0.04029354705804674,0.8582019497842531
moderate,Bank B,33,5.0,0.02145371516999453,0.8516034947208517
moderate,Bank B,34,0.0,0.025,1.0
moderate,Bank B,34,0.25,0.024850994488559427,0.9937880004371737
moderate,Bank B,34,0.5,0.024593381462768668,0.9876647888886297
moderate,Bank B,34,0.75,0.03069008292950229,0.9808631257761521
moderate,Bank B,34,1.0,0.020820374885237122,0.9745678260533579
moderate,Bank B,34,1.25,0.017298597782897433,0.9699351812565221
moderate,Bank B,34,1.5,0.017490803397152373,0.965726406169579
moderate,Bank B,34,1.75,0.012613514633526982,0.9620991683122428
moderate,Bank B,34,2.0,0.010608925525048184,0.9593104315546511
moderate,Bank B,34,2.25,0.013258147127911648,0.9564527050513173
moderate,Bank B,34,2.5,0.024167177753760604,0.9519887106924952
moderate,Bank B,34,2.75,0.029841536019072364,0.9455833957230871
moderate,Bank B,34,3.0,0.03785392668625074,0.9376156911694381
moderate,Bank B,34,3.25,0.03247915912665368,0.929408645102927
moderate,Bank B,34,3.5,0.03894967844824328,0.9211472589177613
moderate,Bank B,34,3.75,0.036034584296978395,0.9125536523995638
moderate,Bank B,34,4.0,0.03120215580944984,0.9049161508065484
moderate,Bank B,34,4.25,0.027923371685226423,0.898252848745649
moderate,Bank B,34,4.5,0.031149159248639986,0.8916445182979671
moderate,Bank B,34,4.75,0.029876563220324052,0.8848687383444909
moderate,Bank B,34,5.0,0.03253466593789904,0.8779923776523654
moderate,Bank B,35,0.0,0.025,1.0
moderate,Bank B,35,0.25,0.019425250752516405,0.9944622339272536
moderate,Bank B,35,0.5,0.016515661731533016,0.990004519804759
moderate,Bank B,35,0.75,0.03278096795448143,0.9839227913187418
moderate,Bank B,35,1.0,0.027830436007503397,0.9764963420913956
moderate,Bank B,35,1.25,0.03034254952948281,0.9694213830362919
moderate,Bank B,35,1.5,0.02658444722260138,0.962547587583978
moderate,Bank B,35,1.75,0.024909080068396906,0.9563718632118622
moderate,Bank B,35,2.0,0.018409499060336572,0.9512072747163803
moderate,Bank B,35,2.25,0.018689918787186493,0.9468063326098457
moderate,Bank B,35,2.5,0.017324559620322127,0.9425535703278806
moderate,Bank B,35,2.75,0.02063384610394778,0.9380919346295339
moderate,Bank B,35,3.0,0.0263313181210128,0.9326008632459339
moderate,Bank B,35,3.25,0.012239702846255224,0.9281152643868482
moderate,Bank B,35,3.5,0.02261415206186352,0.9240805105936932
moderate,Bank B,35,3.75,0.0299757048478821,0.9180257757719814
moderate,Bank B,35,4.0,0.03440724264736791,0.910667274946501
moderate,Bank B,35,4.25,0.041875870607527024,0.9020249774049359
moderate,Bank B,35,4.5,0.0493721120689936,0.8917949352927478
moderate,Bank B,35,4.75,0.05736231405355363,0.8799758023068742
moderate,Bank B,35,5.0,0.06595051348164879,0.8665157679462807
moderate,Bank B,36,0.0,0.025,1.0
moderate,Bank B,36,0.25,0.02552697786475551,0.9937040309638769
moderate,Bank B,36,0.5,0.02844493838699927,0.9870225806311949
moderate,Bank B,36,0.75,0.0376666683562305,0.9788994852037566
moderate,Bank B,36,1.0,0.040553706616977596,0.9693748890765725
moderate,Bank B,36,1.25,0.03885768321729456,0.9598000636823381
moderate,Bank B,36,1.5,0.034635574983812784,0.9510230867117236
moderate,Bank B,36,1.75,0.025547926218953514,0.9438954433501269
moderate,Bank B,36,2.0,0.027729625244377786,0.9376302738043476
moderate,Bank B,36,2.25,0.03510103146464346,0.9302951252893271
moderate,Bank B,36,2.5,0.032402727635274395,0.9224783482792274
moderate,Bank B,36,2.75,0.040764789136127605,0.914079881504745
moderate,Bank B,36,3.0,0.023720186018674937,0.9067414451129194
moderate,Bank B,36,3.25,0.01674325339755061,0.9021667893184796
moderate,Bank B,36,3.5,0.020175619000139727,0.8980130086744353
moderate,Bank B,36,3.75,0.017268393884939205,0.8938196784407243
moderate,Bank B,36,4.0,0.02186511358974483,0.8894580675752994
moderate,Bank B,36,4.25,0.021241244930674266,0.8846782942600077
moderate,Bank B,36,4.5,0.025060528583348826,0.8795728113173181
moderate,Bank B,36,4.75,0.03288599501991522,0.8732248060400079
moderate,Bank B,36,5.0,0.03332935225980488,0.8660270243843212
moderate,Bank B,37,0.0,0.025,1.0
moderate,Bank B,37,0.25,0.023252600583417278,0.9939865783597348
moderate,Bank B,37,0.5,0.021455670567419694,0.9884471437527228
moderate,Bank B,37,0.75,0.026874419619901155,0.982493677631392
moderate,Bank B,37,1.0,0.021914719699006536,0.9765200340896091
moderate,Bank B,37,1.25,0.03398808435133756,0.9697200444009848
moderate,Bank B,37,1.5,0.02420595931095107,0.9626916472458132
moderate,Bank B,37,1.75,0.026229598855213337,0.9566415023656828
moderate,Bank B,37,2.0,0.023743434176651562,0.9506843431440409
moderate,Bank B,37,2.25,0.017120676744752206,0.9458406157829106
moderate,Bank B,37,2.5,0.013545348964045696,0.9422219093430062
moderate,Bank B,37,2.75,0.0037977990827431987,0.9401814850950371
moderate,Bank B,37,3.0,0.006081806547608926,0.9390211239502037
moderate,Bank B,37,3.25,0.0003527006859392577,0.9382661603277703
moderate,Bank B,37,3.5,0.006116842065699666,0.9375076979210838
moderate,Bank B,37,3.75,0.012442929714675045,0.9353352278153501
moderate,Bank B,37,4.0,0.009413240590162096,0.9327833595279363
moderate,Bank B,37,4.25,0.009438653435795722,0.9305878557513195
moderate,Bank B,37,4.5,0.00721136165932716,0.9286530820946719
moderate,Bank B,37,4.75,0.005890297787718437,0.9271334647253894
moderate,Bank B,37,5.0,0.010427411715038321,0.9252443052341432
moderate,Bank B,38,0.0,0.025,1.0
moderate,Bank B,38,0.25,0.027633047862320403,0.9934424641145094
moderate,Bank B,38,0.5,0.023668663180210447,0.9870921848593579
moderate,Bank B,38,0.75,0.023461738100020814,0.9812940246337861
moderate,Bank B,38,1.0,0.02200012607476181,0.9757334073917564
moderate,Bank B,38,1.25,0.025851499987989256,0.9699145236627311
moderate,Bank B,38,1.5,0.023077411766238627,0.9640005196920446
moderate,Bank B,38,1.75,0.015443147280370438,0.9593699470366461
moderate,Bank B,38,2.0,0.015391418219451499,0.955679344554486
moderate,Bank B,38,2.25,0.016711016576555947,0.9518520745026331
moderate,Bank B,38,2.5,0.024391160310419616,0.946974216851021
moderate,Bank B,38,2.75,0.024997355053844632,0.941146019405679
moderate,Bank B,38,3.0,0.03143378644590227,0.9345306359145052
moderate,Bank B,38,3.25,0.03350902631750085,0.9269749643040701
moderate,Bank B,38,3.5,0.03933296180585525,0.9185729362112357
moderate,Bank B,38,3.75,0.0336304888775078,0.9102332434271101
moderate,Bank B,38,4.0,0.03796415378060769,0.9021236074830777
moderate,Bank B,38,4.25,0.035580824955921145,0.8938682790544045
moderate,Bank B,38,4.5,0.03959775716070113,0.8855076555926089
moderate,Bank B,38,4.75,0.026052581570433442,0.8782706559810532
moderate,Bank B,38,5.0,0.03316264552557836,0.8717937816083375
moderate,Bank B,39,0.0,0.025,1.0
moderate,Bank B,39,0.25,0.024419837164368338,0.9938415617523806
moderate,Bank B,39,0.5,0.020558824355511863,0.9882695324303142
moderate,Bank B,39,0.75,0.02771157691704299,0.9823244652785964
moderate,Bank B,39,1.0,0.0208672779080682,0.9763775148561696
moderate,Bank B,39,1.25,0.026141443164403613,0.9706570559997953
moderate,Bank B,39,1.5,0.022410974107940435,0.964783927886078
moderate,Bank B,39,1.75,0.025490993085314786,0.9590243076578503
moderate,Bank B,39,2.0,0.02082429080126062,0.9534881632442278
moderate,Bank B,39,2.25,0.024741575191066442,0.9480727859227873
moderate,Bank B,39,2.5,0.032454231028856445,0.9413187352348507
moderate,Bank B,39,2.75,0.032822386998228474,0.9336692231283025
moderate,Bank B,39,3.0,0.037242665580887194,0.9255277294046187
moderate,Bank B,39,3.25,0.04016027731347784,0.9166160893742568
moderate,Bank B,39,3.5,0.040607692841026735,0.9074084948853963
moderate,Bank B,39,3.75,0.031059356322022835,0.8993158861912245
moderate,Bank B,39,4.0,0.04667772747106532,0.8906194326282301
moderate,Bank B,39,4.25,0.03644078308163324,0.8814139668864787
moderate,Bank B,39,4.5,0.04886343300114537,0.8720653567693906
moderate,Bank B,39,4.75,0.045669068872210186,0.8618211864138295
moderate,Bank B,39,5.0,0.03453711969192742,0.8532239314199684
moderate,Bank B,40,0.0,0.025,1.0
moderate,Bank B,40,0.25,0.031083511939530302,0.9930140768126874
moderate,Bank B,40,0.5,0.034607627281901004,0.9848934350836281
moderate,Bank B,40,0.75,0.03636267041034762,0.976194803625515
moderate,Bank B,40,1.0,0.0466413679610647,0.9661186527264747
moderate,Bank B,40,1.25,0.04025060734897768,0.955681939727801
moderate,Bank B,40,1.5,0.023042708937125442,0.9481507362796485
moderate,Bank B,40,1.75,0.02272777594409685,0.9427415599561443
moderate,Bank B,40,2.0,0.02100385743759804,0.9376021663497378
moderate,Bank B,40,2.25,0.025487939497697416,0.9321691174630455
moderate,Bank B,40,2.5,0.018271236789289592,0.927084168123533
moderate,Bank B,40,2.75,0.02848267844123166,0.9216818678419695
moderate,Bank B,40,3.0,0.02689970436958402,0.9153232855721173
moderate,Bank B,40,3.25,0.03510985806189185,0.9082558618948229
moderate,Bank B,40,3.5,0.0298385416486287,0.9009119924224027
moderate,Bank B,40,3.75,0.028320249182885938,0.8943862477363778
moderate,Bank B,40,4.0,0.02156429484340472,0.8888265932834597
moderate,Bank B,40,4.25,0.02691513123170719,0.8834566550465841
moderate,Bank B,40,4.5,0.033351989572552664,0.8768262375453958
moderate,Bank B,40,4.75,0.04106788325045649,0.8687073966515454
moderate,Bank B,40,5.0,0.049277086346550335,0.8589521659129017
moderate,Bank B,41,0.0,0.025,1.0
moderate,Bank B,41,0.25,0.021072153288518806,0.9942575322013368
moderate,Bank B,41,0.5,0.020779297405522233,0.9890697238537548
moderate,Bank B,41,0.75,0.029128101471275685,0.982918693021194
moderate,Bank B,41,1.0,0.04470993613777265,0.9738883327054572
moderate,Bank B,41,1.25,0.032204869806794455,0.9645698958300978
moderate,Bank B,41,1.5,0.023940013789397432,0.9578241366940925
moderate,Bank B,41,1.75,0.01097688702517374,0.9536527153379328
moderate,Bank B,41,2.0,0.012468848112744894,0.9508619207277496
moderate,Bank B,41,2.25,0.014828545945842205,0.9476229432799063
moderate,Bank B,41,2.5,0.026209404947198117,0.9427743270155488
moderate,Bank B,41,2.75,0.030487895276232937,0.9361163530725168
moderate,Bank B,41,3.0,0.02485727872865549,0.9296625128137732
moderate,Bank B,41,3.25,0.015576177244708129,0.9249756833001935
moderate,Bank B,41,3.5,0.021640411419043968,0.9206826219201998
moderate,Bank B,41,3.75,0.02115457086422514,0.9157706969306446
moderate,Bank B,41,4.0,0.008790136802248728,0.9123492935070291
moderate,Bank B,41,4.25,0.015785773133289827,0.9095508673162884
moderate,Bank B,41,4.5,0.01595797750968594,0.9059489487014852
moderate,Bank B,41,4.75,0.023394917220501937,0.9015034274726615
moderate,Bank B,41,5.0,0.0245182331015739,0.8961203299814676
moderate,Bank B,42,0.0,0.025,1.0
moderate,Bank B,42,0.25,0.03513455872239036,0.9925113607961601
moderate,Bank B,42,0.5,0.03113712941772928,0.9843233965862392
moderate,Bank B,42,0.75,0.033501352496934145,0.9764022939238379
moderate,Bank B,42,1.0,0.036053222066744064,0.9679499351614571
moderate,Bank B,42,1.25,0.03109572048464051,0.9598593355388471
moderate,Bank B,42,1.5,0.03929732773438934,0.9514504571434939
moderate,Bank B,42,1.75,0.03995573328837355,0.9420713215330502
moderate,Bank B,42,2.0,0.044300905321919125,0.9322014177145683
moderate,Bank B,42,2.25,0.04298170948860144,0.9220860767341618
moderate,Bank B,42,2.5,0.04799051421529159,0.9116599420209968
moderate,Bank B,42,2.75,0.05234812191028366,0.9002970103964599
moderate,Bank B,42,3.0,0.050052604452872955,0.8888465666190787
moderate,Bank B,42,3.25,0.05611765356971403,0.8771283627400486
moderate,Bank B,42,3.5,0.05425057178280197,0.8651105646920825
moderate,Bank B,42,3.75,0.05250423101416664,0.853642910594195
moderate,Bank B,42,4.0,0.044181081553018885,0.8433881616853527
moderate,Bank B,42,4.25,0.039185457870644674,0.8346450021866361
moderate,Bank B,42,4.5,0.03330027655092059,0.8271166777031856
moderate,Bank B,42,4.75,0.028678698785005653,0.8207334557073476
moderate,Bank B,42,5.0,0.032766666371618985,0.814453819128269
moderate,Bank B,43,0.0,0.025,1.0
moderate,Bank B,43,0.25,0.01929109509016637,0.9944789106595424
moderate,Bank B,43,0.5,0.026035972512452196,0.9888602414513554
moderate,Bank B,43,0.75,0.029822430084910992,0.9819797709753674
moderate,Bank B,43,1.0,0.024549217993954354,0.9753284170795976
moderate,Bank B,43,1.25,0.032161215557530015,0.9684389527880859
moderate,Bank B,43,1.5,0.031270839948806126,0.9607905557792356
moderate,Bank B,43,1.75,0.026362881558557528,0.9538936869573033
moderate,Bank B,43,2.0,0.023227323888943947,0.9479990027560985
moderate,Bank B,43,2.25,0.027320458888347866,0.9420279805340672
moderate,Bank B,43,2.5,0.03194019805830278,0.935075612818868
moderate,Bank B,43,2.75,0.036274966212364826,0.9271362180517168
moderate,Bank B,43,3.0,0.03964748550025232,0.9183790311291965
moderate,Bank B,43,3.25,0.02502080656862979,0.9109852050951975
moderate,Bank B,43,3.5,0.028169654078569806,0.9049483310037297
moderate,Bank B,43,3.75,0.02979558215983375,0.8984150854327972
moderate,Bank B,43,4.0,0.03755084100386135,0.8908837003359422
moderate,Bank B,43,4.25,0.03256948236203834,0.8831091904127869
moderate,Bank B,43,4.5,0.03390938802020742,0.8758010844560212
moderate,Bank B,43,4.75,0.032257152042233096,0.8685873663085302
moderate,Bank B,43,5.0,0.04081933052440573,0.8606893300789804
moderate,Bank B,44,0.0,0.025,1.0
moderate,Bank B,44,0.25,0.01928293674005519,0.9944799248234509
moderate,Bank B,44,0.5,0.022541013699543217,0.9892943568070147
moderate,Bank B,44,0.75,0.014998722219804436,0.9846630004360748
moderate,Bank B,44,1.0,0.020782925230675615,0.9802687268660668
moderate,Bank B,44,1.25,0.020870425567426323,0.9751780564394773
moderate,Bank B,44,1.5,0.01754450432430779,0.9705066066703342
moderate,Bank B,44,1.75,0.02148197677118268,0.9657837037120038
moderate,Bank B,44,2.0,0.027121644886086836,0.9599339185348543
moderate,Bank B,44,2.25,0.032567118275880054,0.9527984124429054
moderate,Bank B,44,2.5,0.038904484026138005,0.9443240698349085
moderate,Bank B,44,2.75,0.04540874687578303,0.9344239542242252
moderate,Bank B,44,3.0,0.04238495154982995,0.9242254499977677
moderate,Bank B,44,3.25,0.03047598559039867,0.9158461739854832
moderate,Bank B,44,3.5,0.03538716679464091,0.9083370627435567
moderate,Bank B,44,3.75,0.03648482367993117,0.9002131110812209
moderate,Bank B,44,4.0,0.02151473859018601,0.8937102165803908
moderate,Bank B,44,4.25,0.023646542527994176,0.8886792928347208
moderate,Bank B,44,4.5,0.03032524729309792,0.8827040200075376
moderate,Bank B,44,4.75,0.019989931482761403,0.877169765491741
moderate,Bank B,44,5.0,0.022348607386500168,0.8725397672320707
moderate,Bank B,45,0.0,0.025,1.0
moderate,Bank B,45,0.25,0.020458971864647152,0.9943337426531379
moderate,Bank B,45,0.5,0.03232288120232189,0.9877949896532057
moderate,Bank B,45,0.75,0.04187658640989954,0.9786756130399974
moderate,Bank B,45,1.0,0.04843365403198219,0.9676896848297565
moderate,Bank B,45,1.25,0.040448155793589756,0.9569979373588502
moderate,Bank B,45,1.5,0.04052245084986922,0.9473607024836421
moderate,Bank B,45,1.75,0.03775186431372029,0.9381366501937106
moderate,Bank B,45,2.0,0.0132779200966512,0.9321715813046667
moderate,Bank B,45,2.25,0.01449155274122428,0.9289414515596213
moderate,Bank B,45,2.5,0.014754751945388344,0.9255516384630881
moderate,Bank B,45,2.75,0.021380271723628334,0.921380462106773
moderate,Bank B,45,3.0,0.016514340470903905,0.917026363141876
moderate,Bank B,45,3.25,0.021820952834120118,0.9126425655907934
moderate,Bank B,45,3.5,0.021647641843455686,0.907697102308201
moderate,Bank B,45,3.75,0.021670397994589523,0.9027954275634789
moderate,Bank B,45,4.0,0.025719358682329222,0.8974633291284208
moderate,Bank B,45,4.25,0.030607063953123036,0.8911666595977012
moderate,Bank B,45,4.5,0.02826641148284476,0.8846324724261788
moderate,Bank B,45,4.75,0.03125602709431593,0.8780749623635634
moderate,Bank B,45,5.0,0.03579716886713182,0.8707460030885913
moderate,Bank B,46,0.0,0.025,1.0
moderate,Bank B,46,0.25,0.03196087534491039,0.9929051785077554
moderate,Bank B,46,0.5,0.05082377544705696,0.98268349357603
moderate,Bank B,46,0.75,0.029350687836257373,0.9728844126355397
moderate,Bank B,46,1.0,0.01586440868118539,0.9674012894009649
moderate,Bank B,46,1.25,0.02633259103385441,0.9623120441386415
moderate,Bank B,46,1.5,0.0210728570897662,0.9566265517713841
moderate,Bank B,46,1.75,0.020148722955370152,0.9517100220972714
moderate,Bank B,46,2.0,0.028180074133669943,0.9459779783851824
moderate,Bank B,46,2.25,0.0340627198139831,0.9386464970628255
moderate,Bank B,46,2.5,0.026543665318763565,0.9315623685201049
moderate,Bank B,46,2.75,0.018876951185407116,0.9262883374101574
moderate,Bank B,46,3.0,0.02786723206652837,0.9208917948511147
moderate,Bank B,46,3.25,0.026445362993205674,0.9146609666680161
moderate,Bank B,46,3.5,0.022004049948079883,0.9091383581344382
moderate,Bank B,46,3.75,0.02311873504096154,0.9040249355999399
moderate,Bank B,46,4.0,0.03270575016587518,0.8977385536553991
moderate,Bank B,46,4.25,0.037692386149745884,0.8898733203853593
moderate,Bank B,46,4.5,0.025380715217060798,0.8828850211734948
moderate,Bank B,46,4.75,0.03205641076666101,0.8765689246829975
moderate,Bank B,46,5.0,0.03589937628027838,0.8691544688178898
moderate,Bank B,47,0.0,0.025,1.0
moderate,Bank B,47,0.25,0.019157210916971285,0.9944955539221481
moderate,Bank B,47,0.5,0.006013264072635626,0.9913714804667056
moderate,Bank B,47,0.75,0.009455344160610198,0.9894564403705483
moderate,Bank B,47,1.0,0.015345836766045676,0.9863937292272428
moderate,Bank B,47,1.25,0.01973335518705073,0.9820779613742487
moderate,Bank B,47,1.5,0.02756474248217189,0.9762887893719799
moderate,Bank B,47,1.75,0.030663446546749504,0.9692086461022049
moderate,Bank B,47,2.0,0.03297783656808019,0.9615290226898017
moderate,Bank B,47,2.25,0.049572234212159005,0.9516582512188333
moderate,Bank B,47,2.5,0.04102684700742693,0.9409416276215014
moderate,Bank B,47,2.75,0.04713937999999909,0.9306286513738068
moderate,Bank B,47,3.0,0.04700669013551953,0.9197409628111473
moderate,Bank B,47,3.25,0.04979066250708975,0.9086794567547983
moderate,Bank B,47,3.5,0.03968964483295673,0.8985724710031454
moderate,Bank B,47,3.75,0.039098998579830235,0.8897662433535237
moderate,Bank B,47,4.0,0.03691427217016347,0.88135202587439
moderate,Bank B,47,4.25,0.04079073453259696,0.8728327839527984
moderate,Bank B,47,4.5,0.05266285169259694,0.8626959377869118
moderate,Bank B,47,4.75,0.05049887797747277,0.8516427072123512
moderate,Bank B,47,5.0,0.053468518717286945,0.8406464309695821
moderate,Bank B,48,0.0,0.025,1.0
moderate,Bank B,48,0.25,0.03176862268795613,0.9929290398768014
moderate,Bank B,48,0.5,0.034248024073532786,0.9847690240273363
moderate,Bank B,48,0.75,0.024394791464760826,0.9775767137879934
moderate,Bank B,48,1.0,0.023647035932308512,0.9717237341484872
moderate,Bank B,48,1.25,0.016154556227484684,0.9669012216059787
moderate,Bank B,48,1.5,0.02916282921376681,0.9614395261527663
moderate,Bank B,48,1.75,0.03486882493097812,0.9537749202557263
moderate,Bank B,48,2.0,0.03758832644382184,0.9451754456592801
moderate,Bank B,48,2.25,0.045968309307087535,0.9353548608209762
moderate,Bank B,48,2.5,0.051874868993308544,0.9239847713542737
moderate,Bank B,48,2.75,0.028640994977136323,0.9147319827052057
moderate,Bank B,48,3.0,0.03883191729812033,0.9070494719786879
moderate,Bank B,48,3.25,0.037804407879051025,0.8984018409901003
moderate,Bank B,48,3.5,0.04051506342016599,0.8896494588656079
moderate,Bank B,48,3.75,0.033325941029802644,0.8814756632696518
moderate,Bank B,48,4.0,0.03431718458611695,0.8740538634684925
moderate,Bank B,48,4.25,0.031770071731830565,0.866863127647553
moderate,Bank B,48,4.5,0.02658560580542698,0.8605628360519251
moderate,Bank B,48,4.75,0.03931457465809453,0.8535030477811517
moderate,Bank B,48,5.0,0.03844802872345902,0.8452469115792277
moderate,Bank B,49,0.0,0.025,1.0
moderate,Bank B,49,0.25,0.025517666083875602,0.9937051876088245
moderate,Bank B,49,0.5,0.031459215557329584,0.98665305260221
moderate,Bank B,49,0.75,0.028864583061218335,0.9792411996600642
moderate,Bank B,49,1.0,0.031572410622918524,0.9718712739463362
moderate,Bank B,49,1.25,0.03141146823066148,0.9642497874153276
moderate,Bank B,49,1.5,0.026119320359603317,0.9573404047482414
moderate,Bank B,49,1.75,0.02678718804685558,0.9510301014827234
moderate,Bank B,49,2.0,0.020975414149732242,0.9453690583808615
moderate,Bank B,49,2.25,0.03161423413673536,0.9391748618155084
moderate,Bank B,49,2.5,0.02760937838952115,0.9322478675386283
moderate,Bank B,49,2.75,0.02206552157162887,0.9264771374127945
moderate,Bank B,49,3.0,0.023918291895497726,0.9211670441953618
moderate,Bank B,49,3.25,0.025822321867437794,0.9154573859387084
moderate,Bank B,49,3.5,0.023555057119746002,0.9098244268321044
moderate,Bank B,49,3.75,0.014672826652866986,0.9054872149317886
moderate,Bank B,49,4.0,0.019545215317210204,0.901622486099209
moderate,Bank B,49,4.25,0.023006963735420476,0.896839467683672
moderate,Bank B,49,4.5,0.01729243149790246,0.8923330665195419
moderate,Bank B,49,4.75,0.015828638946352468,0.8886463252921557
moderate,Bank B,49,5.0,0.019543240401743503,0.8847258624874988
moderate,Fund C,0,0.0,0.02,1.0
moderate,Fund C,0,0.25,0.02492075684561765,0.9944006405727321
moderate,Fund C,0,0.5,0.023253814637452977,0.9884305309877383
moderate,Fund C,0,0.75,0.0190085121604695,0.9832226274673538
moderate,Fund C,0,1.0,0.02574540098257172,0.9777376015367079
moderate,Fund C,0,1.25,0.028284159803233906,0.9711565082535167
moderate,Fund C,0,1.5,0.03065804434671752,0.9640275396763334
moderate,Fund C,0,1.75,0.022561883838916594,0.9576356397241577
moderate,Fund C,0,2.0,0.027637006661690687,0.9516454224430748
moderate,Fund C,0,2.25,0.019115967249880725,0.9461001102644947
moderate,Fund C,0,2.5,0.020166561914846188,0.9414658467785958
moderate,Fund C,0,2.75,0.01490203961342169,0.93734789272419
moderate,Fund C,0,3.0,0.015375061446640229,0.9338070751966684
moderate,Fund C,0,3.25,0.01620123073755278,0.9301285689403301
moderate,Fund C,0,3.5,0.02167881683840685,0.9257348150693788
moderate,Fund C,0,3.75,0.02464901849822479,0.9203893963529268
moderate,Fund C,0,4.0,0.015486208511146017,0.9157834551247171
moderate,Fund C,0,4.25,0.02226897659113243,0.9114716908609956
moderate,Fund C,0,4.5,0.024686880572657187,0.9061374938463975
moderate,Fund C,0,4.75,0.028593267755774147,0.900122653045029
moderate,Fund C,0,5.0,0.03485780358015237,0.8930116719493101
moderate,Fund C,1,0.0,0.02,1.0
moderate,Fund C,1,0.25,0.0218349739404139,0.9947842776189659
moderate,Fund C,1,0.5,0.019293768419176658,0.9896831233262032
moderate,Fund C,1,0.75,0.025319899727541725,0.9841793098674869
moderate,Fund C,1,1.0,0.01933195744484285,0.9787014321797107
moderate,Fund C,1,1.25,0.01080756455562512,0.9750211699483725
moderate,Fund C,1,1.5,0.01242523599962591,0.9721937184892212
moderate,Fund C,1,1.75,0.017466775236136326,0.968567893463298
moderate,Fund C,1,2.0,0.014660731762298172,0.9646859844622049
moderate,Fund C,1,2.25,0.01703040512056293,0.9608720442582609
moderate,Fund C,1,2.5,0.018714811002607305,0.9565882992360056
moderate,Fund C,1,2.75,0.01112084217763178,0.9530273889021739
moderate,Fund C,1,3.0,0.015529089868938395,0.949857906594609
moderate,Fund C,1,3.25,0.017779328976637768,0.9459113450290719
moderate,Fund C,1,3.5,0.019072797668985484,0.9415640101647211
moderate,Fund C,1,3.75,0.021844241350155204,0.9367605531704909
moderate,Fund C,1,4.0,0.024436986954906068,0.9313568951085062
moderate,Fund C,1,4.25,0.028067021084605737,0.9252644132207594
moderate,Fund C,1,4.5,0.023744272019733153,0.919291382786292
moderate,Fund C,1,4.75,0.018099389156466812,0.9144956210909768
moderate,Fund C,1,5.0,0.02116319406147882,0.910018434144829
moderate,Fund C,2,0.0,0.02,1.0
moderate,Fund C,2,0.25,0.021563965975572995,0.9948179774975878
moderate,Fund C,2,0.5,0.019118245971921383,0.9897718942599274
moderate,Fund C,2,0.75,0.02595868864851622,0.9842105915078904
moderate,Fund C,2,1.0,0.02341077737692879,0.9781555501891852
moderate,Fund C,2,1.25,0.023407922186796513,0.972447772048067
moderate,Fund C,2,1.5,0.028413772027979452,0.9661688939993639
moderate,Fund C,2,1.75,0.03192989628078854,0.9589085387936583
moderate,Fund C,2,2.0,0.03189724633189993,0.9512884283250559
moderate,Fund C,2,2.25,0.03608697108294261,0.9432386056581049
moderate,Fund C,2,2.5,0.03425156331787245,0.93498170485436
moderate,Fund C,2,2.75,0.03607144817528196,0.9267988814473314
moderate,Fund C,2,3.0,0.02969750569980488,0.9192107913711428
moderate,Fund C,2,3.25,0.02648722528089874,0.9127777065060827
moderate,Fund C,2,3.5,0.019675470333197883,0.9075258386735157
moderate,Fund C,2,3.75,0.020640384455720657,0.9029638832828218
moderate,Fund C,2,4.0,0.021378910132368877,0.8982335787347303
moderate,Fund C,2,4.25,0.018875643932355496,0.8937251819462955
moderate,Fund C,2,4.5,0.020125327647709863,0.8893787664037921
moderate,Fund C,2,4.75,0.016023203315084528,0.8853691151792401
moderate,Fund C,2,5.0,0.013395643503413188,0.882119276950176
moderate,Fund C,3,0.0,0.02,1.0
moderate,Fund C,3,0.25,0.02513287954768564,0.9943742740534403
moderate,Fund C,3,0.5,0.021031314645387617,0.9886527371779087
moderate,Fund C,3,0.75,0.01660090334997171,0.9840130090214553
moderate,Fund C,3,1.0,0.01745436918465515,0.9798330582687717
moderate,Fund C,3,1.25,0.016162885056744344,0.9757242850402679
moderate,Fund C,3,1.5,0.019382633251684225,0.9713985739546852
moderate,Fund C,3,1.75,0.01510104310075641,0.9672204110707489
moderate,Fund C,3,2.0,0.013487151152433359,0.9637701938352424
moderate,Fund C,3,2.25,0.021338440278291727,0.9595838291100934
moderate,Fund C,3,2.5,0.017384645768704927,0.9549502963019155
moderate,Fund C,3,2.75,0.014731653428665727,0.951124297568565
moderate,Fund C,3,3.0,0.012001318919802134,0.9479513045487087
moderate,Fund C,3,3.25,0.010215127868918776,0.9453224427717097
moderate,Fund C,3,3.5,0.006051031968923623,0.9434022997737331
moderate,Fund C,3,3.75,0.010270615102546591,0.9414795269439907
moderate,Fund C,3,4.0,0.0147933194139012,0.9385344950818089
moderate,Fund C,3,4.25,0.011499482329285979,0.9354549707604388
moderate,Fund C,3,4.5,0.011672798964804327,0.93274931295356
moderate,Fund C,3,4.75,0.014272086281171043,0.9297292036389961
moderate,Fund C,3,5.0,0.010350873938226373,0.9268720172692172
moderate,Fund C,4,0.0,0.02,1.0
moderate,Fund C,4,0.25,0.02355423338933764,0.9945705140558606
moderate,Fund C,4,0.5,0.025199902862850784,0.9885277675193578
moderate,Fund C,4,0.75,0.03146023161006205,0.9815512378470209
moderate,Fund C,4,1.0,0.011253173062136933,0.9763245290179089
moderate,Fund C,4,1.25,0.013576321758974018,0.9732990209567771
moderate,Fund C,4,1.5,0.010618921735039817,0.9703598170188099
moderate,Fund C,4,1.75,0.017857713570509068,0.966911884426312
moderate,Fund C,4,2.0,0.01661691760367079,0.9627541081491159
moderate,Fund C,4,2.25,0.02060861454113476,0.9582846356193794
moderate,Fund C,4,2.5,0.031517445161872173,0.9520609832766794
moderate,Fund C,4,2.75,0.03902204918332827,0.9437031472287397
moderate,Fund C,4,3.0,0.03385829781132094,0.9351450123037921
moderate,Fund C,4,3.25,0.039617892414773044,0.9265954725278056
moderate,Fund C,4,3.5,0.04240525589601022,0.9171437244762698
moderate,Fund C,4,3.75,0.019922360442641646,0.9100260643800102
moderate,Fund C,4,4.0,0.027141648946087716,0.9046880970048768
moderate,Fund C,4,4.25,0.03164989545730185,0.8980639656958743
moderate,Fund C,4,4.5,0.029446420176018402,0.8912315387227238
moderate,Fund C,4,4.75,0.02633100932268352,0.8850393248779201
moderate,Fund C,4,5.0,0.029281400253446523,0.8789082635826981
moderate,Fund C,5,0.0,0.02,1.0
moderate,Fund C,5,0.25,0.022072722112516336,0.9947547145402986
moderate,Fund C,5,0.5,0.027497181803660495,0.9886100341982593
moderate,Fund C,5,0.75,0.016969019123876154,0.9831303106590334
moderate,Fund C,5,1.0,0.01827799545480163,0.9788082877517428
moderate,Fund C,5,1.25,0.024133106921107168,0.97363297572835
moderate,Fund C,5,1.5,0.013069924761840095,0.9691157250275556
moderate,Fund C,5,1.75,0.017369861595507255,0.965435272027482
moderate,Fund C,5,2.0,0.02316199610436953,0.9605562814904961
moderate,Fund C,5,2.25,0.019776190672336345,0.9554145243140768
moderate,Fund C,5,2.5,0.020429395468649615,0.9506249447663074
moderate,Fund C,5,2.75,0.014518499032463793,0.9464812097470298
moderate,Fund C,5,3.0,0.017483196649409456,0.9427026468565128
moderate,Fund C,5,3.25,0.0211815290231043,0.938157471921425
moderate,Fund C,5,3.5,0.03055609851206153,0.932109793551682
moderate,Fund C,5,3.75,0.024409389616507994,0.9257275102669336
moderate,Fund C,5,4.0,0.02688070437556269,0.9198114139760053
moderate,Fund C,5,4.25,0.019473581018174604,0.9144971748550613
moderate,Fund C,5,4.5,0.01828469830645698,0.9101911147162978
moderate,Fund C,5,4.75,0.019935693417578417,0.9058530031194967
moderate,Fund C,5,5.0,0.01860578012633538,0.9014993850243848
moderate,Fund C,6,0.0,0.02,1.0
moderate,Fund C,6,0.25,0.027007649006828508,0.9941412735409028
moderate,Fund C,6,0.5,0.02638432762524659,0.9875284690498373
moderate,Fund C,6,0.75,0.0259931537761358,0.9810840566980212
moderate,Fund C,6,1.0,0.024631003906634596,0.9748953392643311
moderate,Fund C,6,1.25,0.027284002604603865,0.9685893600927468
moderate,Fund C,6,1.5,0.029024306244471998,0.9617958427517426
moderate,Fund C,6,1.75,0.03496123201698113,0.9541338963701451
moderate,Fund C,6,2.0,0.04128381285507246,0.9450835946987144
moderate,Fund C,6,2.25,0.02538720124032382,0.9372401131912979
moderate,Fund C,6,2.5,0.019731943867853687,0.9319690571760675
moderate,Fund C,6,2.75,0.017704227320700906,0.9276180762242254
moderate,Fund C,6,3.0,0.01672990990017418,0.9236339407513673
moderate,Fund C,6,3.25,0.025008519221052725,0.9188276109734951
moderate,Fund C,6,3.5,0.02441305453143625,0.9131688696463092
moderate,Fund C,6,3.75,0.019968202731734976,0.9081169479517217
moderate,Fund C,6,4.0,0.027717395700245832,0.9027200361030793
moderate,Fund C,6,4.25,0.035027353458153894,0.8956676108924997
moderate,Fund C,6,4.5,0.024813890919733905,0.8889928730056711
moderate,Fund C,6,4.75,0.03188833830396082,0.8827141656268673
moderate,Fund C,6,5.0,0.020247597340594052,0.8769802288143598
moderate,Fund C,7,0.0,0.02,1.0
moderate,Fund C,7,0.25,0.026555074767873773,0.9941975154730267
moderate,Fund C,7,0.5,0.018525560601224192,0.9886108888386227
moderate,Fund C,7,0.75,0.021670225578071033,0.9836560978819777
moderate,Fund C,7,1.0,0.012364713914192058,0.9794801527115674
moderate,Fund C,7,1.25,0.017636588145690208,0.9758138216870584
moderate,Fund C,7,1.5,0.024191570009821077,0.9707250747288741
moderate,Fund C,7,1.75,0.03858773225828612,0.9631372058772498
moderate,Fund C,7,2.0,0.04181079526485808,0.9535063295587881
moderate,Fund C,7,2.25,0.0226923148918193,0.9458492247570496
moderate,Fund C,7,2.5,0.018334322081577235,0.9410110147316288
moderate,Fund C,7,2.75,0.020623738865943084,0.936439658904998
moderate,Fund C,7,3.0,0.03304151004129144,0.9301788980404153
moderate,Fund C,7,3.25,0.04761790732325319,0.9208475573749038
moderate,Fund C,7,3.5,0.05185252751590132,0.9094688061842595
moderate,Fund C,7,3.75,0.03703784244983455,0.8994193634129375
moderate,Fund C,7,4.0,0.03182683796230611,0.8917103127204798
moderate,Fund C,7,4.25,0.041448946098082834,0.8835800076769151
moderate,Fund C,7,4.5,0.02066980705005417,0.8767457145775405
moderate,Fund C,7,4.75,0.01474554552534517,0.8728730106505298
moderate,Fund C,7,5.0,0.022040965637920313,0.8688684806558314
moderate,Fund C,8,0.0,0.02,1.0
moderate,Fund C,8,0.25,0.022190936274083188,0.9947400153870839
moderate,Fund C,8,0.5,0.02306891599715281,0.9891281815104611
moderate,Fund C,8,0.75,0.018688498520439224,0.9839787030727377
moderate,Fund C,8,1.0,0.021002526336540536,0.9791089031261422
moderate,Fund C,8,1.25,0.0230515096522139,0.9737320089748259
moderate,Fund C,8,1.5,0.027227872484946916,0.9676313696075362
moderate,Fund C,8,1.75,0.01946514613426286,0.962000115664445
moderate,Fund C,8,2.0,0.02223246540185058,0.9569990219503677
moderate,Fund C,8,2.25,0.017217833388026647,0.9522914016347547
moderate,Fund C,8,2.5,0.023973753124460585,0.9474007042069914
moderate,Fund C,8,2.75,0.020994340151403102,0.9420902927270693
moderate,Fund C,8,3.0,0.032513758744008185,0.9358101360234969
moderate,Fund C,8,3.25,0.02395395380819523,0.9292280109773302
moderate,Fund C,8,3.5,0.02752683617956274,0.9232675356593156
moderate,Fund C,8,3.75,0.021283239935370277,0.9176515904140398
moderate,Fund C,8,4.0,0.01649482598980563,0.9133284182306907
moderate,Fund C,8,4.25,0.014424462022853989,0.9098052978379566
moderate,Fund C,8,4.5,0.01573682529677313,0.9063816433832862
moderate,Fund C,8,4.75,0.0212980102840423,0.9021953788187953
moderate,Fund C,8,5.0,0.018112103032548007,0.8977618553745969
moderate,Fund C,9,0.0,0.02,1.0
moderate,Fund C,9,0.25,0.024564359992167085,0.9944449417169453
moderate,Fund C,9,0.5,0.028381744847477727,0.9878851745257612
moderate,Fund C,9,0.75,0.03524196326389052,0.9800597188051146
moderate,Fund C,9,1.0,0.03363621748725136,0.9716578484953516
moderate,Fund C,9,1.25,0.033074763960611056,0.9635890066862666
moderate,Fund C,9,1.5,0.027625952084882117,0.9563053564695104
moderate,Fund C,9,1.75,0.030250604126328365,0.9494118646690274
moderate,Fund C,9,2.0,0.026312468244068344,0.9427228330444974
moderate,Fund C,9,2.25,0.0225844613198176,0.9369783748302624
moderate,Fund C,9,2.5,0.027476970380924486,0.9311333721144198
moderate,Fund C,9,2.75,0.027383794475750355,0.9247698800575584
moderate,Fund C,9,3.0,0.027898278555917852,0.9184015094389867
moderate,Fund C,9,3.25,0.028946025408377412,0.9118989022387514
moderate,Fund C,9,3.5,0.030359869297317252,0.9051637750949306
moderate,Fund C,9,3.75,0.03875096310451588,0.8973778763932093
moderate,Fund C,9,4.0,0.0312683039390214,0.889557930348381
moderate,Fund C,9,4.25,0.028970252218189534,0.8828848746622112
moderate,Fund C,9,4.5,0.030410829465454346,0.8763558037374823
moderate,Fund C,9,4.75,0.034750045251218206,0.8692467810817416
moderate,Fund C,9,5.0,0.044941104210054345,0.8606308562435729
moderate,Fund C,10,0.0,0.02,1.0
moderate,Fund C,10,0.25,0.026334809509468808,0.9942248892464496
moderate,Fund C,10,0.5,0.027628718219809632,0.9875409722763315
moderate,Fund C,10,0.75,0.01668895121376439,0.9820854080512521
moderate,Fund C,10,1.0,0.017118708864459486,0.977943913898492
moderate,Fund C,10,1.25,0.019795686060762107,0.9734417829950198
moderate,Fund C,10,1.5,0.020060607510118872,0.9686041210212787
moderate,Fund C,10,1.75,0.01740408538297504,0.9640786688431524
moderate,Fund C,10,2.0,0.010740294934550816,0.9606929533002646
moderate,Fund C,10,2.25,0.008400903833420254,0.9583970991363271
moderate,Fund C,10,2.5,0.015306324646398823,0.955561185814051
moderate,Fund C,10,2.75,0.019201499375142123,0.9514482705207424
moderate,Fund C,10,3.0,0.029518614584871622,0.9456715450242241
moderate,Fund C,10,3.25,0.03676169486071272,0.9378689865755374
moderate,Fund C,10,3.5,0.03652905036230302,0.9293160848115695
moderate,Fund C,10,3.75,0.021672736371133584,0.9225796370332987
moderate,Fund C,10,4.0,0.012404086844991611,0.9186581720052821
moderate,Fund C,10,4.25,0.01374098595859562,0.9156607745230165
moderate,Fund C,10,4.5,0.014345251253512905,0.91245172773233
moderate,Fund C,10,4.75,0.019314460446426665,0.9086206851089357
moderate,Fund C,10,5.0,0.020072424170182443,0.904158212044334
moderate,Fund C,11,0.0,0.02,1.0
moderate,Fund C,11,0.25,0.02877255976961119,0.9939219764026098
moderate,Fund C,11,0.5,0.019046896894683488,0.9879985962308678
moderate,Fund C,11,0.75,0.01642979050144901,0.9836269319872047
moderate,Fund C,11,1.0,0.016397485671067587,0.9795989776937007
moderate,Fund C,11,1.25,0.017937886548122204,0.9754036252549133
moderate,Fund C,11,1.5,0.02001079842010351,0.9707876713851847
moderate,Fund C,11,1.75,0.02257333416408743,0.9656338815450487
moderate,Fund C,11,2.0,0.01714171268651156,0.960851986584032
moderate,Fund C,11,2.25,0.011823717594298115,0.9573793406419968
moderate,Fund C,11,2.5,0.0188464199385618,0.9537159978245865
moderate,Fund C,11,2.75,0.013568197758888758,0.9498595235516836
moderate,Fund C,11,3.0,0.01641769121780322,0.9463058898641722
moderate,Fund C,11,3.25,0.024682403821800213,0.9414566991661393
moderate,Fund C,11,3.5,0.02422273583775567,0.935718995814004
moderate,Fund C,11,3.75,0.017094713989878284,0.9308987636769734
moderate,Fund C,11,4.0,0.016352352053852024,0.9270149092517587
moderate,Fund C,11,4.25,0.014607780486517775,0.9234342792123114
moderate,Fund C,11,4.5,0.004534661128669397,0.9212273223273555
moderate,Fund C,11,4.75,0.006670138477099287,0.9199379545401078
moderate,Fund C,11,5.0,0.014943397747115568,0.9174559198584302
moderate,Fund C,12,0.0,0.02,1.0
moderate,Fund C,12,0.25,0.016950380254708564,0.9953918527100685
moderate,Fund C,12,0.5,0.014847725339852227,0.9914432583673221
moderate,Fund C,12,0.75,0.01233248829183315,0.9880805191544213
moderate,Fund C,12,1.0,0.01686204454105062,0.9844812719004733
moderate,Fund C,12,1.25,0.016345612750421894,0.9804032021166456
moderate,Fund C,12,1.5,0.021452278311967624,0.975781981060097
moderate,Fund C,12,1.75,0.02111346463448021,0.970603908186279
moderate,Fund C,12,2.0,0.02504902818530086,0.965019349012277
moderate,Fund C,12,2.25,0.03449347695767381,0.9578635529779007
moderate,Fund C,12,2.5,0.02833414226648281,0.9503704789185499
moderate,Fund C,12,2.75,0.024370195880172585,0.9441299769492301
moderate,Fund C,12,3.0,0.027191095376076294,0.9380644744267486
moderate,Fund C,12,3.25,0.012446280071163223,0.9334281678795164
moderate,Fund C,12,3.5,0.00986809506427901,0.930828187336526
moderate,Fund C,12,3.75,0.014588756783305856,0.927986891736838
moderate,Fund C,12,4.0,0.011783279730167668,0.9249328153667765
moderate,Fund C,12,4.25,0.008784473706777166,0.9225578958358716
moderate,Fund C,12,4.5,0.015863039630771028,0.9197199251330126
moderate,Fund C,12,4.75,0.02277399714852673,0.9152887276956637
moderate,Fund C,12,5.0,0.023408878440071484,0.9100201166231789
moderate,Fund C,13,0.0,0.02,1.0
moderate,Fund C,13,0.25,0.022063623373054196,0.9947558459176891
moderate,Fund C,13,0.5,0.015695535242297057,0.9900717658249543
moderate,Fund C,13,0.75,0.02512828740985023,0.9850323205767817
moderate,Fund C,13,1.0,0.033646203117994225,0.9778219928677703
moderate,Fund C,13,1.25,0.0334582511637248,0.9696542700169855
moderate,Fund C,13,1.5,0.025803805073784884,0.9624978460325581
moderate,Fund C,13,1.75,0.02839573201676751,0.9559990182682951
moderate,Fund C,13,2.0,0.0356862864564694,0.9483718136241784
moderate,Fund C,13,2.25,0.03111077281172094,0.9404862242927622
moderate,Fund C,13,2.5,0.039676147487106815,0.9322011675264107
moderate,Fund C,13,2.75,0.04419280794470576,0.9224793740864585
moderate,Fund C,13,3.0,0.04395597283916263,0.9123707388364853
moderate,Fund C,13,3.25,0.037694576353137,0.9031061514388101
moderate,Fund C,13,3.5,0.03715781630687161,0.8946956026209527
moderate,Fund C,13,3.75,0.044027335867842674,0.8856620173786036
moderate,Fund C,13,4.0,0.051102364984354165,0.8751927912919499
moderate,Fund C,13,4.25,0.04967547010995129,0.864236938519445
moderate,Fund C,13,4.5,0.045934671436421465,0.8539696870601611
moderate,Fund C,13,4.75,0.05354626502990468,0.8434162267859344
moderate,Fund C,13,5.0,0.035755040174871563,0.8340538075336265
moderate,Fund C,14,0.0,0.02,1.0
moderate,Fund C,14,0.25,0.020016373119489454,0.9950104427624893
moderate,Fund C,14,0.5,0.017248307356845634,0.9903863774906316
moderate,Fund C,14,0.75,0.011243536039352908,0.9868654094455709
moderate,Fund C,14,1.0,0.019232425686270434,0.9831131021260048
moderate,Fund C,14,1.25,0.02296999461753665,0.9779405384977816
moderate,Fund C,14,1.5,0.014216189829285608,0.973405352399894
moderate,Fund C,14,1.75,0.025893572459324332,0.9685371842524396
moderate,Fund C,14,2.0,0.02854389622494073,0.9619689678343858
moderate,Fund C,14,2.25,0.020714729751462487,0.9560640071825302
moderate,Fund C,14,2.5,0.024327649027525475,0.9506962078721204
moderate,Fund C,14,2.75,0.022499124442105424,0.9451477078653489
moderate,Fund C,14,3.0,0.022401892267775062,0.9398578052493723
moderate,Fund C,14,3.25,0.024253523029619986,0.934392575122639
moderate,Fund C,14,3.5,0.034051907675020546,0.9276073110737875
moderate,Fund C,14,3.75,0.03427143625752982,0.919718890059127
moderate,Fund C,14,4.0,0.038357338850029905,0.911406920605538
moderate,Fund C,14,4.25,0.03786923920205594,0.9027639834943618
moderate,Fund C,14,4.5,0.04345318584566239,0.8936335991314601
moderate,Fund C,14,4.75,0.043722862837017075,0.8839485333116163
moderate,Fund C,14,5.0,0.0325945557875565,0.8755560439959809
moderate,Fund C,15,0.0,0.02,1.0
moderate,Fund C,15,0.25,0.02297739935986128,0.9946422294059731
moderate,Fund C,15,0.5,0.02030972907980573,0.9892748628771243
moderate,Fund C,15,0.75,0.016063978121869084,0.984787123564926
moderate,Fund C,15,1.0,0.020033065429342564,0.9803536453418393
moderate,Fund C,15,1.25,0.01481289042857573,0.9760927617572155
moderate,Fund C,15,1.5,0.025348859935212076,0.9712048420075003
moderate,Fund C,15,1.75,0.03145553680065665,0.9643331790258974
moderate,Fund C,15,2.0,0.030752792834488455,0.9568635641461863
moderate,Fund C,15,2.25,0.02833613887838546,0.9498220949888608
moderate,Fund C,15,2.5,0.029066771378975995,0.9430311687484259
moderate,Fund C,15,2.75,0.011197405461170533,0.9382967961254111
moderate,Fund C,15,3.0,0.01151349696223395,0.9356368776110392
moderate,Fund C,15,3.25,0.0109964695092078,0.9330079335925693
moderate,Fund C,15,3.5,0.01166140511546127,0.9303691750498493
moderate,Fund C,15,3.75,0.015405463840685002,0.9272267215034251
moderate,Fund C,15,4.0,0.011552779904637364,0.9241074296239056
moderate,Fund C,15,4.25,0.010629945286986492,0.9215485762648588
moderate,Fund C,15,4.5,0.012002576512219252,0.9189451396171411
moderate,Fund C,15,4.75,0.006715375629636622,0.9167975566010829
moderate,Fund C,15,5.0,0.010379950490906667,0.9148405291950801
moderate,Fund C,16,0.0,0.02,1.0
moderate,Fund C,16,0.25,0.016717487449103872,0.9954208305820192
moderate,Fund C,16,0.5,0.023048301300075485,0.9904851458985993
moderate,Fund C,16,0.75,0.018948548009326764,0.9852991131961574
moderate,Fund C,16,1.0,0.0162208791508815,0.9809770697199496
moderate,Fund C,16,1.25,0.012846210660901768,0.9774192684933538
moderate,Fund C,16,1.5,0.00797703552103404,0.9748784464317397
moderate,Fund C,16,1.75,0.007725542719949519,0.9729668100116924
moderate,Fund C,16,2.0,0.010926046904646224,0.9707010301055007
moderate,Fund C,16,2.25,0.01597516157829875,0.9674423831741696
moderate,Fund C,16,2.5,0.01283878327553693,0.96396417181142
moderate,Fund C,16,2.75,0.016827511951506884,0.9603961358370884
moderate,Fund C,16,3.0,0.023538925034415868,0.9555623699495647
moderate,Fund C,16,3.25,0.0277476594588525,0.9494560229400927
moderate,Fund C,16,3.5,0.022113161536173046,0.9435568435565262
moderate,Fund C,16,3.75,0.027249488410245815,0.9377527104119845
moderate,Fund C,16,4.0,0.03124607786872146,0.9309209207099808
moderate,Fund C,16,4.25,0.046110694566880786,0.9219626721079237
moderate,Fund C,16,4.5,0.042914469357496245,0.9117598121007188
moderate,Fund C,16,4.75,0.04733637911665434,0.9015317268320194
moderate,Fund C,16,5.0,0.041535334362176865,0.8915720663487723
moderate,Fund C,17,0.0,0.02,1.0
moderate,Fund C,17,0.25,0.021906922255413852,0.9947753310276264
moderate,Fund C,17,0.5,0.023410370937673553,0.9891561956365666
moderate,Fund C,17,0.75,0.018179104196227317,0.9840272282540795
moderate,Fund C,17,1.0,0.016337582860926726,0.9797907042628456
moderate,Fund C,17,1.25,0.01660010969255649,0.9757649916818781
moderate,Fund C,17,1.5,0.009796329649655084,0.9725507072751166
moderate,Fund C,17,1.75,0.017661151505713533,0.9692184549100743
moderate,Fund C,17,2.0,0.016420475658050243,0.9650981700150637
moderate,Fund C,17,2.25,0.01898629609328604,0.9608362319857758
moderate,Fund C,17,2.5,0.02394544017127649,0.9556937468526285
moderate,Fund C,17,2.75,0.015009236023030002,0.9510514658784739
moderate,Fund C,17,3.0,0.020082921420542556,0.9468887963967668
moderate,Fund C,17,3.25,0.02902579897464401,0.9410940382722337
moderate,Fund C,17,3.5,0.03237466774012005,0.9338987341360176
moderate,Fund C,17,3.75,0.028005794311176675,0.9268766127697095
moderate,Fund C,17,4.0,0.016284956129050947,0.9217592838935613
moderate,Fund C,17,4.25,0.014878957427109455,0.9181755652636656
moderate,Fund C,17,4.5,0.02411865486358287,0.9137106248924803
moderate,Fund C,17,4.75,0.024675213917521976,0.9081546511652386
moderate,Fund C,17,5.0,0.017407807808494838,0.9033899577066471
moderate,Fund C,18,0.0,0.02,1.0
moderate,Fund C,18,0.25,0.026895645693291975,0.9941551920279299
moderate,Fund C,18,0.5,0.026050835731581623,0.9875972896553564
moderate,Fund C,18,0.75,0.017510150713824564,0.9822343149169275
moderate,Fund C,18,1.0,0.01604521285370007,0.9781230394601793
moderate,Fund C,18,1.25,0.01825419125354329,0.973938386888842
moderate,Fund C,18,1.5,0.015394922740988175,0.9698504696147974
moderate,Fund C,18,1.75,0.022573724964407883,0.9652583865825911
moderate,Fund C,18,2.0,0.01612667747677815,0.960600176826286
moderate,Fund C,18,2.25,0.015136174046121376,0.9568536145203985
moderate,Fund C,18,2.5,0.014635598081739178,0.9532993287376907
moderate,Fund C,18,2.75,0.01384646363613755,0.949911372026262
moderate,Fund C,18,3.0,0.013364650557581029,0.9466858424246918
moderate,Fund C,18,3.25,0.010676680538503031,0.9438451644448216
moderate,Fund C,18,3.5,0.01080153577781008,0.9413145492073447
moderate,Fund C,18,3.75,0.009971227428793777,0.9388735067494739
moderate,Fund C,18,4.0,0.009694314081419918,0.9365684091073349
moderate,Fund C,18,4.25,0.013014420280517306,0.933913643386244
moderate,Fund C,18,4.5,0.010409253775965601,0.931183181579932
moderate,Fund C,18,4.75,0.005675157051712909,0.929312870781873
moderate,Fund C,18,5.0,0.011161776218886546,0.9273590801441055
moderate,Fund C,19,0.0,0.02,1.0
moderate,Fund C,19,0.25,0.009458480994146016,0.996324461265655
moderate,Fund C,19,0.5,0.015738458308202564,0.9931913570235549
moderate,Fund C,19,0.75,0.01626909528681319,0.9892255925162322
moderate,Fund C,19,1.0,0.015354688631083316,0.9853229291116874
moderate,Fund C,19,1.25,0.014776230772745818,0.9816188232770757
moderate,Fund C,19,1.5,0.015239868323217217,0.9779426780766031
moderate,Fund C,19,1.75,0.01831891184407011,0.9738489499435582
moderate,Fund C,19,2.0,0.014882195411259604,0.9698157170401646
moderate,Fund C,19,2.25,0.016309023153974575,0.9660418620171111
moderate,Fund C,19,2.5,0.016622744208552663,0.962073352515265
moderate,Fund C,19,2.75,0.018421689586081376,0.9578681552985537
moderate,Fund C,19,3.0,0.020095578848462928,0.9532674315351689
moderate,Fund C,19,3.25,0.012746964733813327,0.9493619876689239
moderate,Fund C,19,3.5,0.009994341106771335,0.9466671033934879
moderate,Fund C,19,3.75,0.012071812647212332,0.9440595384975244
moderate,Fund C,19,4.0,0.013297098986947344,0.9410705598220813
moderate,Fund C,19,4.25,0.01479206631715808,0.9377721180507707
moderate,Fund C,19,4.5,0.022674576862058232,0.9333904896998219
moderate,Fund C,19,4.75,0.011756281114038,0.9293819425713268
moderate,Fund C,19,5.0,0.01482365830367694,0.9262992021318788
moderate,Fund C,20,0.0,0.02,1.0
moderate,Fund C,20,0.25,0.01961938053057474,0.9950598204590991
moderate,Fund C,20,0.5,0.019967591063401874,0.9901480574896719
moderate,Fund C,20,0.75,0.017682138959196673,0.9854991545605771
moderate,Fund C,20,1.0,0.022307904871978465,0.9805851773797996
moderate,Fund C,20,1.25,0.014336161240366196,0.9761038700390777
moderate,Fund C,20,1.5,0.015810447914529843,0.9724325140838352
moderate,Fund C,20,1.75,0.017255946847930224,0.9684214545753018
moderate,Fund C,20,2.0,0.01755245864159776,0.9642169573642551
moderate,Fund C,20,2.25,0.02401307552515334,0.9592201753638906
moderate,Fund C,20,2.5,0.028415445773744972,0.952954417391938
moderate,Fund C,20,2.75,0.02331234818474752,0.9468125167570501
moderate,Fund C,20,3.0,0.028247816092532393,0.9407299129523559
moderate,Fund C,20,3.25,0.023586700618303647,0.934654331958637
moderate,Fund C,20,3.5,0.018335933713590213,0.9297692463930765
moderate,Fund C,20,3.75,0.019172363888241853,0.9254201920122368
moderate,Fund C,20,4.0,0.01641244177390502,0.9213129712389617
moderate,Fund C,20,4.25,0.008615912449474232,0.9184351069249097
moderate,Fund C,20,4.5,0.0025749836752885294,0.9171512411249508
moderate,Fund C,20,4.75,0.005465491802318042,0.9162299126894852
moderate,Fund C,20,5.0,0.010904090614545179,0.914357041841485
moderate,Fund C,21,0.0,0.02,1.0
moderate,Fund C,21,0.25,0.027659593959551917,0.9940602611687257
moderate,Fund C,21,0.5,0.020721031961639078,0.9880667453586105
moderate,Fund C,21,0.75,0.02338273646458227,0.9826345495202675
moderate,Fund C,21,1.0,0.028579641092447948,0.9762727294100731
moderate,Fund C,21,1.25,0.036260172188478226,0.9683920412616293
moderate,Fund C,21,1.5,0.03940574394321152,0.9592759364998532
moderate,Fund C,21,1.75,0.034484296505914974,0.9504566107489486
moderate,Fund C,21,2.0,0.03147572570886591,0.9426523108027692
moderate,Fund C,21,2.25,0.022194388836955674,0.9363494444775933
moderate,Fund C,21,2.5,0.020941703186364822,0.9313142246831512
moderate,Fund C,21,2.75,0.015388683217873636,0.9270944378848363
moderate,Fund C,21,3.0,0.01916337168031588,0.923098945136866
moderate,Fund C,21,3.25,0.020964806842426523,0.9184802536426285
moderate,Fund C,21,3.5,0.01964392346210178,0.9138297771361088
moderate,Fund C,21,3.75,0.01636827981863441,0.9097253940969442
moderate,Fund C,21,4.0,0.01499675173160702,0.9061656811026472
moderate,Fund C,21,4.25,0.013547371066722689,0.9029382292658511
moderate,Fund C,21,4.5,0.009577675759526037,0.9003319368910968
moderate,Fund C,21,4.75,0.009640473948138086,0.8981716934288957
moderate,Fund C,21,5.0,0.013384158504708902,0.8955904006529505
moderate,Fund C,22,0.0,0.02,1.0
moderate,Fund C,22,0.25,0.018596532387506554,0.9951870529788472
moderate,Fund C,22,0.5,0.01842347900754111,0.9905924624098191
moderate,Fund C,22,0.75,0.02214652490383189,0.9855816362167483
moderate,Fund C,22,1.0,0.02817188151385766,0.9794019788306977
moderate,Fund C,22,1.25,0.028519492751131525,0.9724860568252481
moderate,Fund C,22,1.5,0.03098071678891242,0.9652799971525247
moderate,Fund C,22,1.75,0.02768464343430604,0.9582273256335527
moderate,Fund C,22,2.0,0.0345652815063392,0.9508000623829732
moderate,Fund C,22,2.25,0.026871204846983354,0.9435263008954481
moderate,Fund C,22,2.5,0.01587561528809817,0.9384981528080699
moderate,Fund C,22,2.75,0.010564032870869697,0.9354015775294516
moderate,Fund C,22,3.0,0.0036552214721427556,0.9337404650850666
moderate,Fund C,22,3.25,0.004640231321028051,0.9327727419094984
moderate,Fund C,22,3.5,0.006657631282667765,0.9314563793486665
moderate,Fund C,22,3.75,0.010778112244942966,0.9294285106715781
moderate,Fund C,22,4.0,0.01431372958424922,0.926517943378359
moderate,Fund C,22,4.25,0.018018946028413044,0.9227808997398845
moderate,Fund C,22,4.5,0.012990781092325916,0.9192109252191405
moderate,Fund C,22,4.75,0.01321245804299597,0.9162050626537614
moderate,Fund C,22,5.0,0.01603171399670098,0.9128619694416072
moderate,Fund C,23,0.0,0.02,1.0
moderate,Fund C,23,0.25,0.022551960015319637,0.9946951258047403
moderate,Fund C,23,0.5,0.01776945676044164,0.9896942993252243
moderate,Fund C,23,0.75,0.02492226273435758,0.9844268975514661
moderate,Fund C,23,1.0,0.016549418909186653,0.9793368723323521
moderate,Fund C,23,1.25,0.016519500116657437,0.9752970262024393
moderate,Fund C,23,1.5,0.01650637209733435,0.9712790710685044
moderate,Fund C,23,1.75,0.010661530630680411,0.9679862135695871
moderate,Fund C,23,2.0,0.012724103367254729,0.9651607239100919
moderate,Fund C,23,2.25,0.014016790888165945,0.9619399521964553
moderate,Fund C,23,2.5,0.01697417282059232,0.9582207299716085
moderate,Fund C,23,2.75,0.02112928108538758,0.9536676416763818
moderate,Fund C,23,3.0,0.01541857819785777,0.949320764705815
moderate,Fund C,23,3.25,0.01963611323238825,0.9451700968115566
moderate,Fund C,23,3.5,0.0123208056945837,0.9414020372759336
moderate,Fund C,23,3.75,0.016143778959544598,0.938058411987042
moderate,Fund C,23,4.0,0.024736196893613553,0.9332771628216049
moderate,Fund C,23,4.25,0.029259443384048463,0.9269992606180815
moderate,Fund C,23,4.5,0.028038386760281017,0.920383599565246
moderate,Fund C,23,4.75,0.016870998147625202,0.9152313419736195
moderate,Fund C,23,5.0,0.017982281699410074,0.9112526633808001
moderate,Fund C,24,0.0,0.02,1.0
moderate,Fund C,24,0.25,0.031570297423762196,0.9935744455575763
moderate,Fund C,24,0.5,0.02462185792457545,0.9866200119888913
moderate,Fund C,24,0.75,0.023929864666414495,0.9806503824086911
moderate,Fund C,24,1.0,0.033262393163839894,0.9736646814727103
moderate,Fund C,24,1.25,0.018870991618373217,0.9673402565232773
moderate,Fund C,24,1.5,0.02014639574807552,0.96263385662871
moderate,Fund C,24,1.75,0.01616096836714801,0.9582749182155318
moderate,Fund C,24,2.0,0.023831732045838706,0.9534963721376212
moderate,Fund C,24,2.25,0.02772355729886144,0.9473714065642517
moderate,Fund C,24,2.5,0.0242240590875437,0.9412396255223681
moderate,Fund C,24,2.75,0.018139818811073332,0.9362684793823031
moderate,Fund C,24,3.0,0.017493047385232184,0.9321075117803553
moderate,Fund C,24,3.25,0.02562152866133926,0.927097596404906
moderate,Fund C,24,3.5,0.01994234402938571,0.9218323351370854
moderate,Fund C,24,3.75,0.026059471741612224,0.9165468010547033
moderate,Fund C,24,4.0,0.021772281340964653,0.9110831458094099
moderate,Fund C,24,4.25,0.022890941193139475,0.9060108294478457
moderate,Fund C,24,4.5,0.015335692751491355,0.9016919381667643
moderate,Fund C,24,4.75,0.014639886394376212,0.8983196677149873
moderate,Fund C,24,5.0,0.016153143367368738,0.8948685658106764
moderate,Fund C,25,0.0,0.02,1.0
moderate,Fund C,25,0.25,0.026160011844909774,0.9942466130073635
moderate,Fund C,25,0.5,0.024385493736551023,0.9879845789776507
moderate,Fund C,25,0.75,0.02437681789636922,0.9819808433262001
moderate,Fund C,25,1.0,0.0239705747209296,0.9760642130151032
moderate,Fund C,25,1.25,0.020802108284028314,0.9706168438665619
moderate,Fund C,25,1.5,0.02886242274339653,0.9646098552563082
moderate,Fund C,25,1.75,0.02613614409746175,0.9580010784140679
moderate,Fund C,25,2.0,0.021823283843524943,0.9522751109846298
moderate,Fund C,25,2.25,0.030810811472864134,0.9460304089060553
moderate,Fund C,25,2.5,0.02085987279478063,0.9399398442361384
moderate,Fund C,25,2.75,0.009343936380816296,0.9363978144066291
moderate,Fund C,25,3.0,0.012855270503585389,0.933803005139867
moderate,Fund C,25,3.25,0.01724640245158385,0.9302959781556159
moderate,Fund C,25,3.5,0.029247358161812856,0.9249050388310011
moderate,Fund C,25,3.75,0.02674820500693447,0.9184538203292325
moderate,Fund C,25,4.0,0.023648695166270727,0.9126861034073643
moderate,Fund C,25,4.25,0.023210382026710392,0.9073557759646889
moderate,Fund C,25,4.5,0.03234550275485294,0.9010764853036357
moderate,Fund C,25,4.75,0.029942214178891043,0.8940879771151479
moderate,Fund C,25,5.0,0.035283733574053906,0.8868278969734209
moderate,Fund C,26,0.0,0.02,1.0
moderate,Fund C,26,0.25,0.014277835468655195,0.9957244369231183
moderate,Fund C,26,0.5,0.016380729335199188,0.9919158042631426
moderate,Fund C,26,0.75,0.011287712970638535,0.9884911342318651
moderate,Fund C,26,1.0,0.01411459537122081,0.9853573675983948
moderate,Fund C,26,1.25,0.012441278048976594,0.9820919122196727
moderate,Fund C,26,1.5,0.018169920096035644,0.9783412163616224
moderate,Fund C,26,1.75,0.015774108915167694,0.9741989051679792
moderate,Fund C,26,2.0,0.019117686676873944,0.9699592139081684
moderate,Fund C,26,2.25,0.011071529385066472,0.9663058230215955
moderate,Fund C,26,2.5,0.010151215937726145,0.9637457624443433
moderate,Fund C,26,2.75,0.011846882318075156,0.961099330893705
moderate,Fund C,26,3.0,0.015331441077827574,0.9578397373678863
moderate,Fund C,26,3.25,0.028681085631072897,0.9525845880198754
moderate,Fund C,26,3.5,0.024348400472108764,0.9462910859913741
moderate,Fund C,26,3.75,0.029298626736778098,0.939966602346153
moderate,Fund C,26,4.0,0.03250563186535472,0.9327328382922774
moderate,Fund C,26,4.25,0.02763535733949945,0.9257471944672964
moderate,Fund C,26,4.5,0.023270652494792037,0.9198751350026639
moderate,Fund C,26,4.75,0.023553846193714877,0.9145067744963589
moderate,Fund C,26,5.0,0.021697916836462265,0.9093484965918536
moderate,Fund C,27,0.0,0.02,1.0
moderate,Fund C,27,0.25,0.02355100303003127,0.9945709156584562
moderate,Fund C,27,0.5,0.02538207754589763,0.9885060554911799
moderate,Fund C,27,0.75,0.030601396014877994,0.9816127029084984
moderate,Fund C,27,1.0,0.01891571794078378,0.9755556392571472
moderate,Fund C,27,1.25,0.01792537129771477,0.9710734012911653
moderate,Fund C,27,1.5,0.025079270569888158,0.9658673236904802
moderate,Fund C,27,1.75,0.030028460249288465,0.959236842272974
moderate,Fund C,27,2.0,0.026774176470426063,0.9524500672205956
moderate,Fund C,27,2.25,0.029293460140672547,0.9457982010665135
moderate,Fund C,27,2.5,0.028007431648129785,0.939048019343066
moderate,Fund C,27,2.75,0.013472266059917476,0.9341916916635823
moderate,Fund C,27,3.0,0.02260001283751875,0.9299888712106482
moderate,Fund C,27,3.25,0.025399544261191676,0.9244256955322911
moderate,Fund C,27,3.5,0.026094788422394436,0.9184944695054806
moderate,Fund C,27,3.75,0.01814992276159262,0.9134286755140198
moderate,Fund C,27,4.0,0.011617863717136315,0.9100361474594706
moderate,Fund C,27,4.25,0.019960688280278013,0.9064510249503887
moderate,Fund C,27,4.5,0.014922017328970022,0.9025071963805241
moderate,Fund C,27,4.75,0.02264658297154862,0.8982788908550019
moderate,Fund C,27,5.0,0.0202373457581511,0.8934765577944705
moderate,Fund C,28,0.0,0.02,1.0
moderate,Fund C,28,0.25,0.02680287541092565,0.9941667206020091
moderate,Fund C,28,0.5,0.02717384938116988,0.9874815657012784
moderate,Fund C,28,0.75,0.026895581267871733,0.9808299981715073
moderate,Fund C,28,1.0,0.022642305280402134,0.9747752331382641
moderate,Fund C,28,1.25,0.03371215715054004,0.9679327449478908
moderate,Fund C,28,1.5,0.026237115790801943,0.9607064962464145
moderate,Fund C,28,1.75,0.014796782361306188,0.9557914207514079
moderate,Fund C,28,2.0,0.015648605364111404,0.9521609033663483
moderate,Fund C,28,2.25,0.02119332367918437,0.9477860541610489
moderate,Fund C,28,2.5,0.0303078030489924,0.9417041455264145
moderate,Fund C,28,2.75,0.034154819964217875,0.9341465454234112
moderate,Fund C,28,3.0,0.02527406384476012,0.9272328459937673
moderate,Fund C,28,3.25,0.021458567617568102,0.9218321318416668
moderate,Fund C,28,3.5,0.020916401828914823,0.9169622148366913
moderate,Fund C,28,3.75,0.016070266820485193,0.9127325776820285
moderate,Fund C,28,4.0,0.012766448045204134,0.9094484740240517
moderate,Fund C,28,4.25,0.015430884669824715,0.9062486139056505
moderate,Fund C,28,4.5,0.017953882150445324,0.9024746316453602
moderate,Fund C,28,4.75,0.019345934371856374,0.898276658455038
moderate,Fund C,28,5.0,0.01858675125858723,0.8940274845653787
moderate,Fund C,29,0.0,0.02,1.0
moderate,Fund C,29,0.25,0.02988956654735413,0.9937832088925772
moderate,Fund C,29,0.5,0.03246019344289505,0.9860680447902386
moderate,Fund C,29,0.75,0.024477539305856708,0.9790749003210268
moderate,Fund C,29,1.0,0.03286790364068386,0.9720818086563249
moderate,Fund C,29,1.25,0.040702527899028985,0.9631832286244378
moderate,Fund C,29,1.5,0.04429364646740213,0.9530040376890123
moderate,Fund C,29,1.75,0.044657259490901685,0.9424664079173293
moderate,Fund C,29,2.0,0.04152761467648656,0.9323676097208219
moderate,Fund C,29,2.25,0.03654905355625398,0.9233123498122707
moderate,Fund C,29,2.5,0.028448686388493145,0.9158410898491752
moderate,Fund C,29,2.75,0.030249879461577207,0.9091458625861331
moderate,Fund C,29,3.0,0.03158384860792804,0.9021459645410604
moderate,Fund C,29,3.25,0.033737886214115685,0.8948097388040269
moderate,Fund C,29,3.5,0.04372922600910238,0.8861867651811429
moderate,Fund C,29,3.75,0.03441570534326643,0.8775725306075358
moderate,Fund C,29,4.0,0.040377980205353305,0.8694061541904757
moderate,Fund C,29,4.25,0.02973527864758085,0.8618198342581561
moderate,Fund C,29,4.5,0.022738218137093688,0.8561854952627085
moderate,Fund C,29,4.75,0.0219422213473481,0.8514169808394334
moderate,Fund C,29,5.0,0.019296097514701745,0.8470393976758996
moderate,Fund C,30,0.0,0.02,1.0
moderate,Fund C,30,0.25,0.024463503026056533,0.9944574788834472
moderate,Fund C,30,0.5,0.014731413855363824,0.9895971850031077
moderate,Fund C,30,0.75,0.015428533567582281,0.9858734337886373
moderate,Fund C,30,1.0,0.01695527286813797,0.9818907084088286
moderate,Fund C,30,1.25,0.021073024057933945,0.9772343303836735
moderate,Fund C,30,1.5,0.020231504948697795,0.9722018077185527
moderate,Fund C,30,1.75,0.01743585128850743,0.9676350333220207
moderate,Fund C,30,2.0,0.025688417532780342,0.9624329976305444
moderate,Fund C,30,2.25,0.02391516508722557,0.956483944497599
moderate,Fund C,30,2.5,0.016481488332541174,0.9516662745424874
moderate,Fund C,30,2.75,0.019562902043689462,0.9473881406118054
moderate,Fund C,30,3.0,0.022927451357957825,0.9423696227089966
moderate,Fund C,30,3.25,0.024656355811773157,0.9367810676792789
moderate,Fund C,30,3.5,0.018913123951625244,0.9316930524202881
moderate,Fund C,30,3.75,0.016898748646913403,0.9275316644511348
moderate,Fund C,30,4.0,0.019562001544273937,0.923313970480735
moderate,Fund C,30,4.25,0.018180020656654337,0.9189682624824487
moderate,Fund C,30,4.5,0.013203764551154844,0.9153702367556745
moderate,Fund C,30,4.75,0.01845099619018289,0.9117554148878027
moderate,Fund C,30,5.0,0.01879880495754084,0.9075199447039263
moderate,Fund C,31,0.0,0.02,1.0
moderate,Fund C,31,0.25,0.017073748499737265,0.995376502860176
moderate,Fund C,31,0.5,0.028336466375718142,0.9897424755274666
moderate,Fund C,31,0.75,0.038886578720307124,0.9814606320459399
moderate,Fund C,31,1.0,0.022468953810246522,0.9739621683485452
moderate,Fund C,31,1.25,0.011882887710177408,0.9697889603402783
moderate,Fund C,31,1.5,0.012935094267853657,0.9667850964967555
moderate,Fund C,31,1.75,0.011358886901748563,0.9638536673885726
moderate,Fund C,31,2.0,0.01198432631807522,0.9610453363891301
moderate,Fund C,31,2.25,0.01662858344075751,0.9576141880573489
moderate,Fund C,31,2.5,0.018962066836416536,0.953363386659042
moderate,Fund C,31,2.75,0.024916733241157375,0.9481486455879544
moderate,Fund C,31,3.0,0.025842759037040107,0.9421517476931296
moderate,Fund C,31,3.25,0.0209519213261882,0.9366568728065072
moderate,Fund C,31,3.5,0.02018095448960412,0.931853308560644
moderate,Fund C,31,3.75,0.015977331263286175,0.927651035125864
moderate,Fund C,31,4.0,0.01728343505671301,0.9238022434916385
moderate,Fund C,31,4.25,0.016814068196257307,0.9198732038419485
moderate,Fund C,31,4.5,0.017203428592164033,0.9159700352549504
moderate,Fund C,31,4.75,0.01414303664995217,0.9123880047284949
moderate,Fund C,31,5.0,0.012758054059216869,0.9093251282248433
moderate,Fund C,32,0.0,0.02,1.0
moderate,Fund C,32,0.25,0.023720817894693078,0.9945498042668414
moderate,Fund C,32,0.5,0.019856389206221556,0.989147069532314
moderate,Fund C,32,0.75,0.022638867727334203,0.9839067425611794
moderate,Fund C,32,1.0,0.023146856180203065,0.9782917155844185
moderate,Fund C,32,1.25,0.011580192189142092,0.9740542713931342
moderate,Fund C,32,1.5,0.008441868007042472,0.9716194978309479
moderate,Fund C,32,1.75,0.015317102234179196,0.9687381936581503
moderate,Fund C,32,2.0,0.023780536750701298,0.9640153218587619
moderate,Fund C,32,2.25,0.02494389196041133,0.9581617786344949
moderate,Fund C,32,2.5,0.0263454974303345,0.9520384867816593
moderate,Fund C,32,2.75,0.03318090945148484,0.9449808477958194
moderate,Fund C,32,3.0,0.02199694245655253,0.9384855217694766
moderate,Fund C,32,3.25,0.02301306190032511,0.9332201930102697
moderate,Fund C,32,3.5,0.024613867498151802,0.9276808965701474
moderate,Fund C,32,3.75,0.02573641198110891,0.921860607555202
moderate,Fund C,32,4.0,0.019867567027454625,0.9166204933993064
moderate,Fund C,32,4.25,0.02384478427020386,0.9116256970926732
moderate,Fund C,32,4.5,0.0269080575929556,0.9058605544093565
moderate,Fund C,32,4.75,0.02604115649685852,0.8998847764669268
moderate,Fund C,32,5.0,0.0269970870644291,0.8939384711028242
moderate,Fund C,33,0.0,0.02,1.0
moderate,Fund C,33,0.25,0.018904902946686137,0.9951486929196696
moderate,Fund C,33,0.5,0.017017509358427316,0.9906901927096716
moderate,Fund C,33,0.75,0.02416784214437774,0.9856030581821374
moderate,Fund C,33,1.0,0.020789106436882688,0.9800798785477478
moderate,Fund C,33,1.25,0.02171862664094213,0.974886067603996
moderate,Fund C,33,1.5,0.02287236024806658,0.9694672919355511
moderate,Fund C,33,1.75,0.032021602679532184,0.9628378251058698
moderate,Fund C,33,2.0,0.029375843750968227,0.9554766356536174
moderate,Fund C,33,2.25,0.030323669466331058,0.9483729876349192
moderate,Fund C,33,2.5,0.04857734532926703,0.9390655122678204
moderate,Fund C,33,2.75,0.049540639305925595,0.9276184514806124
moderate,Fund C,33,3.0,0.03953804775764033,0.9173468646047479
moderate,Fund C,33,3.25,0.031012296972324323,0.9092925393263738
moderate,Fund C,33,3.5,0.023923908851924823,0.9030697943926085
moderate,Fund C,33,3.75,0.025595759417815056,0.897497094994788
moderate,Fund C,33,4.0,0.026344455194421502,0.8916889462122077
moderate,Fund C,33,4.25,0.029383967159242207,0.8854989787879382
moderate,Fund C,33,4.5,0.014946775640696332,0.8806056955544713
moderate,Fund C,33,4.75,0.016105192421812405,0.8771942530959287
moderate,Fund C,33,5.0,0.022528171017976974,0.8729683445764241
moderate,Fund C,34,0.0,0.02,1.0
moderate,Fund C,34,0.25,0.02076653104343677,0.9949171452657927
moderate,Fund C,34,0.5,0.029665099333356232,0.9886649609955305
moderate,Fund C,34,0.75,0.020251680712973178,0.9825152952422358
moderate,Fund C,34,1.0,0.028463229319126936,0.9765505813031856
moderate,Fund C,34,1.25,0.03599927447265057,0.9687133372875729
moderate,Fund C,34,1.5,0.030363562467292132,0.9607107546525138
moderate,Fund C,34,1.75,0.04096633217650929,0.952182904699783
moderate,Fund C,34,2.0,0.03193024477494989,0.9435459554144388
moderate,Fund C,34,2.25,0.03595809378845094,0.9355728623551702
moderate,Fund C,34,2.5,0.036912483769494915,0.9270895904645191
moderate,Fund C,34,2.75,0.029631845659210027,0.9194100049082776
moderate,Fund C,34,3.0,0.0261252687795763,0.9130243275837655
moderate,Fund C,34,3.25,0.03000684118260837,0.906640502129431
moderate,Fund C,34,3.5,0.02139409789950022,0.9008339044884558
moderate,Fund C,34,3.75,0.01708729180570999,0.8965111418756353
moderate,Fund C,34,4.0,0.019085459904158046,0.8924666332118567
moderate,Fund C,34,4.25,0.022423963644352052,0.8878479041877109
moderate,Fund C,34,4.5,0.014900395470556129,0.8837152579554296
moderate,Fund C,34,4.75,0.015638338604442373,0.8803482454053476
moderate,Fund C,34,5.0,0.015704380706974434,0.8769059295357405
moderate,Fund C,35,0.0,0.02,1.0
moderate,Fund C,35,0.25,0.023191679187791456,0.9946155882920444
moderate,Fund C,35,0.5,0.023267362744438348,0.9888562169927676
moderate,Fund C,35,0.75,0.014531149303572683,0.9841950754733881
moderate,Fund C,35,1.0,0.016348435819386605,0.9804034559570775
moderate,Fund C,35,1.25,0.012895098098195532,0.9768261904685784
moderate,Fund C,35,1.5,0.02018967943299851,0.9727947727245727
moderate,Fund C,35,1.75,0.015742388256147835,0.9684352545073504
moderate,Fund C,35,2.0,0.02480307229391992,0.9635394646894201
moderate,Fund C,35,2.25,0.020199384047787816,0.9581344759663187
moderate,Fund C,35,2.5,0.02015571630910431,0.9533134441490486
moderate,Fund C,35,2.75,0.017414237983741577,0.948846947422424
moderate,Fund C,35,3.0,0.015475500349605976,0.9449540392239789
moderate,Fund C,35,3.25,0.017795735912045443,0.9410322264622836
moderate,Fund C,35,3.5,0.025555772132247235,0.9359466224279651
moderate,Fund C,35,3.75,0.02191577760135344,0.9304092134337464
moderate,Fund C,35,4.0,0.02769623430003209,0.9246571335133271
moderate,Fund C,35,4.25,0.03200859113055235,0.9177820087145626
moderate,Fund C,35,4.5,0.013472378460177396,0.9125791103282537
moderate,Fund C,35,4.75,0.010714442186995207,0.9098242285077546
moderate,Fund C,35,5.0,0.01209356956519661,0.9072340124051668
moderate,Fund C,36,0.0,0.02,1.0
moderate,Fund C,36,0.25,0.01767886970095596,0.9953012152794594
moderate,Fund C,36,0.5,0.021755662587401164,0.9904071326915151
moderate,Fund C,36,0.75,0.025027572581361488,0.9846322284677214
moderate,Fund C,36,1.0,0.011873086184780637,0.9801009896236175
moderate,Fund C,36,1.25,0.02035206577416114,0.976160942573913
moderate,Fund C,36,1.5,0.013777546818254037,0.9720053139018335
moderate,Fund C,36,1.75,0.015561264727161248,0.9684471573044278
moderate,Fund C,36,2.0,0.015370265581863666,0.9647099427456572
moderate,Fund C,36,2.25,0.010115101158060177,0.9616415843943942
moderate,Fund C,36,2.5,0.017071264591349417,0.9583791883481284
moderate,Fund C,36,2.75,0.012819360927096323,0.9548050504043141
moderate,Fund C,36,3.0,0.011918834436638118,0.9518570914684923
moderate,Fund C,36,3.25,0.013236087212643527,0.9488688057417806
moderate,Fund C,36,3.5,0.01809853132244908,0.9451595195422438
moderate,Fund C,36,3.75,0.022282148081809516,0.9404007668071299
moderate,Fund C,36,4.0,0.02782452375501964,0.9345291299363361
moderate,Fund C,36,4.25,0.029684212999338704,0.9278352697620403
moderate,Fund C,36,4.5,0.03060500264273789,0.920869243664033
moderate,Fund C,36,4.75,0.023713212180406798,0.9146379255577664
moderate,Fund C,36,5.0,0.022863427038386237,0.9093283019979386
moderate,Fund C,37,0.0,0.02,1.0
moderate,Fund C,37,0.25,0.026860791592237622,0.9941595233355559
moderate,Fund C,37,0.5,0.024229933502838606,0.9878307124534064
moderate,Fund C,37,0.75,0.023544092604004797,0.981949210091885
moderate,Fund C,37,1.0,0.021658900099274056,0.9764164754499344
moderate,Fund C,37,1.25,0.02303297707077408,0.9709769478669028
moderate,Fund C,37,1.5,0.028890372066941998,0.9646953082701146
moderate,Fund C,37,1.75,0.02658560402476198,0.958028772787724
moderate,Fund C,37,2.0,0.026122092329529095,0.9517375839674782
moderate,Fund C,37,2.25,0.03310104276751671,0.9447179882403449
moderate,Fund C,37,2.5,0.049102584153456946,0.9350602862178721
moderate,Fund C,37,2.75,0.057797107275228354,0.9226486886360995
moderate,Fund C,37,3.0,0.06022194398067732,0.909137330671643
moderate,Fund C,37,3.25,0.07571576454346676,0.8938195847562054
moderate,Fund C,37,3.5,0.07276827409956545,0.877382850932646
moderate,Fund C,37,3.75,0.060670187068854596,0.8628696489381127
moderate,Fund C,37,4.0,0.06504946449321836,0.8494156811275502
moderate,Fund C,37,4.25,0.04495153775841652,0.8378160401121206
moderate,Fund C,37,4.5,0.04091941932663269,0.8288711246202308
moderate,Fund C,37,4.75,0.046507335552496774,0.8198622512353985
moderate,Fund C,37,5.0,0.04176103292384563,0.810865984949418
moderate,Fund C,38,0.0,0.02,1.0
moderate,Fund C,38,0.25,0.02875933433646754,0.9939236195350492
moderate,Fund C,38,0.5,0.02555459040793239,0.9871984880509554
moderate,Fund C,38,0.75,0.02768580652952769,0.9806504460706481
moderate,Fund C,38,1.0,0.023916717200334267,0.9743452982888
moderate,Fund C,38,1.25,0.03393827262307875,0.9673243739428387
moderate,Fund C,38,1.5,0.031237585406921578,0.9594756146981492
moderate,Fund C,38,1.75,0.03454023304639795,0.9516189320766443
moderate,Fund C,38,2.0,0.03808573025695135,0.9430189970950479
moderate,Fund C,38,2.25,0.0416602155398983,0.9336654510294882
moderate,Fund C,38,2.5,0.027471125348736497,0.925632018073336
moderate,Fund C,38,2.75,0.024413855592000322,0.9196481436720421
moderate,Fund C,38,3.0,0.032239656514812746,0.913158487501756
moderate,Fund C,38,3.25,0.0335403836093349,0.905680821959632
moderate,Fund C,38,3.5,0.022299842397563364,0.8993811557372324
moderate,Fund C,38,3.75,0.014844695693887994,0.8952149480134388
moderate,Fund C,38,4.0,0.017059252866524925,0.8916519458939103
moderate,Fund C,38,4.25,0.023017839055558938,0.8871962637615307
moderate,Fund C,38,4.5,0.021908738108477807,0.8822278911420618
moderate,Fund C,38,4.75,0.022806919319453348,0.8773104717778425
moderate,Fund C,38,5.0,0.01548381266772928,0.8731213974273068
moderate,Fund C,39,0.0,0.02,1.0
moderate,Fund C,39,0.25,0.023593104610822997,0.9945656815462591
moderate,Fund C,39,0.5,0.025249309857240585,0.9885120563005307
moderate,Fund C,39,0.75,0.021149054566663116,0.9827954819778162
moderate,Fund C,39,1.0,0.017868264837413054,0.9780138960938359
moderate,Fund C,39,1.25,0.018360086384244592,0.9735949305196236
moderate,Fund C,39,1.5,0.03102907024417731,0.9676028170763341
moderate,Fund C,39,1.75,0.024993568708119553,0.9608505293228461
moderate,Fund C,39,2.0,0.031280109046642766,0.9541154210438371
moderate,Fund C,39,2.25,0.024791856947031583,0.9474514114024447
moderate,Fund C,39,2.5,0.031774428415287,0.9407758142106322
moderate,Fund C,39,2.75,0.04337876426921541,0.9319794080215934
moderate,Fund C,39,3.0,0.041933134441566655,0.9220935961853937
moderate,Fund C,39,3.25,0.03928185947366956,0.9127799733128048
moderate,Fund C,39,3.5,0.041217875274513344,0.9036412114506671
moderate,Fund C,39,3.75,0.04904661054989202,0.893502677193384
moderate,Fund C,39,4.0,0.03753142562024357,0.8838850996099369
moderate,Fund C,39,4.25,0.032245442889458145,0.876209281135857
moderate,Fund C,39,4.5,0.023528714143327252,0.8701217968071983
moderate,Fund C,39,4.75,0.01362573286714629,0.8660900546021012
moderate,Fund C,39,5.0,0.012163383584892145,0.8633025877507042
moderate,Fund C,40,0.0,0.02,1.0
moderate,Fund C,40,0.25,0.019279233690860157,0.9951021296652086
moderate,Fund C,40,0.5,0.016509168640265106,0.9906604327279043
moderate,Fund C,40,0.75,0.015868178694946344,0.9866591654755054
moderate,Fund C,40,1.0,0.013722611030462604,0.9830164036541158
moderate,Fund C,40,1.25,0.018244954815089368,0.9790961612071647
moderate,Fund C,40,1.5,0.020197505500276165,0.9744025891022046
moderate,Fund C,40,1.75,0.019386004711091833,0.96959321280943
moderate,Fund C,40,2.0,0.0168581911546454,0.9652103827761227
moderate,Fund C,40,2.25,0.02017047260041349,0.960753149730579
moderate,Fund C,40,2.5,0.016562341118176414,0.9563518661240461
moderate,Fund C,40,2.75,0.017050172766054035,0.9523421218245929
moderate,Fund C,40,3.0,0.02452050291431608,0.9474062689169213
moderate,Fund C,40,3.25,0.028482237231880383,0.9411501253130162
moderate,Fund C,40,3.5,0.02892668996301293,0.934420498106874
moderate,Fund C,40,3.75,0.03389174422640891,0.9271118763503976
moderate,Fund C,40,4.0,0.026041920063110208,0.9201921774023805
moderate,Fund C,40,4.25,0.02688657504179563,0.9141242241189511
moderate,Fund C,40,4.5,0.026292821751427185,0.9080678043635617
moderate,Fund C,40,4.75,0.022992124059773144,0.9024907420121222
moderate,Fund C,40,5.0,0.02395616318063301,0.8972099530940639
moderate,Fund C,41,0.0,0.02,1.0
moderate,Fund C,41,0.25,0.020127824502357616,0.9949965809478202
moderate,Fund C,41,0.5,0.01679566089982676,0.990414819776802
moderate,Fund C,41,0.75,0.02457996699015811,0.9853056639437597
moderate,Fund C,41,1.0,0.01967557814520586,0.9798700576278252
moderate,Fund C,41,1.25,0.007375531968977875,0.9765623315300993
moderate,Fund C,41,1.5,0.014562082645104805,0.9738880688803915
moderate,Fund C,41,1.75,0.012536990883393944,0.9705947169053046
moderate,Fund C,41,2.0,0.013422697217053874,0.9674502794376322
moderate,Fund C,41,2.25,0.014769411708661279,0.9640469716538976
moderate,Fund C,41,2.5,0.015270296979002531,0.9604337982927874
moderate,Fund C,41,2.75,0.017799299436445665,0.9564718479289883
moderate,Fund C,41,3.0,0.018797725041660295,0.9521063378806237
moderate,Fund C,41,3.25,0.021767232356725202,0.9472907879800878
moderate,Fund C,41,3.5,0.02165464022256929,0.9421630740162426
moderate,Fund C,41,3.75,0.024628186606495003,0.936728064600569
moderate,Fund C,41,4.0,0.03189439055003537,0.9301331042563313
moderate,Fund C,41,4.25,0.03137607631848114,0.9228058728141447
moderate,Fund C,41,4.5,0.034369195092675775,0.9152531845970185
moderate,Fund C,41,4.75,0.03145161501915914,0.9077537398642572
moderate,Fund C,41,5.0,0.026773334631726046,0.9011709844848244
moderate,Fund C,42,0.0,0.02,1.0
moderate,Fund C,42,0.25,0.018936478924495286,0.9951447650782906
moderate,Fund C,42,0.5,0.018207819641204354,0.9905349807761941
moderate,Fund C,42,0.75,0.020432272151152932,0.9857622209745484
moderate,Fund C,42,1.0,0.017671325971177973,0.9810782486528851
moderate,Fund C,42,1.25,0.015833525832016422,0.9769779806595992
moderate,Fund C,42,1.5,0.01772238753040824,0.9728886394443836
moderate,Fund C,42,1.75,0.024071624653554995,0.9678192778278867
moderate,Fund C,42,2.0,0.027838177139417,0.961559694787181
moderate,Fund C,42,2.25,0.017655292545855586,0.9561071271417356
moderate,Fund C,42,2.5,0.01390013910042119,0.9523432585407708
moderate,Fund C,42,2.75,0.017352371506802952,0.9486301263333432
moderate,Fund C,42,3.0,0.021137662348648133,0.9440769875606435
moderate,Fund C,42,3.25,0.02174106989884312,0.9390304209942832
moderate,Fund C,42,3.5,0.018709952681915124,0.9342943122670457
moderate,Fund C,42,3.75,0.02489339673837171,0.9292158694889642
moderate,Fund C,42,4.0,0.026131477251955592,0.9233080894185044
moderate,Fund C,42,4.25,0.02576010009042858,0.9173384819789477
moderate,Fund C,42,4.5,0.032183613290755746,0.9107182362628256
moderate,Fund C,42,4.75,0.03316684883061784,0.9033090573425125
moderate,Fund C,42,5.0,0.024515222348244714,0.8968193893831077
moderate,Fund C,43,0.0,0.02,1.0
moderate,Fund C,43,0.25,0.01699408532519854,0.9953864147660366
moderate,Fund C,43,0.5,0.022191646678144418,0.9905227180490537
moderate,Fund C,43,0.75,0.024947513272415834,0.9847033288514216
moderate,Fund C,43,1.0,0.025568199384792784,0.9785050450650379
moderate,Fund C,43,1.25,0.018389159632849948,0.9731432270691979
moderate,Fund C,43,1.5,0.023214200852523407,0.9680956097502195
moderate,Fund C,43,1.75,0.02567483277908304,0.9621974928303992
moderate,Fund C,43,2.0,0.02828196080746819,0.9557296922709945
moderate,Fund C,43,2.25,0.02858887117193349,0.9489596415893674
moderate,Fund C,43,2.5,0.027250264869988345,0.942359068216098
moderate,Fund C,43,2.75,0.025746303781901313,0.9361369756862016
moderate,Fund C,43,3.0,0.02400008977012998,0.9303338573470648
moderate,Fund C,43,3.25,0.019241537980695507,0.9253187795222991
moderate,Fund C,43,3.5,0.019686851803555384,0.9208270705571926
moderate,Fund C,43,3.75,0.025923476411346777,0.9155921046546793
moderate,Fund C,43,4.0,0.024609475318869055,0.909826885715875
moderate,Fund C,43,4.25,0.02970563953608353,0.9036706389675571
moderate,Fund C,43,4.5,0.03776967423350443,0.8960807595672116
moderate,Fund C,43,4.75,0.029655354759319928,0.8885602122554498
moderate,Fund C,43,5.0,0.02675303358376074,0.8823169676423861
moderate,Fund C,44,0.0,0.02,1.0
moderate,Fund C,44,0.25,0.020300552994040717,0.9949750981474071
moderate,Fund C,44,0.5,0.01835993067157757,0.9901784202840779
moderate,Fund C,44,0.75,0.009585145243605276,0.9867256279384501
moderate,Fund C,44,1.0,0.013634466019131876,0.9838658569312916
moderate,Fund C,44,1.25,0.01034609121404908,0.9809210663073242
moderate,Fund C,44,1.5,0.015116820840734027,0.9778038913553713
moderate,Fund C,44,1.75,0.0207544905097101,0.973429317812068
moderate,Fund C,44,2.0,0.021478670186495886,0.9683039838056082
moderate,Fund C,44,2.25,0.01436624939396262,0.9639750917933194
moderate,Fund C,44,2.5,0.014365843603523859,0.9605191737449689
moderate,Fund C,44,2.75,0.01836924753452565,0.956596868694521
moderate,Fund C,44,3.0,0.01949503126336407,0.9520799601527806
moderate,Fund C,44,3.25,0.021594845043037634,0.947202391070498
moderate,Fund C,44,3.5,0.025714190072397166,0.9416175168866965
moderate,Fund C,44,3.75,0.020112002912090837,0.9362390928813198
moderate,Fund C,44,4.0,0.02463467302571898,0.9310170125058405
moderate,Fund C,44,4.25,0.031087822500811862,0.9245547206576116
moderate,Fund C,44,4.5,0.03800961984348135,0.9166035620698705
moderate,Fund C,44,4.75,0.04141734576838617,0.9075482089545991
moderate,Fund C,44,5.0,0.03731222392932678,0.8986606527795503
moderate,Fund C,45,0.0,0.02,1.0
moderate,Fund C,45,0.25,0.03074757525911727,0.9936766302766614
moderate,Fund C,45,0.5,0.03848242042446168,0.9851147014984523
moderate,Fund C,45,0.75,0.04193459697460172,0.9752618074745748
moderate,Fund C,45,1.0,0.043512761071131355,0.9649005467678439
moderate,Fund C,45,1.25,0.03685133862435364,0.955256148863505
moderate,Fund C,45,1.5,0.03568009142962737,0.9466345297512172
moderate,Fund C,45,1.75,0.04332096175440439,0.9373323946456178
moderate,Fund C,45,2.0,0.040612781287158825,0.9275495766221582
moderate,Fund C,45,2.25,0.03514365778219779,0.918807551867098
moderate,Fund C,45,2.5,0.034907599550325345,0.910797220877466
moderate,Fund C,45,2.75,0.0355164538448208,0.9028146537084044
moderate,Fund C,45,3.0,0.01764098185682121,0.8968356260800259
moderate,Fund C,45,3.25,0.018646417256186366,0.892776859132205
moderate,Fund C,45,3.5,0.021100825469075102,0.8883521827121982
moderate,Fund C,45,3.75,0.026200682971390096,0.8831151307145387
moderate,Fund C,45,4.0,0.01805231494610697,0.8782435554945429
moderate,Fund C,45,4.25,0.006046043012586572,0.8756020076054847
moderate,Fund C,45,4.5,0.010115056061174993,0.8738349566999575
moderate,Fund C,45,4.75,0.00744727824955825,0.8719187380937674
moderate,Fund C,45,5.0,0.012074577856582377,0.8697936479870862
moderate,Fund C,46,0.0,0.02,1.0
moderate,Fund C,46,0.25,0.017454251117147507,0.9953291610654589
moderate,Fund C,46,0.5,0.02029736138497011,0.9906433157993648
moderate,Fund C,46,0.75,0.03029166512367836,0.9843986210527047
moderate,Fund C,46,1.0,0.028237084341182713,0.9772229494689264
moderate,Fund C,46,1.25,0.03210575883782001,0.9698796276935178
moderate,Fund C,46,1.5,0.024164498509859925,0.9630816414668388
moderate,Fund C,46,1.75,0.021287714827591633,0.957625382057056
moderate,Fund C,46,2.0,0.02428889216247946,0.9521852287938908
moderate,Fund C,46,2.25,0.02858470610581169,0.9459127970954018
moderate,Fund C,46,2.5,0.025295769960125305,0.9395634238219309
moderate,Fund C,46,2.75,0.03470783233614133,0.9325426375132386
moderate,Fund C,46,3.0,0.02554706272926996,0.9255452399628111
moderate,Fund C,46,3.25,0.023384160544605105,0.9199015096233075
moderate,Fund C,46,3.5,0.018528801785581125,0.9150946378430735
moderate,Fund C,46,3.75,0.02104133109934656,0.910579511505099
moderate,Fund C,46,4.0,0.025033864584672553,0.9053501936779236
moderate,Fund C,46,4.25,0.026985102702380935,0.8994823689754115
moderate,Fund C,46,4.5,0.026593729057165092,0.8934783451393958
moderate,Fund C,46,4.75,0.02707087292565286,0.8875048827849638
moderate,Fund C,46,5.0,0.02540458528564493,0.8817024058932932
moderate,Fund C,47,0.0,0.02,1.0
moderate,Fund C,47,0.25,0.014080544526741453,0.995748993152418
moderate,Fund C,47,0.5,0.020448664583558766,0.9914604516559672
moderate,Fund C,47,0.75,0.01910673801461324,0.9865703488269216
moderate,Fund C,47,1.0,0.0244666556242249,0.9812114289502731
moderate,Fund C,47,1.25,0.032474609590333804,0.9742522971646115
moderate,Fund C,47,1.5,0.02383474427193247,0.9674189345970273
moderate,Fund C,47,1.75,0.011385588931393237,0.9631691941379195
moderate,Fund C,47,2.0,0.009103971598345514,0.9607054863148907
moderate,Fund C,47,2.25,0.01117521784836251,0.9582732792465896
moderate,Fund C,47,2.5,0.014459781350891194,0.9552075269364627
moderate,Fund C,47,2.75,0.014087240259823532,0.9518050599512418
moderate,Fund C,47,3.0,0.015394927933734245,0.9483038557488718
moderate,Fund C,47,3.25,0.017208166069388305,0.9444470151764081
moderate,Fund C,47,3.5,0.018150451494253417,0.9402819338243393
moderate,Fund C,47,3.75,0.02401003387953716,0.9353396255555543
moderate,Fund C,47,4.0,0.021413547060367605,0.9300438649103919
moderate,Fund C,47,4.25,0.025115782886609525,0.9246502753895215
moderate,Fund C,47,4.5,0.02369676387545427,0.9190256355509963
moderate,Fund C,47,4.75,0.017504303759464872,0.9143046980438135
moderate,Fund C,47,5.0,0.018697241505245658,0.9101766398544677
moderate,Fund C,48,0.0,0.02,1.0
moderate,Fund C,48,0.25,0.02032093751503691,0.9949725628892898
moderate,Fund C,48,0.5,0.017759668500723056,0.9902476724584939
moderate,Fund C,48,0.75,0.020222974642499676,0.9855572878488387
moderate,Fund C,48,1.0,0.030395712062941657,0.979341022838137
moderate,Fund C,48,1.25,0.03669455568205739,0.971162333744927
moderate,Fund C,48,1.5,0.03683093068757244,0.962277576922771
moderate,Fund C,48,1.75,0.04109047952445246,0.9529503219906345
moderate,Fund C,48,2.0,0.04238330088014074,0.9430587215752556
moderate,Fund C,48,2.25,0.04007687726580977,0.9333880487616251
moderate,Fund C,48,2.5,0.04402555242132892,0.9236269217242071
moderate,Fund C,48,2.75,0.0372308378139007,0.9142930804112128
moderate,Fund C,48,3.0,0.03267784850612647,0.9063382594545432
moderate,Fund C,48,3.25,0.03160579808260822,0.8990846006666505
moderate,Fund C,48,3.5,0.045015423505165596,0.8905145864364193
moderate,Fund C,48,3.75,0.041323828641551257,0.8809554667457685
moderate,Fund C,48,4.0,0.04925235881759176,0.871037519868616
moderate,Fund C,48,4.25,0.049967971612983456,0.860301157763127
moderate,Fund C,48,4.5,0.03734313407989345,0.8509629777168792
moderate,Fund C,48,4.75,0.022450637681390943,0.8446264019427032
moderate,Fund C,48,5.0,0.025417550782475817,0.8395876497485535
moderate,Fund C,49,0.0,0.02,1.0
moderate,Fund C,49,0.25,0.02268567410192157,0.9946785003499075
moderate,Fund C,49,0.5,0.025060067194626643,0.9887597224022907
moderate,Fund C,49,0.75,0.0244647374454555,0.9826576132394118
moderate,Fund C,49,1.0,0.0296790039925136,0.9760294730922549
moderate,Fund C,49,1.25,0.03827872650060117,0.9677734953469757
moderate,Fund C,49,1.5,0.038822392044613525,0.9584912443170159
moderate,Fund C,49,1.75,0.036740480763607516,0.9494805718283019
moderate,Fund C,49,2.0,0.03445066386534095,0.9410687292943148
moderate,Fund C,49,2.25,0.024563277612236978,0.9341522493402425
moderate,Fund C,49,2.5,0.027765762833554412,0.9280617789805732
moderate,Fund C,49,2.75,0.036614578454233646,0.9206231337751927
moderate,Fund C,49,3.0,0.03560332157122587,0.9123498487333068
moderate,Fund C,49,3.25,0.03125797928394447,0.9047565119912442
moderate,Fund C,49,3.5,0.031163503737202627,0.8977244517387184
moderate,Fund C,49,3.75,0.026178988185117692,0.8913127385257225
moderate,Fund C,49,4.0,0.024634845317627888,0.8856693031489683
moderate,Fund C,49,4.25,0.014630256200024453,0.8813329666350318
moderate,Fund C,49,4.5,0.013397869508115392,0.8782506054409251
moderate,Fund C,49,4.75,0.018748669114050015,0.8747285968281932
moderate,Fund C,49,5.0,0.014831407827747566,0.8710646103190868
severe,Bank A,0,0.0,0.015,1.0
severe,Bank A,0,0.25,0.017971914892519997,0.9958869923193269
severe,Bank A,0,0.5,0.006893044720714583,0.992796461447221
severe,Bank A,0,0.75,0.005480300593057848,0.9912621216298914
severe,Bank A,0,1.0,0.011331003339987749,0.9891812576724108
severe,Bank A,0,1.25,0.008909851381937475,0.9866816868301832
severe,Bank A,0,1.5,0.010886357029944843,0.9842431356651188
severe,Bank A,0,1.75,0.013107757162846536,0.981295552890749
severe,Bank A,0,2.0,0.017322062643790798,0.9775700619023314
severe,Bank A,0,2.25,0.015391131554261469,0.9735807939076015
severe,Bank A,0,2.5,0.01308833269368256,0.9701210733216136
severe,Bank A,0,2.75,0.022134457179861178,0.9658591661330419
severe,Bank A,0,3.0,0.021492645525435235,0.9606062974861792
severe,Bank A,0,3.25,0.019752780794058247,0.9556664654874915
severe,Bank A,0,3.5,0.014476327979856082,0.9515862491727733
severe,Bank A,0,3.75,0.019961209132873435,0.9474987673136847
severe,Bank A,0,4.0,0.021343192190994585,0.9426193907185378
severe,Bank A,0,4.25,0.020824799561878563,0.937663916504868
severe,Bank A,0,4.5,0.01890274215452475,0.9330190737668566
severe,Bank A,0,4.75,0.016642981667090197,0.928882665259591
severe,Bank A,0,5.0,0.013732039507498812,0.9253624984815959
severe,Bank A,1,0.0,0.015,1.0
severe,Bank A,1,0.25,0.016881771932507558,0.9960227089652316
severe,Bank A,1,0.5,0.01635400735488648,0.991893343706481
severe,Bank A,1,0.75,0.019665758847980386,0.9874374117934198
severe,Bank A,1,1.0,0.0194439571549172,0.9826218926400575
severe,Bank A,1,1.25,0.018718168008608153,0.9779456874211123
severe,Bank A,1,1.5,0.02055134460827841,0.9731570187653578
severe,Bank A,1,1.75,0.022324330778905232,0.9679553746618555
severe,Bank A,1,2.0,0.019763812672034746,0.9628763163025212
severe,Bank A,1,2.25,0.01615314055009218,0.9585630580396369
severe,Bank A,1,2.5,0.01378203821585653,0.9549829159165516
severe,Bank A,1,2.75,0.014593284890152585,0.9516016723538234
severe,Bank A,1,3.0,0.016205073436816115,0.9479452439580753
severe,Bank A,1,3.25,0.011491772245790977,0.944669031884593
severe,Bank A,1,3.5,0.014205962475373753,0.9416394186044551
severe,Bank A,1,3.75,0.02060794288865378,0.9375505536912024
severe,Bank A,1,4.0,0.012126869034170337,0.9337220741873455
severe,Bank A,1,4.25,0.011539229748305282,0.9309639609546486
severe,Bank A,1,4.5,0.012308274269372395,0.9281929472666881
severe,Bank A,1,4.75,0.01479507319780563,0.9250536261555821
severe,Bank A,1,5.0,0.014810404251327904,0.9216366209012091
severe,Bank A,2,0.0,0.015,1.0
severe,Bank A,2,0.25,0.016185474819777158,0.9961094037050663
severe,Bank A,2,0.5,0.012766300451598447,0.9925110268944572
severe,Bank A,2,0.75,0.011008096697135903,0.9895658613669456
severe,Bank A,2,1.0,0.005925695815341464,0.9874734388170618
severe,Bank A,2,1.25,0.009544256255864228,0.9855657630435578
severe,Bank A,2,1.5,0.007634256226448941,0.98345171439874
severe,Bank A,2,1.75,0.013759060925718809,0.9808253158711836
severe,Bank A,2,2.0,0.0157401207622777,0.9772152827509198
severe,Bank A,2,2.25,0.021574405919322005,0.9726678555958523
severe,Bank A,2,2.5,0.01481082580005203,0.9682540573573927
severe,Bank A,2,2.75,0.02249849788957546,0.9637489576567674
severe,Bank A,2,3.0,0.020126335777420144,0.9586276583035558
severe,Bank A,2,3.25,0.020413409179655805,0.9537821308535551
severe,Bank A,2,3.5,0.018224753113838418,0.9491866886561066
severe,Bank A,2,3.75,0.020479010737336056,0.9446056418948683
severe,Bank A,2,4.0,0.021418370015643073,0.9396715108406138
severe,Bank A,2,4.25,0.025395680650449684,0.934188839399805
severe,Bank A,2,4.5,0.025951354231821797,0.9282120621642782
severe,Bank A,2,4.75,0.025902028329149313,0.9222151512720183
severe,Bank A,2,5.0,0.02019078401658369,0.9169169926292656
severe,Bank A,3,0.0,0.015,1.0
severe,Bank A,3,0.25,0.017172046974717393,0.9959865695541478
severe,Bank A,3,0.5,0.014806069224270694,0.9920132941792261
severe,Bank A,3,0.75,0.012791651885208161,0.9885970268630085
severe,Bank A,3,1.0,0.011226028072494551,0.9856335017764537
severe,Bank A,3,1.25,0.008359704071854787,0.9832234089749645
severe,Bank A,3,1.5,0.00861872863535059,0.9811389226536142
severe,Bank A,3,1.75,0.011689573425038282,0.9786514230946568
severe,Bank A,3,2.0,0.010755899627529113,0.9759094846318384
severe,Bank A,3,2.25,0.013290846695940169,0.9729804579583098
severe,Bank A,3,2.5,0.008551676060785718,0.970327537786329
severe,Bank A,3,2.75,0.005831031210916169,0.9685846128877459
severe,Bank A,3,3.0,0.006660419732059441,0.9670734146139723
severe,Bank A,3,3.25,0.008394537343145124,0.9652552198601072
severe,Bank A,3,3.5,0.002742253322891265,0.9639124240638324
severe,Bank A,3,3.75,0.0052397977126079345,0.9629511539299547
severe,Bank A,3,4.0,0.0060105616854316014,0.961597912360793
severe,Bank A,3,4.25,0.004885280821832937,0.9602891264074103
severe,Bank A,3,4.5,0.007830492822598215,0.9587639864163614
severe,Bank A,3,4.75,0.007554536238909934,0.956921931763841
severe,Bank A,3,5.0,0.005729055734834008,0.9553343301328374
severe,Bank A,4,0.0,0.015,1.0
severe,Bank A,4,0.25,0.0177684771868329,0.99591231776194
severe,Bank A,4,0.5,0.022974012252599478,0.9908532178308602
severe,Bank A,4,0.75,0.021177365989626763,0.9853998381615761
severe,Bank A,4,1.0,0.017184410187223734,0.9806859382879606
severe,Bank A,4,1.25,0.016056857218165736,0.976619487073777
severe,Bank A,4,1.5,0.018298070451773413,0.9724345179198307
severe,Bank A,4,1.75,0.008247838394714723,0.9692130958402451
severe,Bank A,4,2.0,0.0127192816193827,0.9666762208151379
severe,Bank A,4,2.25,0.01564538956080488,0.9632548581209439
severe,Bank A,4,2.5,0.014303899323029974,0.9596554999614474
severe,Bank A,4,2.75,0.014584851135548877,0.9561963433568195
severe,Bank A,4,3.0,0.018929380278811078,0.9521989491116596
severe,Bank A,4,3.25,0.021329720047367037,0.947419151966942
severe,Bank A,4,3.5,0.027493818621061775,0.9416547154204914
severe,Bank A,4,3.75,0.018458876437692215,0.9362612739496479
severe,Bank A,4,4.0,0.02145945567633747,0.9316011615533748
severe,Bank A,4,4.25,0.016906481041274884,0.9271441385607841
severe,Bank A,4,4.5,0.011802907967495134,0.9238228838571407
severe,Bank A,4,4.75,0.013392444610376848,0.9209179552672337
severe,Bank A,4,5.0,0.014310475957051717,0.917734455842455
severe,Bank A,5,0.0,0.015,1.0
severe,Bank A,5,0.25,0.018067347319714273,0.9958751124010741
severe,Bank A,5,0.5,0.017643379557446468,0.9914395914781333
severe,Bank A,5,0.75,0.01215356814585436,0.987753725753716
severe,Bank A,5,1.0,0.013565165571783592,0.9845833527265754
severe,Bank A,5,1.25,0.01913737508138756,0.9805667707071754
severe,Bank A,5,1.5,0.020885145515075497,0.9756734269380021
severe,Bank A,5,1.75,0.019265475061769642,0.9707889576488398
severe,Bank A,5,2.0,0.01598916232180638,0.966520268664955
severe,Bank A,5,2.25,0.009830485340783821,0.9634058955199736
severe,Bank A,5,2.5,0.010032140944536885,0.9610168910831339
severe,Bank A,5,2.75,0.011141041774015013,0.9584767806759156
severe,Bank A,5,3.0,0.007653565217864178,0.9562276493811075
severe,Bank A,5,3.25,0.011747738875131641,0.9539114511694613
severe,Bank A,5,3.5,0.017456257585977956,0.9504355460939453
severe,Bank A,5,3.75,0.016869594794115567,0.9463662187511992
severe,Bank A,5,4.0,0.013110025018815637,0.9428263931277017
severe,Bank A,5,4.25,0.010516631474453288,0.9400460214136689
severe,Bank A,5,4.5,0.007169545967040806,0.9379700893733457
severe,Bank A,5,4.75,0.0061712081739323695,0.9364072392911988
severe,Bank A,5,5.0,0.004760931481177639,0.9351284963632079
severe,Bank A,6,0.0,0.015,1.0
severe,Bank A,6,0.25,0.020637999605644552,0.9955551577303157
severe,Bank A,6,0.5,0.0205910543941547,0.9904376313106571
severe,Bank A,6,0.75,0.0195820563888472,0.9854764782098269
severe,Bank A,6,1.0,0.022035053428580663,0.9803632043691277
severe,Bank A,6,1.25,0.019425876639521063,0.9752955014097888
severe,Bank A,6,1.5,0.018878447907300016,0.9706369086484522
severe,Bank A,6,1.75,0.01793609584118845,0.9661804759916092
severe,Bank A,6,2.0,0.01730187898206248,0.9619340546518426
severe,Bank A,6,2.25,0.02113585792253759,0.9573233191477143
severe,Bank A,6,2.5,0.02177542011183264,0.9522020704947642
severe,Bank A,6,2.75,0.01499519552922565,0.9478354812747416
severe,Bank A,6,3.0,0.015814552277110223,0.9441921798352376
severe,Bank A,6,3.25,0.023311226753102238,0.9395856717694762
severe,Bank A,6,3.5,0.02388273042431702,0.9340591432241192
severe,Bank A,6,3.75,0.02761633779508558,0.9280655584815185
severe,Bank A,6,4.0,0.025462322999977145,0.9219283809462402
severe,Bank A,6,4.25,0.024704844400689676,0.9161651532057724
severe,Bank A,6,4.5,0.026605377208680597,0.9103078772873824
severe,Bank A,6,4.75,0.033804080080628886,0.9034598645188158
severe,Bank A,6,5.0,0.024708438897412616,0.8968760071906104
severe,Bank A,7,0.0,0.015,1.0
severe,Bank A,7,0.25,0.016112194898292687,0.9961185280992175
severe,Bank A,7,0.5,0.01832114483784607,0.991840280888358
severe,Bank A,7,0.75,0.01992851346706594,0.9871094055687996
severe,Bank A,7,1.0,0.02035723496476787,0.9821510952259865
severe,Bank A,7,1.25,0.025514118761787618,0.9765356348715852
severe,Bank A,7,1.5,0.016758768616035005,0.9713891216058943
severe,Bank A,7,1.75,0.025775471675859172,0.9662381647028911
severe,Bank A,7,2.0,0.02977987476698421,0.9595514472583017
severe,Bank A,7,2.25,0.017581716741012308,0.9538874942060969
severe,Bank A,7,2.5,0.018610576800924133,0.9495818190414289
severe,Bank A,7,2.75,0.018329015291936823,0.9452072807857261
severe,Bank A,7,3.0,0.01748655647708546,0.9409850966837542
severe,Bank A,7,3.25,0.01253224909266672,0.9374608069218576
severe,Bank A,7,3.5,0.014161100528490171,0.9343380235315023
severe,Bank A,7,3.75,0.012231756583251286,0.9312606214187313
severe,Bank A,7,4.0,0.01144500467743511,0.9285085415231317
severe,Bank A,7,4.25,0.009209610773562726,0.9261143851432454
severe,Bank A,7,4.5,0.006588678038881035,0.9242873119601435
severe,Bank A,7,4.75,0.004052086245899389,0.9230587387738789
severe,Bank A,7,5.0,0.0051544504021372286,0.9219970780163645
severe,Bank A,8,0.0,0.015,1.0
severe,Bank A,8,0.25,0.01735222201570566,0.9959641383166215
severe,Bank A,8,0.5,0.013081601564123505,0.9921824614481152
severe,Bank A,8,0.75,0.010385052022919835,0.9892763255973821
severe,Bank A,8,1.0,0.008163553826547668,0.9869852705361027
severe,Bank A,8,1.25,0.009722995546411668,0.9847810155151254
severe,Bank A,8,1.5,0.012397456741919999,0.982061801454399
severe,Bank A,8,1.75,0.011256575643398934,0.9791623748054687
severe,Bank A,8,2.0,0.007584083513370388,0.9768590800241931
severe,Bank A,8,2.25,0.00733058279127629,0.9750395857224442
severe,Bank A,8,2.5,0.009067204501432809,0.9730430711067453
severe,Bank A,8,2.75,0.009524231102373121,0.9707844131546037
severe,Bank A,8,3.0,0.007731146709769225,0.968692763250715
severe,Bank A,8,3.25,0.008403169666240308,0.9667410825376944
severe,Bank A,8,3.5,0.0037711860754746484,0.9652710201566803
severe,Bank A,8,3.75,0.007058625433106585,0.9639651913232334
severe,Bank A,8,4.0,0.010177819754046313,0.961890510485646
severe,Bank A,8,4.25,0.011012643353634777,0.9593460187362639
severe,Bank A,8,4.5,0.014587698137726906,0.9562809772725916
severe,Bank A,8,4.75,0.016348512394442842,0.9525901544213837
severe,Bank A,8,5.0,0.017605612613587687,0.9485556765275767
severe,Bank A,9,0.0,0.015,1.0
severe,Bank A,9,0.25,0.021248343821720885,0.9954792067110808
severe,Bank A,9,0.5,0.031974350445089776,0.9888784273275399
severe,Bank A,9,0.75,0.0244942185976342,0.9819229354050759
severe,Bank A,9,1.0,0.026210179970971078,0.9757191396708881
severe,Bank A,9,1.25,0.02196870630320527,0.9698606656165265
severe,Bank A,9,1.5,0.02039399604194175,0.9647384995486314
severe,Bank A,9,1.75,0.020884626030990776,0.9597734355117374
severe,Bank A,9,2.0,0.015602052220330568,0.9554060345125688
severe,Bank A,9,2.25,0.017947345362763874,0.9514077619863583
severe,Bank A,9,2.5,0.024183343486639287,0.9464104991202712
severe,Bank A,9,2.75,0.03028042570236095,0.9399892464003834
severe,Bank A,9,3.0,0.02700124801361084,0.9332827652933209
severe,Bank A,9,3.25,0.03215751504807293,0.9264067384571545
severe,Bank A,9,3.5,0.04147086529378094,0.9179196256773677
severe,Bank A,9,3.75,0.030044229284361856,0.9097505547152684
severe,Bank A,9,4.0,0.026083831098065658,0.9033900766287506
severe,Bank A,9,4.25,0.024722004207158983,0.897671069851288
severe,Bank A,9,4.5,0.025837552038896837,0.8920157280299201
severe,Bank A,9,4.75,0.026814929557965085,0.8861641501954702
severe,Bank A,9,5.0,0.030490579607169,0.8798390701330934
severe,Bank A,10,0.0,0.015,1.0
severe,Bank A,10,0.25,0.013378207400836367,0.9964590082254052
severe,Bank A,10,0.5,0.015226271914842207,0.9929024714334687
severe,Bank A,10,0.75,0.019351188290768685,0.9886202267098466
severe,Bank A,10,1.0,0.018205981679003558,0.9839898818933227
severe,Bank A,10,1.25,0.021313058035593066,0.9791410761101393
severe,Bank A,10,1.5,0.026504990302924542,0.9733059555743108
severe,Bank A,10,1.75,0.021008493022441146,0.9675424432639046
severe,Bank A,10,2.0,0.009315015178398951,0.9638819748850884
severe,Bank A,10,2.25,0.011600331995258178,0.9613652754039141
severe,Bank A,10,2.5,0.015569378137684909,0.958105811471938
severe,Bank A,10,2.75,0.013470558115550446,0.9546341997842671
severe,Bank A,10,3.0,0.01664498388475876,0.9510472895868439
severe,Bank A,10,3.25,0.021475890149165004,0.9465262255826796
severe,Bank A,10,3.5,0.020301684639277232,0.9415961633920961
severe,Bank A,10,3.75,0.022293673971933475,0.9365960333196849
severe,Bank A,10,4.0,0.014666383946282665,0.9322789330610738
severe,Bank A,10,4.25,0.018809657270017294,0.9283859578305232
severe,Bank A,10,4.5,0.021240672038984915,0.9237498020691879
severe,Bank A,10,4.75,0.021034617689372738,0.9188812034225918
severe,Bank A,10,5.0,0.015987118680528108,0.9146387053257856
severe,Bank A,11,0.0,0.015,1.0
severe,Bank A,11,0.25,0.020431162990246714,0.9955808977204709
severe,Bank A,11,0.5,0.02772161890956082,0.9896063975794386
severe,Bank A,11,0.75,0.016443946626409137,0.9841581347418472
severe,Bank A,11,1.0,0.015212972581091902,0.9802714031155797
severe,Bank A,11,1.25,0.013228321964385762,0.9767925672281582
severe,Bank A,11,1.5,0.015852307683468427,0.9732482951236671
severe,Bank A,11,1.75,0.018670914875607163,0.9690573859209738
severe,Bank A,11,2.0,0.015064894378765558,0.9649794982505653
severe,Bank A,11,2.25,0.014436670173124253,0.9614275009982974
severe,Bank A,11,2.5,0.018831567713799797,0.9574376777955208
severe,Bank A,11,2.75,0.015620652484461905,0.9533233117569386
severe,Bank A,11,3.0,0.019019395969964707,0.9492043400646587
severe,Bank A,11,3.25,0.016046536022654764,0.945052853341434
severe,Bank A,11,3.5,0.024891119955913414,0.9402291746745792
severe,Bank A,11,3.75,0.01892616459192679,0.935093465903464
severe,Bank A,11,4.0,0.02282348529502448,0.9302261992658296
severe,Bank A,11,4.25,0.016860980819713687,0.9256231842064657
severe,Bank A,11,4.5,0.007187580857624909,0.9228448739171157
severe,Bank A,11,4.75,0.008391692164058218,0.9210494661503342
severe,Bank A,11,5.0,0.01813442281374836,0.9180005406980075
severe,Bank A,12,0.0,0.015,1.0
severe,Bank A,12,0.25,0.010750919429120157,0.9967863100630522
severe,Bank A,12,0.5,0.009643176934618084,0.9942484767308553
severe,Bank A,12,0.75,0.013113745205819783,0.9914242411704381
severe,Bank A,12,1.0,0.014771854019265252,0.9879744497507756
severe,Bank A,12,1.25,0.017996194116429554,0.9839359769107273
severe,Bank A,12,1.5,0.014007002164701288,0.9800077024584755
severe,Bank A,12,1.75,0.018098896188355033,0.9760825804895578
severe,Bank A,12,2.0,0.017093664316388632,0.9717981554827939
severe,Bank A,12,2.25,0.01468616632178445,0.9679453655132284
severe,Bank A,12,2.5,0.015387457398377418,0.96431349317486
severe,Bank A,12,2.75,0.019135778079783783,0.960161056615611
severe,Bank A,12,3.0,0.01419095472222621,0.9561694976168205
severe,Bank A,12,3.25,0.01921967153959875,0.9521845469240137
severe,Bank A,12,3.5,0.013980410536570821,0.9482411594940761
severe,Bank A,12,3.75,0.013286958187387616,0.9450146560919169
severe,Bank A,12,4.0,0.014058165569531341,0.9417899775932653
severe,Bank A,12,4.25,0.008080010464764649,0.9391873912473594
severe,Bank A,12,4.5,0.012954723066263961,0.9367211903467862
severe,Bank A,12,4.75,0.01651073319859125,0.9332774215951973
severe,Bank A,12,5.0,0.01492078163992912,0.9296178250785521
severe,Bank A,13,0.0,0.015,1.0
severe,Bank A,13,0.25,0.01737928565466295,0.9959607690205888
severe,Bank A,13,0.5,0.014908120377681676,0.9919492458529203
severe,Bank A,13,0.75,0.02067532127952088,0.9875469227093686
severe,Bank A,13,1.0,0.024326013878075946,0.9820074014256689
severe,Bank A,13,1.25,0.023440212136092417,0.9761615225805093
severe,Bank A,13,1.5,0.03064712508238313,0.9695840353768238
severe,Bank A,13,1.75,0.027546833554708175,0.9625566342264993
severe,Bank A,13,2.0,0.030996960960390618,0.9555383805217945
severe,Bank A,13,2.25,0.022294677280372734,0.9491942588092621
severe,Bank A,13,2.5,0.03109934208905987,0.9428801910090546
severe,Bank A,13,2.75,0.035537363670224954,0.9350590061227472
severe,Bank A,13,3.0,0.029589480126585323,0.9274777268130615
severe,Bank A,13,3.25,0.0305834640428251,0.9205277638780506
severe,Bank A,13,3.5,0.03599001713672577,0.9128992069055663
severe,Bank A,13,3.75,0.03921176888943767,0.9043579582698945
severe,Bank A,13,4.0,0.03583024741815082,0.8959145154102347
severe,Bank A,13,4.25,0.03987391164394499,0.8874764463135838
severe,Bank A,13,4.5,0.04338684072487767,0.8782878502643641
severe,Bank A,13,4.75,0.04228966426558527,0.8689319592661514
severe,Bank A,13,5.0,0.03492835764140536,0.8605851559136994
severe,Bank A,14,0.0,0.015,1.0
severe,Bank A,14,0.25,0.0152334370895782,0.9962279524758244
severe,Bank A,14,0.5,0.01413196999611706,0.992577825868299
severe,Bank A,14,0.75,0.008708062522018716,0.9897480535686902
severe,Bank A,14,1.0,0.011547610435609713,0.9872452218291717
severe,Bank A,14,1.25,0.012852959767423776,0.9842386410100471
severe,Bank A,14,1.5,0.011801686643528314,0.9812100532448609
severe,Bank A,14,1.75,0.01816027160292459,0.9775420544782295
severe,Bank A,14,2.0,0.01985260109536418,0.9729081746802054
severe,Bank A,14,2.25,0.02174050256130754,0.9678630174593184
severe,Bank A,14,2.5,0.02171115746215261,0.9626203611323588
severe,Bank A,14,2.75,0.023603867197869728,0.9571831292633759
severe,Bank A,14,3.0,0.020601472473343485,0.9519086395523679
severe,Bank A,14,3.25,0.021529363636964872,0.9469087283999069
severe,Bank A,14,3.5,0.01783936002923007,0.9422603518134129
severe,Bank A,14,3.75,0.017102502780155435,0.938153785042179
severe,Bank A,14,4.0,0.021670922110124523,0.9336178565989316
severe,Bank A,14,4.25,0.016417112135768443,0.9291834624481168
severe,Bank A,14,4.5,0.01583298956255625,0.9254452197847403
severe,Bank A,14,4.75,0.01660515542666442,0.9217003514246228
severe,Bank A,14,5.0,0.01203152082697299,0.9184069451335551
severe,Bank A,15,0.0,0.015,1.0
severe,Bank A,15,0.25,0.013699240840753479,0.9964190219448256
severe,Bank A,15,0.5,0.012710180852548207,0.993135089083385
severe,Bank A,15,0.75,0.014754089378922391,0.989731468490593
severe,Bank A,15,1.0,0.01359287625801004,0.9862306889423822
severe,Bank A,15,1.25,0.00789576948617517,0.9835851483636975
severe,Bank A,15,1.5,0.013397121113173243,0.9809707078494608
severe,Bank A,15,1.75,0.016820368764902192,0.9772723878138698
severe,Bank A,15,2.0,0.01825961814321187,0.9729964318740772
severe,Bank A,15,2.25,0.013297856651444263,0.9691658283054658
severe,Bank A,15,2.5,0.01244450170319264,0.9660522636409268
severe,Bank A,15,2.75,0.011537538634290544,0.9631606119937292
severe,Bank A,15,3.0,0.01522097511714729,0.9599444004971142
severe,Bank A,15,3.25,0.008091551855154706,0.957151131143151
severe,Bank A,15,3.5,0.008360969611086039,0.9551847101812228
severe,Bank A,15,3.75,0.008416153060876692,0.9531836527815649
severe,Bank A,15,4.0,0.010643670629921255,0.9509154168197027
severe,Bank A,15,4.25,0.01293637556396367,0.9481167147592698
severe,Bank A,15,4.5,0.015624961053545368,0.9447378148864258
severe,Bank A,15,4.75,0.013270164015262874,0.941331680217548
severe,Bank A,15,5.0,0.01684886299864114,0.9377943439280861
severe,Bank A,16,0.0,0.015,1.0
severe,Bank A,16,0.25,0.010922711062160084,0.9967649053493752
severe,Bank A,16,0.5,0.013491111434155692,0.9937276869048
severe,Bank A,16,0.75,0.017829345466446767,0.9898447920933384
severe,Bank A,16,1.0,0.016906950013140843,0.985556166868653
severe,Bank A,16,1.25,0.01594089494028778,0.9815177887730839
severe,Bank A,16,1.5,0.011995513524898471,0.9780962561005689
severe,Bank A,16,1.75,0.009362329971699168,0.9754884853266709
severe,Bank A,16,2.0,0.012202065789918035,0.9728625486180138
severe,Bank A,16,2.25,0.016790415588135665,0.9693432171887723
severe,Bank A,16,2.5,0.01739307336622292,0.9652101120796175
severe,Bank A,16,2.75,0.015641482158446584,0.961232668917951
severe,Bank A,16,3.0,0.015660529560511213,0.9574789528525757
severe,Bank A,16,3.25,0.019669617100834726,0.9532597922040162
severe,Bank A,16,3.5,0.01803168681061249,0.9487779690183884
severe,Bank A,16,3.75,0.01887359549658074,0.9444111842524562
severe,Bank A,16,4.0,0.021041205349052447,0.9397109215890261
severe,Bank A,16,4.25,0.024612822846814684,0.9343634957084741
severe,Bank A,16,4.5,0.021511860426078777,0.9289918434112174
severe,Bank A,16,4.75,0.018925447968423936,0.9243079499281853
severe,Bank A,16,5.0,0.019166000807704416,0.9199173822997574
severe,Bank A,17,0.0,0.015,1.0
severe,Bank A,17,0.25,0.015225353148261166,0.9962289591573713
severe,Bank A,17,0.5,0.015544190041991255,0.9924046296780474
severe,Bank A,17,0.75,0.02180522395856165,0.9877822119399774
severe,Bank A,17,1.0,0.01930938394067212,0.982718699813058
severe,Bank A,17,1.25,0.0213294148118832,0.9777392944026869
severe,Bank A,17,1.5,0.009861991086425008,0.9739345834658927
severe,Bank A,17,1.75,0.01242745405704508,0.9712248025045445
severe,Bank A,17,2.0,0.013393413836409043,0.9680951224973227
severe,Bank A,17,2.25,0.01677614936050438,0.9644511220625307
severe,Bank A,17,2.5,0.015708665622455206,0.9605428104488986
severe,Bank A,17,2.75,0.012867703694247386,0.9571178279265121
severe,Bank A,17,3.0,0.01837697091104254,0.9533870137869217
severe,Bank A,17,3.25,0.015364117476640045,0.9493744420810956
severe,Bank A,17,3.5,0.01794708421035245,0.9454295603880886
severe,Bank A,17,3.75,0.021345239572166955,0.9407974295987963
severe,Bank A,17,4.0,0.026018668435176025,0.9352439052456202
severe,Bank A,17,4.25,0.025537772116494127,0.9292360541522687
severe,Bank A,17,4.5,0.02778981600643917,0.923062413901092
severe,Bank A,17,4.75,0.019736852135694302,0.9175949106175828
severe,Bank A,17,5.0,0.0120558438974725,0.9139555449758958
severe,Bank A,18,0.0,0.015,1.0
severe,Bank A,18,0.25,0.02036035451311695,0.9955897097053719
severe,Bank A,18,0.5,0.021568242782383295,0.9903853997058197
severe,Bank A,18,0.75,0.01890501074561543,0.9853875379272042
severe,Bank A,18,1.0,0.01883898461263904,0.9807494299937738
severe,Bank A,18,1.25,0.019662568652149257,0.9760407228138488
severe,Bank A,18,1.5,0.017839575917381098,0.9714759778693123
severe,Bank A,18,1.75,0.015545052183386148,0.9674303795113846
severe,Bank A,18,2.0,0.010803511723531755,0.9642493207600632
severe,Bank A,18,2.25,0.007327717353194768,0.9620664171995118
severe,Bank A,18,2.5,0.005952631869826605,0.9604706698216022
severe,Bank A,18,2.75,0.010338311032765422,0.9585167883023545
severe,Bank A,18,3.0,0.0075417715825688,0.9563768856250496
severe,Bank A,18,3.25,0.008018886317680635,0.9545184619118336
severe,Bank A,18,3.5,0.0076105630304546396,0.9526554576185675
severe,Bank A,18,3.75,0.004628262048222304,0.9511991489335508
severe,Bank A,18,4.0,0.006806957331585945,0.9498404738438765
severe,Bank A,18,4.25,0.008710037660238357,0.9479999256724991
severe,Bank A,18,4.5,0.0102571446573101,0.9457549770675358
severe,Bank A,18,4.75,0.006144248446006751,0.9438180009204095
severe,Bank A,18,5.0,0.01090796375317488,0.941808370368066
severe,Bank A,19,0.0,0.015,1.0
severe,Bank A,19,0.25,0.007968043174443155,0.9971331119978921
severe,Bank A,19,0.5,0.008016091193240413,0.9951428122805622
severe,Bank A,19,0.75,0.011397572490954922,0.9927308190813587
severe,Bank A,19,1.0,0.01435598323679231,0.9895401639475034
severe,Bank A,19,1.25,0.014866445260114918,0.9859321617851461
severe,Bank A,19,1.5,0.015428970621584041,0.9822055692964528
severe,Bank A,19,1.75,0.00947186887755329,0.9791531044149921
severe,Bank A,19,2.0,0.008726096451154622,0.9769283115126365
severe,Bank A,19,2.25,0.01105283594944085,0.9745159699585205
severe,Bank A,19,2.5,0.01518212944679876,0.9713254052463033
severe,Bank A,19,2.75,0.018899555435078843,0.9671961564289729
severe,Bank A,19,3.0,0.014974826994840651,0.9631094182073784
severe,Bank A,19,3.25,0.011974909564761372,0.9598704337442263
severe,Bank A,19,3.5,0.01616533331164088,0.9564999916437146
severe,Bank A,19,3.75,0.018876951887613534,0.9523194112087889
severe,Bank A,19,4.0,0.018840163549434998,0.9478401359440332
severe,Bank A,19,4.25,0.018140501663479688,0.9434687773694725
severe,Bank A,19,4.5,0.018145994411952842,0.9391990709716003
severe,Bank A,19,4.75,0.018193240095910106,0.9349425238583143
severe,Bank A,19,5.0,0.01947474593623858,0.9305506961874623
severe,Bank A,20,0.0,0.015,1.0
severe,Bank A,20,0.25,0.019448892666022805,0.9957031464217961
severe,Bank A,20,0.5,0.02567093909434342,0.9901032082265937
severe,Bank A,20,0.75,0.022857764207225587,0.9841153349671635
severe,Bank A,20,1.0,0.021280596580663055,0.9787006312478868
severe,Bank A,20,1.25,0.013844498881220897,0.9744129318639511
severe,Bank A,20,1.5,0.01602832221934597,0.9707811588914872
severe,Bank A,20,1.75,0.021036437047696747,0.9662938407593706
severe,Bank A,20,2.0,0.03166272334511152,0.9599494011043768
severe,Bank A,20,2.25,0.022677823448031275,0.953450974674381
severe,Bank A,20,2.5,0.025186475536149014,0.9477634730929758
severe,Bank A,20,2.75,0.023150796594464396,0.9420542010129181
severe,Bank A,20,3.0,0.017144726281181966,0.9373210604673086
severe,Bank A,20,3.25,0.019454377973943636,0.9330427155023275
severe,Bank A,20,3.5,0.017044767208237135,0.9287955039023834
severe,Bank A,20,3.75,0.010442702243580505,0.925609700386326
severe,Bank A,20,4.0,0.01135816220744628,0.9230907477027237
severe,Bank A,20,4.25,0.010134950306431504,0.9206140645067548
severe,Bank A,20,4.5,0.0055725304990260115,0.9188082718967405
severe,Bank A,20,4.75,0.009402351655408788,0.9170899998817427
severe,Bank A,20,5.0,0.009790851115147166,0.9148924003308829
severe,Bank A,21,0.0,0.015,1.0
severe,Bank A,21,0.25,0.011045393277024881,0.9967496198007937
severe,Bank A,21,0.5,0.012629526867991521,0.9938042342292378
severe,Bank A,21,0.75,0.019963399995961778,0.9897635972394552
severe,Bank A,21,1.0,0.02120882006388436,0.9846828370108921
severe,Bank A,21,1.25,0.029674612758219775,0.9784397071768887
severe,Bank A,21,1.5,0.027803214434194777,0.9714350769406132
severe,Bank A,21,1.75,0.03725205352820808,0.963567488396435
severe,Bank A,21,2.0,0.036063190699808685,0.954777305102062
severe,Bank A,21,2.25,0.02573026845324614,0.9474308402947087
severe,Bank A,21,2.5,0.021945801591252926,0.941801408890664
severe,Bank A,21,2.75,0.017223036723978107,0.9372015204587977
severe,Bank A,21,3.0,0.01785457071126686,0.9331011680597989
severe,Bank A,21,3.25,0.018125269335436667,0.9289139871521862
severe,Bank A,21,3.5,0.015284131219020126,0.925042768786634
severe,Bank A,21,3.75,0.01710400378476284,0.9213052882580894
severe,Bank A,21,4.0,0.020106841973056216,0.9170299204723056
severe,Bank A,21,4.25,0.01652791523940205,0.9128401249912402
severe,Bank A,21,4.5,0.020951990993715693,0.9085734820949914
severe,Bank A,21,4.75,0.020239499139790878,0.9039073183409007
severe,Bank A,21,5.0,0.02672610402277463,0.8986162954910557
severe,Bank A,22,0.0,0.015,1.0
severe,Bank A,22,0.25,0.010301429372745394,0.9968423173282948
severe,Bank A,22,0.5,0.012347490831449474,0.9940241332496347
severe,Bank A,22,0.75,0.020196040886715436,0.9899887147490193
severe,Bank A,22,1.0,0.02189332550834978,0.9847938924376716
severe,Bank A,22,1.25,0.02424771199355028,0.9791303143580432
severe,Bank A,22,1.5,0.02738702934842804,0.9728310225549872
severe,Bank A,22,1.75,0.034638432339805784,0.9653176498028746
severe,Bank A,22,2.0,0.036866061595187176,0.9567280255290593
severe,Bank A,22,2.25,0.026481167155102694,0.9491821818390241
severe,Bank A,22,2.5,0.03165788414139378,0.9423091177331809
severe,Bank A,22,2.75,0.02917505348019196,0.9351708632187442
severe,Bank A,22,3.0,0.020102782731639738,0.9294281685208791
severe,Bank A,22,3.25,0.02246032154705534,0.9244963811585529
severe,Bank A,22,3.5,0.02327791275203332,0.9192258580302314
severe,Bank A,22,3.75,0.02699850867996665,0.9134670494235254
severe,Bank A,22,4.0,0.02961475211236043,0.9070255748237426
severe,Bank A,22,4.25,0.03877003878147719,0.899305274495391
severe,Bank A,22,4.5,0.03702904064435057,0.8908247001811768
severe,Bank A,22,4.75,0.029478988015563153,0.8834495250945846
severe,Bank A,22,5.0,0.02179254135840654,0.877805653997233
severe,Bank A,23,0.0,0.015,1.0
severe,Bank A,23,0.25,0.017342986815538225,0.9959652880583072
severe,Bank A,23,0.5,0.013818953429476019,0.9920933077561774
severe,Bank A,23,0.75,0.01365432733426402,0.9886921439208837
severe,Bank A,23,1.0,0.01734887954908852,0.9848679804051055
severe,Bank A,23,1.25,0.02372219144313004,0.9798247393463845
severe,Bank A,23,1.5,0.018283135077068198,0.9746934901090845
severe,Bank A,23,1.75,0.01900352821905912,0.9701611769930798
severe,Bank A,23,2.0,0.018650920676978953,0.9656055460817476
severe,Bank A,23,2.25,0.01485497221595871,0.9615698187710383
severe,Bank A,23,2.5,0.016745728659444105,0.9577790256558089
severe,Bank A,23,2.75,0.01794663592014967,0.9536345660765639
severe,Bank A,23,3.0,0.02143379008598194,0.9489517842207146
severe,Bank A,23,3.25,0.02363520085286899,0.9436207773434407
severe,Bank A,23,3.5,0.016593939000491165,0.9388875566274606
severe,Bank A,23,3.75,0.020080552898718997,0.934593254346594
severe,Bank A,23,4.0,0.022583335454338757,0.9296223482320398
severe,Bank A,23,4.25,0.02269974324080034,0.9243751924584391
severe,Bank A,23,4.5,0.029270601254164686,0.918389643299917
severe,Bank A,23,4.75,0.018233508055918356,0.9129523922612759
severe,Bank A,23,5.0,0.015363458034118836,0.9091263779684505
severe,Bank A,24,0.0,0.015,1.0
severe,Bank A,24,0.25,0.018196383651621805,0.9958590495216751
severe,Bank A,24,0.5,0.02045192916724489,0.9910596179682167
severe,Bank A,24,0.75,0.02231136902360014,0.9857761295148312
severe,Bank A,24,1.0,0.025344679827021724,0.9799213110002862
severe,Bank A,24,1.25,0.02070862757866504,0.974296439608508
severe,Bank A,24,1.5,0.02012195673524472,0.9693364711604562
severe,Bank A,24,1.75,0.011918551754383068,0.9654619809501187
severe,Bank A,24,2.0,0.01776398466038514,0.9618864481812572
severe,Bank A,24,2.25,0.0123427913385943,0.9582733386590222
severe,Bank A,24,2.5,0.013634643697469102,0.9551666998702482
severe,Bank A,24,2.75,0.011753149928848291,0.9521403076171245
severe,Bank A,24,3.0,0.014786389760336457,0.9489868704968413
severe,Bank A,24,3.25,0.015011086695423758,0.9454587683681515
severe,Bank A,24,3.5,0.01967871562531505,0.941367921971777
severe,Bank A,24,3.75,0.022790851900835376,0.9363837273978671
severe,Bank A,24,4.0,0.02143178554329949,0.9312218378047268
severe,Bank A,24,4.25,0.022347279529514916,0.9261397533647538
severe,Bank A,24,4.5,0.018008148822794875,0.9214796711647462
severe,Bank A,24,4.75,0.01638263501403188,0.9175268724697949
severe,Bank A,24,5.0,0.017047572962646508,0.9137007330559326
severe,Bank A,25,0.0,0.015,1.0
severe,Bank A,25,0.25,0.02182887311888359,0.995406971226512
severe,Bank A,25,0.5,0.02557525656643629,0.9895261118533327
severe,Bank A,25,0.75,0.02753192525755327,0.982978999172921
severe,Bank A,25,1.0,0.02447167323998683,0.9766099168997565
severe,Bank A,25,1.25,0.01965384208052537,0.9712380682616982
severe,Bank A,25,1.5,0.01724654249297949,0.9667685019519087
severe,Bank A,25,1.75,0.011888179348616822,0.9632540888779738
severe,Bank A,25,2.0,0.015178747169968249,0.9600005549740137
severe,Bank A,25,2.25,0.01584769895750907,0.956284589768729
severe,Bank A,25,2.5,0.019399331929807626,0.9520805836810222
severe,Bank A,25,2.75,0.02269020550486266,0.9470846585451789
severe,Bank A,25,3.0,0.014675782754258548,0.9426713789491274
severe,Bank A,25,3.25,0.008530974729762511,0.9399407980995971
severe,Bank A,25,3.5,0.018021388916091265,0.9368262633653447
severe,Bank A,25,3.75,0.01433017319789834,0.9330454391098284
severe,Bank A,25,4.0,0.0187881949676593,0.929190805517307
severe,Bank A,25,4.25,0.015104190856500506,0.9252625708100339
severe,Bank A,25,4.5,0.014110278465524664,0.9218898509482565
severe,Bank A,25,4.75,0.016455321608853914,0.918374306582947
severe,Bank A,25,5.0,0.020227252151236462,0.9141729046788396
severe,Bank A,26,0.0,0.015,1.0
severe,Bank A,26,0.25,0.014686859787941457,0.9962960192492925
severe,Bank A,26,0.5,0.02093276798339348,0.9918699183959242
severe,Bank A,26,0.75,0.019859764712883508,0.9868251802945562
severe,Bank A,26,1.0,0.024868602794461778,0.9813231906493525
severe,Bank A,26,1.25,0.02476736835973783,0.9752534238461583
severe,Bank A,26,1.5,0.019791832478152017,0.9698364596777325
severe,Bank A,26,1.75,0.023268238228891916,0.9646303299504356
severe,Bank A,26,2.0,0.020245347018769008,0.9593977578372932
severe,Bank A,26,2.25,0.022581683962882387,0.9542754611804926
severe,Bank A,26,2.5,0.022833154962896635,0.9488735253953711
severe,Bank A,26,2.75,0.021588398493671848,0.9436193218839954
severe,Bank A,26,3.0,0.02009220836806089,0.9387157786444712
severe,Bank A,26,3.25,0.02290230435463264,0.9336843575374669
severe,Bank A,26,3.5,0.02500392812537394,0.9281099024051264
severe,Bank A,26,3.75,0.03180076217696152,0.9215431195531746
severe,Bank A,26,4.0,0.026949959824542447,0.91480024370574
severe,Bank A,26,4.25,0.02220750062454584,0.9091963214000325
severe,Bank A,26,4.5,0.020686926085946602,0.9043344354144014
severe,Bank A,26,4.75,0.010493880914783446,0.9008165608165314
severe,Bank A,26,5.0,0.010672808656750911,0.8984362980348567
severe,Bank A,27,0.0,0.015,1.0
severe,Bank A,27,0.25,0.009027111665927711,0.997001116702497
severe,Bank A,27,0.5,0.01180020307537551,0.9944088854857154
severe,Bank A,27,0.75,0.007489190728859995,0.9920140807173962
severe,Bank A,27,1.0,0.006309845824945499,0.9903044507739384
severe,Bank A,27,1.25,0.009430795824652331,0.9883578630002677
severe,Bank A,27,1.5,0.01159728603399278,0.9857633655694853
severe,Bank A,27,1.75,0.00887811207371145,0.9832436043458761
severe,Bank A,27,2.0,0.011450688765576068,0.9807482557277822
severe,Bank A,27,2.25,0.010835720321981842,0.9780198882320349
severe,Bank A,27,2.5,0.009906756893953088,0.9754873534351007
severe,Bank A,27,2.75,0.010769416207267601,0.9729694404647541
severe,Bank A,27,3.0,0.007983388288780938,0.9706913733049289
severe,Bank A,27,3.25,0.010864368712687844,0.968407145755924
severe,Bank A,27,3.5,0.017733848109976556,0.964951486351111
severe,Bank A,27,3.75,0.020908596536200603,0.9603017147509149
severe,Bank A,27,4.0,0.01793787243911313,0.9556499765203187
severe,Bank A,27,4.25,0.017984519991082127,0.9513684422137019
severe,Bank A,27,4.5,0.02206895258863313,0.9466171450339962
severe,Bank A,27,4.75,0.02429895210639871,0.9411464327451826
severe,Bank A,27,5.0,0.02070346239476374,0.9358670629570157
severe,Bank A,28,0.0,0.015,1.0
severe,Bank A,28,0.25,0.00984528429947686,0.9968991570377108
severe,Bank A,28,0.5,0.012101697996684072,0.9941680389692712
severe,Bank A,28,0.75,0.013340914284689488,0.9910112823936136
severe,Bank A,28,1.0,0.003124993580555381,0.9889736425286876
severe,Bank A,28,1.25,0.006597630162278543,0.9877724452736109
severe,Bank A,28,1.5,0.007036096177780179,0.9860905014776412
severe,Bank A,28,1.75,0.009493747933844849,0.9840551147072363
severe,Bank A,28,2.0,0.01093516217412961,0.9815454237767275
severe,Bank A,28,2.25,0.013240579719626607,0.9785837025409003
severe,Bank A,28,2.5,0.020557038822376666,0.9744581983542484
severe,Bank A,28,2.75,0.011254300675809313,0.9705910395967678
severe,Bank A,28,3.0,0.016218904134418004,0.9672636005281287
severe,Bank A,28,3.25,0.009796427471763007,0.9641232489612226
severe,Bank A,28,3.5,0.00960099459384824,0.9617883925444097
severe,Bank A,28,3.75,0.00943994425414532,0.9595019453841866
severe,Bank A,28,4.0,0.00865680654210648,0.9573339150035111
severe,Bank A,28,4.25,0.011455476888851276,0.9549301664445023
severe,Bank A,28,4.5,0.0176383750573417,0.9514636490514298
severe,Bank A,28,4.75,0.017843687469616676,0.947253007009444
severe,Bank A,28,5.0,0.018020349139037477,0.9430159718643745
severe,Bank A,29,0.0,0.015,1.0
severe,Bank A,29,0.25,0.02431766563768573,0.9950973492126747
severe,Bank A,29,0.5,0.025345672740579858,0.9889390021981342
severe,Bank A,29,0.75,0.03190317687277582,0.9818873110896497
severe,Bank A,29,1.0,0.036794899730633865,0.9734916891596624
severe,Bank A,29,1.25,0.026352672687103933,0.9658377323327124
severe,Bank A,29,1.5,0.0239339635723451,0.9597856819968419
severe,Bank A,29,1.75,0.02231109744259134,0.954253518675677
severe,Bank A,29,2.0,0.0203797362451937,0.9491748467411072
severe,Bank A,29,2.25,0.02190705846483852,0.9441708882414248
severe,Bank A,29,2.5,0.020314546128295207,0.9392009634260604
severe,Bank A,29,2.75,0.016522567798611602,0.9348862233492246
severe,Bank A,29,3.0,0.019569841567761474,0.9306779364026487
severe,Bank A,29,3.25,0.02344598183259656,0.9256871314318256
severe,Bank A,29,3.5,0.030225236382131336,0.9194975727160613
severe,Bank A,29,3.75,0.024553134445106765,0.9132230067612063
severe,Bank A,29,4.0,0.026281797652441662,0.9074384511262255
severe,Bank A,29,4.25,0.024169093960221367,0.9017338228883353
severe,Bank A,29,4.5,0.022264338398394656,0.8965151580129096
severe,Bank A,29,4.75,0.026115242789844718,0.8911098900395358
severe,Bank A,29,5.0,0.02502963491668374,0.8854310986559493
severe,Bank A,30,0.0,0.015,1.0
severe,Bank A,30,0.25,0.01893664873457642,0.9957669038247678
severe,Bank A,30,0.5,0.013372640184742879,0.9917534486985639
severe,Bank A,30,0.75,0.01598964833535404,0.9881201016261763
severe,Bank A,30,1.0,0.013089589704121862,0.984534899052736
severe,Bank A,30,1.25,0.013104226835805683,0.981316579866446
severe,Bank A,30,1.5,0.013676333464958156,0.978037046183236
severe,Bank A,30,1.75,0.014096933303625955,0.9746475227470754
severe,Bank A,30,2.0,0.01831657754216974,0.970706543443183
severe,Bank A,30,2.25,0.020408606770375055,0.966019049125304
severe,Bank A,30,2.5,0.020213092702761042,0.961126314649794
severe,Bank A,30,2.75,0.02252646673032435,0.9560052419486216
severe,Bank A,30,3.0,0.0354369882340573,0.9491036039665953
severe,Bank A,30,3.25,0.03101895274803852,0.9412520638235432
severe,Bank A,30,3.5,0.02892779396477125,0.9342252988015999
severe,Bank A,30,3.75,0.023180422373422025,0.9281599718338571
severe,Bank A,30,4.0,0.016773612705381233,0.9235360609293554
severe,Bank A,30,4.25,0.018116764313244358,0.9195170162543275
severe,Bank A,30,4.5,0.02057578206716832,0.915080446938199
severe,Bank A,30,4.75,0.025458982736221776,0.9098298790736468
severe,Bank A,30,5.0,0.021981822074343352,0.9044504623661916
severe,Bank A,31,0.0,0.015,1.0
severe,Bank A,31,0.25,0.012636242469916924,0.9965514297160833
severe,Bank A,31,0.5,0.012064775610218001,0.9934791957530965
severe,Bank A,31,0.75,0.010422080445907794,0.9906905888181069
severe,Bank A,31,1.0,0.009911578040344017,0.9881757406636397
severe,Bank A,31,1.25,0.006251327159178671,0.9861812822551004
severe,Bank A,31,1.5,0.007276909441686084,0.9845150297785631
severe,Bank A,31,1.75,0.007647856686149167,0.9826800349190024
severe,Bank A,31,2.0,0.011163102870793924,0.980372105081512
severe,Bank A,31,2.25,0.01708789053697269,0.9769161500734057
severe,Bank A,31,2.5,0.022747917049692146,0.9720637109290035
severe,Bank A,31,2.75,0.023523319922776096,0.9664576153286801
severe,Bank A,31,3.0,0.02945369964567332,0.96007875395602
severe,Bank A,31,3.25,0.01890185015737496,0.9542931150551685
severe,Bank A,31,3.5,0.02051266071327678,0.9496030535276051
severe,Bank A,31,3.75,0.013269607595247392,0.9456015400937403
severe,Bank A,31,4.0,0.019493385953928098,0.9417368669917641
severe,Bank A,31,4.25,0.018054892081429692,0.9373271489546876
severe,Bank A,31,4.5,0.01732046733155094,0.9331915138194675
severe,Bank A,31,4.75,0.007842896846143687,0.9302608455889988
severe,Bank A,31,5.0,0.010773440369799511,0.9280986061758262
severe,Bank A,32,0.0,0.015,1.0
severe,Bank A,32,0.25,0.01315744413854451,0.9964865062974883
severe,Bank A,32,0.5,0.015409834499891046,0.9929344885788082
severe,Bank A,32,0.75,0.015260343855964049,0.9891350915114323
severe,Bank A,32,1.0,0.01973640774569079,0.984817477912871
severe,Bank A,32,1.25,0.01945326685662016,0.9800049405848645
severe,Bank A,32,1.5,0.024855118248697527,0.9745921394124224
severe,Bank A,32,1.75,0.029481723211229688,0.9679950365615596
severe,Bank A,32,2.0,0.030707560732653117,0.9607394988739294
severe,Bank A,32,2.25,0.03184176418384076,0.953257087343972
severe,Bank A,32,2.5,0.022776183187651046,0.9467711349465613
severe,Bank A,32,2.75,0.030572533215462078,0.9404785116299349
severe,Bank A,32,3.0,0.0281359396454767,0.9336020171243771
severe,Bank A,32,3.25,0.028721182697712695,0.9269902996433906
severe,Bank A,32,3.5,0.028171127416098247,0.9204213575214591
severe,Bank A,32,3.75,0.029291502695952775,0.9138338154356173
severe,Bank A,32,4.0,0.02587047563623497,0.9075543793066465
severe,Bank A,32,4.25,0.023523539616120914,0.9019681730184818
severe,Bank A,32,4.5,0.02018813547602426,0.8970532951275099
severe,Bank A,32,4.75,0.020477138087894406,0.8925050000688889
severe,Bank A,32,5.0,0.022679289649631045,0.8877032972920704
severe,Bank A,33,0.0,0.015,1.0
severe,Bank A,33,0.25,0.010860470669130514,0.9967726602594754
severe,Bank A,33,0.5,0.008358146476078954,0.9943809602153935
severe,Bank A,33,0.75,0.013627407158760377,0.9916519598526795
severe,Bank A,33,1.0,0.014483056704511863,0.9881736000030824
severe,Bank A,33,1.25,0.01368324364816235,0.9847005681919941
severe,Bank A,33,1.5,0.00795734493922441,0.9820404801961955
severe,Bank A,33,1.75,0.008531253601785187,0.9800185057286859
severe,Bank A,33,2.0,0.005338934787111796,0.9783208476688816
severe,Bank A,33,2.25,0.00959613831512094,0.976496139785776
severe,Bank A,33,2.5,0.010174245458234069,0.9740859062854317
severe,Bank A,33,2.75,0.0062505434964271805,0.9720880634420951
severe,Bank A,33,3.0,0.005674618137559767,0.9706401044968633
severe,Bank A,33,3.25,0.005597140380639889,0.9692734648916802
severe,Bank A,33,3.5,0.007120113588765617,0.9677338768218195
severe,Bank A,33,3.75,0.010143955831420574,0.9656477504670838
severe,Bank A,33,4.0,0.010280466703059307,0.9631855451652022
severe,Bank A,33,4.25,0.007521697598388133,0.9610445797463347
severe,Bank A,33,4.5,0.010936466659565469,0.9588297460001862
severe,Bank A,33,4.75,0.010385820676508572,0.9562775932006407
severe,Bank A,33,5.0,0.013552809825053427,0.9534203732083946
severe,Bank A,34,0.0,0.015,1.0
severe,Bank A,34,0.25,0.020668599545924055,0.995551349746552
severe,Bank A,34,0.5,0.02078501329256531,0.9904060419573472
severe,Bank A,34,0.75,0.014629005198170817,0.9860314494843726
severe,Bank A,34,1.0,0.015980855182504035,0.9822658724401575
severe,Bank A,34,1.25,0.013786153676725716,0.9786177740942311
severe,Bank A,34,1.5,0.01701823313607377,0.9748568045817277
severe,Bank A,34,1.75,0.02065084748811107,0.9702773495878507
severe,Bank A,34,2.0,0.021497615674096457,0.9651788299137078
severe,Bank A,34,2.25,0.023309986144317126,0.9597880222423932
severe,Bank A,34,2.5,0.027531497492267628,0.9537077325127977
severe,Bank A,34,2.75,0.026339493310251656,0.9473071594639048
severe,Bank A,34,3.0,0.028221548856845847,0.9408683828353597
severe,Bank A,34,3.25,0.026713246083214345,0.9344297133630038
severe,Bank A,34,3.5,0.023622748516262945,0.9285687401928907
severe,Bank A,34,3.75,0.019082415615182837,0.923625111779039
severe,Bank A,34,4.0,0.015309045664364883,0.9196630320792518
severe,Bank A,34,4.25,0.01309302289360381,0.9164037795363615
severe,Bank A,34,4.5,0.012099624661517386,0.913522488946579
severe,Bank A,34,4.75,0.009035029457341644,0.9111123012743243
severe,Bank A,34,5.0,0.010236630751260805,0.9089201119446818
severe,Bank A,35,0.0,0.015,1.0
severe,Bank A,35,0.25,0.018049698790260874,0.995877309369904
severe,Bank A,35,0.5,0.01931836451332191,0.9912364058640664
severe,Bank A,35,0.75,0.018277590323128826,0.9865890246946724
severe,Bank A,35,1.0,0.018450967044758293,0.9820699074744704
severe,Bank A,35,1.25,0.021160044097090696,0.9772193281503493
severe,Bank A,35,1.5,0.018537835825520398,0.9723821477457075
severe,Bank A,35,1.75,0.017547966569328007,0.9680058764901631
severe,Bank A,35,2.0,0.027139370968818397,0.9626137498296004
severe,Bank A,35,2.25,0.026891183070500323,0.9561343355766814
severe,Bank A,35,2.5,0.01937308842252099,0.9506209357209012
severe,Bank A,35,2.75,0.026040154106467525,0.9452398759932951
severe,Bank A,35,3.0,0.02375814246933891,0.9393742341591577
severe,Bank A,35,3.25,0.025754509084592717,0.9335783246960634
severe,Bank A,35,3.5,0.029432779937097857,0.9271602801990239
severe,Bank A,35,3.75,0.022197012724868077,0.9211959104700118
severe,Bank A,35,4.0,0.02342332502868522,0.9159577016469871
severe,Bank A,35,4.25,0.022410090450461235,0.9107250216968963
severe,Bank A,35,4.5,0.020591238676746674,0.9058428563762511
severe,Bank A,35,4.75,0.015281859572917108,0.901790026167592
severe,Bank A,35,5.0,0.015298771102741153,0.8983494428404551
severe,Bank A,36,0.0,0.015,1.0
severe,Bank A,36,0.25,0.021171769627386223,0.9954887352589622
severe,Bank A,36,0.5,0.021725221126028288,0.9901650871608431
severe,Bank A,36,0.75,0.017992146490475862,0.9852614259192299
severe,Bank A,36,1.0,0.011355523839740436,0.9816536565023168
severe,Bank A,36,1.25,0.011345992328117366,0.9788719768462502
severe,Bank A,36,1.5,0.006230981167300124,0.9767236369435227
severe,Bank A,36,1.75,0.010528590753154468,0.9746795950153582
severe,Bank A,36,2.0,0.013856791811472457,0.9717131266161101
severe,Bank A,36,2.25,0.007442321003006729,0.9691294890281368
severe,Bank A,36,2.5,0.013042506518840168,0.966651107155242
severe,Bank A,36,2.75,0.013217169484415217,0.9634833159624203
severe,Bank A,36,3.0,0.014952790252682775,0.9600966213751506
severe,Bank A,36,3.25,0.015988764929397752,0.9563904328736919
severe,Bank A,36,3.5,0.017857375354430743,0.9523527146254127
severe,Bank A,36,3.75,0.019863986721309873,0.9478727795573199
severe,Bank A,36,4.0,0.018488620271751834,0.9433394807048855
severe,Bank A,36,4.25,0.016425400270206073,0.9392314796513573
severe,Bank A,36,4.5,0.01832275468053579,0.935160756559869
severe,Bank A,36,4.75,0.009821007858132946,0.9318766688249616
severe,Bank A,36,5.0,0.011528374310830451,0.9293931103092725
severe,Bank A,37,0.0,0.015,1.0
severe,Bank A,37,0.25,0.017782345391794133,0.9959105913239181
severe,Bank A,37,0.5,0.015631951425340625,0.9917595598333359
severe,Bank A,37,0.75,0.014287018917689118,0.988057433778578
severe,Bank A,37,1.0,0.014827061427886432,0.9844681709312891
severe,Bank A,37,1.25,0.01623039319840405,0.9806536955219015
severe,Bank A,37,1.5,0.021728835738934187,0.9760116100881794
severe,Bank A,37,1.75,0.023249489391338217,0.9705395862155846
severe,Bank A,37,2.0,0.0306318460770501,0.9640248037876015
severe,Bank A,37,2.25,0.03588691502575981,0.956042319386
severe,Bank A,37,2.5,0.04399678023027407,0.9465433001997728
severe,Bank A,37,2.75,0.04001653988710019,0.9366550320561139
severe,Bank A,37,3.0,0.03759138440545213,0.9276124822148223
severe,Bank A,37,3.25,0.034193037430661814,0.9193261987265902
severe,Bank A,37,3.5,0.0325741971817121,0.9116855187694374
severe,Bank A,37,3.75,0.025678874121873096,0.9050710698020035
severe,Bank A,37,4.0,0.028665195979220404,0.8989437491276124
severe,Bank A,37,4.25,0.04014209741524207,0.8912451682073733
severe,Bank A,37,4.5,0.03909057724604941,0.8824617684637694
severe,Bank A,37,4.75,0.03818286988880849,0.8739789451282556
severe,Bank A,37,5.0,0.03245728837338776,0.8662956654304731
severe,Bank A,38,0.0,0.015,1.0
severe,Bank A,38,0.25,0.01809653272542705,0.9958714792803018
severe,Bank A,38,0.5,0.015662249363698852,0.9916779075880846
severe,Bank A,38,0.75,0.02315126018953665,0.9868782477381939
severe,Bank A,38,1.0,0.02219279607308082,0.9813004373565662
severe,Bank A,38,1.25,0.022004791328202943,0.9758939966044545
severe,Bank A,38,1.5,0.02221029516135522,0.9705152195565442
severe,Bank A,38,1.75,0.020422240703868645,0.9653570353052988
severe,Bank A,38,2.0,0.01290071522339179,0.9613443295654409
severe,Bank A,38,2.25,0.012470231276511612,0.9583003819120612
severe,Bank A,38,2.5,0.008782498304479046,0.9557579481516321
severe,Bank A,38,2.75,0.00800489171442677,0.953754465784389
severe,Bank A,38,3.0,0.010816052736574079,0.9515132831638968
severe,Bank A,38,3.25,0.01284675182214813,0.9487030072940184
severe,Bank A,38,3.5,0.009534087168961463,0.9460526202334437
severe,Bank A,38,3.75,0.009068620249414088,0.9438552834872763
severe,Bank A,38,4.0,0.007148389617726571,0.9419439076361832
severe,Bank A,38,4.25,0.006663443149007596,0.9403190642029062
severe,Bank A,38,4.5,0.007820271957704402,0.9386181901740108
severe,Bank A,38,4.75,0.009375621180073282,0.9366028097047544
severe,Bank A,38,5.0,0.010440326829651575,0.9342857215227869
severe,Bank A,39,0.0,0.015,1.0
severe,Bank A,39,0.25,0.01626297153705848,0.9960997543506984
severe,Bank A,39,0.5,0.018637059503360268,0.991763730145364
severe,Bank A,39,0.75,0.020596518827058926,0.9869118322032195
severe,Bank A,39,1.0,0.014591381061236615,0.9825804456174638
severe,Bank A,39,1.25,0.025916062934043714,0.977617792448547
severe,Bank A,39,1.5,0.0335482442950035,0.9703780617841662
severe,Bank A,39,1.75,0.02951063027233066,0.9627592597390212
severe,Bank A,39,2.0,0.02430891791069331,0.9563040889374236
severe,Bank A,39,2.25,0.028767301822128152,0.9499804635217423
severe,Bank A,39,2.5,0.035397625208031414,0.9423915098558849
severe,Bank A,39,2.75,0.03545943388635108,0.9340814793390285
severe,Bank A,39,3.0,0.03706605581338792,0.9256516585403843
severe,Bank A,39,3.25,0.03147900149569093,0.9177544333402601
severe,Bank A,39,3.5,0.027405935720276303,0.9110239947947597
severe,Bank A,39,3.75,0.029400698506364797,0.9045778823964317
severe,Bank A,39,4.0,0.020390967722115915,0.8989653117176992
severe,Bank A,39,4.25,0.020376785554494882,0.8943958649820992
severe,Bank A,39,4.5,0.00896116450024261,0.8911219042054099
severe,Bank A,39,4.75,0.006087043534061726,0.8894472562525607
severe,Bank A,39,5.0,0.008104625765774743,0.8878708122741517
severe,Bank A,40,0.0,0.015,1.0
severe,Bank A,40,0.25,0.02135304741522448,0.9954661780150654
severe,Bank A,40,0.5,0.018324153583614205,0.9905412371481339
severe,Bank A,40,0.75,0.01234897290623062,0.9867506340622613
severe,Bank A,40,1.0,0.01246483898402309,0.9836947452009291
severe,Bank A,40,1.25,0.014014217729236899,0.9804442139876619
severe,Bank A,40,1.5,0.0141546703015391,0.9769980318326292
severe,Bank A,40,1.75,0.016940080453174668,0.9732079635200686
severe,Bank A,40,2.0,0.013747621340850094,0.9694819250902547
severe,Bank A,40,2.25,0.017835055835502645,0.96566211570572
severe,Bank A,40,2.5,0.012366512435435729,0.9620234246241047
severe,Bank A,40,2.75,0.01292655015265971,0.9589866628802315
severe,Bank A,40,3.0,0.016706013434361677,0.9554410793213336
severe,Bank A,40,3.25,0.02004261085463247,0.9510622511088894
severe,Bank A,40,3.5,0.02068547547985096,0.9462326870374206
severe,Bank A,40,3.75,0.02930626547750001,0.9403381461944892
severe,Bank A,40,4.0,0.026556397061252908,0.9337947942818506
severe,Bank A,40,4.25,0.023313405226061713,0.9279918797398727
severe,Bank A,40,4.5,0.020788173692664638,0.9228902162332068
severe,Bank A,40,4.75,0.02183540445241363,0.9179861816465841
severe,Bank A,40,5.0,0.017878233274120508,0.9134404027384023
severe,Bank A,41,0.0,0.015,1.0
severe,Bank A,41,0.25,0.01895890802344004,0.9957641331957282
severe,Bank A,41,0.5,0.026649342812853492,0.9901034019856836
severe,Bank A,41,0.75,0.02134351257529636,0.9841814467935952
severe,Bank A,41,1.0,0.021859130365096287,0.9788808671618512
severe,Bank A,41,1.25,0.020140941676978413,0.9737552004653832
severe,Bank A,41,1.5,0.025802342397547078,0.9681790385162772
severe,Bank A,41,1.75,0.022938485722365266,0.9622982403799407
severe,Bank A,41,2.0,0.02057889167367683,0.9570778648564925
severe,Bank A,41,2.25,0.02197704102124408,0.9520002144392646
severe,Bank A,41,2.5,0.018934648213348195,0.9471441497699762
severe,Bank A,41,2.75,0.014466273188865085,0.9431979574930913
severe,Bank A,41,3.0,0.02161053516775589,0.9389540872716492
severe,Bank A,41,3.25,0.01758731636484035,0.9343647169306827
severe,Bank A,41,3.5,0.01420714178330558,0.9306586338793095
severe,Bank A,41,3.75,0.012278592608514962,0.9275825814848576
severe,Bank A,41,4.0,0.014644164653285802,0.9244661932012218
severe,Bank A,41,4.25,0.01801130552435325,0.9207002747697802
severe,Bank A,41,4.5,0.01591599420889469,0.9168039333576399
severe,Bank A,41,4.75,0.01329035579822307,0.9134629735752684
severe,Bank A,41,5.0,0.01211492691789385,0.9105667266207738
severe,Bank A,42,0.0,0.015,1.0
severe,Bank A,42,0.25,0.008083302647434589,0.9971187459717573
severe,Bank A,42,0.5,0.005375036651782376,0.9954427108570033
severe,Bank A,42,0.75,0.009228909536053154,0.9936271944948261
severe,Bank A,42,1.0,0.009742251156343766,0.9912737034793616
severe,Bank A,42,1.25,0.010551755299239348,0.9887622758919085
severe,Bank A,42,1.5,0.011756805693210285,0.9860088837473258
severe,Bank A,42,1.75,0.014757830094836766,0.9827463350100338
severe,Bank A,42,2.0,0.011851901153780004,0.9794829384179272
severe,Bank A,42,2.25,0.009641862819690976,0.9768548735498845
severe,Bank A,42,2.5,0.009893262979615526,0.974472410735353
severe,Bank A,42,2.75,0.01331737344528048,0.9716492425823767
severe,Bank A,42,3.0,0.010477140177530328,0.9687635460514328
severe,Bank A,42,3.25,0.012165415396368773,0.966025512330595
severe,Bank A,42,3.5,0.012858757789935874,0.9630084847390497
severe,Bank A,42,3.75,0.009247803938512746,0.9603510572774462
severe,Bank A,42,4.0,0.011925197449734677,0.9578127284779483
severe,Bank A,42,4.25,0.015340142945071918,0.9545538986917972
severe,Bank A,42,4.5,0.01881424954371241,0.9504873095477313
severe,Bank A,42,4.75,0.020148157336698894,0.9458694048072771
severe,Bank A,42,5.0,0.017379537457737557,0.9414427582473738
severe,Bank A,43,0.0,0.015,1.0
severe,Bank A,43,0.25,0.01851945903267541,0.9958188331410007
severe,Bank A,43,0.5,0.020256422402139426,0.9910037926571268
severe,Bank A,43,0.75,0.016958579172274165,0.986404472719381
severe,Bank A,43,1.0,0.0214885075738682,0.9816752984662924
severe,Bank A,43,1.25,0.015739608001421157,0.977117671000023
severe,Bank A,43,1.5,0.009408100855070335,0.97405095973432
severe,Bank A,43,1.75,0.018355943414828872,0.9706763696422919
severe,Bank A,43,2.0,0.022739131588386093,0.9657029023651544
severe,Bank A,43,2.25,0.021793809407344388,0.9603421380742714
severe,Bank A,43,2.5,0.02206010156097157,0.9550921957993003
severe,Bank A,43,2.75,0.02113020253658025,0.949949749481376
severe,Bank A,43,3.0,0.02344852991516932,0.9446710260997415
severe,Bank A,43,3.25,0.01937680642675841,0.9396275556105628
severe,Bank A,43,3.5,0.02036929337728302,0.9349708168141473
severe,Bank A,43,3.75,0.022668371886126373,0.9299544520709958
severe,Bank A,43,4.0,0.025433763793808392,0.9243796295174218
severe,Bank A,43,4.25,0.029248983348132085,0.9180827226018996
severe,Bank A,43,4.5,0.028895299250026502,0.9114342548588903
severe,Bank A,43,4.75,0.02969574553546932,0.9047834039510176
severe,Bank A,43,5.0,0.025340301054849104,0.8985803028541339
severe,Bank A,44,0.0,0.015,1.0
severe,Bank A,44,0.25,0.016921190098727813,0.9960178013037346
severe,Bank A,44,0.5,0.01881360794182841,0.9915786612987421
severe,Bank A,44,0.75,0.021226351950509252,0.9866282138864637
severe,Bank A,44,1.0,0.02061121376924129,0.981481917056416
severe,Bank A,44,1.25,0.02274417171725675,0.9761772383313629
severe,Bank A,44,1.5,0.022370361025636304,0.9706877588380417
severe,Bank A,44,1.75,0.024184408302361543,0.9650553949826608
severe,Bank A,44,2.0,0.023501637407089934,0.9593200460117661
severe,Bank A,44,2.25,0.014181045706474474,0.9548119525008569
severe,Bank A,44,2.5,0.01393804329252378,0.9514617883889354
severe,Bank A,44,2.75,0.016835496068269448,0.9478088379323459
severe,Bank A,44,3.0,0.017866159641266664,0.9437064249010645
severe,Bank A,44,3.25,0.018817398368432835,0.9393890174099998
severe,Bank A,44,3.5,0.01951344330828234,0.9348988365634155
severe,Bank A,44,3.75,0.018377535394138052,0.9304812774360361
severe,Bank A,44,4.0,0.025950388476448077,0.9253397472720875
severe,Bank A,44,4.25,0.03312251600289822,0.9185320991135261
severe,Bank A,44,4.5,0.02603911551287152,0.911764421935216
severe,Bank A,44,4.75,0.02273084333132763,0.9062229908906859
severe,Bank A,44,5.0,0.02057969642293779,0.9013301215329288
severe,Bank A,45,0.0,0.015,1.0
severe,Bank A,45,0.25,0.0173099794787887,0.9959693973369912
severe,Bank A,45,0.5,0.020624788386945977,0.9912578434106635
severe,Bank A,45,0.75,0.02375872843482486,0.9857736318687269
severe,Bank A,45,1.0,0.0257377387412621,0.9796934215459904
severe,Bank A,45,1.25,0.020331020069422275,0.9740679769266323
severe,Bank A,45,1.5,0.015382884156597925,0.9697291974997679
severe,Bank A,45,1.75,0.01882496176786525,0.9655915067750902
severe,Bank A,45,2.0,0.02715405594749514,0.9600578055174589
severe,Bank A,45,2.25,0.023601693005262082,0.9539860303582034
severe,Bank A,45,2.5,0.02785779258279641,0.9478692704836285
severe,Bank A,45,2.75,0.037124908110123395,0.9402010682892487
severe,Bank A,45,3.0,0.027610142516939537,0.9326237714590214
severe,Bank A,45,3.25,0.018315257855748772,0.9272852195533543
severe,Bank A,45,3.5,0.019922066153150498,0.9228636815337052
severe,Bank A,45,3.75,0.022994140300578975,0.9179262109331929
severe,Bank A,45,4.0,0.02341378708367326,0.9126167442887448
severe,Bank A,45,4.25,0.017831907407176235,0.907923663841822
severe,Bank A,45,4.5,0.021451757298493784,0.9034762710477053
severe,Bank A,45,4.75,0.012184998608430721,0.8996854946215611
severe,Bank A,45,5.0,0.015019691748572322,0.8966312325432463
severe,Bank A,46,0.0,0.015,1.0
severe,Bank A,46,0.25,0.020940118407743506,0.9955175614487695
severe,Bank A,46,0.5,0.018568325747540033,0.9906132627444337
severe,Bank A,46,0.75,0.02554603767388962,0.9851657619272208
severe,Bank A,46,1.0,0.021510348638543994,0.9793879786016441
severe,Bank A,46,1.25,0.020652384440421036,0.974239847482634
severe,Bank A,46,1.5,0.01713740707302388,0.9696486596815844
severe,Bank A,46,1.75,0.015317085081286663,0.9657229461532797
severe,Bank A,46,2.0,0.015673224771222884,0.9619891760740409
severe,Bank A,46,2.25,0.01446129466369577,0.9583723571041185
severe,Bank A,46,2.5,0.013476790641222753,0.9550313083229895
severe,Bank A,46,2.75,0.016162154122524305,0.9514995896143039
severe,Bank A,46,3.0,0.015142191224645817,0.9477836057895568
severe,Bank A,46,3.25,0.016630421922649796,0.9440268755668376
severe,Bank A,46,3.5,0.0160439989354167,0.9401790473340494
severe,Bank A,46,3.75,0.0168048609082631,0.9363264860430724
severe,Bank A,46,4.0,0.015556896932512422,0.9325464902792311
severe,Bank A,46,4.25,0.014770121399677207,0.9290180132033228
severe,Bank A,46,4.5,0.016423424478233337,0.9254026455404376
severe,Bank A,46,4.75,0.020038318273130504,0.9211945184026628
severe,Bank A,46,5.0,0.014234530393605716,0.9172564649050137
severe,Bank A,47,0.0,0.015,1.0
severe,Bank A,47,0.25,0.022798074013039675,0.9952863848653648
severe,Bank A,47,0.5,0.027482908137722997,0.9890505049097355
severe,Bank A,47,0.75,0.029855394245318585,0.981987038480289
severe,Bank A,47,1.0,0.029265181083608142,0.9747568324219343
severe,Bank A,47,1.25,0.029324873598867426,0.967644028423842
severe,Bank A,47,1.5,0.023986342313807425,0.9612171811815455
severe,Bank A,47,1.75,0.01876015958807527,0.9560947946177237
severe,Bank A,47,2.0,0.01358934818350063,0.9522364513456684
severe,Bank A,47,2.25,0.017623405261467443,0.948528449411641
severe,Bank A,47,2.5,0.015632737141968108,0.9445935840822971
severe,Bank A,47,2.75,0.016367473674321325,0.9408227316364483
severe,Bank A,47,3.0,0.010740438405045752,0.9376401592509432
severe,Bank A,47,3.25,0.009404687262667228,0.9352820197057217
severe,Bank A,47,3.5,0.013593995443830892,0.9325970991056612
severe,Bank A,47,3.75,0.01375508347354531,0.9294143336042859
severe,Bank A,47,4.0,0.015434544168189346,0.9260293554600221
severe,Bank A,47,4.25,0.01744416535957224,0.922231334159382
severe,Bank A,47,4.5,0.01426075980381921,0.9185836575866085
severe,Bank A,47,4.75,0.010272571267278971,0.915770982934804
severe,Bank A,47,5.0,0.008181692911330973,0.913660932628817
severe,Bank A,48,0.0,0.015,1.0
severe,Bank A,48,0.25,0.011306826483825866,0.9967170474018304
severe,Bank A,48,0.5,0.005408394433666098,0.9946366783180268
severe,Bank A,48,0.75,0.006944803255068541,0.9931019955734602
severe,Bank A,48,1.0,0.010125992778542743,0.9909851247177287
severe,Bank A,48,1.25,0.010204630336257136,0.988469903936393
severe,Bank A,48,1.5,0.01190761099398725,0.9857415157141706
severe,Bank A,48,1.75,0.01392875366792125,0.9825631536514703
severe,Bank A,48,2.0,0.014014865855401763,0.9791370943006107
severe,Bank A,48,2.25,0.01486081256033393,0.9756093088480654
severe,Bank A,48,2.5,0.017397191507630274,0.9716833283042813
severe,Bank A,48,2.75,0.020900766048801082,0.967042759078871
severe,Bank A,48,3.0,0.015158143681761925,0.9626937542706873
severe,Bank A,48,3.25,0.01402020630923611,0.9591889228189019
severe,Bank A,48,3.5,0.015516042646651218,0.9556540968254676
severe,Bank A,48,3.75,0.020589727046323076,0.9513507367972339
severe,Bank A,48,4.0,0.02955785280373499,0.9454058965927542
severe,Bank A,48,4.25,0.0368737774793401,0.9375877952203967
severe,Bank A,48,4.5,0.02160910823874481,0.9307586822880979
severe,Bank A,48,4.75,0.01242842027287002,0.9268070041858608
severe,Bank A,48,5.0,0.01350517472085385,0.9238074389714847
severe,Bank A,49,0.0,0.015,1.0
severe,Bank A,49,0.25,0.014125932750279527,0.9963658778702021
severe,Bank A,49,0.5,0.017020069193234767,0.9924943175409541
severe,Bank A,49,0.75,0.018111262032427147,0.9881454176189159
severe,Bank A,49,1.0,0.018628404784061414,0.9836178053356736
severe,Bank A,49,1.25,0.02052080052299566,0.9788160819710048
severe,Bank A,49,1.5,0.019913435629483608,0.973881353149484
severe,Bank A,49,1.75,0.01792057168041784,0.9692864975467292
severe,Bank A,49,2.0,0.015828637164257493,0.9652060290803082
severe,Bank A,49,2.25,0.012798704231082335,0.9617582911685768
severe,Bank A,49,2.5,0.012928517970212045,0.9586703379509425
severe,Bank A,49,2.75,0.016600127024149133,0.9551383309128437
severe,Bank A,49,3.0,0.014009540355027576,0.9514907552289542
severe,Bank A,49,3.25,0.015058321893201668,0.9480398032375196
severe,Bank A,49,3.5,0.020089150389813612,0.943883789170947
severe,Bank A,49,3.75,0.01344005592628509,0.9399361083242651
severe,Bank A,49,4.0,0.01695379656892385,0.9363718484069926
severe,Bank A,49,4.25,0.0124533269952669,0.9329361665396765
severe,Bank A,49,4.5,0.006049534401818455,0.9307809113269905
severe,Bank A,49,4.75,0.009520727243108219,0.9289711103000734
severe,Bank A,49,5.0,0.010625617979039123,0.9266346319174312
severe,Bank B,0,0.0,0.025,1.0
severe,Bank B,0,0.25,0.030075403136448926,0.9931392179763183
severe,Bank B,0,0.5,0.03762336161481559,0.9847703905875484
severe,Bank B,0,0.75,0.03949681088552892,0.9753227934717515
severe,Bank B,0,1.0,0.03698346587487373,0.9660431015883135
severe,Bank B,0,1.25,0.02690060457195536,0.9583594755563853
severe,Bank B,0,1.5,0.027017956318165868,0.9519220230935115
severe,Bank B,0,1.75,0.028186797678651235,0.9453758078191844
severe,Bank B,0,2.0,0.02133035916129685,0.9395423397219548
severe,Bank B,0,2.25,0.027128960563273744,0.933868344114795
severe,Bank B,0,2.5,0.0283523705607081,0.9274142178497211
severe,Bank B,0,2.75,0.035381170093193866,0.920055146531822
severe,Bank B,0,3.0,0.02951865216065994,0.9126214133644017
severe,Bank B,0,3.25,0.026798995121214426,0.9062193876351049
severe,Bank B,0,3.5,0.037353644433855734,0.8989814016993396
severe,Bank B,0,3.75,0.02527280981491097,0.8919713736207439
severe,Bank B,0,4.0,0.028175394306488404,0.8860319529181071
severe,Bank B,0,4.25,0.02975521528320007,0.8796390808955016
severe,Bank B,0,4.5,0.03627375089823511,0.8724087527437506
severe,Bank B,0,4.75,0.030709123914474584,0.865134691800014
severe,Bank B,0,5.0,0.029671858881308168,0.8586295614487911
severe,Bank B,1,0.0,0.025,1.0
severe,Bank B,1,0.25,0.029995242657785085,0.9931491693405615
severe,Bank B,1,0.5,0.037353845966652595,0.9848233033042594
severe,Bank B,1,0.75,0.02411953014955478,0.9772847524920629
severe,Bank B,1,1.0,0.033081878702219215,0.9703219168207666
severe,Bank B,1,1.25,0.037177538942109456,0.9618374468747733
severe,Bank B,1,1.5,0.02677777060075387,0.9541787745059854
severe,Bank B,1,1.75,0.028097491519313608,0.9476560697320404
severe,Bank B,1,2.0,0.029129083546050462,0.940901368908468
severe,Bank B,1,2.25,0.04031992270350583,0.9327686374843016
severe,Bank B,1,2.5,0.0324897793615625,0.9243178263087901
severe,Bank B,1,2.75,0.031130980112282245,0.9169962523884543
severe,Bank B,1,3.0,0.01745965633797445,0.911443453894372
severe,Bank B,1,3.25,0.026445195058364318,0.906455056168836
severe,Bank B,1,3.5,0.034919268529524504,0.8995286388365891
severe,Bank B,1,3.75,0.017239341781460325,0.8936829455294037
severe,Bank B,1,4.0,0.029616623039487755,0.888463947192
severe,Bank B,1,4.25,0.03457760618109955,0.8813631922260746
severe,Bank B,1,4.5,0.0385489975256283,0.8733435141947663
severe,Bank B,1,4.75,0.039780211417112306,0.8648342018309528
severe,Bank B,1,5.0,0.03478529337820918,0.8568108018683939
severe,Bank B,2,0.0,0.025,1.0
severe,Bank B,2,0.25,0.025517652769771783,0.9937051892626113
severe,Bank B,2,0.5,0.026054132084109723,0.987319898898099
severe,Bank B,2,0.75,0.03079681373487555,0.980328511248185
severe,Bank B,2,1.0,0.037940946144944296,0.9719413965881288
severe,Bank B,2,1.25,0.03184740567578747,0.9634994982428771
severe,Bank B,2,1.5,0.026046123277290983,0.9565521183212649
severe,Bank B,2,1.75,0.020817972403069873,0.9509650052367814
severe,Bank B,2,2.0,0.012877560823028865,0.9469680195646758
severe,Bank B,2,2.25,0.01688495267996235,0.9434515462546809
severe,Bank B,2,2.5,0.01970744999472444,0.9391460057802128
severe,Bank B,2,2.75,0.01856031855411849,0.9346643555001997
severe,Bank B,2,3.0,0.02544319248510898,0.9295374045060832
severe,Bank B,2,3.25,0.022607004961596084,0.923971080697292
severe,Bank B,2,3.5,0.023203940504678774,0.918695202326431
severe,Bank B,2,3.75,0.016997723614758986,0.914090148200713
severe,Bank B,2,4.0,0.022711556929277378,0.909564157465852
severe,Bank B,2,4.25,0.017730830227678494,0.9049776421104287
severe,Bank B,2,4.5,0.02910847627039713,0.8996945575593804
severe,Bank B,2,4.75,0.025130936270654207,0.8936153261841754
severe,Bank B,2,5.0,0.03473510296186342,0.8869531334451098
severe,Bank B,3,0.0,0.025,1.0
severe,Bank B,3,0.25,0.04243187110379,0.9916064403966045
severe,Bank B,3,0.5,0.05093171668020547,0.9801012146837964
severe,Bank B,3,0.75,0.04407877456593844,0.9685300746856851
severe,Bank B,3,1.0,0.04775179076756369,0.957476056569788
severe,Bank B,3,1.25,0.0473312574167935,0.9461634493109112
severe,Bank B,3,1.5,0.05143855228666418,0.9345537169936156
severe,Bank B,3,1.75,0.044018374271226526,0.9234687787046623
severe,Bank B,3,2.0,0.03705669427319232,0.9141572548607022
severe,Bank B,3,2.25,0.019928295786237504,0.9076687362959447
severe,Bank B,3,2.5,0.024592992132341937,0.9026314433270253
severe,Bank B,3,2.75,0.02458489396651191,0.89709977469345
severe,Bank B,3,3.0,0.03223225708512644,0.8907510146075254
severe,Bank B,3,3.25,0.026309303747972777,0.8842565614636609
severe,Bank B,3,3.5,0.03499703960186784,0.8775061426715448
severe,Bank B,3,3.75,0.042222451341796,0.8690768176747445
severe,Bank B,3,4.0,0.04810809376770577,0.859318987891367
severe,Bank B,3,4.25,0.05059649257650961,0.8487817852967781
severe,Bank B,3,4.5,0.04421043031298496,0.8387823546204196
severe,Bank B,3,4.75,0.027709079279364446,0.8312755461024041
severe,Bank B,3,5.0,0.027868893919275498,0.8255204839148642
severe,Bank B,4,0.0,0.025,1.0
severe,Bank B,4,0.25,0.021000945580127328,0.9942663820907754
severe,Bank B,4,0.5,0.019479966831923677,0.9892479883301
severe,Bank B,4,0.75,0.020203911378438372,0.9843529895647932
severe,Bank B,4,1.0,0.026532279229472877,0.9786191408944954
severe,Bank B,4,1.25,0.01620119975177252,0.9734056027691006
severe,Bank B,4,1.5,0.026832928895572768,0.9681834532854986
severe,Bank B,4,1.75,0.04146366835181093,0.9599531800788322
severe,Bank B,4,2.0,0.03271446487660927,0.951093376923547
severe,Bank B,4,2.25,0.026118757938721912,0.9441245471810029
severe,Bank B,4,2.5,0.024148894342585523,0.9382107805300448
severe,Bank B,4,2.75,0.024656921969132366,0.9325044367744667
severe,Bank B,4,3.0,0.02461189452910471,0.926779160970607
severe,Bank B,4,3.25,0.01891174102514447,0.9217507519832416
severe,Bank B,4,3.5,0.013311441533052228,0.9180455013339441
severe,Bank B,4,3.75,0.016566486343801937,0.9146232337936974
severe,Bank B,4,4.0,0.02083188402152805,0.9103575348935831
severe,Bank B,4,4.25,0.024134875165648665,0.9052549103527279
severe,Bank B,4,4.5,0.03600353880883814,0.8984753499603655
severe,Bank B,4,4.75,0.031061573265473943,0.8909747892531259
severe,Bank B,4,5.0,0.022717964919649856,0.8850053497522812
severe,Bank B,5,0.0,0.025,1.0
severe,Bank B,5,0.25,0.026548389411054828,0.9935771664664993
severe,Bank B,5,0.5,0.02674599133033613,0.9869801548664758
severe,Bank B,5,0.75,0.04449098247295229,0.9782304840065591
severe,Bank B,5,1.0,0.046780172306797624,0.9671333789854217
severe,Bank B,5,1.25,0.038190858030813964,0.9569154493352918
severe,Bank B,5,1.5,0.039411033198958785,0.9476780183232298
severe,Bank B,5,1.75,0.03802615093140311,0.938549082394662
severe,Bank B,5,2.0,0.037512856173046775,0.9297286575870928
severe,Bank B,5,2.25,0.044995669536496294,0.9201891178756431
severe,Bank B,5,2.5,0.05253443783272678,0.9090389553275847
severe,Bank B,5,2.75,0.04345384131845387,0.8981969936016792
severe,Bank B,5,3.0,0.04041109020888369,0.8888302719279282
severe,Bank B,5,3.25,0.04229336000105803,0.8796888283519239
severe,Bank B,5,3.5,0.024663463288344383,0.8723569076060228
severe,Bank B,5,3.75,0.028266622907426108,0.8666042184479726
severe,Bank B,5,4.0,0.03404558738377336,0.8598804352662431
severe,Bank B,5,4.25,0.034571253276476956,0.8525366894754515
severe,Bank B,5,4.5,0.03437562045629174,0.8452207928358163
severe,Bank B,5,4.75,0.03657957636800152,0.8377573389754758
severe,Bank B,5,5.0,0.03937708572719623,0.8298408240600266
severe,Bank B,6,0.0,0.025,1.0
severe,Bank B,6,0.25,0.018892137900929997,0.9945285062100574
severe,Bank B,6,0.5,0.024190973445255528,0.9891869794231474
severe,Bank B,6,0.75,0.018829934250696862,0.9838817916157914
severe,Bank B,6,1.0,0.01824054161847724,0.9793332175907263
severe,Bank B,6,1.25,0.027677926518830928,0.9737281338893118
severe,Bank B,6,1.5,0.028780164657012122,0.9668804712121909
severe,Bank B,6,1.75,0.032906682363579826,0.9594536655599539
severe,Bank B,6,2.0,0.03371957193862081,0.9514962468774135
severe,Bank B,6,2.25,0.031209206170575918,0.9438050642038848
severe,Bank B,6,2.5,0.029430324124572638,0.936678122255184
severe,Bank B,6,2.75,0.03378692736519003,0.9293055133219117
severe,Bank B,6,3.0,0.018842081575823597,0.9232120251671913
severe,Bank B,6,3.25,0.016348615020102118,0.9191598847699711
severe,Bank B,6,3.5,0.021835318133404162,0.9147831955796986
severe,Bank B,6,3.75,0.02765216986219965,0.9091418717018381
severe,Bank B,6,4.0,0.03797669797298092,0.901714136506553
severe,Bank B,6,4.25,0.03868850228228054,0.8931141479569499
severe,Bank B,6,4.5,0.026258184332926288,0.8858928992940325
severe,Bank B,6,4.75,0.022264127693267403,0.8805359649338436
severe,Bank B,6,5.0,0.03182447634919263,0.8746026751019927
severe,Bank B,7,0.0,0.025,1.0
severe,Bank B,7,0.25,0.0283716764221915,0.9933507452266385
severe,Bank B,7,0.5,0.017569466107064273,0.9876626347309182
severe,Bank B,7,0.75,0.024406200525137624,0.9824939817547336
severe,Bank B,7,1.0,0.025194411970970897,0.976421288879845
severe,Bank B,7,1.25,0.017144672042420518,0.9712673413754611
severe,Bank B,7,1.5,0.0265950237933397,0.9659714648090028
severe,Bank B,7,1.75,0.024676333004878977,0.9598004273194687
severe,Bank B,7,2.0,0.023750443007104414,0.9540079718399616
severe,Bank B,7,2.25,0.031226816490289386,0.9474743545976485
severe,Bank B,7,2.5,0.021927034456378176,0.9411999830405486
severe,Bank B,7,2.75,0.016878828361067993,0.9366455285138147
severe,Bank B,7,3.0,0.00852994569839641,0.9336753709385704
severe,Bank B,7,3.25,0.01760312928332013,0.930630371037317
severe,Bank B,7,3.5,0.02478303148941574,0.9257126791055015
severe,Bank B,7,3.75,0.02458473335887468,0.9200177231484121
severe,Bank B,7,4.0,0.021245352988458716,0.9147622297921331
severe,Bank B,7,4.25,0.02514773262781056,0.9094727515113886
severe,Bank B,7,4.5,0.032584728207693966,0.9029331142263245
severe,Bank B,7,4.75,0.03289710693559629,0.8955725645488279
severe,Bank B,7,5.0,0.039372154648989625,0.887518701249878
severe,Bank B,8,0.0,0.025,1.0
severe,Bank B,8,0.25,0.024691376381080817,0.9938078289549681
severe,Bank B,8,0.5,0.029666206609333126,0.9870780941614146
severe,Bank B,8,0.75,0.020210822213767257,0.9809431731914721
severe,Bank B,8,1.0,0.021044408559036082,0.975897564609258
severe,Bank B,8,1.25,0.018799941100941506,0.9710491480324246
severe,Bank B,8,1.5,0.029521013596691698,0.965201573099332
severe,Bank B,8,1.75,0.04019495513822102,0.9568268714147882
severe,Bank B,8,2.0,0.0541763985926933,0.9456060533784335
severe,Bank B,8,2.25,0.07169701144202531,0.9308441587354097
severe,Bank B,8,2.5,0.05315396279447321,0.9164298289801731
severe,Bank B,8,2.75,0.026719916477311197,0.9073255037810052
severe,Bank B,8,3.0,0.031728141303134144,0.9007207337249882
severe,Bank B,8,3.25,0.03566302193968176,0.8931650254036003
severe,Bank B,8,3.5,0.04672966691703838,0.8840134492277129
severe,Bank B,8,3.75,0.062426806237069254,0.8720333925950452
severe,Bank B,8,4.0,0.06915991064265437,0.8578072104769936
severe,Bank B,8,4.25,0.0698027879233275,0.8430354762969762
severe,Bank B,8,4.5,0.059245835206373366,0.8295455017979398
severe,Bank B,8,4.75,0.06704941676188128,0.8165523750170574
severe,Bank B,8,5.0,0.05918965802607477,0.8037684030457881
severe,Bank B,9,0.0,0.025,1.0
severe,Bank B,9,0.25,0.02889630670672647,0.9932856046270686
severe,Bank B,9,0.5,0.020738191137159467,0.9871420286410243
severe,Bank B,9,0.75,0.024507360044508923,0.9815748135654419
severe,Bank B,9,1.0,0.02231658620633921,0.9758464431864748
severe,Bank B,9,1.25,0.023001404827995686,0.9703341457718834
severe,Bank B,9,1.5,0.022381391618283154,0.9648451699313126
severe,Bank B,9,1.75,0.013160321170628899,0.960568146522862
severe,Bank B,9,2.0,0.024192453122422356,0.9560936150158348
severe,Bank B,9,2.25,0.01458601714154754,0.9514703482916089
severe,Bank B,9,2.5,0.015647641089744587,0.947881330717996
severe,Bank B,9,2.75,0.013788572940810474,0.9443999847827309
severe,Bank B,9,3.0,0.01871186498972676,0.940571090958348
severe,Bank B,9,3.25,0.0153303856293092,0.9365771999494233
severe,Bank B,9,3.5,0.016190200787916977,0.9328942773854587
severe,Bank B,9,3.75,0.01891531473508488,0.9288095294470614
severe,Bank B,9,4.0,0.020146406924993115,0.9242854708657027
severe,Bank B,9,4.25,0.022415987554404503,0.9193810535653995
severe,Bank B,9,4.5,0.027739720728063657,0.9136350585492088
severe,Bank B,9,4.75,0.027818934111680797,0.907311998399331
severe,Bank B,9,5.0,0.019795892605787603,0.9019278491790316
severe,Bank B,10,0.0,0.025,1.0
severe,Bank B,10,0.25,0.024359005888395263,0.9938491188624019
severe,Bank B,10,0.5,0.01978440882901042,0.9883802344630036
severe,Bank B,10,0.75,0.020817949545579237,0.9833766215475556
severe,Bank B,10,1.0,0.02871622826007385,0.9773065890170158
severe,Bank B,10,1.25,0.02645359324171216,0.9705900462811655
severe,Bank B,10,1.5,0.021363051297209116,0.9648060542893814
severe,Bank B,10,1.75,0.033194001532087965,0.9582488168154056
severe,Bank B,10,2.0,0.03184608111310179,0.9504898271057707
severe,Bank B,10,2.25,0.03629754039594667,0.9424279836721439
severe,Bank B,10,2.5,0.023892554958192862,0.9353639871336189
severe,Bank B,10,2.75,0.014658092813169465,0.9308674688648005
severe,Bank B,10,3.0,0.005373982808590035,0.9285394837882367
severe,Bank B,10,3.25,0.010254976351909043,0.9267272413721648
severe,Bank B,10,3.5,0.01396616871999921,0.9239256851989675
severe,Bank B,10,3.75,0.019489813342938034,0.9200698981210075
severe,Bank B,10,4.0,0.027770139722910404,0.9146506135519875
severe,Bank B,10,4.25,0.03156761010980248,0.9078915476133604
severe,Bank B,10,4.5,0.02198042278047378,0.9018348646361267
severe,Bank B,10,4.75,0.03755654167308979,0.8951482131462701
severe,Bank B,10,5.0,0.041019692125709446,0.8863990787005674
severe,Bank B,11,0.0,0.025,1.0
severe,Bank B,11,0.25,0.02697676497051848,0.9935239648690841
severe,Bank B,11,0.5,0.02152469049086781,0.9875187672730433
severe,Bank B,11,0.75,0.038518826995325176,0.9801347495393522
severe,Bank B,11,1.0,0.03646412113232122,0.9709909939537423
severe,Bank B,11,1.25,0.03782149515723279,0.9620163931242599
severe,Bank B,11,1.5,0.030573346959724183,0.9538268308300154
severe,Bank B,11,1.75,0.02546736055134869,0.9471685377182698
severe,Bank B,11,2.0,0.02915896427058678,0.9407230266480641
severe,Bank B,11,2.25,0.027036988993061943,0.9341380782857915
severe,Bank B,11,2.5,0.018139798292517134,0.9288777753318824
severe,Bank B,11,2.75,0.022616174471515777,0.9241576442225594
severe,Bank B,11,3.0,0.016519790138082795,0.9196477094000789
severe,Bank B,11,3.25,0.02320045319961105,0.915092947173105
severe,Bank B,11,3.5,0.014577238245676949,0.9107818717139067
severe,Bank B,11,3.75,0.01930440833065347,0.9069326798416957
severe,Bank B,11,4.0,0.016836635723840636,0.9028447339666825
severe,Bank B,11,4.25,0.017566321045035152,0.898970504203233
severe,Bank B,11,4.5,0.03715731564867599,0.8928421216521959
severe,Bank B,11,4.75,0.04042798036061927,0.8842250465494543
severe,Bank B,11,5.0,0.030638828056439506,0.8764049508058802
severe,Bank B,12,0.0,0.025,1.0
severe,Bank B,12,0.25,0.026386258426587993,0.9935973028760625
severe,Bank B,12,0.5,0.029782248844627962,0.9866456258493356
severe,Bank B,12,0.75,0.03196566756916617,0.9790595261723484
severe,Bank B,12,1.0,0.032781760142277475,0.9711675575563649
severe,Bank B,12,1.25,0.03220457372180966,0.9633104362152931
severe,Bank B,12,1.5,0.03772517160531512,0.954926625274181
severe,Bank B,12,1.75,0.04402099273043059,0.9452186106992165
severe,Bank B,12,2.0,0.03530354584620657,0.9358925449573577
severe,Bank B,12,2.25,0.017567988376981154,0.9297276796743504
severe,Bank B,12,2.5,0.021267258409921306,0.9252253411196202
severe,Bank B,12,2.75,0.03111137765506613,0.9191873737922468
severe,Bank B,12,3.0,0.024876181597938106,0.9127769492635918
severe,Bank B,12,3.25,0.024474882338619525,0.9071634673241558
severe,Bank B,12,3.5,0.034767705410684045,0.900470441008534
severe,Bank B,12,3.75,0.03142548368994291,0.8930505536925055
severe,Bank B,12,4.0,0.02588736953192681,0.8866755073019739
severe,Bank B,12,4.25,0.03921544135056089,0.8794891542147629
severe,Bank B,12,4.5,0.030367665841901762,0.8718726275704551
severe,Bank B,12,4.75,0.036350355607700474,0.8646316613888475
severe,Bank B,12,5.0,0.030618784095835794,0.8574239171909398
severe,Bank B,13,0.0,0.025,1.0
severe,Bank B,13,0.25,0.014842959677762776,0.9950320115194372
severe,Bank B,13,0.5,0.02295109636082129,0.9903423109666313
severe,Bank B,13,0.75,0.030330291076748877,0.983768375496486
severe,Bank B,13,1.0,0.02640647247681919,0.9768160785994807
severe,Bank B,13,1.25,0.02651599542913604,0.9703754657118097
severe,Bank B,13,1.5,0.025256259869717274,0.9641159261695958
severe,Bank B,13,1.75,0.027739467988232954,0.9577502807932803
severe,Bank B,13,2.0,0.024662242460377865,0.9514973131757686
severe,Bank B,13,2.25,0.03235966932718601,0.9447394016194006
severe,Bank B,13,2.5,0.013803853041541199,0.9393035380536716
severe,Bank B,13,2.75,0.018013674877888627,0.9355751676205905
severe,Bank B,13,3.0,0.021055144921810303,0.9310173288114685
severe,Bank B,13,3.25,0.02392230210560868,0.9257976676764321
severe,Bank B,13,3.5,0.03158496107671397,0.9193963390226925
severe,Bank B,13,3.75,0.02290227557694329,0.9131556946260465
severe,Bank B,13,4.0,0.01889438683146842,0.9083972782832249
severe,Bank B,13,4.25,0.029803960060094017,0.9028843938573422
severe,Bank B,13,4.5,0.013726597106322767,0.8979848533389743
severe,Bank B,13,4.75,0.020606788550194016,0.8941392537344433
severe,Bank B,13,5.0,0.01876045882020036,0.8897500867821826
severe,Bank B,14,0.0,0.025,1.0
severe,Bank B,14,0.25,0.02411968221652109,0.9938788507596732
severe,Bank B,14,0.5,0.01904419028566527,0.9885308338041453
severe,Bank B,14,0.75,0.03235443108296786,0.9822000524161605
severe,Bank B,14,1.0,0.01978401344392507,0.9758195689124665
severe,Bank B,14,1.25,0.022145920588492254,0.9707184424395773
severe,Bank B,14,1.5,0.03678474457624027,0.9635940794333406
severe,Bank B,14,1.75,0.0287621011663426,0.9557312657741288
severe,Bank B,14,2.0,0.015811958586030916,0.9504209705321786
severe,Bank B,14,2.25,0.02012097999740395,0.9461616160928575
severe,Bank B,14,2.5,0.025513053056392468,0.9407798339045481
severe,Bank B,14,2.75,0.03128891198442389,0.9341237239708341
severe,Bank B,14,3.0,0.03045276218795554,0.9269421768382108
severe,Bank B,14,3.25,0.035448549424623686,0.9193377032346001
severe,Bank B,14,3.5,0.03731143425803662,0.9110142370285539
severe,Bank B,14,3.75,0.035741724565731825,0.9027330465503914
severe,Bank B,14,4.0,0.04263517966984563,0.8939320514256156
severe,Bank B,14,4.25,0.052085878721258465,0.8834101907022571
severe,Bank B,14,4.5,0.04229311436114526,0.8730495047764032
severe,Bank B,14,4.75,0.025060685423531636,0.8657299602651224
severe,Bank B,14,5.0,0.026406355508132185,0.8601782675751635
severe,Bank B,15,0.0,0.025,1.0
severe,Bank B,15,0.25,0.024318505222087054,0.9938541503190784
severe,Bank B,15,0.5,0.02811272646112322,0.9873618239480786
severe,Bank B,15,0.75,0.025184588851455674,0.980805720309996
severe,Bank B,15,1.0,0.03380870269494964,0.9735997024077991
severe,Bank B,15,1.25,0.044253260100235545,0.9641457640129922
severe,Bank B,15,1.5,0.029276144173935537,0.9553247309851012
severe,Bank B,15,1.75,0.03173542315345387,0.9480667102222936
severe,Bank B,15,2.0,0.03325008578033555,0.9403965806453964
severe,Bank B,15,2.25,0.02360173518184611,0.9337373632060162
severe,Bank B,15,2.5,0.020447450474139393,0.9286101953245522
severe,Bank B,15,2.75,0.01373634897543066,0.9246507326059705
severe,Bank B,15,3.0,0.01789811139288227,0.9210015988900575
severe,Bank B,15,3.25,0.020190620632850684,0.9166270480849878
severe,Bank B,15,3.5,0.023343666977103203,0.9116525073610323
severe,Bank B,15,3.75,0.01778646947565681,0.9069774864212008
severe,Bank B,15,4.0,0.012548584256006981,0.903544847267003
severe,Bank B,15,4.25,0.021207261652400958,0.8997403892507545
severe,Bank B,15,4.5,0.017110060453573224,0.8954412379291544
severe,Bank B,15,4.75,0.021322266597414315,0.8911498179471933
severe,Bank B,15,5.0,0.015006266452971454,0.8871122216806309
severe,Bank B,16,0.0,0.025,1.0
severe,Bank B,16,0.25,0.03204512273905662,0.9928947223535715
severe,Bank B,16,0.5,0.03216352260045836,0.98495756396237
severe,Bank B,16,0.75,0.028157495571032157,0.9775587874851157
severe,Bank B,16,1.0,0.03255282349744718,0.9701683768523992
severe,Bank B,16,1.25,0.042448004359004546,0.9611154502930251
severe,Bank B,16,1.5,0.04724248121840823,0.9504002642394691
severe,Bank B,16,1.75,0.057597987794404115,0.9380264698004079
severe,Bank B,16,2.0,0.08219499619376872,0.9217776601956453
severe,Bank B,16,2.25,0.07322386551353302,0.904042784536688
severe,Bank B,16,2.5,0.0664679570597439,0.8883938855703897
severe,Bank B,16,2.75,0.0741954323679685,0.8729098499099087
severe,Bank B,16,3.0,0.05772410521504427,0.8586336473138798
severe,Bank B,16,3.25,0.06200743380794242,0.8458786429134195
severe,Bank B,16,3.5,0.0515337435794818,0.8339581773593888
severe,Bank B,16,3.75,0.028744073220532206,0.8256314825635128
severe,Bank B,16,4.0,0.024868794238514895,0.8201169225079511
severe,Bank B,16,4.25,0.02047435307960075,0.8154817354853137
severe,Bank B,16,4.5,0.018819879853578626,0.8114860902235264
severe,Bank B,16,4.75,0.012642267846309972,0.808300970594427
severe,Bank B,16,5.0,0.016833936217896146,0.805328244954909
severe,Bank B,17,0.0,0.025,1.0
severe,Bank B,17,0.25,0.03278902571963795,0.9928023994781716
severe,Bank B,17,0.5,0.041215816739754385,0.983660724536189
severe,Bank B,17,0.75,0.03827733759089822,0.973934839169953
severe,Bank B,17,1.0,0.039958089082944695,0.9644567339715275
severe,Bank B,17,1.25,0.027131706578288617,0.9564024032376444
severe,Bank B,17,1.5,0.043351299467255563,0.9480131491979961
severe,Bank B,17,1.75,0.03564977117978507,0.9386974649943431
severe,Bank B,17,2.0,0.04339207496848574,0.9294685842302268
severe,Bank B,17,2.25,0.04500789557314226,0.9192544965429178
severe,Bank B,17,2.5,0.04084883941850318,0.9094417228093857
severe,Bank B,17,2.75,0.04314836228199742,0.8999428574777266
severe,Bank B,17,3.0,0.04019241537232709,0.8906162798918178
severe,Bank B,17,3.25,0.03970546288620931,0.8817657557011718
severe,Bank B,17,3.5,0.028278842257318297,0.8743042257629327
severe,Bank B,17,3.75,0.017794367121032467,0.8692834471450701
severe,Bank B,17,4.0,0.02270421709607702,0.8648939733746744
severe,Bank B,17,4.25,0.02149437210747939,0.8601287622918657
severe,Bank B,17,4.5,0.019916580057142114,0.8556879220429217
severe,Bank B,17,4.75,0.02315963062488578,0.8510928301906359
severe,Bank B,17,5.0,0.04799380593287633,0.8435566216047853
severe,Bank B,18,0.0,0.025,1.0
severe,Bank B,18,0.25,0.03210389695894141,0.9928874278037755
severe,Bank B,18,0.5,0.02683870648946261,0.9855988898720005
severe,Bank B,18,0.75,0.0272086245286016,0.9789627081757316
severe,Bank B,18,1.0,0.023220654956425307,0.9728110694631542
severe,Bank B,18,1.25,0.01809390606397588,0.9678001119082343
severe,Bank B,18,1.5,0.025421694548750477,0.9625501030405572
severe,Bank B,18,1.75,0.02911322160797802,0.9560108433415929
severe,Bank B,18,2.0,0.02753531896022552,0.9492651774058798
severe,Bank B,18,2.25,0.035460390133495154,0.9418195768137057
severe,Bank B,18,2.5,0.0318287121987328,0.9339310249344996
severe,Bank B,18,2.75,0.03092471117407552,0.9266337617411889
severe,Bank B,18,3.0,0.026050875951231244,0.9200577686504118
severe,Bank B,18,3.25,0.016114613401659345,0.915221190134874
severe,Bank B,18,3.5,0.022341198141801653,0.9108323005294725
severe,Bank B,18,3.75,0.02153442993531509,0.9058505566806538
severe,Bank B,18,4.0,0.023608212816509936,0.9007533904196554
severe,Bank B,18,4.25,0.03415853596609514,0.894272617550114
severe,Bank B,18,4.5,0.024742998920642963,0.887712543364598
severe,Bank B,18,4.75,0.03710873710529656,0.8808756866496491
severe,Bank B,18,5.0,0.037360826060053004,0.8727139297912531
severe,Bank B,19,0.0,0.025,1.0
severe,Bank B,19,0.25,0.04122183730591986,0.9917564364034667
severe,Bank B,19,0.5,0.024575322137607332,0.9836330436590894
severe,Bank B,19,0.75,0.021490647094182046,0.9779853185694702
severe,Bank B,19,1.0,0.017057704878001942,0.9732841886806338
severe,Bank B,19,1.25,0.027659644569125993,0.9678590290813885
severe,Bank B,19,1.5,0.026124783221519194,0.9613738854843961
severe,Bank B,19,1.75,0.03439756871001787,0.9541282516379334
severe,Bank B,19,2.0,0.033197404776300524,0.946100430187612
severe,Bank B,19,2.25,0.03892857991529351,0.9376089630270487
severe,Bank B,19,2.5,0.0336421577160729,0.9291420524528115
severe,Bank B,19,2.75,0.03791658759287493,0.9208680823660549
severe,Bank B,19,3.0,0.04585443292820646,0.911275635703924
severe,Bank B,19,3.25,0.056193511980879136,0.8997252350046933
severe,Bank B,19,3.5,0.06155520631242697,0.8865795287980528
severe,Bank B,19,3.75,0.055522879176457825,0.8736991302289584
severe,Bank B,19,4.0,0.05475953980332256,0.8617375598935288
severe,Bank B,19,4.25,0.0663135290730734,0.8487940996031615
severe,Bank B,19,4.5,0.07189584384378592,0.8342561289005044
severe,Bank B,19,4.75,0.057880881212353553,0.8208319290476898
severe,Bank B,19,5.0,0.04809701121233525,0.8100298809264674
severe,Bank B,20,0.0,0.025,1.0
severe,Bank B,20,0.25,0.025143807509594947,0.9937516268445096
severe,Bank B,20,0.5,0.025074217253948698,0.9875331343139364
severe,Bank B,20,0.75,0.027234813533347613,0.9810970860688834
severe,Bank B,20,1.0,0.030524959356271166,0.9740391028387562
severe,Bank B,20,1.25,0.03599188171374598,0.9659739281491178
severe,Bank B,20,1.5,0.035368118434862296,0.9573957562167614
severe,Bank B,20,1.75,0.04313210619578352,0.9480472248503049
severe,Bank B,20,2.0,0.03738382279277477,0.9385534670299723
severe,Bank B,20,2.25,0.04016690118102558,0.9294992354637248
severe,Bank B,20,2.5,0.04350995843778753,0.9198277067053254
severe,Bank B,20,2.75,0.052253947503936304,0.9088825600279151
severe,Bank B,20,3.0,0.04344237010688456,0.8980752384343293
severe,Bank B,20,3.25,0.050283277777423016,0.8876150468971784
severe,Bank B,20,3.5,0.05994204541865476,0.8754692058180015
severe,Bank B,20,3.75,0.06704473861488774,0.8616822901836882
severe,Bank B,20,4.0,0.04918285288089722,0.8492538843710378
severe,Bank B,20,4.25,0.03948375025385424,0.8398932962732429
severe,Bank B,20,4.5,0.045951565032313596,0.8309714525292861
severe,Bank B,20,4.75,0.04965862304508646,0.8210993947569522
severe,Bank B,20,5.0,0.045677927509620984,0.811372370685991
severe,Bank B,21,0.0,0.025,1.0
severe,Bank B,21,0.25,0.03339257019076047,0.9927275022535548
severe,Bank B,21,0.5,0.037821712048045936,0.9839296714835508
severe,Bank B,21,0.75,0.03667473469575176,0.9748097917537663
severe,Bank B,21,1.0,0.04553074138938627,0.9648442429815138
severe,Bank B,21,1.25,0.0316978915445984,0.9555748561119373
severe,Bank B,21,1.5,0.027200673822122302,0.948565442034683
severe,Bank B,21,1.75,0.023644915606534193,0.9425557639896173
severe,Bank B,21,2.0,0.026164281836729468,0.9367055019232765
severe,Bank B,21,2.25,0.03138951910322331,0.9299908141223749
severe,Bank B,21,2.5,0.02613587588607913,0.9233275384411735
severe,Bank B,21,2.75,0.031545722669976954,0.916694105316972
severe,Bank B,21,3.0,0.03321607046253625,0.9093032168764467
severe,Bank B,21,3.25,0.029316261217917604,0.9022233167956898
severe,Bank B,21,3.5,0.03639453818347614,0.8948429420124365
severe,Bank B,21,3.75,0.03710482484418926,0.8866592946001426
severe,Bank B,21,4.0,0.02173590020881129,0.8801617594007204
severe,Bank B,21,4.25,0.026447206882557826,0.8748765753753396
severe,Bank B,21,4.5,0.02716996415466023,0.8690326298673785
severe,Bank B,21,4.75,0.023554738878100973,0.8635398841285147
severe,Bank B,21,5.0,0.015344702804322615,0.8593511736172758
severe,Bank B,22,0.0,0.025,1.0
severe,Bank B,22,0.25,0.03200553378221054,0.9928996358240184
severe,Bank B,22,0.5,0.03769311714416088,0.9842867388697738
severe,Bank B,22,0.75,0.01971945334188827,0.9772482213184158
severe,Bank B,22,1.0,0.016489127887524484,0.9728351194116344
severe,Bank B,22,1.25,0.020146625128574278,0.9683902363869078
severe,Bank B,22,1.5,0.02336555362380249,0.9631374382461091
severe,Bank B,22,1.75,0.016082874371919256,0.9583998462701815
severe,Bank B,22,2.0,0.016856253530588887,0.9544618520747018
severe,Bank B,22,2.25,0.028038271237520132,0.9491205892758253
severe,Bank B,22,2.5,0.03248369200656726,0.9419673512159176
severe,Bank B,22,2.75,0.03235874659223988,0.9343632769986806
severe,Bank B,22,3.0,0.04580216130644642,0.9252788917439289
severe,Bank B,22,3.25,0.03902869241903355,0.9155192035708691
severe,Bank B,22,3.5,0.043076034278407296,0.9061711985863645
severe,Bank B,22,3.75,0.03627829146673325,0.8972270561378939
severe,Bank B,22,4.0,0.03829230647079434,0.8889025692769434
severe,Bank B,22,4.25,0.034934150408884174,0.8808032951894632
severe,Bank B,22,4.5,0.036562324540770214,0.8729665746271723
severe,Bank B,22,4.75,0.03311188807952391,0.8653966792908047
severe,Bank B,22,5.0,0.03293479132301984,0.8582815183720304
severe,Bank B,23,0.0,0.025,1.0
severe,Bank B,23,0.25,0.02420807395141964,0.993867869485852
severe,Bank B,23,0.5,0.0334380201461374,0.9867320348336129
severe,Bank B,23,0.75,0.029449352815482065,0.9790058190222644
severe,Bank B,23,1.0,0.02156472583930856,0.9727827964876928
severe,Bank B,23,1.25,0.020512019535817713,0.9676797863759681
severe,Bank B,23,1.5,0.020242379387621075,0.9627626706355144
severe,Bank B,23,1.75,0.023739109013306205,0.9574842266404252
severe,Bank B,23,2.0,0.019178756981179344,0.9523613329397169
severe,Bank B,23,2.25,0.028125194971764984,0.9467466422730023
severe,Bank B,23,2.5,0.016376335951587988,0.9414948036220796
severe,Bank B,23,2.75,0.015271765129631038,0.9377775957914615
severe,Bank B,23,3.0,0.019807067425000432,0.9336745800211643
severe,Bank B,23,3.25,0.02406170255249175,0.9285686976910692
severe,Bank B,23,3.5,0.031701637996979545,0.9221186918593025
severe,Bank B,23,3.75,0.028795736818736428,0.9151717718507991
severe,Bank B,23,4.0,0.02075090413133346,0.9095213265502151
severe,Bank B,23,4.25,0.02669217530493501,0.904143477102144
severe,Bank B,23,4.5,0.026398831690455635,0.8981631070840217
severe,Bank B,23,4.75,0.03268300552724332,0.8915543997212888
severe,Bank B,23,5.0,0.02504157934370384,0.8851444772125661
severe,Bank B,24,0.0,0.025,1.0
severe,Bank B,24,0.25,0.031137781238140462,0.9930073405633533
severe,Bank B,24,0.5,0.03302838265442904,0.985074512816892
severe,Bank B,24,0.75,0.03866043448655298,0.9762865930196487
severe,Bank B,24,1.0,0.03642778461400562,0.9671660102973475
severe,Bank B,24,1.25,0.048851327246116315,0.9569108843619778
severe,Bank B,24,1.5,0.04628060515172939,0.9455991765024017
severe,Bank B,24,1.75,0.05028222040494036,0.9342540679371937
severe,Bank B,24,2.0,0.026525223375399594,0.9253272808890446
severe,Bank B,24,2.25,0.030563359743605786,0.9187475824910794
severe,Bank B,24,2.5,0.04306188205873998,0.9103309948633942
severe,Bank B,24,2.75,0.040486474336001894,0.9008733840137815
severe,Bank B,24,3.0,0.035066988631405824,0.8924054204696064
severe,Bank B,24,3.25,0.046783172365632966,0.8833215286683351
severe,Bank B,24,3.5,0.05010411827187054,0.8726882194605091
severe,Bank B,24,3.75,0.04450918734290631,0.8624280213532775
severe,Bank B,24,4.0,0.050020528921971286,0.8522973577532986
severe,Bank B,24,4.25,0.04778142046347103,0.841941246844531
severe,Bank B,24,4.5,0.05329967221958294,0.8313701285918921
severe,Bank B,24,4.75,0.04428510136042654,0.8212905959095651
severe,Bank B,24,5.0,0.03378473310662843,0.8133148232996876
severe,Bank B,25,0.0,0.025,1.0
severe,Bank B,25,0.25,0.03640290201436509,0.9923540176284773
severe,Bank B,25,0.5,0.03552640487358011,0.9834715920523538
severe,Bank B,25,0.75,0.03440756437353728,0.9749118013121968
severe,Bank B,25,1.0,0.03164000009124027,0.9668961166143181
severe,Bank B,25,1.25,0.03480084608127233,0.958899195698186
severe,Bank B,25,1.5,0.040256283293408746,0.9499447397437776
severe,Bank B,25,1.75,0.055616336335982154,0.93862847135915
severe,Bank B,25,2.0,0.04501632277105635,0.9268953372302678
severe,Bank B,25,2.25,0.04085578481645754,0.9169992376661259
severe,Bank B,25,2.5,0.041434336751114687,0.907615086996677
severe,Bank B,25,2.75,0.026050373957107957,0.8999910212512038
severe,Bank B,25,3.0,0.026848692677411596,0.8940595677598739
severe,Bank B,25,3.25,0.024903709600318843,0.8882945187593699
severe,Bank B,25,3.5,0.003553478460986824,0.8851403365108407
severe,Bank B,25,3.75,0.013201780274838135,0.8832884320894344
severe,Bank B,25,4.0,0.005296691689667954,0.8812483558545371
severe,Bank B,25,4.25,0.007109519690272121,0.8798827957947601
severe,Bank B,25,4.5,0.013277088796884912,0.8776434220747767
severe,Bank B,25,4.75,0.022907874480848925,0.8736826993653726
severe,Bank B,25,5.0,0.03146656419938845,0.8677645834923643
severe,Bank B,26,0.0,0.025,1.0
severe,Bank B,26,0.25,0.027407352550636595,0.9934704914231818
severe,Bank B,26,0.5,0.03014255597661595,0.9863493688915748
severe,Bank B,26,0.75,0.02747912399401825,0.9792705045395941
severe,Bank B,26,1.0,0.03282834605679911,0.9719160939082476
severe,Bank B,26,1.25,0.03911700493360479,0.9632146736608105
severe,Bank B,26,1.5,0.05078930101946253,0.9524503888778696
severe,Bank B,26,1.75,0.047357285185808694,0.9408368048693033
severe,Bank B,26,2.0,0.041723915378648835,0.9304185578747336
severe,Bank B,26,2.25,0.03162110603284487,0.9219273454803055
severe,Bank B,26,2.5,0.022629944494333185,0.9156965551655591
severe,Bank B,26,2.75,0.02420222641032723,0.9103517076590533
severe,Bank B,26,3.0,0.01824195315937046,0.905534606159723
severe,Bank B,26,3.25,0.015040048886711758,0.9017751810796657
severe,Bank B,26,3.5,0.016853212325094815,0.8981872687951055
severe,Bank B,26,3.75,0.016517380618464014,0.8944484419289694
severe,Bank B,26,4.0,0.012932779520011019,0.8911617889378811
severe,Bank B,26,4.25,0.018744448089831677,0.8876400740712919
severe,Bank B,26,4.5,0.018257875302051484,0.8835439610952552
severe,Bank B,26,4.75,0.018509533021749874,0.8794925754622109
severe,Bank B,26,5.0,0.020692131070596972,0.8751934208763291
severe,Bank B,27,0.0,0.025,1.0
severe,Bank B,27,0.25,0.030062136466539362,0.9931408649339564
severe,Bank B,27,0.5,0.014245147925835148,0.9876556468070063
severe,Bank B,27,0.75,0.02559162423929858,0.9827497450276697
severe,Bank B,27,1.0,0.030789366018779244,0.975848043417501
severe,Bank B,27,1.25,0.029180223117615874,0.9685602421694136
severe,Bank B,27,1.5,0.034590599725619404,0.9608701974675854
severe,Bank B,27,1.75,0.048994880055777186,0.9508831122195414
severe,Bank B,27,2.0,0.027365531180928087,0.9418500630746857
severe,Bank B,27,2.25,0.02842937417187136,0.9353041121373747
severe,Bank B,27,2.5,0.03337370568219368,0.9281063662726923
severe,Bank B,27,2.75,0.029984787530767543,0.9207849689715167
severe,Bank B,27,3.0,0.029687049855520262,0.913942403607074
severe,Bank B,27,3.25,0.028228518421475363,0.9073498588759941
severe,Bank B,27,3.5,0.019180258901216732,0.9019887164644191
severe,Bank B,27,3.75,0.025880327674576827,0.8969224802510365
severe,Bank B,27,4.0,0.030098921235606087,0.8906682565947085
severe,Bank B,27,4.25,0.03585569883690918,0.8833554816612708
severe,Bank B,27,4.5,0.020351564049277883,0.8771708591738203
severe,Bank B,27,4.75,0.025603261094909825,0.8721465245839578
severe,Bank B,27,5.0,0.038337648820948124,0.8652035773969335
severe,Bank B,28,0.0,0.025,1.0
severe,Bank B,28,0.25,0.030062477255884505,0.9931408226274792
severe,Bank B,28,0.5,0.03307255316941509,0.9853339216977259
severe,Bank B,28,0.75,0.034646232333975444,0.9770284216279778
severe,Bank B,28,1.0,0.03943077793314487,0.9680232601327822
severe,Bank B,28,1.25,0.029124178764599953,0.9597633526939874
severe,Bank B,28,1.5,0.03175756058290125,0.9524870670848671
severe,Bank B,28,1.75,0.026503855589717462,0.9455756089139737
severe,Bank B,28,2.0,0.029849723223463166,0.9389381927944939
severe,Bank B,28,2.25,0.025228111755695802,0.9324960590595103
severe,Bank B,28,2.5,0.03272508166246945,0.925765327147903
severe,Bank B,28,2.75,0.02706094009655217,0.918872636388228
severe,Bank B,28,3.0,0.021091482333843784,0.9133585050413233
severe,Bank B,28,3.25,0.02822518327846041,0.9077453497016773
severe,Bank B,28,3.5,0.02264198679049839,0.9019918559470206
severe,Bank B,28,3.75,0.025787466750008932,0.8965479787368998
severe,Bank B,28,4.0,0.04273988249988054,0.8889010200505489
severe,Bank B,28,4.25,0.031501355858788216,0.8806900395007111
severe,Bank B,28,4.5,0.0232030772691034,0.874688376563183
severe,Bank B,28,4.75,0.01760263407909744,0.8702382005722364
severe,Bank B,28,5.0,0.015673351879093297,0.8666259640582096
severe,Bank B,29,0.0,0.025,1.0
severe,Bank B,29,0.25,0.017753777510407315,0.9946700327614217
severe,Bank B,29,0.5,0.0287057176333429,0.9889102901755289
severe,Bank B,29,0.75,0.025907062737715116,0.9821823880830138
severe,Bank B,29,1.0,0.029887271911461254,0.9753561930843644
severe,Bank B,29,1.25,0.02278801110650902,0.9689551443371573
severe,Bank B,29,1.5,0.02252294868233242,0.9634826208497146
severe,Bank B,29,1.75,0.026168491404445472,0.9576362610890046
severe,Bank B,29,2.0,0.024046098803552456,0.9516441723524375
severe,Bank B,29,2.25,0.01945047610351854,0.9464840552745097
severe,Bank B,29,2.5,0.015768496207040655,0.942326439207794
severe,Bank B,29,2.75,0.017234276592471384,0.9384470235047787
severe,Bank B,29,3.0,0.011496117205295251,0.935082823976197
severe,Bank B,29,3.25,0.0239303681521708,0.9309511416680033
severe,Bank B,29,3.5,0.022414164041288116,0.9255736708355039
severe,Bank B,29,3.75,0.02216779892806738,0.9204300298579212
severe,Bank B,29,4.0,0.023751542241132833,0.9151619708636198
severe,Bank B,29,4.25,0.032582596685058376,0.9087402498314539
severe,Bank B,29,4.5,0.03657343302535959,0.9009184976579955
severe,Bank B,29,4.75,0.045108852239091654,0.8917666633698402
severe,Bank B,29,5.0,0.04886607003188431,0.8813524872257588
severe,Bank B,30,0.0,0.025,1.0
severe,Bank B,30,0.25,0.027077470604977824,0.993511458265148
severe,Bank B,30,0.5,0.03385135245399122,0.9859735140998451
severe,Bank B,30,0.75,0.0388308768423409,0.9770562392718198
severe,Bank B,30,1.0,0.04570541093994092,0.9667860093547282
severe,Bank B,30,1.25,0.05018753641040017,0.9552666911273509
severe,Bank B,30,1.5,0.043788132212787025,0.9441108646748274
severe,Bank B,30,1.75,0.02280272404254947,0.9362848373677244
severe,Bank B,30,2.0,0.02415660121106347,0.9308050230998338
severe,Bank B,30,2.25,0.026520233336903194,0.9249273775148283
severe,Bank B,30,2.5,0.03310106211445885,0.9180598290042846
severe,Bank B,30,2.75,0.044093368229485765,0.9092437935206892
severe,Bank B,30,3.0,0.03257017027392859,0.9005721788519997
severe,Bank B,30,3.25,0.02979686227756181,0.8935787225419866
severe,Bank B,30,3.5,0.03364504807490484,0.8865204537597962
severe,Bank B,30,3.75,0.04865918327437723,0.8774466614467737
severe,Bank B,30,4.0,0.04630725173644179,0.8670922430075642
severe,Bank B,30,4.25,0.04953561858338731,0.8567661455163211
severe,Bank B,30,4.5,0.049247944758826157,0.8462518922221285
severe,Bank B,30,4.75,0.03730274027138006,0.8371457796872475
severe,Bank B,30,5.0,0.04907617743559844,0.828155434745663
severe,Bank B,31,0.0,0.025,1.0
severe,Bank B,31,0.25,0.02865747874863029,0.9933152581162914
severe,Bank B,31,0.5,0.03075865306380234,0.9859652175500504
severe,Bank B,31,0.75,0.023485408782686124,0.9793024866460693
severe,Bank B,31,1.0,0.01835290171538588,0.9741943104416465
severe,Bank B,31,1.25,0.027252892499648518,0.9686564970567484
severe,Bank B,31,1.5,0.025959359937146653,0.9622348284427882
severe,Bank B,31,1.75,0.011761118973782193,0.9577085129335493
severe,Bank B,31,2.0,0.021490696102359704,0.9537360810172284
severe,Bank B,31,2.25,0.015910341252584594,0.9492876477716296
severe,Bank B,31,2.5,0.018383769268551994,0.9452269856011716
severe,Bank B,31,2.75,0.01833018345174382,0.9408990468234355
severe,Bank B,31,3.0,0.019363344076421863,0.9364762489186981
severe,Bank B,31,3.25,0.014439486407795878,0.9325276534131176
severe,Bank B,31,3.5,0.019346288354023192,0.9285976866577795
severe,Bank B,31,3.75,0.02993618995435311,0.922894820983681
severe,Bank B,31,4.0,0.022947382462952207,0.9168141940685021
severe,Bank B,31,4.25,0.029173380829624236,0.9108604776940831
severe,Bank B,31,4.5,0.03825673677063196,0.9032153139580644
severe,Bank B,31,4.75,0.05612476460182361,0.892622072529181
severe,Bank B,31,5.0,0.04514073085282069,0.8813943069713129
severe,Bank B,32,0.0,0.025,1.0
severe,Bank B,32,0.25,0.018896094035071396,0.9945280143991567
severe,Bank B,32,0.5,0.02213436734231932,0.9894403295198195
severe,Bank B,32,0.75,0.020064189762283705,0.9842349510247309
severe,Bank B,32,1.0,0.013570611856661825,0.9801055693752693
severe,Bank B,32,1.25,0.016185094188149327,0.9764668739153303
severe,Bank B,32,1.5,0.017796375434068548,0.9723279481356437
severe,Bank B,32,1.75,0.016103264447000748,0.9682164694796443
severe,Bank B,32,2.0,0.019944960699757472,0.9638634735457837
severe,Bank B,32,2.25,0.023643933405075406,0.9586260370220583
severe,Bank B,32,2.5,0.0212986759412756,0.9532557414031546
severe,Bank B,32,2.75,0.023743549600373864,0.9479037271929525
severe,Bank B,32,3.0,0.026444758222312802,0.9419756311990832
severe,Bank B,32,3.25,0.03506517957273724,0.9347607954384282
severe,Bank B,32,3.5,0.049617162701426167,0.9249182636788372
severe,Bank B,32,3.75,0.0395257379491851,0.9146692343762233
severe,Bank B,32,4.0,0.03970148950357269,0.9056556024278566
severe,Bank B,32,4.25,0.03679214009445548,0.8970372605807201
severe,Bank B,32,4.5,0.03693151925090718,0.8888086254560447
severe,Bank B,32,4.75,0.030617880461804737,0.8813354094215757
severe,Bank B,32,5.0,0.03331212858218009,0.8743205031047138
severe,Bank B,33,0.0,0.025,1.0
severe,Bank B,33,0.25,0.027953338904783232,0.9934026910703918
severe,Bank B,33,0.5,0.018200900353922824,0.9876879736381264
severe,Bank B,33,0.75,0.019451583029167576,0.9830502828582419
severe,Bank B,33,1.0,0.024896245685077992,0.977615841434631
severe,Bank B,33,1.25,0.032422290951658404,0.9706364356964198
severe,Bank B,33,1.5,0.029512504438996515,0.9631509277912291
severe,Bank B,33,1.75,0.030521167934047192,0.9559502932100488
severe,Bank B,33,2.0,0.0257590179708819,0.9492487610391882
severe,Bank B,33,2.25,0.02629893942543884,0.9430918211770596
severe,Bank B,33,2.5,0.024487718871636255,0.9371237246922544
severe,Bank B,33,2.75,0.02892118394344815,0.9308882185812151
severe,Bank B,33,3.0,0.04501123372629019,0.9223249961881265
severe,Bank B,33,3.25,0.05189351583171698,0.9112201797145637
severe,Bank B,33,3.5,0.038509500730664795,0.9009810102877643
severe,Bank B,33,3.75,0.030331046474433465,0.8932612691521935
severe,Bank B,33,4.0,0.04030397046110312,0.88540904468027
severe,Bank B,33,4.25,0.04806327045225137,0.8756827173239177
severe,Bank B,33,4.5,0.03943784574828556,0.8661570047932186
severe,Bank B,33,4.75,0.04119735760940113,0.8574705123746297
severe,Bank B,33,5.0,0.02418927350992087,0.8504906869243283
severe,Bank B,34,0.0,0.025,1.0
severe,Bank B,34,0.25,0.02555703829925309,0.9937002970740254
severe,Bank B,34,0.5,0.028638231083105464,0.9869913155125112
severe,Bank B,34,0.75,0.03578176512972915,0.9790754823068073
severe,Bank B,34,1.0,0.026475150721869387,0.9714857751061826
severe,Bank B,34,1.25,0.019809949601382396,0.9658813387877163
severe,Bank B,34,1.5,0.02106523635791148,0.9609588525506353
severe,Bank B,34,1.75,0.01229506692349383,0.9569599612643086
severe,Bank B,34,2.0,0.010613485223207753,0.9542235601740146
severe,Bank B,34,2.25,0.013261401524193465,0.9513800578740679
severe,Bank B,34,2.5,0.019824553770418037,0.9474535182950042
severe,Bank B,34,2.75,0.02920437803309544,0.941664695908169
severe,Bank B,34,3.0,0.040639535691549086,0.9334792857453401
severe,Bank B,34,3.25,0.030365875306741855,0.9252306858046663
severe,Bank B,34,3.5,0.036467604215291466,0.9175333348577378
severe,Bank B,34,3.75,0.03386063314255287,0.9095026229206827
severe,Bank B,34,4.0,0.02939428606447153,0.9023396641460041
severe,Bank B,34,4.25,0.026818228789163366,0.8960215397732025
severe,Bank B,34,4.5,0.028088535476499876,0.8898928899190892
severe,Bank B,34,4.75,0.027616446852049902,0.883717979733836
severe,Bank B,34,5.0,0.028680078683777054,0.8775210280083424
severe,Bank B,35,0.0,0.025,1.0
severe,Bank B,35,0.25,0.018077598285591807,0.9946297717236297
severe,Bank B,35,0.5,0.014941315106809131,0.9905330326201839
severe,Bank B,35,0.75,0.029768609033118107,0.9850126409139285
severe,Bank B,35,1.0,0.028601509759656696,0.9778518829665355
severe,Bank B,35,1.25,0.028694574630619814,0.9708735168606423
severe,Bank B,35,1.5,0.026156579795493542,0.9642395935957428
severe,Bank B,35,1.75,0.022045420694090545,0.9584472765283077
severe,Bank B,35,2.0,0.017062745945848824,0.9537733207257367
severe,Bank B,35,2.25,0.01843783784464158,0.949550259016856
severe,Bank B,35,2.5,0.015452080580158066,0.9455362445812917
severe,Bank B,35,2.75,0.016349844016202993,0.9417849715834109
severe,Bank B,35,3.0,0.024600354326514,0.9369765036420669
severe,Bank B,35,3.25,0.013261324631657372,0.9325525426150644
severe,Bank B,35,3.5,0.021226895999350515,0.9285409361710675
severe,Bank B,35,3.75,0.027309275352270873,0.9229245131301683
severe,Bank B,35,4.0,0.03247439594812556,0.9160532425029108
severe,Bank B,35,4.25,0.040757641559998586,0.9077059506892282
severe,Bank B,35,4.5,0.04808813821130658,0.8976809905649108
severe,Bank B,35,4.75,0.05926622277971255,0.8857152101581862
severe,Bank B,35,5.0,0.06946618565888846,0.8715767386826787
severe,Bank B,36,0.0,0.025,1.0
severe,Bank B,36,0.25,0.022091267111020763,0.9941308825691334
severe,Bank B,36,0.5,0.02348146089513963,0.9884838252888608
severe,Bank B,36,0.75,0.032910353360259346,0.9815405260824457
severe,Bank B,36,1.0,0.03829308294414218,0.9728431563698088
severe,Bank B,36,1.25,0.03745367792435457,0.9636754118037584
severe,Bank B,36,1.5,0.036282282843637874,0.9548340283447677
severe,Bank B,36,1.75,0.027106877558372836,0.9472981576323262
severe,Bank B,36,2.0,0.02963780659267841,0.9406026647121677
severe,Bank B,36,2.25,0.03900848651288445,0.9325660833409739
severe,Bank B,36,2.5,0.03155533437642872,0.92437657586142
severe,Bank B,36,2.75,0.040226679436608334,0.9161194742042641
severe,Bank B,36,3.0,0.024586734537930095,0.9087273550757253
severe,Bank B,36,3.25,0.023285806019889884,0.9033057071130354
severe,Bank B,36,3.5,0.02332177344315471,0.898058395669755
severe,Bank B,36,3.75,0.020644295539460428,0.8931364208789927
severe,Bank B,36,4.0,0.02008504618377418,0.8886008689920146
severe,Bank B,36,4.25,0.017607665105538014,0.8844239945757039
severe,Bank B,36,4.5,0.020533454307635562,0.8802174151232529
severe,Bank B,36,4.75,0.03532596521081083,0.8740927682257285
severe,Bank B,36,5.0,0.033652049735822614,0.8665885184782915
severe,Bank B,37,0.0,0.025,1.0
severe,Bank B,37,0.25,0.024897570279928304,0.9937822146461944
severe,Bank B,37,0.5,0.024365745487810387,0.9876813922155412
severe,Bank B,37,0.75,0.024341385524325885,0.981686270188231
severe,Bank B,37,1.0,0.022825908723840244,0.9759153636377579
severe,Bank B,37,1.25,0.033721844519996214,0.9690414586045775
severe,Bank B,37,1.5,0.02358265590029427,0.9621249552670993
severe,Bank B,37,1.75,0.027298120610832626,0.9560251653537536
severe,Bank B,37,2.0,0.021051458541829028,0.9502646634525227
severe,Bank B,37,2.25,0.014025561020095677,0.9461072279922582
severe,Bank B,37,2.5,0.009516889896362232,0.943327110300531
severe,Bank B,37,2.75,0.00214314352003646,0.9419532085739134
severe,Bank B,37,3.0,0.0076212147601676045,0.9408042138398567
severe,Bank B,37,3.25,0.0008571646218537062,0.9398076801139247
severe,Bank B,37,3.5,0.0062018906342126996,0.9389787765794473
severe,Bank B,37,3.75,0.010907280729268108,0.9369727788046188
severe,Bank B,37,4.0,0.008764852882637904,0.9346715775983663
severe,Bank B,37,4.25,0.009565786420883184,0.932532388383888
severe,Bank B,37,4.5,0.009547006530214949,0.9303071353099858
severe,Bank B,37,4.75,0.008035772429902617,0.9282647075137869
severe,Bank B,37,5.0,0.01311271708341634,0.9258140236533019
severe,Bank B,38,0.0,0.025,1.0
severe,Bank B,38,0.25,0.027739129382242732,0.9934292909660302
severe,Bank B,38,0.5,0.024780342886388595,0.9869288540201795
severe,Bank B,38,0.75,0.019068476405247024,0.9815341937469345
severe,Bank B,38,1.0,0.021213830890766616,0.9766043081092645
severe,Bank B,38,1.25,0.026978312450789174,0.9707389106258223
severe,Bank B,38,1.5,0.018578746671024386,0.9652266195150958
severe,Bank B,38,1.75,0.015120731564151694,0.9611692171043144
severe,Bank B,38,2.0,0.014551129478800892,0.9576108601944406
severe,Bank B,38,2.25,0.014766415359144667,0.95410793277539
severe,Bank B,38,2.5,0.025648933483005128,0.9493000119961804
severe,Bank B,38,2.75,0.02855550369580315,0.9428897190569274
severe,Bank B,38,3.0,0.03402382367612861,0.935542816234333
severe,Bank B,38,3.25,0.029676369950790954,0.9281231129022968
severe,Bank B,38,3.5,0.03101355650737636,0.9211087872907388
severe,Bank B,38,3.75,0.024302559932468316,0.9147617358520347
severe,Bank B,38,4.0,0.029078724680014524,0.9086781606686916
severe,Bank B,38,4.25,0.027241656866469094,0.9023034884066726
severe,Bank B,38,4.5,0.033592890346609984,0.8954681075305466
severe,Bank B,38,4.75,0.02106091714693074,0.8893713641871555
severe,Bank B,38,5.0,0.029096193103289335,0.8838127703871789
severe,Bank B,39,0.0,0.025,1.0
severe,Bank B,39,0.25,0.022901039615007928,0.9940302601800384
severe,Bank B,39,0.5,0.0197211212661824,0.9887483782913983
severe,Bank B,39,0.75,0.024202036915246417,0.9833346347578443
severe,Bank B,39,1.0,0.022851183094551152,0.9775679775050308
severe,Bank B,39,1.25,0.02244101714357624,0.972049089335184
severe,Bank B,39,1.5,0.01565363094292393,0.9674313589889331
severe,Bank B,39,1.75,0.01789939506346756,0.9633823248152447
severe,Bank B,39,2.0,0.014711725841981332,0.9594631960071152
severe,Bank B,39,2.25,0.01973016664379828,0.9553413590850447
severe,Bank B,39,2.5,0.026350164376912455,0.9498543711364379
severe,Bank B,39,2.75,0.02543451095570266,0.9437257405796331
severe,Bank B,39,3.0,0.030965984077856033,0.9370958138691265
severe,Bank B,39,3.25,0.03512767113633379,0.9293856961374711
severe,Bank B,39,3.5,0.0327035438798105,0.9215388393885426
severe,Bank B,39,3.75,0.024796966106691482,0.9149389671481362
severe,Bank B,39,4.0,0.041038409321839636,0.9074404449189478
severe,Bank B,39,4.25,0.039466801239240706,0.8983545275635137
severe,Bank B,39,4.5,0.054776153534805624,0.8878336708841341
severe,Bank B,39,4.75,0.05408623649978328,0.8758340384212151
severe,Bank B,39,5.0,0.04306091614087355,0.8652627560725635
severe,Bank B,40,0.0,0.025,1.0
severe,Bank B,40,0.25,0.028229550450601555,0.9933683930008753
severe,Bank B,40,0.5,0.030388062373462657,0.9861163834327593
severe,Bank B,40,0.75,0.03206592596693983,0.9784479923401117
severe,Bank B,40,1.0,0.03860019692389689,0.9698431619071712
severe,Bank B,40,1.25,0.028331456935426005,0.9617628599376749
severe,Bank B,40,1.5,0.021439916026258513,0.9557979021859053
severe,Bank B,40,1.75,0.02449725883676903,0.950325297551853
severe,Bank B,40,2.0,0.026532353990954487,0.9442827483498599
severe,Bank B,40,2.25,0.029497273201532025,0.9376923774960835
severe,Bank B,40,2.5,0.018831698847148172,0.9320447401160543
severe,Bank B,40,2.75,0.026709421610849785,0.9267540182685343
severe,Bank B,40,3.0,0.026488174110963283,0.9206118270648304
severe,Bank B,40,3.25,0.028862087866897437,0.9142642977480947
severe,Bank B,40,3.5,0.026550122498231608,0.907953503221633
severe,Bank B,40,3.75,0.025052149228544013,0.902115792982823
severe,Bank B,40,4.0,0.02300330232416844,0.8967130883435099
severe,Bank B,40,4.25,0.03160835773873089,0.890612560736062
severe,Bank B,40,4.5,0.03565879824676051,0.8831553345662237
severe,Bank B,40,4.75,0.04592512297844458,0.8741946930854224
severe,Bank B,40,5.0,0.05691840227064988,0.863028462274699
severe,Bank B,41,0.0,0.025,1.0
severe,Bank B,41,0.25,0.020243676101369297,0.994360502493476
severe,Bank B,41,0.5,0.02184928251641893,0.9891422957069708
severe,Bank B,41,0.75,0.030856602585506078,0.9826470129042968
severe,Bank B,41,1.0,0.042101239992088806,0.9737262763282861
severe,Bank B,41,1.25,0.03392497397824336,0.9645165168086954
severe,Bank B,41,1.5,0.019886273631925966,0.9580505578813303
severe,Bank B,41,1.75,0.008410095496521743,0.9546678747324712
severe,Bank B,41,2.0,0.013016929951218939,0.9521143343267001
severe,Bank B,41,2.25,0.014066049629510637,0.9488965225112544
severe,Bank B,41,2.5,0.022449214697314885,0.944575241142078
severe,Bank B,41,2.75,0.028095175374246696,0.938626181725187
severe,Bank B,41,3.0,0.02204079727606645,0.9327622085953885
severe,Bank B,41,3.25,0.01806721591731242,0.9280975067402117
severe,Bank B,41,3.5,0.025076061207567835,0.9231058326702233
severe,Bank B,41,3.75,0.025701004809367305,0.917265311834101
severe,Bank B,41,4.0,0.011376931738385505,0.9130238603147803
severe,Bank B,41,4.25,0.01828283224659866,0.9096451184516315
severe,Bank B,41,4.5,0.0197085975871787,0.9053355197031598
severe,Bank B,41,4.75,0.026628578325205578,0.9001068405557802
severe,Bank B,41,5.0,0.03090479336845283,0.8936567890036772
severe,Bank B,42,0.0,0.025,1.0
severe,Bank B,42,0.25,0.03668019895868978,0.9923196211325114
severe,Bank B,42,0.5,0.035828106528420944,0.9833663298932462
severe,Bank B,42,0.75,0.03646352948878614,0.974520213753132
severe,Bank B,42,1.0,0.04083272863820185,0.9651497099575119
severe,Bank B,42,1.25,0.03813856194763793,0.9556691902224138
severe,Bank B,42,1.5,0.03749932185577502,0.9466761711270958
severe,Bank B,42,1.75,0.03674949892651912,0.9379306194149112
severe,Bank B,42,2.0,0.04523284655827101,0.928367982056375
severe,Bank B,42,2.25,0.04584197850758287,0.9178590453337454
severe,Bank B,42,2.5,0.05476285268417957,0.906388688044814
severe,Bank B,42,2.75,0.05447479601122369,0.8940963321553501
severe,Bank B,42,3.0,0.05530567231503278,0.8819108421649138
severe,Bank B,42,3.25,0.0629953807543853,0.8689654214550705
severe,Bank B,42,3.5,0.06309267469260227,0.8553770161890168
severe,Bank B,42,3.75,0.05505285984628278,0.8428374654877777
severe,Bank B,42,4.0,0.04475071125073388,0.8323880082222582
severe,Bank B,42,4.25,0.0344436400269369,0.824188605788196
severe,Bank B,42,4.5,0.030238841122627435,0.817551652362928
severe,Bank B,42,4.75,0.030343631444497428,0.8113838729773319
severe,Bank B,42,5.0,0.03407413477299752,0.8048766647951655
severe,Bank B,43,0.0,0.025,1.0
severe,Bank B,43,0.25,0.019125527874145773,0.9944994925106003
severe,Bank B,43,0.5,0.02475641483370871,0.9890593551688105
severe,Bank B,43,0.75,0.03137350990468786,0.982144164461934
severe,Bank B,43,1.0,0.020378633251923857,0.975811162523783
severe,Bank B,43,1.25,0.028345056599153394,0.9698860840150094
severe,Bank B,43,1.5,0.03401967951618049,0.9623546419695282
severe,Bank B,43,1.75,0.021288314758269068,0.9557243495108021
severe,Bank B,43,2.0,0.020138554875935827,0.9507880579814426
severe,Bank B,43,2.25,0.024013947920227728,0.9455550528580818
severe,Bank B,43,2.5,0.02838051720356849,0.9393825563073686
severe,Bank B,43,2.75,0.028404862771711635,0.9327382659388546
severe,Bank B,43,3.0,0.02672759912275717,0.9263323450658995
severe,Bank B,43,3.25,0.022944237929389027,0.9205985852227817
severe,Bank B,43,3.5,0.02300201988593306,0.9153264818108745
severe,Bank B,43,3.75,0.022447541806294786,0.9101410769809641
severe,Bank B,43,4.0,0.025070265557680257,0.9047511117394821
severe,Bank B,43,4.25,0.020820411091048645,0.8995760138870881
severe,Bank B,43,4.5,0.02427911100505171,0.8945189756162621
severe,Bank B,43,4.75,0.022676141381605005,0.8892840580414576
severe,Bank B,43,5.0,0.02901344958706446,0.8835567394865516
severe,Bank B,44,0.0,0.025,1.0
severe,Bank B,44,0.25,0.02261069284000732,0.9940663375197551
severe,Bank B,44,0.5,0.022018177504865812,0.9885362696925429
severe,Bank B,44,0.75,0.016434066073581097,0.9837962406865015
severe,Bank B,44,1.0,0.0187625697760276,0.9794774583117558
severe,Bank B,44,1.25,0.01824271884079877,0.9749571902309169
severe,Bank B,44,1.5,0.016733834422864288,0.9707039145519946
severe,Bank B,44,1.75,0.0192512722334229,0.9663473596038972
severe,Bank B,44,2.0,0.024824025236074087,0.9610379928619988
severe,Bank B,44,2.25,0.029848853881035878,0.9544925452402634
severe,Bank B,44,2.5,0.032520409495456606,0.94708010245345
severe,Bank B,44,2.75,0.03879525830757292,0.9386749157129327
severe,Bank B,44,3.0,0.029278173368139107,0.9307214495935654
severe,Bank B,44,3.25,0.020085826309319016,0.9249961151802867
severe,Bank B,44,3.5,0.025687682965520868,0.9197186876941823
severe,Bank B,44,3.75,0.02602897821868394,0.9137922667827001
severe,Bank B,44,4.0,0.013651487131273387,0.9092710260631507
severe,Bank B,44,4.25,0.015192182437545566,0.9059985897969706
severe,Bank B,44,4.5,0.022745538064912137,0.901712320874757
severe,Bank B,44,4.75,0.016076502117549005,0.8973471320429192
severe,Bank B,44,5.0,0.023039420427981707,0.8929702709585268
severe,Bank B,45,0.0,0.025,1.0
severe,Bank B,45,0.25,0.0187150357911631,0.9945505230908429
severe,Bank B,45,0.5,0.028669335677536587,0.9886771654181211
severe,Bank B,45,0.75,0.03337959620488649,0.9810385315172292
severe,Bank B,45,1.0,0.043992213807865284,0.9715961750221124
severe,Bank B,45,1.25,0.037834816400590776,0.9617089725521234
severe,Bank B,45,1.5,0.040933766456343265,0.952286379831016
severe,Bank B,45,1.75,0.03284710094064613,0.9435441903020522
severe,Bank B,45,2.0,0.013029414825313036,0.9381488600319539
severe,Bank B,45,2.25,0.015873676135308552,0.9347655502395377
severe,Bank B,45,2.5,0.014286719536800085,0.9312480725811623
severe,Bank B,45,2.75,0.018556609697888592,0.9274327488049867
severe,Bank B,45,3.0,0.01723491176560033,0.9232927381487377
severe,Bank B,45,3.25,0.018164052572856665,0.9192163127882134
severe,Bank B,45,3.5,0.0163770206076857,0.915256028728251
severe,Bank B,45,3.75,0.016429850380167303,0.9115103783623321
severe,Bank B,45,4.0,0.020527693658103467,0.9073091918113392
severe,Bank B,45,4.25,0.02804463085788167,0.9018171167982904
severe,Bank B,45,4.5,0.0275894868711178,0.895567398128839
severe,Bank B,45,4.75,0.0361676666817462,0.8884584102931004
severe,Bank B,45,5.0,0.03978064913956658,0.8800637060778903
severe,Bank B,46,0.0,0.025,1.0
severe,Bank B,46,0.25,0.029330428088703116,0.9932317052745884
severe,Bank B,46,0.5,0.045186691236054476,0.9840230637574388
severe,Bank B,46,0.75,0.02168259622347609,0.975832228514244
severe,Bank B,46,1.0,0.017480286407340874,0.971066851769966
severe,Bank B,46,1.25,0.028056261305982787,0.9655551740711746
severe,Bank B,46,1.5,0.027670156835234404,0.958852678879929
severe,Bank B,46,1.75,0.026292155512170394,0.9524067048302752
severe,Bank B,46,2.0,0.031656366291232585,0.9455328105491332
severe,Bank B,46,2.25,0.03697502724386364,0.9374558515930175
severe,Bank B,46,2.5,0.027641124474468627,0.9299144997207548
severe,Bank B,46,2.75,0.01882104697505136,0.9245294216437746
severe,Bank B,46,3.0,0.022918820000018592,0.9197182667340547
severe,Bank B,46,3.25,0.023718363599449517,0.9143722309195543
severe,Bank B,46,3.5,0.019403937002015186,0.9094567614428163
severe,Bank B,46,3.75,0.019907425887914772,0.9049987255323452
severe,Bank B,46,4.0,0.032882338606767564,0.8990465517973454
severe,Bank B,46,4.25,0.037272174915967037,0.8911969980176279
severe,Bank B,46,4.5,0.026663164649040248,0.8841030102222418
severe,Bank B,46,4.75,0.030384156038150402,0.8778209716909156
severe,Bank B,46,5.0,0.03550620182917731,0.8706206720435066
severe,Bank B,47,0.0,0.025,1.0
severe,Bank B,47,0.25,0.019584850731231937,0.9944423946062304
severe,Bank B,47,0.5,0.007363019517059036,0.9910982670106704
severe,Bank B,47,0.75,0.009932245636300272,0.9889579180481126
severe,Bank B,47,1.0,0.012934442609456937,0.9861351800867342
severe,Bank B,47,1.25,0.017341449142615973,0.9824102178215733
severe,Bank B,47,1.5,0.027979414625144673,0.9768604926045886
severe,Bank B,47,1.75,0.031556888459981815,0.9696176440145292
severe,Bank B,47,2.0,0.03306070322934645,0.9618173938817581
severe,Bank B,47,2.25,0.046181754913061174,0.9523373260635396
severe,Bank B,47,2.5,0.043053897659516484,0.9417735468569035
severe,Bank B,47,2.75,0.04934175758757447,0.9309591443112463
severe,Bank B,47,3.0,0.056270141064859204,0.918749866592145
severe,Bank B,47,3.25,0.05382192886397329,0.9061930805977279
severe,Bank B,47,3.5,0.04306357062418586,0.8952846470831471
severe,Bank B,47,3.75,0.03718947309606366,0.8863483799480206
severe,Bank B,47,4.0,0.031309226310991686,0.8787915642131867
severe,Bank B,47,4.25,0.03358482319822155,0.8716918557859051
severe,Bank B,47,4.5,0.04618074758580243,0.8630436668620651
severe,Bank B,47,4.75,0.0433052867545356,0.8534436641930415
severe,Bank B,47,5.0,0.045538568298733234,0.8440181951028496
severe,Bank B,48,0.0,0.025,1.0
severe,Bank B,48,0.25,0.031028295677952292,0.9930209306519671
severe,Bank B,48,0.5,0.03828876012479523,0.9844539382599449
severe,Bank B,48,0.75,0.029705381561222717,0.9761222574376223
severe,Bank B,48,1.0,0.030463842439774947,0.9688082320228288
severe,Bank B,48,1.25,0.02562775140857266,0.962039240241013
severe,Bank B,48,1.5,0.03737325834343791,0.9544928133296061
severe,Bank B,48,1.75,0.044217031511009294,0.944807617736911
severe,Bank B,48,2.0,0.04220280652137045,0.9346562810952288
severe,Bank B,48,2.25,0.05403114193201673,0.9234804263518626
severe,Bank B,48,2.5,0.06029891730289462,0.9103765880605894
severe,Bank B,48,2.75,0.03549276209365188,0.8995407785191731
severe,Bank B,48,3.0,0.04496612724208111,0.8905391143955734
severe,Bank B,48,3.25,0.04795061755869923,0.8802556993840789
severe,Bank B,48,3.5,0.05244253288128328,0.8692782667785804
severe,Bank B,48,3.75,0.042285484163771286,0.8590458416101653
severe,Bank B,48,4.0,0.0421400412128457,0.8500278351129565
severe,Bank B,48,4.25,0.03778907175835116,0.8415773739176527
severe,Bank B,48,4.5,0.034664806333144706,0.8339898418570583
severe,Bank B,48,4.75,0.051943723823539054,0.8250097100206977
severe,Bank B,48,5.0,0.05018202793110886,0.8145448060433449
severe,Bank B,49,0.0,0.025,1.0
severe,Bank B,49,0.25,0.028047050159943528,0.9933910545119142
severe,Bank B,49,0.5,0.028546097845516764,0.9863884615166997
severe,Bank B,49,0.75,0.03268412423487241,0.9788676813512616
severe,Bank B,49,1.0,0.030083549827684568,0.9712175758570085
severe,Bank B,49,1.25,0.02760426777222452,0.9642393382553484
severe,Bank B,49,1.5,0.027027894095830472,0.9576769611109103
severe,Bank B,49,1.75,0.023807507164202216,0.951610768531909
severe,Bank B,49,2.0,0.022307655770110724,0.9461410876739483
severe,Bank B,49,2.25,0.030951865458660677,0.9398631307544995
severe,Bank B,49,2.5,0.028129986018865266,0.9329475918765417
severe,Bank B,49,2.75,0.018894773386359642,0.9274797234394957
severe,Bank B,49,3.0,0.02457015687100108,0.9224542825172001
severe,Bank B,49,3.25,0.03179463540506072,0.9159778813687007
severe,Bank B,49,3.5,0.026181108903251187,0.9093638138531002
severe,Bank B,49,3.75,0.018348915250403344,0.9043161261648751
severe,Bank B,49,4.0,0.022812855380438025,0.8996751691584421
severe,Bank B,49,4.25,0.029301104919777308,0.8938335123021924
severe,Bank B,49,4.5,0.024062896104950552,0.8878910374180949
severe,Bank B,49,4.75,0.02261697211012351,0.8827252935129003
severe,Bank B,49,5.0,0.025471138290491108,0.8774351351282286
severe,Fund C,0,0.0,0.02,1.0
severe,Fund C,0,0.25,0.021911640419948013,0.9947747443385886
severe,Fund C,0,0.5,0.01848349633546971,0.9897643968587313
severe,Fund C,0,0.75,0.014767931483851283,0.985659049635046
severe,Fund C,0,1.0,0.022198212148874692,0.9811150543438342
severe,Fund C,0,1.25,0.02253677741775455,0.9756440935955888
severe,Fund C,0,1.5,0.023475461991111803,0.9700487537009918
severe,Fund C,0,1.75,0.01807391468811552,0.9650236991063625
severe,Fund C,0,2.0,0.023185052342116687,0.9600595260273781
severe,Fund C,0,2.25,0.015992995681462698,0.955369362589603
severe,Fund C,0,2.5,0.016004546642917634,0.9515558102406159
severe,Fund C,0,2.75,0.01420498371045507,0.9479693293548361
severe,Fund C,0,3.0,0.0153995316530641,0.9444677906136886
severe,Fund C,0,3.25,0.01646854085061865,0.9407129782398853
severe,Fund C,0,3.5,0.020402411166954997,0.9363873311818274
severe,Fund C,0,3.75,0.025886033905560542,0.9309849861947328
severe,Fund C,0,4.0,0.017665898117313276,0.9259304826611154
severe,Fund C,0,4.25,0.024608368754389223,0.9210505085585564
severe,Fund C,0,4.5,0.025828449841013304,0.9152619179360659
severe,Fund C,0,4.75,0.02981131103914917,0.9089183837697989
severe,Fund C,0,5.0,0.03477410387015211,0.901610065270883
severe,Fund C,1,0.0,0.02,1.0
severe,Fund C,1,0.25,0.02026898109307647,0.9949790248120629
severe,Fund C,1,0.5,0.01968272029001943,0.9900225232947476
severe,Fund C,1,0.75,0.025355351555732295,0.9844645946818704
severe,Fund C,1,1.0,0.02049782972445778,0.9788381303502207
severe,Fund C,1,1.25,0.011708605536422983,0.9749054409213946
severe,Fund C,1,1.5,0.015229560692266945,0.9716281911086538
severe,Fund C,1,1.75,0.019005888995890827,0.967479059396094
severe,Fund C,1,2.0,0.013404840775606122,0.9635674006842662
severe,Fund C,1,2.25,0.013437645060960334,0.9603397505587371
severe,Fund C,1,2.5,0.015567639373649618,0.9568641890168852
severe,Fund C,1,2.75,0.011294222410181525,0.9536566828058087
severe,Fund C,1,3.0,0.01568589910417016,0.9504458784441832
severe,Fund C,1,3.25,0.016108306832097092,0.9466760405949308
severe,Fund C,1,3.5,0.01720793511855939,0.9427417774577674
severe,Fund C,1,3.75,0.021279448730971543,0.9382172117705341
severe,Fund C,1,4.0,0.0214320873273696,0.9332214723348791
severe,Fund C,1,4.25,0.023684023212206636,0.9279733692311587
severe,Fund C,1,4.5,0.021472390436557198,0.9227501308543096
severe,Fund C,1,4.75,0.016720636265820675,0.918355302390797
severe,Fund C,1,5.0,0.02122532888335426,0.9140096320419292
severe,Fund C,2,0.0,0.02,1.0
severe,Fund C,2,0.25,0.019935757327007957,0.9950204695074302
severe,Fund C,2,0.5,0.01672119632440571,0.9904715968007495
severe,Fund C,2,0.75,0.022198234915848106,0.985664724925388
severe,Fund C,2,1.0,0.018370595046556512,0.9806789691740488
severe,Fund C,2,1.25,0.01951816138189668,0.9760453621111521
severe,Fund C,2,1.5,0.024132846347449177,0.9707341946955751
severe,Fund C,2,1.75,0.030427251722332002,0.9641363000227968
severe,Fund C,2,2.0,0.03431681147276959,0.9563650262367644
severe,Fund C,2,2.25,0.04077249007895292,0.9474304249113167
severe,Fund C,2,2.5,0.0370494189255762,0.9382587515179671
severe,Fund C,2,2.75,0.041479421952577616,0.9290937608404567
severe,Fund C,2,3.0,0.0348478256389908,0.920271517669846
severe,Fund C,2,3.25,0.030310517730228418,0.9128065383499387
severe,Fund C,2,3.5,0.02282480078457854,0.9067638448225172
severe,Fund C,2,3.75,0.026031352507264995,0.901243095466632
severe,Fund C,2,4.0,0.026409980959754793,0.8953546178156071
severe,Fund C,2,4.25,0.024017784122292333,0.889728526852446
severe,Fund C,2,4.5,0.02376146679116548,0.8844305431401854
severe,Fund C,2,4.75,0.022403451460121463,0.8793415326563638
severe,Fund C,2,5.0,0.01874291033687174,0.874830430460357
severe,Fund C,3,0.0,0.02,1.0
severe,Fund C,3,0.25,0.0239272173932522,0.9945241452752314
severe,Fund C,3,0.5,0.018230080430927924,0.98929712336788
severe,Fund C,3,0.75,0.013445439579257002,0.9853878052270358
severe,Fund C,3,1.0,0.013333741566712654,0.9820948349254786
severe,Fund C,3,1.25,0.012876030569710255,0.9788825396642341
severe,Fund C,3,1.5,0.0156065825398102,0.9754035948469757
severe,Fund C,3,1.75,0.015235399664706155,0.9716504116817974
severe,Fund C,3,2.0,0.014286317890552243,0.9680714207387302
severe,Fund C,3,2.25,0.024211009948558217,0.9634240912104334
severe,Fund C,3,2.5,0.018172200850050495,0.9583334621493153
severe,Fund C,3,2.75,0.012919734957787005,0.9546161351981712
severe,Fund C,3,3.0,0.010914520179548587,0.9517762970723193
severe,Fund C,3,3.25,0.01013993332116343,0.9492746991535852
severe,Fund C,3,3.5,0.0038865527144967237,0.9476117838442697
severe,Fund C,3,3.75,0.007640298406146194,0.9462473945307797
severe,Fund C,3,4.0,0.009968791451861284,0.9441668657097037
severe,Fund C,3,4.25,0.0077569381366144555,0.9420771758259968
severe,Fund C,3,4.5,0.011330437184249004,0.9398321325604497
severe,Fund C,3,4.75,0.014489754945791947,0.9368036915932556
severe,Fund C,3,5.0,0.01059176797938767,0.9338712329948721
severe,Fund C,4,0.0,0.02,1.0
severe,Fund C,4,0.25,0.022519414995477546,0.994699172359547
severe,Fund C,4,0.5,0.025466258179309826,0.9887506168605441
severe,Fund C,4,0.75,0.02909408314157402,0.982030238151878
severe,Fund C,4,1.0,0.01176643532091922,0.9770272425057165
severe,Fund C,4,1.25,0.014421808776407748,0.973834143221562
severe,Fund C,4,1.5,0.012782381238927418,0.970528221205963
severe,Fund C,4,1.75,0.015666289538542797,0.9670830707278165
severe,Fund C,4,2.0,0.017958907691217104,0.9630268063686899
severe,Fund C,4,2.25,0.022691860091363057,0.9581457456659431
severe,Fund C,4,2.5,0.031861305768807933,0.9516342368893778
severe,Fund C,4,2.75,0.038306592398342124,0.9433239630400125
severe,Fund C,4,3.0,0.03791315048515605,0.9343791526587858
severe,Fund C,4,3.25,0.04394420296619837,0.9248671741655029
severe,Fund C,4,3.5,0.047477602983687424,0.9143582069136981
severe,Fund C,4,3.75,0.021691123438680487,0.9064866609174774
severe,Fund C,4,4.0,0.030019896573474383,0.9006461387300982
severe,Fund C,4,4.25,0.031212533897258584,0.8937788595102006
severe,Fund C,4,4.5,0.025848259733180983,0.8874265742114881
severe,Fund C,4,4.75,0.02495682197217975,0.8818087091470096
severe,Fund C,4,5.0,0.02780557588833152,0.8760120527584522
severe,Fund C,5,0.0,0.02,1.0
severe,Fund C,5,0.25,0.022133958060705963,0.9947471002259204
severe,Fund C,5,0.5,0.025842121570663755,0.9887994438666049
severe,Fund C,5,0.75,0.015200983399119825,0.9837395097569342
severe,Fund C,5,1.0,0.01803179081107869,0.9796614368499608
severe,Fund C,5,1.25,0.025247793690418564,0.9743758296791082
severe,Fund C,5,1.5,0.014481511313391161,0.9695489159044197
severe,Fund C,5,1.75,0.017483240457827606,0.9656827211169199
severe,Fund C,5,2.0,0.022914064952448417,0.9608186399616722
severe,Fund C,5,2.25,0.01654806372491818,0.9560908165709052
severe,Fund C,5,2.5,0.01583026582368643,0.9522290587294711
severe,Fund C,5,2.75,0.01331793738154799,0.9487659008497972
severe,Fund C,5,3.0,0.013747188270373401,0.945561515808791
severe,Fund C,5,3.25,0.017842959779062483,0.941835074543592
severe,Fund C,5,3.5,0.029004440958264148,0.9363358760598866
severe,Fund C,5,3.75,0.02237415446522181,0.9303416921901807
severe,Fund C,5,4.0,0.02278874055825977,0.925104373855756
severe,Fund C,5,4.25,0.017093097951588154,0.9205039924572324
severe,Fund C,5,4.5,0.01508162365569114,0.9168093071923216
severe,Fund C,5,4.75,0.01735251736343312,0.9130998415619571
severe,Fund C,5,5.0,0.014916030120265149,0.9094242088041875
severe,Fund C,6,0.0,0.02,1.0
severe,Fund C,6,0.25,0.028365837234122712,0.9939725089954355
severe,Fund C,6,0.5,0.027152512372109115,0.9870984247902853
severe,Fund C,6,0.75,0.028155824277944164,0.9802976142253791
severe,Fund C,6,1.0,0.027700711968977696,0.9734769494504945
severe,Fund C,6,1.25,0.028582576127712207,0.9666521746985118
severe,Fund C,6,1.5,0.03173063871856892,0.9593918399339254
severe,Fund C,6,1.75,0.03458682020745306,0.9514716595617716
severe,Fund C,6,2.0,0.04028834438489346,0.9426080038557596
severe,Fund C,6,2.25,0.02741794043806244,0.9346641062611897
severe,Fund C,6,2.5,0.020926841415252577,0.9290328719078059
severe,Fund C,6,2.75,0.01748413028728912,0.924582931445946
severe,Fund C,6,3.0,0.016199975325144302,0.9206981470144844
severe,Fund C,6,3.25,0.0256180390875375,0.915897982730521
severe,Fund C,6,3.5,0.026020193986820036,0.9100051026223818
severe,Fund C,6,3.75,0.024765333335167988,0.9042465141456311
severe,Fund C,6,4.0,0.028941549625568816,0.8981963127470535
severe,Fund C,6,4.25,0.03400850742235072,0.8911563582766331
severe,Fund C,6,4.5,0.027666092528264623,0.8843125587238251
severe,Fund C,6,4.75,0.037633342618863,0.8771237986873671
severe,Fund C,6,5.0,0.023955191920718197,0.8703971285985199
severe,Fund C,7,0.0,0.02,1.0
severe,Fund C,7,0.25,0.02586460865571619,0.9942833266377329
severe,Fund C,7,0.5,0.02140504905671739,0.9884257200560687
severe,Fund C,7,0.75,0.024079369292965586,0.9828219193825934
severe,Fund C,7,1.0,0.014250458411115031,0.9781242577998921
severe,Fund C,7,1.25,0.02070042312363181,0.9738602907873553
severe,Fund C,7,1.5,0.023552002894823502,0.9684882024229492
severe,Fund C,7,1.75,0.038861551209897066,0.9609617512812303
severe,Fund C,7,2.0,0.04517873619387806,0.9509196522168719
severe,Fund C,7,2.25,0.023852648587094183,0.9427495399952407
severe,Fund C,7,2.5,0.021995657267624997,0.9373620590141029
severe,Fund C,7,2.75,0.022293149354915148,0.9321870660018828
severe,Fund C,7,3.0,0.03321854313756395,0.9257410459894562
severe,Fund C,7,3.25,0.04550223124690571,0.9166763364393429
severe,Fund C,7,3.5,0.04942004089196734,0.9058639840227474
severe,Fund C,7,3.75,0.03827650599520396,0.8959880702216556
severe,Fund C,7,4.0,0.03361595246751869,0.8879722931464071
severe,Fund C,7,4.25,0.03934498457386686,0.8799106990436787
severe,Fund C,7,4.5,0.01672483253323466,0.8737652062456949
severe,Fund C,7,4.75,0.009947915287785726,0.8708568424431229
severe,Fund C,7,5.0,0.014367317588480671,0.8682139749830577
severe,Fund C,8,0.0,0.02,1.0
severe,Fund C,8,0.25,0.023209010942861076,0.994613433490158
severe,Fund C,8,0.5,0.023499233423010777,0.9888232720428867
severe,Fund C,8,0.75,0.019219879769819877,0.9835571381810452
severe,Fund C,8,1.0,0.01901428208676127,0.9788676678780838
severe,Fund C,8,1.25,0.02131076665610157,0.9739459717237681
severe,Fund C,8,1.5,0.02469875541748019,0.9683606995147189
severe,Fund C,8,1.75,0.015550225791822683,0.9635009932049562
severe,Fund C,8,2.0,0.013896585701215023,0.9599610082660865
severe,Fund C,8,2.25,0.010152194211573286,0.9570796049489895
severe,Fund C,8,2.5,0.016341200736289044,0.9539153113995528
severe,Fund C,8,2.75,0.016789841697231907,0.9499729543515949
severe,Fund C,8,3.0,0.02471977756716303,0.9450565931933698
severe,Fund C,8,3.25,0.018846062096042688,0.9399240580762168
severe,Fund C,8,3.5,0.01784572405486048,0.9356229924101129
severe,Fund C,8,3.75,0.01353769684144341,0.9319598010538362
severe,Fund C,8,4.0,0.011622051939787287,0.9290334208442046
severe,Fund C,8,4.25,0.010044171077244417,0.9265207442324838
severe,Fund C,8,4.5,0.0130534327005366,0.9238495510928311
severe,Fund C,8,4.75,0.017779992875951365,0.9202957232378116
severe,Fund C,8,5.0,0.017499086959467093,0.9162462603465822
severe,Fund C,9,0.0,0.02,1.0
severe,Fund C,9,0.25,0.02588148170077995,0.9942812295665223
severe,Fund C,9,0.5,0.031928980248599435,0.9871221454440698
severe,Fund C,9,0.75,0.03407291660175943,0.9790116564242843
severe,Fund C,9,1.0,0.03212429552830046,0.9709441002768558
severe,Fund C,9,1.25,0.03356475515157209,0.9630041931713366
severe,Fund C,9,1.5,0.031931662813745314,0.9551522136706271
severe,Fund C,9,1.75,0.035614000533200095,0.9471216146524208
severe,Fund C,9,2.0,0.02894442406620091,0.939509286041205
severe,Fund C,9,2.25,0.030251833607050367,0.9325830140077054
severe,Fund C,9,2.5,0.035462010633877966,0.9249539385312301
severe,Fund C,9,2.75,0.03566996645958179,0.9167661679473859
severe,Fund C,9,3.0,0.03004764100231869,0.9092660558179018
severe,Fund C,9,3.25,0.03444864610697889,0.9019649905140259
severe,Fund C,9,3.5,0.0380896982385592,0.8938235757065943
severe,Fund C,9,3.75,0.045024761548087135,0.8845854397641798
severe,Fund C,9,4.0,0.037140765891243314,0.8755466329630867
severe,Fund C,9,4.25,0.03472917931886209,0.8677161729809695
severe,Fund C,9,4.5,0.03449683487007426,0.8602399997233706
severe,Fund C,9,4.75,0.038222943431974604,0.8524558743057882
severe,Fund C,9,5.0,0.048447378431054164,0.8432703928128767
severe,Fund C,10,0.0,0.02,1.0
severe,Fund C,10,0.25,0.022918010524886723,0.9946496132637831
severe,Fund C,10,0.5,0.02660486067310955,0.9885113936709723
severe,Fund C,10,0.75,0.018829046286431006,0.9829133132979185
severe,Fund C,10,1.0,0.01808989283497977,0.9783877491719059
severe,Fund C,10,1.25,0.020742248865713103,0.9736501452164846
severe,Fund C,10,1.5,0.023807999822118123,0.9682431698077512
severe,Fund C,10,1.75,0.02112801249241976,0.9628197922518228
severe,Fund C,10,2.0,0.009633832869140898,0.959124636971976
severe,Fund C,10,2.25,0.008165363230751527,0.9569930531939274
severe,Fund C,10,2.5,0.015851845444424754,0.9541243237956909
severe,Fund C,10,2.75,0.01918880994215396,0.9499543202378651
severe,Fund C,10,3.0,0.028034128771995664,0.9443633834204377
severe,Fund C,10,3.25,0.035750620718822915,0.9368638227693246
severe,Fund C,10,3.5,0.03532460123056574,0.928577212550059
severe,Fund C,10,3.75,0.02485462167589278,0.9216182874018971
severe,Fund C,10,4.0,0.013589859738599438,0.9172000198896757
severe,Fund C,10,4.25,0.01618034371124177,0.9137932087628371
severe,Fund C,10,4.5,0.016478374676249748,0.9100703984377457
severe,Fund C,10,4.75,0.020626881756945586,0.9058591228278841
severe,Fund C,10,5.0,0.02073287745359315,0.9011879437601196
severe,Fund C,11,0.0,0.02,1.0
severe,Fund C,11,0.25,0.02877798345249686,0.9939213025631366
severe,Fund C,11,0.5,0.021768005299003485,0.987661257775528
severe,Fund C,11,0.75,0.015824846471811625,0.9830310198782974
severe,Fund C,11,1.0,0.01626371758471037,0.9790959104235651
severe,Fund C,11,1.25,0.016232821744321183,0.9751268236352482
severe,Fund C,11,1.5,0.018475013648061218,0.9709054198332492
severe,Fund C,11,1.75,0.024670544123786737,0.9656832326420884
severe,Fund C,11,2.0,0.017648969228567797,0.9605883148685044
severe,Fund C,11,2.25,0.012496349397034805,0.9569754709366699
severe,Fund C,11,2.5,0.01918949597167223,0.9531926451597107
severe,Fund C,11,2.75,0.013542850122324413,0.9493005839134011
severe,Fund C,11,3.0,0.019165363588024256,0.9454272665928652
severe,Fund C,11,3.25,0.025963723664304876,0.9401089975348763
severe,Fund C,11,3.5,0.029043657204793086,0.933667053359277
severe,Fund C,11,3.75,0.02201996505415856,0.9277264800120845
severe,Fund C,11,4.0,0.022528771871744943,0.9225747070238476
severe,Fund C,11,4.25,0.019320935342222106,0.9177611232714803
severe,Fund C,11,4.5,0.0027583601766477395,0.9152316755215392
severe,Fund C,11,4.75,0.004745921942776298,0.9143735584692713
severe,Fund C,11,5.0,0.013568763790628907,0.9122826447384426
severe,Fund C,12,0.0,0.02,1.0
severe,Fund C,12,0.25,0.018049621685243437,0.9952550901107139
severe,Fund C,12,0.5,0.013889553922349541,0.9912895579800267
severe,Fund C,12,0.75,0.012599559037395895,0.9880126884247391
severe,Fund C,12,1.0,0.017466360145169883,0.9843064685136512
severe,Fund C,12,1.25,0.01645606076723096,0.9801415477249357
severe,Fund C,12,1.5,0.01795624987702383,0.975934485705319
severe,Fund C,12,1.75,0.01957901238427614,0.9713662164260484
severe,Fund C,12,2.0,0.021939904894984114,0.9663380163526041
severe,Fund C,12,2.25,0.031919913397065285,0.9598540187808678
severe,Fund C,12,2.5,0.02762388341760242,0.9527363707927293
severe,Fund C,12,2.75,0.02287134936764715,0.9467417288941082
severe,Fund C,12,3.0,0.025922437948360237,0.9409849134718297
severe,Fund C,12,3.25,0.015728034320795913,0.9360985861186712
severe,Fund C,12,3.5,0.010330462039521822,0.9330543815724347
severe,Fund C,12,3.75,0.014081790097907937,0.9302114765330459
severe,Fund C,12,4.0,0.012924002327321622,0.9270766334367434
severe,Fund C,12,4.25,0.010119444442421629,0.9244100955376552
severe,Fund C,12,4.5,0.01764885975749205,0.9212069952028302
severe,Fund C,12,4.75,0.02412548740244054,0.9164091801013445
severe,Fund C,12,5.0,0.02325185007996172,0.9109980902309057
severe,Fund C,13,0.0,0.02,1.0
severe,Fund C,13,0.25,0.02364856824520875,0.9945587862917447
severe,Fund C,13,0.5,0.01653355358856185,0.9895758754729483
severe,Fund C,13,0.75,0.024932327026217088,0.9844599410829733
severe,Fund C,13,1.0,0.03681944726290995,0.9768901755618521
severe,Fund C,13,1.25,0.03694309168999818,0.9679243355720879
severe,Fund C,13,1.5,0.03374534877233714,0.9594093775710424
severe,Fund C,13,1.75,0.03455626005473881,0.9512530945669113
severe,Fund C,13,2.0,0.03946097939156022,0.9424925430411609
severe,Fund C,13,2.25,0.030394364340190008,0.9342986019451902
severe,Fund C,13,2.5,0.0435559796807326,0.9257019331931211
severe,Fund C,13,2.75,0.04565660789692835,0.9154362457630362
severe,Fund C,13,3.0,0.043319038828341865,0.905311213712616
severe,Fund C,13,3.25,0.03706828103323809,0.8962598231731634
severe,Fund C,13,3.5,0.03671858655332475,0.8880313031893647
severe,Fund C,13,3.75,0.04287862223866349,0.8792395117153969
severe,Fund C,13,4.0,0.049443396087800226,0.8691511887832243
severe,Fund C,13,4.25,0.04972760926232537,0.8584433703265074
severe,Fund C,13,4.5,0.0484744196615912,0.8479701723317311
severe,Fund C,13,4.75,0.052630128392477764,0.8373209020479102
severe,Fund C,13,5.0,0.036885240625945545,0.8280039884995564
severe,Fund C,14,0.0,0.02,1.0
severe,Fund C,14,0.25,0.02016678466306731,0.9949917353062819
severe,Fund C,14,0.5,0.017611154105718455,0.9903042197029374
severe,Fund C,14,0.75,0.009253831998775428,0.9869842336464035
severe,Fund C,14,1.0,0.01763493153383524,0.9836724541590097
severe,Fund C,14,1.25,0.02092859681207253,0.9789421293734895
severe,Fund C,14,1.5,0.010205638051333933,0.9751397064964945
severe,Fund C,14,1.75,0.020012664584309062,0.9714632709999063
severe,Fund C,14,2.0,0.02468659868273248,0.9660504453512057
severe,Fund C,14,2.25,0.018261302403189596,0.9608781117069445
severe,Fund C,14,2.5,0.02418222660295072,0.9557937288293905
severe,Fund C,14,2.75,0.022003679213439466,0.9502916017643678
severe,Fund C,14,3.0,0.02029958308798048,0.945279810027403
severe,Fund C,14,3.25,0.021353903223789047,0.9403708259328288
severe,Fund C,14,3.5,0.026894699974583956,0.9347164467108666
severe,Fund C,14,3.75,0.028033450835820727,0.9283206479306165
severe,Fund C,14,4.0,0.033378735148054665,0.921221655546578
severe,Fund C,14,4.25,0.029702099956004323,0.9139862899228363
severe,Fund C,14,4.5,0.03379930216828052,0.9067600811471922
severe,Fund C,14,4.75,0.03645290532308147,0.8988322043509246
severe,Fund C,14,5.0,0.02639323616802612,0.8917988497352553
severe,Fund C,15,0.0,0.02,1.0
severe,Fund C,15,0.25,0.0214952814752587,0.994826518606214
severe,Fund C,15,0.5,0.018417088448632622,0.9898756434453558
severe,Fund C,15,0.75,0.016320182183209672,0.9855867644162128
severe,Fund C,15,1.0,0.01839163707950851,0.9813195899933941
severe,Fund C,15,1.25,0.010739210281047523,0.9777527540955937
severe,Fund C,15,1.5,0.020691810943853507,0.9739188196112596
severe,Fund C,15,1.75,0.026686410618665748,0.9681680475516162
severe,Fund C,15,2.0,0.0278923568329936,0.9615853504620784
severe,Fund C,15,2.25,0.026489602332763946,0.9550709054076468
severe,Fund C,15,2.5,0.028442332584286432,0.9485353825412519
severe,Fund C,15,2.75,0.012361227803213127,0.9437097468523157
severe,Fund C,15,3.0,0.012925670793541311,0.9407315196308814
severe,Fund C,15,3.25,0.010187367294333132,0.9380175465983593
severe,Fund C,15,3.5,0.011777552139289384,0.9354456439613723
severe,Fund C,15,3.75,0.015055390989615357,0.932313305044394
severe,Fund C,15,4.0,0.012667068969900478,0.929088144075437
severe,Fund C,15,4.25,0.011946927641980224,0.9262339655694535
severe,Fund C,15,4.5,0.014148869155418254,0.9232175363328725
severe,Fund C,15,4.75,0.010296522694379041,0.920400790248647
severe,Fund C,15,5.0,0.015617768069189882,0.9174241721983577
severe,Fund C,16,0.0,0.02,1.0
severe,Fund C,16,0.25,0.013363043616510235,0.9958383035084931
severe,Fund C,16,0.5,0.01904624310222062,0.9918121631479718
severe,Fund C,16,0.75,0.018439569736267297,0.9871756736524655
severe,Fund C,16,1.0,0.01263679667287379,0.9833483829900448
severe,Fund C,16,1.25,0.010292119100787723,0.9805340290157225
severe,Fund C,16,1.5,0.0049734239200924305,0.9786647649906469
severe,Fund C,16,1.75,0.0039020616400941652,0.9775796014378008
severe,Fund C,16,2.0,0.007172499435256947,0.9762272545689962
severe,Fund C,16,2.25,0.012210479030395127,0.9738648436530525
severe,Fund C,16,2.5,0.011703747359532609,0.970958037400987
severe,Fund C,16,2.75,0.014465606192365444,0.9677870586120515
severe,Fund C,16,3.0,0.021596760346798166,0.963434290223445
severe,Fund C,16,3.25,0.02655480309593735,0.9576528483504608
severe,Fund C,16,3.5,0.022952558863928874,0.9517447897057665
severe,Fund C,16,3.75,0.028302510546455332,0.9456665635841103
severe,Fund C,16,4.0,0.03216071075284757,0.9385462489616526
severe,Fund C,16,4.25,0.04913797903767818,0.9290567259473872
severe,Fund C,16,4.5,0.045034362529550225,0.9181844125288263
severe,Fund C,16,4.75,0.048581822344887456,0.9075024196751245
severe,Fund C,16,5.0,0.0414681452369118,0.8973446258058931
severe,Fund C,17,0.0,0.02,1.0
severe,Fund C,17,0.25,0.02341481002703043,0.9945878475025434
severe,Fund C,17,0.5,0.02523726415095939,0.988557607352153
severe,Fund C,17,0.75,0.02287565917087964,0.9826301498797412
severe,Fund C,17,1.0,0.017282175039401586,0.9777099718608714
severe,Fund C,17,1.25,0.01791603711685709,0.9734177158914143
severe,Fund C,17,1.5,0.007168349752137974,0.970370297730367
severe,Fund C,17,1.75,0.013684525652336901,0.9678442150517506
severe,Fund C,17,2.0,0.012333934642061995,0.9647016011601958
severe,Fund C,17,2.25,0.015833300080143095,0.9613109516845846
severe,Fund C,17,2.5,0.0197650610048934,0.9570428180906622
severe,Fund C,17,2.75,0.013546858411002456,0.9530659869250206
severe,Fund C,17,3.0,0.019015363973587048,0.9491946276968825
severe,Fund C,17,3.25,0.027046743404469817,0.9437450932092631
severe,Fund C,17,3.5,0.032527972460487574,0.9367432780413275
severe,Fund C,17,3.75,0.03129968825730114,0.9292992469560998
severe,Fund C,17,4.0,0.020563357746376597,0.923294196800166
severe,Fund C,17,4.25,0.017004236640175453,0.9189686183620226
severe,Fund C,17,4.5,0.025891130160469386,0.9140543680510589
severe,Fund C,17,4.75,0.022400995455856797,0.9085532848979422
severe,Fund C,17,5.0,0.011269582309861189,0.9047373815062204
severe,Fund C,18,0.0,0.02,1.0
severe,Fund C,18,0.25,0.02617909575406805,0.9942442412461869
severe,Fund C,18,0.5,0.026189597884443337,0.9877570881357939
severe,Fund C,18,0.75,0.01814976213768596,0.9822976666713926
severe,Fund C,18,1.0,0.01638231894240419,0.9780667068973402
severe,Fund C,18,1.25,0.018496003575357647,0.9738118230817365
severe,Fund C,18,1.5,0.015077614108117993,0.9697335884050958
severe,Fund C,18,1.75,0.02101352457362497,0.965368593233312
severe,Fund C,18,2.0,0.012974999675889934,0.961275861778356
severe,Fund C,18,2.25,0.009629336382784293,0.9585635701018062
severe,Fund C,18,2.5,0.008789337102984948,0.956359175025989
severe,Fund C,18,2.75,0.010609379840405355,0.9540429667611156
severe,Fund C,18,3.0,0.010189957014003928,0.9515657557981961
severe,Fund C,18,3.25,0.009706067254408465,0.9492021492435164
severe,Fund C,18,3.5,0.009064815731019847,0.9469775897640927
severe,Fund C,18,3.75,0.007871085876532668,0.9449749703617324
severe,Fund C,18,4.0,0.00797072385858825,0.9431055576919831
severe,Fund C,18,4.25,0.011888974655864118,0.9407672372835941
severe,Fund C,18,4.5,0.010816407303523498,0.9381009628149689
severe,Fund C,18,4.75,0.004617384787969409,0.936292900551707
severe,Fund C,18,5.0,0.010748968503091727,0.9344962007126664
severe,Fund C,19,0.0,0.02,1.0
severe,Fund C,19,0.25,0.006623632889084583,0.9966775773902518
severe,Fund C,19,0.5,0.01319423584610561,0.9942116298403636
severe,Fund C,19,0.75,0.015357851263365585,0.9906696022351665
severe,Fund C,19,1.0,0.013134923695792021,0.9871475123360596
severe,Fund C,19,1.25,0.010806469364014911,0.9841977175997093
severe,Fund C,19,1.5,0.013475660366234498,0.9812149445624375
severe,Fund C,19,1.75,0.016007656777164044,0.9776054160280162
severe,Fund C,19,2.0,0.014851981563443549,0.9738416113510088
severe,Fund C,19,2.25,0.01567957832919192,0.9701320815264153
severe,Fund C,19,2.5,0.017660496836815726,0.966097459962658
severe,Fund C,19,2.75,0.019425813411637936,0.9616292011504959
severe,Fund C,19,3.0,0.01955264746646461,0.9569552436018276
severe,Fund C,19,3.25,0.011121793026889006,0.953293010813166
severe,Fund C,19,3.5,0.00989107184219601,0.9507923692015005
severe,Fund C,19,3.75,0.01344794049856467,0.9480225920526387
severe,Fund C,19,4.0,0.014335784431988248,0.9447358528566353
severe,Fund C,19,4.25,0.01302329899833824,0.9415104828209453
severe,Fund C,19,4.5,0.018714620490143875,0.9377826842582593
severe,Fund C,19,4.75,0.010380679618381381,0.9343782452548615
severe,Fund C,19,5.0,0.013712478689880151,0.9315684630387331
severe,Fund C,20,0.0,0.02,1.0
severe,Fund C,20,0.25,0.02207199468178512,0.9947548049921964
severe,Fund C,20,0.5,0.024881074071068605,0.988933555703438
severe,Fund C,20,0.75,0.021364750536244762,0.9832332914453031
severe,Fund C,20,1.0,0.025007108271138338,0.9775504830852612
severe,Fund C,20,1.25,0.014210194087888362,0.9727700981627165
severe,Fund C,20,1.5,0.015804005391732254,0.9691273214031484
severe,Fund C,20,1.75,0.01919482889035983,0.9648967913119573
severe,Fund C,20,2.0,0.021392151037133524,0.9600139072924715
severe,Fund C,20,2.25,0.02639599127884193,0.9542963411322893
severe,Fund C,20,2.5,0.03176323506015374,0.9473838560137221
severe,Fund C,20,2.75,0.028162417825044594,0.9403137944379515
severe,Fund C,20,3.0,0.03170442368932737,0.9333033558415051
severe,Fund C,20,3.25,0.02549261621684821,0.9266543793643015
severe,Fund C,20,3.5,0.020128253027056196,0.9213850707620215
severe,Fund C,20,3.75,0.017232625359110073,0.9170921333619673
severe,Fund C,20,4.0,0.013737850344661188,0.9135486492948929
severe,Fund C,20,4.25,0.00789622150162922,0.9110815145448206
severe,Fund C,20,4.5,0.003339504173436235,0.9098028299437135
severe,Fund C,20,4.75,0.006537112583216144,0.9086803012759482
severe,Fund C,20,5.0,0.011832384131969534,0.9065961949644704
severe,Fund C,21,0.0,0.02,1.0
severe,Fund C,21,0.25,0.024055173413594505,0.9945082384834719
severe,Fund C,21,0.5,0.020852440463565068,0.9889412541044531
severe,Fund C,21,0.75,0.024758630045458193,0.9833189630948885
severe,Fund C,21,1.0,0.027526474206266936,0.9769133016262169
severe,Fund C,21,1.25,0.03879296528610446,0.9688482344106043
severe,Fund C,21,1.5,0.03914740400977882,0.95945501698812
severe,Fund C,21,1.75,0.04003771675332984,0.9500050425537153
severe,Fund C,21,2.0,0.03589160567615516,0.9410310418837898
severe,Fund C,21,2.25,0.027010579610849243,0.9336609409502524
severe,Fund C,21,2.5,0.02400180850524664,0.9277263478830311
severe,Fund C,21,2.75,0.016001791375854904,0.9230988780385985
severe,Fund C,21,3.0,0.019342933251047165,0.9190295395549402
severe,Fund C,21,3.25,0.020959807970343806,0.9144112562015437
severe,Fund C,21,3.5,0.017162689317422878,0.9100641669670461
severe,Fund C,21,3.75,0.01505459837383515,0.9064065619068757
severe,Fund C,21,4.0,0.017083849717400488,0.902772553725767
severe,Fund C,21,4.25,0.014405416931193488,0.8992260823327041
severe,Fund C,21,4.5,0.012934613348281627,0.8961582189959851
severe,Fund C,21,4.75,0.011795216966423314,0.8933922662086158
severe,Fund C,21,5.0,0.018392967333811513,0.8900273826362138
severe,Fund C,22,0.0,0.02,1.0
severe,Fund C,22,0.25,0.017541670758626303,0.9953182847100827
severe,Fund C,22,0.5,0.017538224519203005,0.9909633821340532
severe,Fund C,22,0.75,0.025862199145365798,0.985601909592244
severe,Fund C,22,1.0,0.03413515530225271,0.9782378696510056
severe,Fund C,22,1.25,0.0338988358543502,0.9699539654468018
severe,Fund C,22,1.5,0.035224004781498605,0.9616093210345239
severe,Fund C,22,1.75,0.03477184779742446,0.9532324381314714
severe,Fund C,22,2.0,0.04211625969201497,0.94411479344773
severe,Fund C,22,2.25,0.03322273444645975,0.9352654452999963
severe,Fund C,22,2.5,0.022309588797467868,0.928795743249205
severe,Fund C,22,2.75,0.01742835842544975,0.92419362809653
severe,Fund C,22,3.0,0.005966852156351133,0.9214948630873989
severe,Fund C,22,3.25,0.00763473532015626,0.9199294700801764
severe,Fund C,22,3.5,0.009167598396252722,0.9179993774245082
severe,Fund C,22,3.75,0.013994390092738026,0.9153453848858629
severe,Fund C,22,4.0,0.01810074826867055,0.9116804743176953
severe,Fund C,22,4.25,0.022165207356226648,0.9071032923282729
severe,Fund C,22,4.5,0.016857643248617105,0.9026893468436877
severe,Fund C,22,4.75,0.017384875494612796,0.8988338095770269
severe,Fund C,22,5.0,0.018932066541961196,0.894762695299491
severe,Fund C,23,0.0,0.02,1.0
severe,Fund C,23,0.25,0.022140249817041505,0.9947463178879318
severe,Fund C,23,0.5,0.014405078522038714,0.9902125150042903
severe,Fund C,23,0.75,0.021332602157491647,0.9857988932985635
severe,Fund C,23,1.0,0.0172503227431251,0.9810559641634586
severe,Fund C,23,1.25,0.019267039136833752,0.9765879724174443
severe,Fund C,23,1.5,0.016926989661577102,0.9721796205381377
severe,Fund C,23,1.75,0.012836657652003682,0.9685693891369667
severe,Fund C,23,2.0,0.014931324448416331,0.9652133147871242
severe,Fund C,23,2.25,0.013932887343531947,0.9617370745488246
severe,Fund C,23,2.5,0.019553000800754818,0.9577199102957447
severe,Fund C,23,2.75,0.02552645153273449,0.9523384006240841
severe,Fund C,23,3.0,0.0206253561330642,0.9468602002831819
severe,Fund C,23,3.25,0.024774566389008195,0.9415019960754664
severe,Fund C,23,3.5,0.012989746219436061,0.9370680726009228
severe,Fund C,23,3.75,0.017020215230346906,0.933559485408855
severe,Fund C,23,4.0,0.025890284063830878,0.9285654529539129
severe,Fund C,23,4.25,0.026664854934064154,0.9224853353535123
severe,Fund C,23,4.5,0.026946232745129486,0.9163240726364712
severe,Fund C,23,4.75,0.01188009011361272,0.9118876601575889
severe,Fund C,23,5.0,0.015366358214965604,0.9087872303840274
severe,Fund C,24,0.0,0.02,1.0
severe,Fund C,24,0.25,0.031093651811258432,0.9936336451836578
severe,Fund C,24,0.5,0.022647457853179634,0.9869811429175978
severe,Fund C,24,0.75,0.023955687378015095,0.981248303957114
severe,Fund C,24,1.0,0.03393670934313775,0.97417308291528
severe,Fund C,24,1.25,0.019306908826044463,0.9677110481929273
severe,Fund C,24,1.5,0.020597162518667143,0.962896115301559
severe,Fund C,24,1.75,0.0139668880168791,0.9587448907063777
severe,Fund C,24,2.0,0.023463716292653494,0.9542695684170173
severe,Fund C,24,2.25,0.025125028145165314,0.9484912886166516
severe,Fund C,24,2.5,0.020174916984055682,0.9431356406705047
severe,Fund C,24,2.75,0.015274790756679004,0.9389656511979249
severe,Fund C,24,3.0,0.0163895993044661,0.9352565246628781
severe,Fund C,24,3.25,0.02432363549876695,0.9305089506667161
severe,Fund C,24,3.5,0.02385974815821349,0.9249214104988509
severe,Fund C,24,3.75,0.028957230155362383,0.9188350796965412
severe,Fund C,24,4.0,0.02361375890503824,0.9128168667012585
severe,Fund C,24,4.25,0.023668297949544177,0.9074377958316077
severe,Fund C,24,4.5,0.014750696605734945,0.9030903871616016
severe,Fund C,24,4.75,0.016283426196048348,0.8995938463043278
severe,Fund C,24,5.0,0.017369317512343038,0.8958175693589924
severe,Fund C,25,0.0,0.02,1.0
severe,Fund C,25,0.25,0.023601142431481214,0.9945646822791885
severe,Fund C,25,0.5,0.025009809969732896,0.9885396638811703
severe,Fund C,25,0.75,0.026257897616705363,0.9822248991588696
severe,Fund C,25,1.0,0.025591599725026285,0.975879500815726
severe,Fund C,25,1.25,0.021338493604967434,0.9701714950061846
severe,Fund C,25,1.5,0.026070907444605752,0.9644390912105022
severe,Fund C,25,1.75,0.021023066074373722,0.9587783605735414
severe,Fund C,25,2.0,0.017800468238310566,0.9541367368754367
severe,Fund C,25,2.25,0.024096152548014782,0.9491529104787658
severe,Fund C,25,2.5,0.02018254144391474,0.9439140156574275
severe,Fund C,25,2.75,0.012966241154004483,0.9400109076348652
severe,Fund C,25,3.0,0.014219258069240221,0.9368219957387736
severe,Fund C,25,3.25,0.01605008861738241,0.9332840694078942
severe,Fund C,25,3.5,0.030476771726349022,0.9278719754517968
severe,Fund C,25,3.75,0.02375096029378132,0.921603695013087
severe,Fund C,25,4.0,0.02553610037871036,0.9159432574089774
severe,Fund C,25,4.25,0.024506471130430793,0.9102316206006449
severe,Fund C,25,4.5,0.031146171783228704,0.9039214950772192
severe,Fund C,25,4.75,0.028552296797556803,0.8972012593770388
severe,Fund C,25,5.0,0.032694434633513784,0.8903586551733002
severe,Fund C,26,0.0,0.02,1.0
severe,Fund C,26,0.25,0.016487140683415988,0.9954494924907563
severe,Fund C,26,0.5,0.019523488297287075,0.990978716961681
severe,Fund C,26,0.75,0.015818457111981175,0.9866104834683258
severe,Fund C,26,1.0,0.01926952889608105,0.98229268745806
severe,Fund C,26,1.25,0.015532734909835325,0.9780287177646209
severe,Fund C,26,1.5,0.01727246914681046,0.9740263755189515
severe,Fund C,26,1.75,0.014916789785479688,0.9701151012086401
severe,Fund C,26,2.0,0.01825731974499008,0.9661005924927205
severe,Fund C,26,2.25,0.012891272555687599,0.962346321816382
severe,Fund C,26,2.5,0.012348008974059096,0.9593149899025286
severe,Fund C,26,2.75,0.013837001069896252,0.9561801639610452
severe,Fund C,26,3.0,0.017063045245578015,0.9524940359701186
severe,Fund C,26,3.25,0.02985064077667024,0.9469247558786619
severe,Fund C,26,3.5,0.02686110640145218,0.9402357732150334
severe,Fund C,26,3.75,0.03237761070755578,0.9332991919232504
severe,Fund C,26,4.0,0.033491083685204995,0.9256463404588505
severe,Fund C,26,4.25,0.02745552443083723,0.9186212585226333
severe,Fund C,26,4.5,0.024281346635898364,0.9126996034539436
severe,Fund C,26,4.75,0.022045007997912567,0.9074296211843457
severe,Fund C,26,5.0,0.019257990873079896,0.902756748714553
severe,Fund C,27,0.0,0.02,1.0
severe,Fund C,27,0.25,0.02104191606283963,0.9948828976955811
severe,Fund C,27,0.5,0.025310811417684792,0.9891351233602812
severe,Fund C,27,0.75,0.02793854540612259,0.9825731352988362
severe,Fund C,27,1.0,0.0166521176172902,0.9771116716347523
severe,Fund C,27,1.25,0.01743711928532353,0.9729569060638145
severe,Fund C,27,1.5,0.023629024240763092,0.9679752545851431
severe,Fund C,27,1.75,0.02756739640306594,0.9618004251932974
severe,Fund C,27,2.0,0.026566685660148213,0.9553141226772236
severe,Fund C,27,2.25,0.02851732787950573,0.9487588995672572
severe,Fund C,27,2.5,0.027491704772155248,0.9421397139676427
severe,Fund C,27,2.75,0.015895934660601158,0.9370438926612633
severe,Fund C,27,3.0,0.022920505113624146,0.9325083165137065
severe,Fund C,27,3.25,0.024185996778741618,0.927033550302967
severe,Fund C,27,3.5,0.028680189252635185,0.9209276562152882
severe,Fund C,27,3.75,0.02153330946415273,0.915165384162768
severe,Fund C,27,4.0,0.014079165432366557,0.9111005253218386
severe,Fund C,27,4.25,0.021457953279004155,0.9070622652793989
severe,Fund C,27,4.5,0.017873600760235135,0.9026136887663438
severe,Fund C,27,4.75,0.027080713336779486,0.8975558653525957
severe,Fund C,27,5.0,0.024154407501183164,0.8918259353884458
severe,Fund C,28,0.0,0.02,1.0
severe,Fund C,28,0.25,0.023823223237644693,0.9945370734465995
severe,Fund C,28,0.5,0.023127566106329,0.9887173800219827
severe,Fund C,28,0.75,0.025892950475377527,0.9826774742863121
severe,Fund C,28,1.0,0.017413910004893948,0.9773722622122697
severe,Fund C,28,1.25,0.02628219717367654,0.9720483945759077
severe,Fund C,28,1.5,0.020129150235875828,0.9664254613732663
severe,Fund C,28,1.75,0.01481651124947057,0.9622131211318323
severe,Fund C,28,2.0,0.015043785445862608,0.9586283193364193
severe,Fund C,28,2.25,0.02121246940082837,0.9542936151832515
severe,Fund C,28,2.5,0.03215824031524115,0.9479483883557377
severe,Fund C,28,2.75,0.034741141833621,0.9400542960409866
severe,Fund C,28,3.0,0.028301145037547343,0.9326755111170456
severe,Fund C,28,3.25,0.02097255226526402,0.926948619439968
severe,Fund C,28,3.5,0.01987994158107131,0.9222271645540422
severe,Fund C,28,3.75,0.015059678660422671,0.9182081639763389
severe,Fund C,28,4.0,0.011567209252041244,0.9151571160545866
severe,Fund C,28,4.25,0.013469785940431129,0.9122974951189934
severe,Fund C,28,4.5,0.016416675083415728,0.9088956853874891
severe,Fund C,28,4.75,0.01805062954552031,0.9049882108809489
severe,Fund C,28,5.0,0.018640317496611665,0.9008471051431911
severe,Fund C,29,0.0,0.02,1.0
severe,Fund C,29,0.25,0.03024781211306561,0.9937387075855013
severe,Fund C,29,0.5,0.033217199281520664,0.9858864404808069
severe,Fund C,29,0.75,0.029080089544360057,0.97823899851555
severe,Fund C,29,1.0,0.03530272253055191,0.9703978707518602
severe,Fund C,29,1.25,0.043060452737610236,0.9609388415538873
severe,Fund C,29,1.5,0.044425176332079375,0.9504875494443733
severe,Fund C,29,1.75,0.04110752165816952,0.9403794609235928
severe,Fund C,29,2.0,0.04059970890316742,0.9308238663826253
severe,Fund C,29,2.25,0.03682679068608919,0.9218585168776817
severe,Fund C,29,2.5,0.030904963895951536,0.9140865768953825
severe,Fund C,29,2.75,0.02938528339908715,0.9072236566036198
severe,Fund C,29,3.0,0.03381134700689935,0.9000852043433523
severe,Fund C,29,3.25,0.03693119331284068,0.8921610028810494
severe,Fund C,29,3.5,0.04841916690508348,0.8826933142281949
severe,Fund C,29,3.75,0.03735855134513914,0.8732794458755486
severe,Fund C,29,4.0,0.04346161620695845,0.8645015361487206
severe,Fund C,29,4.25,0.03213223452635685,0.8563711346562277
severe,Fund C,29,4.5,0.025830360130477098,0.8501888713330931
severe,Fund C,29,4.75,0.025396163847972542,0.8447622365271215
severe,Fund C,29,5.0,0.02228869426867309,0.8397419175419745
severe,Fund C,30,0.0,0.02,1.0
severe,Fund C,30,0.25,0.02551414282632259,0.994326885383182
severe,Fund C,30,0.5,0.01400891062659666,0.9894266455474846
severe,Fund C,30,0.75,0.014145327046102794,0.9859506964363312
severe,Fund C,30,1.0,0.013472223730448535,0.9825528718576365
severe,Fund C,30,1.25,0.01621365508256604,0.9789136349699324
severe,Fund C,30,1.5,0.016091818047820967,0.9749685722593207
severe,Fund C,30,1.75,0.01702110742800401,0.9709414047556428
severe,Fund C,30,2.0,0.026929178719457013,0.9656218862111796
severe,Fund C,30,2.25,0.02550091225462653,0.9593141231579815
severe,Fund C,30,2.5,0.019929442484085028,0.9538818146230882
severe,Fund C,30,2.75,0.023286478292884938,0.9487428473287773
severe,Fund C,30,3.0,0.031130609510484172,0.9423112685109363
severe,Fund C,30,3.25,0.03337174729639616,0.9347441533444658
severe,Fund C,30,3.5,0.024691755811396765,0.9279843989506222
severe,Fund C,30,3.75,0.020757231071674435,0.9227273522085275
severe,Fund C,30,4.0,0.01995645219231153,0.918043327666854
severe,Fund C,30,4.25,0.017459079994482575,0.9137597176125482
severe,Fund C,30,4.5,0.014069965467152253,0.9101655583307501
severe,Fund C,30,4.75,0.01942731001590879,0.906362517550805
severe,Fund C,30,5.0,0.02014003102943226,0.9018907907074404
severe,Fund C,31,0.0,0.02,1.0
severe,Fund C,31,0.25,0.016162822409287424,0.9954898486164384
severe,Fund C,31,0.5,0.02485163562461605,0.9903992245135447
severe,Fund C,31,0.75,0.032847602201915266,0.9832817623261586
severe,Fund C,31,1.0,0.019562519361000095,0.9768610775080228
severe,Fund C,31,1.25,0.008230648154540172,0.9734732079463833
severe,Fund C,31,1.5,0.010516598539888487,0.971194636001049
severe,Fund C,31,1.75,0.011663614505510641,0.9685057023017766
severe,Fund C,31,2.0,0.01209102282697596,0.9656341549828696
severe,Fund C,31,2.25,0.01733945093105715,0.9620882974163911
severe,Fund C,31,2.5,0.021935356253668853,0.957376643414077
severe,Fund C,31,2.75,0.030191412118258043,0.9511588038386226
severe,Fund C,31,3.0,0.03174076313863028,0.9438238157399181
severe,Fund C,31,3.25,0.02521656974412577,0.937127969214568
severe,Fund C,31,3.5,0.024266046376703244,0.931349415814313
severe,Fund C,31,3.75,0.016639591847558387,0.9265993898082487
severe,Fund C,31,4.0,0.018565766245280602,0.9225306909585603
severe,Fund C,31,4.25,0.017280664134336116,0.9184062592206668
severe,Fund C,31,4.5,0.018672861490452906,0.9142880273401075
severe,Fund C,31,4.75,0.012242981751150161,0.9107615974720074
severe,Fund C,31,5.0,0.013293779695140173,0.9078589949223421
severe,Fund C,32,0.0,0.02,1.0
severe,Fund C,32,0.25,0.023111544178978177,0.9946255512830601
severe,Fund C,32,0.5,0.018293900590626407,0.9894909860136312
severe,Fund C,32,0.75,0.021663436648093785,0.9845611296302897
severe,Fund C,32,1.0,0.022632534776055653,0.9791246828549066
severe,Fund C,32,1.25,0.011909139833435627,0.9749062206805755
severe,Fund C,32,1.5,0.011298331119840794,0.9720821803633073
severe,Fund C,32,1.75,0.018709239605409468,0.9684427821268766
severe,Fund C,32,2.0,0.026770072071220036,0.9629528878094366
severe,Fund C,32,2.25,0.028859067132131447,0.9562800848096547
severe,Fund C,32,2.5,0.030035860739978798,0.9492659292974024
severe,Fund C,32,2.75,0.03839187101528342,0.941181041202234
severe,Fund C,32,3.0,0.025567679439390603,0.9336863513988046
severe,Fund C,32,3.25,0.02294150027704417,0.9280419366863281
severe,Fund C,32,3.5,0.023401570738260647,0.9226814388752715
severe,Fund C,32,3.75,0.026389730758847058,0.9169565841400167
severe,Fund C,32,4.0,0.0200964127732072,0.9116438128066272
severe,Fund C,32,4.25,0.02299365500332124,0.9067466640903498
severe,Fund C,32,4.5,0.025371902132424993,0.9012812882850539
severe,Fund C,32,4.75,0.024865006890856606,0.8956393232450478
severe,Fund C,32,5.0,0.025228946652820883,0.8900485810798527
severe,Fund C,33,0.0,0.02,1.0
severe,Fund C,33,0.25,0.019130268403085248,0.995120659297114
severe,Fund C,33,0.5,0.01751273423646098,0.9905730559946035
severe,Fund C,33,0.75,0.027663469744872923,0.9849950291431147
severe,Fund C,33,1.0,0.02239522312738966,0.9788508269059667
severe,Fund C,33,1.25,0.02101331395355158,0.9735539003395822
severe,Fund C,33,1.5,0.020688313688409125,0.9684922564450845
severe,Fund C,33,1.75,0.028047942446380314,0.9626101059273303
severe,Fund C,33,2.0,0.02489955237151202,0.9562601682379489
severe,Fund C,33,2.25,0.02710835849457862,0.9500636949638654
severe,Fund C,33,2.5,0.04184075945386494,0.9419106229070708
severe,Fund C,33,2.75,0.04186672528229543,0.9321063842308231
severe,Fund C,33,3.0,0.03520880834490642,0.9231691812222683
severe,Fund C,33,3.25,0.024052941006983172,0.9163558703452607
severe,Fund C,33,3.5,0.01921330775616613,0.911413337565531
severe,Fund C,33,3.75,0.02141905555322974,0.9067959636853026
severe,Fund C,33,4.0,0.02029716657101458,0.9020797580342941
severe,Fund C,33,4.25,0.022869774287423716,0.8972253637014036
severe,Fund C,33,4.5,0.01357650920946353,0.8931470943694275
severe,Fund C,33,4.75,0.0132007188052651,0.890162591525812
severe,Fund C,33,5.0,0.01880676839116244,0.8866082231982324
severe,Fund C,34,0.0,0.02,1.0
severe,Fund C,34,0.25,0.02326573575599533,0.9946063811075164
severe,Fund C,34,0.5,0.02944612441890679,0.9880744799691719
severe,Fund C,34,0.75,0.019022878338283512,0.9821062049101139
severe,Fund C,34,1.0,0.024638664155409995,0.9767607710715906
severe,Fund C,34,1.25,0.029959358962081274,0.970117315932653
severe,Fund C,34,1.5,0.027946307961963963,0.9631207564852622
severe,Fund C,34,1.75,0.03861129357162079,0.9551411206591841
severe,Fund C,34,2.0,0.033569371857475085,0.9465620413785878
severe,Fund C,34,2.25,0.03651282399009739,0.9383061129805492
severe,Fund C,34,2.5,0.037611407201147515,0.9296523632690239
severe,Fund C,34,2.75,0.027018119837333578,0.9221722446660616
severe,Fund C,34,3.0,0.023037313646928438,0.9164202917805965
severe,Fund C,34,3.25,0.027876834714536648,0.9106064669382772
severe,Fund C,34,3.5,0.02118423979604024,0.9050391391141215
severe,Fund C,34,3.75,0.017072290481290164,0.9007215137739533
severe,Fund C,34,4.0,0.01767741062626581,0.8968175233953485
severe,Fund C,34,4.25,0.020766364871600808,0.8925182302934991
severe,Fund C,34,4.5,0.0146136706707048,0.8885797797813952
severe,Fund C,34,4.75,0.014708311047314692,0.8853288760972228
severe,Fund C,34,5.0,0.014817656354679567,0.8820673745442846
severe,Fund C,35,0.0,0.02,1.0
severe,Fund C,35,0.25,0.024511672564445655,0.9944514910817608
severe,Fund C,35,0.5,0.024619962297138698,0.9883628283977205
severe,Fund C,35,0.75,0.014495605751253485,0.9835420767204124
severe,Fund C,35,1.0,0.01536512645513127,0.9798777588548315
severe,Fund C,35,1.25,0.014590580536899486,0.97621550334565
severe,Fund C,35,1.5,0.0211291740792929,0.9718664474923508
severe,Fund C,35,1.75,0.017359244589360622,0.9672019766559349
severe,Fund C,35,2.0,0.02924709133591626,0.9615836406458955
severe,Fund C,35,2.25,0.022285796080825246,0.955409400335582
severe,Fund C,35,2.5,0.02250476299688083,0.9500751817855938
severe,Fund C,35,2.75,0.022277571206339525,0.9447717164431052
severe,Fund C,35,3.0,0.01776932704600439,0.9400541369710103
severe,Fund C,35,3.25,0.02135681163426983,0.935467775460273
severe,Fund C,35,3.5,0.02799065765361892,0.9297151650834524
severe,Fund C,35,3.75,0.02489699026671241,0.9235891308266222
severe,Fund C,35,4.0,0.030612801645606737,0.9172027829441795
severe,Fund C,35,4.25,0.030480931503273728,0.910225042610435
severe,Fund C,35,4.5,0.017823377107693238,0.9047456277963104
severe,Fund C,35,4.75,0.011355084000357854,0.9014517526965434
severe,Fund C,35,5.0,0.011997414758967997,0.8988241956966052
severe,Fund C,36,0.0,0.02,1.0
severe,Fund C,36,0.25,0.0201057243639921,0.9949993296468809
severe,Fund C,36,0.5,0.023845741312731608,0.9895478585073241
severe,Fund C,36,0.75,0.025510416896313278,0.983461617322536
severe,Fund C,36,1.0,0.01367288094644672,0.9786564858012727
severe,Fund C,36,1.25,0.020871721345162398,0.9744396842015225
severe,Fund C,36,1.5,0.012961705020868,0.9703273071559275
severe,Fund C,36,1.75,0.014912145990782454,0.9669523452952059
severe,Fund C,36,2.0,0.0161274710681471,0.9632078853413053
severe,Fund C,36,2.25,0.008210708958510681,0.9602819974076365
severe,Fund C,36,2.5,0.01634345038685991,0.9573391512648382
severe,Fund C,36,2.75,0.013921244444360744,0.9537242960737777
severe,Fund C,36,3.0,0.01484017680067143,0.9503016440025944
severe,Fund C,36,3.25,0.015246426448527453,0.9467344374613075
severe,Fund C,36,3.5,0.021055169946479407,0.9424481732753619
severe,Fund C,36,3.75,0.0270756523224114,0.9367950950927909
severe,Fund C,36,4.0,0.03393848117991291,0.9296775538821601
severe,Fund C,36,4.25,0.03501898114043518,0.9216984662758118
severe,Fund C,36,4.5,0.0378049808929179,0.9133463219512272
severe,Fund C,36,4.75,0.0237944132155295,0.9063406307050478
severe,Fund C,36,5.0,0.023377469429400888,0.9010121316185713
severe,Fund C,37,0.0,0.02,1.0
severe,Fund C,37,0.25,0.025392407914166918,0.994342016035308
severe,Fund C,37,0.5,0.020009942300079124,0.9887148160899729
severe,Fund C,37,0.75,0.020139647786540184,0.9837651850103313
severe,Fund C,37,1.0,0.01822006709753777,0.9790593571637405
severe,Fund C,37,1.25,0.019629385303191107,0.9744381900071233
severe,Fund C,37,1.5,0.027400734801115954,0.9687265021532947
severe,Fund C,37,1.75,0.02468782215348287,0.9624395460708296
severe,Fund C,37,2.0,0.027554014099480956,0.9561750714151622
severe,Fund C,37,2.25,0.0382784187363148,0.9483389412089577
severe,Fund C,37,2.5,0.056788769767555175,0.9371361470650773
severe,Fund C,37,2.75,0.06433772646062097,0.9230540212466524
severe,Fund C,37,3.0,0.06260876865164633,0.9085223139056698
severe,Fund C,37,3.25,0.07573127884804103,0.8929467448376897
severe,Fund C,37,3.5,0.07199101421176303,0.8766095271518447
severe,Fund C,37,3.75,0.06491441370863026,0.8617355850584385
severe,Fund C,37,4.0,0.07181950050872628,0.8471321794166846
severe,Fund C,37,4.25,0.0532027683452783,0.8339962907874163
severe,Fund C,37,4.5,0.04880185481759756,0.823429863300326
severe,Fund C,37,4.75,0.052894980767263455,0.8130285879894833
severe,Fund C,37,5.0,0.04699749164239253,0.8029397768651959
severe,Fund C,38,0.0,0.02,1.0
severe,Fund C,38,0.25,0.026679160694014624,0.9941820948526853
severe,Fund C,38,0.5,0.02359072552921249,0.9879545040127233
severe,Fund C,38,0.75,0.028453238877447332,0.9815482309664035
severe,Fund C,38,1.0,0.025070864518071247,0.975003089433148
severe,Fund C,38,1.25,0.03176930516557822,0.9681002233462406
severe,Fund C,38,1.5,0.030187291813879386,0.960631656689814
severe,Fund C,38,1.75,0.03259176126493914,0.9531227147699307
severe,Fund C,38,2.0,0.033027055237824905,0.9453368415925762
severe,Fund C,38,2.25,0.03771584487340168,0.937014210049412
severe,Fund C,38,2.5,0.022530800520102593,0.9299842187557923
severe,Fund C,38,2.75,0.018721555153267743,0.9252010566780706
severe,Fund C,38,3.0,0.026317448719438755,0.9200069248082726
severe,Fund C,38,3.25,0.029959967849919923,0.913557683948347
severe,Fund C,38,3.5,0.02003991057798103,0.9078657680288303
severe,Fund C,38,3.75,0.01373692665566487,0.9040407442517122
severe,Fund C,38,4.0,0.015097129695106286,0.9007882140298445
severe,Fund C,38,4.25,0.020129131188638454,0.8968305087932417
severe,Fund C,38,4.5,0.01824498709840489,0.892538924877794
severe,Fund C,38,4.75,0.021031500037506184,0.8881676898801066
severe,Fund C,38,5.0,0.01563192761898308,0.8841065938637727
severe,Fund C,39,0.0,0.02,1.0
severe,Fund C,39,0.25,0.023285981165179125,0.994603864084056
severe,Fund C,39,0.5,0.025797906656198168,0.9885201683222862
severe,Fund C,39,0.75,0.023285845252844058,0.9824737014077761
severe,Fund C,39,1.0,0.01905055310260778,0.9772881348984486
severe,Fund C,39,1.25,0.021489034398643397,0.9723483044051101
severe,Fund C,39,1.5,0.03786891929046374,0.9651604277811889
severe,Fund C,39,1.75,0.03244392634281418,0.9567147003237935
severe,Fund C,39,2.0,0.0373413015176789,0.9484054253841792
severe,Fund C,39,2.25,0.030338560363099377,0.9404157756613303
severe,Fund C,39,2.5,0.03474794425852017,0.9327957682049534
severe,Fund C,39,2.75,0.044803591741288305,0.9235660670487246
severe,Fund C,39,3.0,0.04375757352318282,0.913398438560938
severe,Fund C,39,3.25,0.037312455825834895,0.9041890255563545
severe,Fund C,39,3.5,0.038580379067063554,0.8956519001933998
severe,Fund C,39,3.75,0.04463200495858447,0.8863840176810289
severe,Fund C,39,4.0,0.03141302216689584,0.8779982995001651
severe,Fund C,39,4.25,0.02467056174770597,0.8718646629772006
severe,Fund C,39,4.5,0.016616796401695704,0.8673766305516581
severe,Fund C,39,4.75,0.009233136674060175,0.8645784503031452
severe,Fund C,39,5.0,0.00935687039929255,0.8625717178409854
severe,Fund C,40,0.0,0.02,1.0
severe,Fund C,40,0.25,0.021869644742910813,0.994779966382156
severe,Fund C,40,0.5,0.018604615636685043,0.9897598033793644
severe,Fund C,40,0.75,0.016922474926227248,0.9853741379365717
severe,Fund C,40,1.0,0.013461306273177563,0.9816388117341689
severe,Fund C,40,1.25,0.019296311147841038,0.9776275112990803
severe,Fund C,40,1.5,0.021032800494269786,0.9727115565843326
severe,Fund C,40,1.75,0.019199878177838085,0.9678319878142695
severe,Fund C,40,2.0,0.01467395291581809,0.963742629403479
severe,Fund C,40,2.25,0.019198437678534575,0.959670722466067
severe,Fund C,40,2.5,0.018213623028921395,0.9551932925774935
severe,Fund C,40,2.75,0.01697690283563413,0.9510008010530641
severe,Fund C,40,3.0,0.02361215660624084,0.9461879920836673
severe,Fund C,40,3.25,0.027136792352456408,0.9402047341370691
severe,Fund C,40,3.5,0.029714644286301196,0.9335469200657357
severe,Fund C,40,3.75,0.03722303772138871,0.9257683246597216
severe,Fund C,40,4.0,0.027104896396997008,0.918354078081734
severe,Fund C,40,4.25,0.028427917021501964,0.9120013045939578
severe,Fund C,40,4.5,0.025698646497301116,0.9058516945636476
severe,Fund C,40,4.75,0.022349954267189297,0.9004273869659264
severe,Fund C,40,5.0,0.018860009645488212,0.8958009905326904
severe,Fund C,41,0.0,0.02,1.0
severe,Fund C,41,0.25,0.021751728511356747,0.994794629078324
severe,Fund C,41,0.5,0.020997562410234927,0.989492961227074
severe,Fund C,41,0.75,0.025132392652298278,0.9838037215344961
severe,Fund C,41,1.0,0.022408263331534707,0.9779747240510106
severe,Fund C,41,1.25,0.011824978392692958,0.9737987595822316
severe,Fund C,41,1.5,0.02129313522836337,0.9697757951441742
severe,Fund C,41,1.75,0.01945227688499345,0.9648491127219626
severe,Fund C,41,2.0,0.018394272223086785,0.960295366522823
severe,Fund C,41,2.25,0.019228386371530553,0.9557898610544956
severe,Fund C,41,2.5,0.01783713447427934,0.9513717478098214
severe,Fund C,41,2.75,0.01918630194132203,0.9469790387973204
severe,Fund C,41,3.0,0.020505637717409007,0.942292245797456
severe,Fund C,41,3.25,0.022268684266186625,0.9372674520368438
severe,Fund C,41,3.5,0.02135744043524144,0.932170194675173
severe,Fund C,41,3.75,0.024762410625137364,0.9268117114762077
severe,Fund C,41,4.0,0.032008777266570844,0.9202579677414497
severe,Fund C,41,4.25,0.03072319605423607,0.9130699870514933
severe,Fund C,41,4.5,0.030608242381992824,0.9060967641049916
severe,Fund C,41,4.75,0.02668446537806566,0.8996308527002187
severe,Fund C,41,5.0,0.022595814414218,0.8941061288998806
severe,Fund C,42,0.0,0.02,1.0
severe,Fund C,42,0.25,0.014903122334140536,0.9956466132880326
severe,Fund C,42,0.5,0.013151865524315683,0.9921611217431738
severe,Fund C,42,0.75,0.015954875320695425,0.9885578585900741
severe,Fund C,42,1.0,0.013961413051263484,0.9848680142966388
severe,Fund C,42,1.25,0.013168538765211266,0.9815337434334395
severe,Fund C,42,1.5,0.01584048943786648,0.9779810211344213
severe,Fund C,42,1.75,0.021799619077417186,0.973390415064737
severe,Fund C,42,2.0,0.023889418342238466,0.9678471005387427
severe,Fund C,42,2.25,0.014828348269333996,0.9631743073974506
severe,Fund C,42,2.5,0.012492802435173464,0.9598905390587702
severe,Fund C,42,2.75,0.01696515409571999,0.9563624868988488
severe,Fund C,42,3.0,0.017923834250120375,0.9522007534543617
severe,Fund C,42,3.25,0.018934760296523984,0.9478237466546906
severe,Fund C,42,3.5,0.01662672758865056,0.9436198443054128
severe,Fund C,42,3.75,0.023386502426301036,0.938911967969036
severe,Fund C,42,4.0,0.024277341435598985,0.9333345802710074
severe,Fund C,42,4.25,0.025023197320820534,0.9276005294491997
severe,Fund C,42,4.5,0.031699278733703214,0.9210468159811072
severe,Fund C,42,4.75,0.032485012760707706,0.9136867881819251
severe,Fund C,42,5.0,0.02588263136375864,0.9070448292019555
severe,Fund C,43,0.0,0.02,1.0
severe,Fund C,43,0.25,0.01791788921483257,0.9952714786721089
severe,Fund C,43,0.5,0.021515241089951034,0.9903777158662814
severe,Fund C,43,0.75,0.02371436298722468,0.9847942154616163
severe,Fund C,43,1.0,0.02588176558760423,0.9787078536379558
severe,Fund C,43,1.25,0.018095418577279133,0.9733425122465803
severe,Fund C,43,1.5,0.019421584304533397,0.9687885869647537
severe,Fund C,43,1.75,0.02579575052239643,0.9633282780508133
severe,Fund C,43,2.0,0.029814933193672996,0.9566550807155954
severe,Fund C,43,2.25,0.030980970581983135,0.9494125465679567
severe,Fund C,43,2.5,0.028826910466821176,0.942341217995059
severe,Fund C,43,2.75,0.029358152126681324,0.935512309035034
severe,Fund C,43,3.0,0.02984687229708608,0.9286144859906335
severe,Fund C,43,3.25,0.02423134795404254,0.9223584272578578
severe,Fund C,43,3.5,0.02442995834441657,0.916765060044979
severe,Fund C,43,3.75,0.031457829895747434,0.9103828824204344
severe,Fund C,43,4.0,0.03264079476853452,0.9031177403033042
severe,Fund C,43,4.25,0.03997966526109084,0.8949567341247499
severe,Fund C,43,4.5,0.04256810572157775,0.8857696286393348
severe,Fund C,43,4.75,0.037805885712797076,0.8769150777752182
severe,Fund C,43,5.0,0.033671374430417886,0.8691150391085254
severe,Fund C,44,0.0,0.02,1.0
severe,Fund C,44,0.25,0.020459129276095975,0.9949553759113999
severe,Fund C,44,0.5,0.0221697164293291,0.9896677513555819
severe,Fund C,44,0.75,0.014012159189501574,0.9852018535675753
severe,Fund C,44,1.0,0.017805674121480475,0.9812912618379274
severe,Fund C,44,1.25,0.013805099347179033,0.9774214903042329
severe,Fund C,44,1.5,0.018310812057259318,0.9735055081485079
severe,Fund C,44,1.75,0.021583870247934418,0.9686628812543522
severe,Fund C,44,2.0,0.02328773553839403,0.9632449076636221
severe,Fund C,44,2.25,0.013754482420147525,0.9587951264967967
severe,Fund C,44,2.5,0.014901538897471065,0.9553668634879939
severe,Fund C,44,2.75,0.01848900007489811,0.9513876467157566
severe,Fund C,44,3.0,0.022704254125668684,0.9465013934072125
severe,Fund C,44,3.25,0.025829745633351612,0.9407765891439741
severe,Fund C,44,3.5,0.02852021328253072,0.9344068546977463
severe,Fund C,44,3.75,0.02389117502268359,0.9283051688241623
severe,Fund C,44,4.0,0.03158050013184631,0.9218906033471709
severe,Fund C,44,4.25,0.0410815875636233,0.9135552028922433
severe,Fund C,44,4.5,0.04393777604964806,0.9038978747814874
severe,Fund C,44,4.75,0.04671794257406409,0.8937127535660431
severe,Fund C,44,5.0,0.04027155541366598,0.8840474446001945
severe,Fund C,45,0.0,0.02,1.0
severe,Fund C,45,0.25,0.033181778024147554,0.9933743249708988
severe,Fund C,45,0.5,0.040807361846062026,0.9842293156342046
severe,Fund C,45,0.75,0.04258398142460743,0.9740230769573068
severe,Fund C,45,1.0,0.04173596051996781,0.9638107940298307
severe,Fund C,45,1.25,0.03423016188559372,0.9547019889178452
severe,Fund C,45,1.5,0.03164270303020482,0.9468731455286954
severe,Fund C,45,1.75,0.04231789445365835,0.9381595734562476
severe,Fund C,45,2.0,0.04146719957745851,0.9283853725592003
severe,Fund C,45,2.25,0.03610890673381991,0.919426315514982
severe,Fund C,45,2.5,0.03888986055521593,0.9108471126665644
severe,Fund C,45,2.75,0.04295675972715638,0.9015758999031452
severe,Fund C,45,3.0,0.022045257207060173,0.8942800488676841
severe,Fund C,45,3.25,0.022444995792536292,0.8893205091452404
severe,Fund C,45,3.5,0.02553169609883744,0.8840031374433532
severe,Fund C,45,3.75,0.03345220366790162,0.8775093620663315
severe,Fund C,45,4.0,0.02613736713925138,0.870997344413168
severe,Fund C,45,4.25,0.010194722598183766,0.867050668922341
severe,Fund C,45,4.5,0.013784093656117883,0.8644557037929745
severe,Fund C,45,4.75,0.007863793071190544,0.862119660973256
severe,Fund C,45,5.0,0.01277335358841953,0.8598985657864466
severe,Fund C,46,0.0,0.02,1.0
severe,Fund C,46,0.25,0.01928169126289564,0.9951018239733598
severe,Fund C,46,0.5,0.022007490095233957,0.989979187226891
severe,Fund C,46,0.75,0.03265707168550204,0.9832376488548759
severe,Fund C,46,1.0,0.027114244489372805,0.9759188477510402
severe,Fund C,46,1.25,0.029679021759152595,0.9690151794924836
severe,Fund C,46,1.5,0.021711508889547836,0.9628103546220971
severe,Fund C,46,1.75,0.019523643268155262,0.957860418607473
severe,Fund C,46,2.0,0.021606274747824637,0.9529484661286662
severe,Fund C,46,2.25,0.025322276186615034,0.9473747686294491
severe,Fund C,46,2.5,0.024238739542505997,0.9415238041004648
severe,Fund C,46,2.75,0.0329750273907215,0.9348143094781574
severe,Fund C,46,3.0,0.029418175388963134,0.9275519092196401
severe,Fund C,46,3.25,0.027540296087351965,0.9209713707356639
severe,Fund C,46,3.5,0.02195096073564938,0.915291454159288
severe,Fund C,46,3.75,0.026816651770357604,0.9097288536858003
severe,Fund C,46,4.0,0.027702692794870788,0.9035502034918098
severe,Fund C,46,4.25,0.02797756193446411,0.8972832995294249
severe,Fund C,46,4.5,0.030414004786859482,0.8907579204867108
severe,Fund C,46,4.75,0.031943570283380705,0.8838417223511428
severe,Fund C,46,5.0,0.026526274414930523,0.8774055102413569
severe,Fund C,47,0.0,0.02,1.0
severe,Fund C,47,0.25,0.017063821933748502,0.9953777379447597
severe,Fund C,47,0.5,0.024349846011655928,0.9902382717912792
severe,Fund C,47,0.75,0.02429719134160118,0.9842350230319352
severe,Fund C,47,1.0,0.029402539340429905,0.9776505024834354
severe,Fund C,47,1.25,0.036459746277496916,0.9696347566384194
severe,Fund C,47,1.5,0.02359511457275576,0.9623830992243435
severe,Fund C,47,1.75,0.01148976631582633,0.9581717036930857
severe,Fund C,47,2.0,0.009431084706517424,0.9556692562689874
severe,Fund C,47,2.25,0.012495011349486546,0.953053580390047
severe,Fund C,47,2.5,0.013711413207505742,0.9499366725213358
severe,Fund C,47,2.75,0.01272347966244364,0.9468029186293482
severe,Fund C,47,3.0,0.010233618457923348,0.944089832339969
severe,Fund C,47,3.25,0.013296868970941445,0.9413170504044406
severe,Fund C,47,3.5,0.014534619211366904,0.9380479583870639
severe,Fund C,47,3.75,0.019771103851169834,0.9340340191709899
severe,Fund C,47,4.0,0.021038390740650174,0.9292814692676641
severe,Fund C,47,4.25,0.02351799115021968,0.924120178134609
severe,Fund C,47,4.5,0.020282259722693607,0.9190744166352443
severe,Fund C,47,4.75,0.014899425526626039,0.9150414676504819
severe,Fund C,47,5.0,0.016242847328530003,0.9114863329434781
severe,Fund C,48,0.0,0.02,1.0
severe,Fund C,48,0.25,0.020223723653529115,0.9949846536033677
severe,Fund C,48,0.5,0.013807735786436938,0.9907610459580011
severe,Fund C,48,0.75,0.015131520002923267,0.9871835345995461
severe,Fund C,48,1.0,0.02236450904558401,0.9825674280928814
severe,Fund C,48,1.25,0.027512427499265912,0.9764605532296575
severe,Fund C,48,1.5,0.03005219626563352,0.9694595734387121
severe,Fund C,48,1.75,0.030872024842296383,0.9621046685499003
severe,Fund C,48,2.0,0.03384887849453243,0.9543525332495679
severe,Fund C,48,2.25,0.029631201306252256,0.9468097021758118
severe,Fund C,48,2.5,0.03383437851701125,0.9393281892320251
severe,Fund C,48,2.75,0.03342174584069728,0.9314643445922487
severe,Fund C,48,3.0,0.030274669206980083,0.9240774237030184
severe,Fund C,48,3.25,0.027757700631947303,0.9173983776940132
severe,Fund C,48,3.5,0.035309178134373294,0.9101946283426915
severe,Fund C,48,3.75,0.037941604312316655,0.9018986083374184
severe,Fund C,48,4.0,0.0454126085928354,0.8925502633286425
severe,Fund C,48,4.25,0.05272438163008546,0.8816681215244889
severe,Fund C,48,4.5,0.03663132565676691,0.8718751546049301
severe,Fund C,48,4.75,0.02134783363625318,0.8655791733350519
severe,Fund C,48,5.0,0.022505822706817537,0.8608473030966491
severe,Fund C,49,0.0,0.02,1.0
severe,Fund C,49,0.25,0.021603008379246058,0.9948131224988025
severe,Fund C,49,0.5,0.025428663427032084,0.9889818147677283
severe,Fund C,49,0.75,0.023199282835408414,0.9829885289769128
severe,Fund C,49,1.0,0.029625267737252943,0.9765191703848577
severe,Fund C,49,1.25,0.037177455307010804,0.9683988538122408
severe,Fund C,49,1.5,0.036403218533501536,0.9595327596126936
severe,Fund C,49,1.75,0.03449837952035016,0.95106628219943
severe,Fund C,49,2.0,0.03252504220777755,0.9431316021330417
severe,Fund C,49,2.25,0.023977035514662504,0.9364939578823505
severe,Fund C,49,2.5,0.028601927909024626,0.9303591548698081
severe,Fund C,49,2.75,0.03840742339019264,0.9225988556001288
severe,Fund C,49,3.0,0.03470566599318466,0.9142055114038542
severe,Fund C,49,3.25,0.028421674573067254,0.9070199785790644
severe,Fund C,49,3.5,0.0324720100037347,0.9001422140027177
severe,Fund C,49,3.75,0.02745045166654686,0.893425060018606
severe,Fund C,49,4.0,0.025362285628192593,0.8875464575627495
severe,Fund C,49,4.25,0.016011213644693906,0.8829681936025273
severe,Fund C,49,4.5,0.01349291714891494,0.8797177899238375
severe,Fund C,49,4.75,0.016901587956794088,0.8763818077998623
severe,Fund C,49,5.0,0.014114980535941369,0.8729905914952072
