time_years,path,exposure
1.25,0,2756067.1675192267
1.25,1,4442859.249091871
1.25,2,3448238.7624660507
1.25,3,4687001.729794458
1.25,4,1594013.4682710657
1.25,5,3169543.9463804886
1.25,6,3832580.681794909
1.25,7,4094638.8245477537
1.25,8,1310034.3585287458
1.25,9,5561136.866567862
1.25,10,2669196.300240079
1.25,11,4604820.693037786
1.25,12,6111090.785256792
1.25,13,4458245.880913568
1.25,14,3152821.0580843943
1.25,15,8602134.02880667
1.25,16,5553599.596409104
1.25,17,3517580.675128835
1.25,18,0.0
1.25,19,3787359.2062031794
1.25,20,1331945.2464688127
1.25,21,6602094.1570656
1.25,22,5022230.128372645
1.25,23,2283910.7289407942
1.25,24,7739678.3406716315
1.25,25,965471.2311710883
1.25,26,3587117.02762811
1.25,27,1370155.8160606315
1.25,28,3390237.4888202124
1.25,29,5028767.060408936
1.25,30,5166496.512915444
1.25,31,3380341.175052423
1.25,32,0.0
1.25,33,2766057.5495564016
1.25,34,2429860.0711197536
1.25,35,2092889.8240581285
1.25,36,2653934.7310619373
1.25,37,2556755.933690876
1.25,38,2685069.411888596
1.25,39,1298414.5209402177
1.25,40,230538.78801101653
1.25,41,3361622.5705430014
1.25,42,4366456.277416458
1.25,43,2601800.7841408122
1.25,44,2341694.115494797
1.25,45,4680023.848375943
1.25,46,2752627.382862138
1.25,47,4689941.4148950325
1.25,48,5297134.418628904
1.25,49,2395354.762168605
1.25,50,5819563.078213314
1.25,51,1874317.2132859891
1.25,52,5186382.242186891
1.25,53,3043685.880133403
1.25,54,2070773.307547996
1.25,55,2222402.426755791
1.25,56,2725476.712521197
1.25,57,5510577.486409625
1.25,58,4265285.716228314
1.25,59,3491463.762693687
1.25,60,1373402.8436958943
1.25,61,3006645.697321415
1.25,62,2954107.2129528793
1.25,63,1837553.56223176
1.25,64,4018105.8060674164
1.25,65,3293608.813470168
1.25,66,6666038.213678193
1.25,67,2641638.964341274
1.25,68,2616436.963511882
1.25,69,4923703.451068576
1.25,70,1905014.6939990448
1.25,71,908877.3475121435
1.25,72,1813456.8183002912
1.25,73,0.0
1.25,74,2679242.464765303
1.25,75,3914562.0965014994
1.25,76,4580649.16460738
1.25,77,2043871.9231597846
1.25,78,4007460.575807428
1.25,79,2146510.4319612295
1.25,80,2269053.1524970722
1.25,81,2432996.769734456
1.25,82,7490954.0492516775
1.25,83,4654927.563864148
1.25,84,3128137.8993341504
1.25,85,2030963.023370918
1.25,86,3637425.682288985
1.25,87,5057553.96608061
1.25,88,4227140.219989196
1.25,89,1766423.325442765
1.25,90,3181334.0534037836
1.25,91,1435852.2701730453
1.25,92,5985030.931161944
1.25,93,5236065.133804729
1.25,94,8183687.696025964
1.25,95,3223558.434537545
1.25,96,2385794.353381768
1.25,97,1680161.2612923407
1.25,98,3554766.0630826615
1.25,99,2647501.217792713
1.25,100,2349550.5791071756
1.25,101,617119.9467895032
1.25,102,4144643.838856256
1.25,103,2602097.0459587025
1.25,104,4500391.2598871095
1.25,105,1323716.687018732
1.25,106,1952048.5962975791
1.25,107,3618939.6662152503
1.25,108,4714053.968875041
1.25,109,3320696.754582364
1.25,110,3033183.7118997993
1.25,111,4001226.32359024
1.25,112,5325776.259678898
1.25,113,2268261.7157295747
1.25,114,5075508.510336886
1.25,115,2184111.935969608
1.25,116,3755408.9601698327
1.25,117,1492394.5981219127
1.25,118,2558721.3229342317
1.25,119,2514071.7836581743
1.25,120,3626594.7548668683
1.25,121,2623018.263910419
1.25,122,4903503.255199865
1.25,123,2981497.9730827645
1.25,124,6192763.3006975865
1.25,125,5549767.780330263
1.25,126,2116422.6033919305
1.25,127,4392865.358181964
1.25,128,2130778.061069238
1.25,129,1568350.2006381284
1.25,130,4252008.982373569
1.25,131,2128706.7760320986
1.25,132,3026524.6471520327
1.25,133,3310313.948235439
1.25,134,3114213.2449823543
1.25,135,2135978.476125946
1.25,136,6951689.283870207
1.25,137,6849361.454053589
1.25,138,2542451.2741990853
1.25,139,3398363.2666193144
1.25,140,6523050.106293679
1.25,141,4099553.8081576372
1.25,142,5965082.884105392
1.25,143,2604236.540285317
1.25,144,721232.5985692097
1.25,145,3387749.485900252
1.25,146,3357428.873221471
1.25,147,4087688.134026291
1.25,148,3242643.345961331
1.25,149,2609307.747470013
1.25,150,5681751.000746603
1.25,151,3981688.760896356
1.25,152,4721112.079504042
1.25,153,3103684.699292135
1.25,154,1549790.8739458153
1.25,155,4235117.497201487
1.25,156,2842251.675040565
1.25,157,2488021.3609024766
1.25,158,3328579.0046088924
1.25,159,1315377.3254765798
1.25,160,4535769.844811826
1.25,161,4914511.788690155
1.25,162,5072994.09536797
1.25,163,3974636.0962130046
1.25,164,3282087.4693582356
1.25,165,872014.6294344995
1.25,166,3457777.8170818845
1.25,167,1392769.3415576771
1.25,168,2028892.026016943
1.25,169,425413.50085569604
1.25,170,2179639.8270008224
1.25,171,2244776.2161454577
1.25,172,3169637.0113420985
1.25,173,3264861.820077002
1.25,174,2532150.4662135704
1.25,175,836842.9478071032
1.25,176,2792433.566558347
1.25,177,855629.841981181
1.25,178,1870201.643145756
1.25,179,3712180.586672252
1.25,180,1770359.7491710777
1.25,181,4829167.318779918
1.25,182,1987348.483024518
1.25,183,4732096.633674775
1.25,184,3562413.0097934
1.25,185,1791730.918657834
1.25,186,1663156.6325735627
1.25,187,4999062.468732826
1.25,188,5371248.915338768
1.25,189,4214630.576740832
1.25,190,116133.69381774298
1.25,191,4266258.192407477
1.25,192,523570.67036821437
1.25,193,4190650.1865510857
1.25,194,3711678.5439212476
1.25,195,1885097.727370366
1.25,196,2434477.265060679
1.25,197,3846994.2853916413
1.25,198,1592886.1477085624
1.25,199,2722929.357943364
1.25,200,3657758.640310868
1.25,201,2041321.6115205036
1.25,202,3161669.9003680497
1.25,203,847433.274494228
1.25,204,7686216.186815085
1.25,205,2630121.439703302
1.25,206,4062874.9587059347
1.25,207,3764987.743509213
1.25,208,2641076.4657050655
1.25,209,5138443.376621352
1.25,210,3471448.8257199
1.25,211,929670.100685669
1.25,212,845515.0452771138
1.25,213,3090120.4862265717
1.25,214,2088089.949559713
1.25,215,3388036.86565839
1.25,216,3177012.7719429135
1.25,217,4187622.264202976
1.25,218,5549046.932421901
1.25,219,2435485.0034417864
1.25,220,1194990.2166338237
1.25,221,1676019.4573066246
1.25,222,3697095.8324011248
1.25,223,3319158.112127845
1.25,224,2902614.824034407
1.25,225,4133480.3798941467
1.25,226,864242.2477934862
1.25,227,5948951.827584319
1.25,228,3197274.531618038
1.25,229,5879084.3328863755
1.25,230,1176355.259885972
1.25,231,2318088.9554460347
1.25,232,4014967.035924782
1.25,233,5861193.647439318
1.25,234,4912181.368566584
1.25,235,4374139.073580499
1.25,236,2142286.0824069185
1.25,237,3348470.321305258
1.25,238,3919330.8455296247
1.25,239,4272028.554744307
1.25,240,3508162.8385399496
1.25,241,5550222.718246402
1.25,242,4573516.900893561
1.25,243,671381.711542886
1.25,244,7921065.3409493705
1.25,245,3219146.1552710207
1.25,246,631225.7955886073
1.25,247,3503356.289937846
1.25,248,2676018.1055289963
1.25,249,0.0
1.25,250,3494310.427007014
1.25,251,0.0
1.25,252,11608388.174702942
1.25,253,3648879.681087297
1.25,254,941927.1246024811
1.25,255,5564804.155539265
1.25,256,1789997.0599382045
1.25,257,5095622.125437623
1.25,258,2474694.646228211
1.25,259,2850397.945079582
1.25,260,4436499.654681498
1.25,261,2640996.771662464
1.25,262,2459909.708038306
1.25,263,686759.7158475032
1.25,264,1609705.6264289632
1.25,265,1746386.0345067484
1.25,266,3364086.311424441
1.25,267,3366585.7087567104
1.25,268,5596699.398803436
1.25,269,4176897.0945946393
1.25,270,2386046.9419076173
1.25,271,2215865.4080508333
1.25,272,1373410.4844207314
1.25,273,2512077.3249138556
1.25,274,855723.0841871395
1.25,275,2758929.2718064114
1.25,276,5417283.710766976
1.25,277,1260452.8446187384
1.25,278,1894194.707896617
1.25,279,3554770.0937187625
1.25,280,3571372.0049721063
1.25,281,2226051.1478112396
1.25,282,5591175.7236608835
1.25,283,3898738.009654441
1.25,284,2391582.5544873974
1.25,285,898519.3596388489
1.25,286,4530053.138037508
1.25,287,2283558.6137638097
1.25,288,1868856.8552526864
1.25,289,642783.2115586117
1.25,290,2932746.9593443405
1.25,291,1674891.8597468012
1.25,292,4422174.6942328345
1.25,293,1824939.8398408485
1.25,294,2761071.4685011143
1.25,295,1495951.2795058514
1.25,296,8434408.47633293
1.25,297,2620897.4724249733
1.25,298,1192841.3249001098
1.25,299,3793862.0187145746
1.25,300,2682364.883788988
1.25,301,4642253.165733908
1.25,302,2910387.3710852605
1.25,303,1155037.332643941
1.25,304,1953983.7551806304
1.25,305,3353135.2822613176
1.25,306,1347753.6562324355
1.25,307,2394339.1927444683
1.25,308,9629997.490582796
1.25,309,3201379.9347097264
1.25,310,1687734.6434888374
1.25,311,2732448.40786177
1.25,312,2606701.9609549316
1.25,313,2532885.193961474
1.25,314,5159393.57362572
1.25,315,3491546.2729497906
1.25,316,3623214.7657704162
1.25,317,2029051.47454388
1.25,318,2298473.2857646593
1.25,319,2897506.455638134
1.25,320,1572574.5107177217
1.25,321,2405609.3196653747
1.25,322,2458589.3043838646
1.25,323,2796513.5593562666
1.25,324,4395687.11415205
1.25,325,2267603.9700865806
1.25,326,4020455.016304507
1.25,327,1537312.1950898396
1.25,328,4595788.462861498
1.25,329,0.0
1.25,330,1557119.3430950972
1.25,331,8114252.145957385
1.25,332,2285537.038109841
1.25,333,3234342.32222916
1.25,334,2049598.794757745
1.25,335,4847563.89019366
1.25,336,1444502.2193874712
1.25,337,1619816.568597156
1.25,338,3111852.7351311683
1.25,339,2164505.583568236
1.25,340,5593868.415890157
1.25,341,2092262.2657452933
1.25,342,3382850.4055933543
1.25,343,4153429.081793365
1.25,344,3793594.031014208
1.25,345,4974745.646125414
1.25,346,2010376.602338853
1.25,347,2668064.275111882
1.25,348,2241287.98474736
1.25,349,4286213.538776797
1.25,350,1395622.9170845214
1.25,351,4497468.314220684
1.25,352,3749512.880828739
1.25,353,3635757.4871006403
1.25,354,3971587.843505317
1.25,355,1934653.8278487695
1.25,356,4434870.721766203
1.25,357,559842.2940082138
1.25,358,3464017.771434568
1.25,359,4291464.026305089
1.25,360,3555060.352306639
1.25,361,2721423.120258872
1.25,362,1966023.50206158
1.25,363,2762786.987314631
1.25,364,5400463.00387881
1.25,365,2677906.771240645
1.25,366,3161385.4456735468
1.25,367,3986481.063097671
1.25,368,2515014.316967978
1.25,369,1148517.2204669644
1.25,370,2875407.5101891225
1.25,371,608182.1779427388
1.25,372,4226774.498730374
1.25,373,4788530.141328305
1.25,374,2394358.393481887
1.25,375,4277830.493614444
1.25,376,4286708.4242736995
1.25,377,3700485.054215714
1.25,378,657304.0732810651
1.25,379,4282806.807024219
1.25,380,4921639.707273745
1.25,381,2246655.5572609366
1.25,382,3136025.866305667
1.25,383,4372239.805511061
1.25,384,2247158.077002393
1.25,385,1374440.0672728766
1.25,386,3497343.6025878983
1.25,387,4709651.925780785
1.25,388,4755828.820399631
1.25,389,2603994.164107939
1.25,390,3897473.810381232
1.25,391,3400023.5996625563
1.25,392,4914850.355750719
1.25,393,1521994.0865641644
1.25,394,3722047.389636577
1.25,395,1213604.9085110645
1.25,396,4764531.161477582
1.25,397,5238344.654536159
1.25,398,3447238.0439564814
1.25,399,518307.9294779341
1.25,400,136307.3112927638
1.25,401,5266460.817353128
1.25,402,8418466.804050023
1.25,403,3033436.888091052
1.25,404,3850535.216908959
1.25,405,1966335.9265337507
1.25,406,378424.3077305872
1.25,407,1123842.5210481624
1.25,408,4365999.491528213
1.25,409,2239271.7252213596
1.25,410,3864550.9497228595
1.25,411,3427808.671970998
1.25,412,4756246.193383989
1.25,413,4162520.6047614855
1.25,414,687043.5396249571
1.25,415,2779767.0015570014
1.25,416,3866043.2147588744
1.25,417,2750761.4402744877
1.25,418,1417259.3417338133
1.25,419,3704815.2157075023
1.25,420,2490579.1465751105
1.25,421,2974780.968977806
1.25,422,2784408.7734802198
1.25,423,6153323.214596754
1.25,424,6498008.778953145
1.25,425,2308629.148562595
1.25,426,2946258.0412800806
1.25,427,2675292.265249342
1.25,428,4761486.765205752
1.25,429,3642456.8455475857
1.25,430,1601739.444470011
1.25,431,3764706.197527292
1.25,432,4435354.847158124
1.25,433,2592353.011523222
1.25,434,3816491.997105875
1.25,435,4674762.949359298
1.25,436,1651165.346532543
1.25,437,1496608.7666143747
1.25,438,1862526.9655895536
1.25,439,4299985.649409878
1.25,440,1887738.549253174
1.25,441,3418081.2937327777
1.25,442,5619812.309711845
1.25,443,3667883.1127948835
1.25,444,3674500.1776797194
1.25,445,3190667.9125688947
1.25,446,4502612.867802596
1.25,447,5179282.670876929
1.25,448,2823486.9117656536
1.25,449,9401492.836253254
1.25,450,2660064.533189388
1.25,451,2391711.3269253843
1.25,452,3404193.451717035
1.25,453,1774915.3056730013
1.25,454,1363100.495708603
1.25,455,3278421.5922716395
1.25,456,2958803.2667923835
1.25,457,2483977.750973927
1.25,458,3306368.1017388524
1.25,459,3484714.681259704
1.25,460,3169064.808140487
1.25,461,4020250.530458195
1.25,462,4842901.2025340125
1.25,463,1573316.5446128296
1.25,464,2414324.8742801324
1.25,465,3809951.436289546
1.25,466,3684014.601212213
1.25,467,2107475.4076242256
1.25,468,2784631.669610147
1.25,469,2745590.9263245044
1.25,470,3359592.978443833
1.25,471,3786776.4487049663
1.25,472,9307771.810323214
1.25,473,1348763.1434463959
1.25,474,2234319.1203078427
1.25,475,2406427.655823715
1.25,476,3145924.644504953
1.25,477,3205653.375426821
1.25,478,4012257.3032101146
1.25,479,3941065.3572337544
1.25,480,3980912.660782109
1.25,481,3407982.4153020773
1.25,482,3858406.1220261166
1.25,483,3550731.0401960574
1.25,484,4750249.147387257
1.25,485,5010326.058404514
1.25,486,964152.1668324032
1.25,487,2218376.3876352077
1.25,488,6409010.727942201
1.25,489,3868381.153695217
1.25,490,1175962.898399632
1.25,491,3064965.325808611
1.25,492,2295379.406704415
1.25,493,2975194.0166055206
1.25,494,6202516.277447872
1.25,495,955789.3087052508
1.25,496,3175769.7996602748
1.25,497,4359034.549889357
1.25,498,3079745.471973923
1.25,499,3681893.0287290765
1.25,500,8893818.998005439
1.25,501,3850018.9736787453
1.25,502,4414943.005009345
1.25,503,1852270.3719968935
1.25,504,4192795.2213514484
1.25,505,4651145.755147241
1.25,506,7438170.080084544
1.25,507,3424423.8269954845
1.25,508,6384776.480386094
1.25,509,2897410.03339432
1.25,510,2320135.7802757574
1.25,511,3499511.285042673
1.25,512,4311413.4032264985
1.25,513,1297707.4485164736
1.25,514,3675164.468576889
1.25,515,1907139.4847976821
1.25,516,0.0
1.25,517,4374450.082810695
1.25,518,5426082.229126321
1.25,519,4966354.057175366
1.25,520,3480856.6989238104
1.25,521,4866463.524300063
1.25,522,4542263.926325524
1.25,523,4261772.092623179
1.25,524,3369883.5971389217
1.25,525,2565917.0246805768
1.25,526,3781395.987282811
1.25,527,3790353.5491006034
1.25,528,3609525.0405835486
1.25,529,2103040.4410628276
1.25,530,4501152.248333139
1.25,531,2497106.806474945
1.25,532,2001344.7122279312
1.25,533,2094933.8003885804
1.25,534,2998371.9716572342
1.25,535,528787.3644668271
1.25,536,3975873.1586372824
1.25,537,2485792.363456055
1.25,538,7049613.350864215
1.25,539,5353091.712768842
1.25,540,4673248.4495684765
1.25,541,5595361.587105054
1.25,542,3630609.343439391
1.25,543,2583829.4162606653
1.25,544,1906786.4560322992
1.25,545,3329999.224149841
1.25,546,679372.3925187847
1.25,547,5739343.322824259
1.25,548,3440613.4614308523
1.25,549,2605073.765552477
1.25,550,5132387.851153955
1.25,551,2834949.689901028
1.25,552,4634424.632706234
1.25,553,4448720.680276822
1.25,554,2308026.5016691457
1.25,555,3873161.600667169
1.25,556,0.0
1.25,557,1353479.5162205433
1.25,558,4142764.401879689
1.25,559,2953288.430052964
1.25,560,7340341.332375542
1.25,561,1256153.2459047872
1.25,562,512164.6842260939
1.25,563,2379051.5799561283
1.25,564,4668718.536662836
1.25,565,1973967.651984112
1.25,566,5380484.738729719
1.25,567,349703.69283692335
1.25,568,1002570.9655117851
1.25,569,3299545.813614879
1.25,570,4060814.7589631714
1.25,571,2970950.0603378387
1.25,572,1159665.5870063324
1.25,573,2400353.3510399386
1.25,574,1864317.4979624413
1.25,575,3851612.958660769
1.25,576,1511176.9041546455
1.25,577,3606371.761386892
1.25,578,2516910.923812531
1.25,579,1408203.2200913236
1.25,580,11050823.705718193
1.25,581,6473937.120476044
1.25,582,4635713.608941808
1.25,583,923638.677068324
1.25,584,1209994.5209022332
1.25,585,3046920.0818688497
1.25,586,5083338.5711143445
1.25,587,2951822.153966116
1.25,588,2708080.4907143344
1.25,589,2103308.1687786463
1.25,590,5978113.70271049
1.25,591,2515241.9663849603
1.25,592,5278778.607851725
1.25,593,5582807.584546578
1.25,594,1221861.8980490195
1.25,595,2981152.5401318124
1.25,596,896654.314932174
1.25,597,5128114.568990886
1.25,598,4353916.475593465
1.25,599,1404094.9642349523
1.25,600,2425043.3929359866
1.25,601,869836.7126701518
1.25,602,2740123.5772860935
1.25,603,5747301.308263515
1.25,604,4734125.527619288
1.25,605,2295916.630272388
1.25,606,3018014.6568722203
1.25,607,3472553.4546673275
1.25,608,2942275.8221555906
1.25,609,1421927.0343456306
1.25,610,2431579.9956368366
1.25,611,1214347.1749279904
1.25,612,1362978.738117904
1.25,613,1085804.6826719583
1.25,614,1415218.3954796358
1.25,615,5668040.734720909
1.25,616,2770766.2607354163
1.25,617,7859784.661520066
1.25,618,2036232.1659184808
1.25,619,4511898.602297145
1.25,620,5101274.438294202
1.25,621,2834530.2465312975
1.25,622,2915633.352175722
1.25,623,3438030.9520420325
1.25,624,2237360.408268246
1.25,625,3510511.420504881
1.25,626,3228423.480748683
1.25,627,3657372.291915098
1.25,628,3546863.884073893
1.25,629,421339.3998785046
1.25,630,3832331.613432369
1.25,631,2685180.5811106456
1.25,632,2449599.7659054226
1.25,633,988715.0210591226
1.25,634,1053993.4892536001
1.25,635,8341062.285588928
1.25,636,4241426.85363235
1.25,637,3194908.688067552
1.25,638,4358326.479810373
1.25,639,2169124.6899204203
1.25,640,5411498.656723018
1.25,641,0.0
1.25,642,5172831.34472103
1.25,643,2098850.9473042907
1.25,644,2052293.3583011215
1.25,645,5342840.623956978
1.25,646,4206524.205530211
1.25,647,3161429.2637343574
1.25,648,5403320.170938993
1.25,649,1984309.1704071998
1.25,650,2396844.6937448024
1.25,651,5785721.005327275
1.25,652,4657636.914368859
1.25,653,3613048.6144105475
1.25,654,3192491.995523246
1.25,655,6413350.457765201
1.25,656,1731526.7736515794
1.25,657,2362628.277595292
1.25,658,3719575.6668882635
1.25,659,3191375.2035584673
1.25,660,109953.26303048234
1.25,661,2886117.668146532
1.25,662,1744785.9625740428
1.25,663,1554169.2291705566
1.25,664,3568651.6362248547
1.25,665,2776122.9484223463
1.25,666,1397469.7278081863
1.25,667,3661521.4889405924
1.25,668,3180825.493606905
1.25,669,1228894.4342512935
1.25,670,1783996.8459340446
1.25,671,4762838.516380292
1.25,672,3636439.3839441733
1.25,673,3719065.8084115544
1.25,674,4723701.964875942
1.25,675,2026164.974097907
1.25,676,4845582.451473713
1.25,677,377316.4464417961
1.25,678,2697577.9825409595
1.25,679,2793495.5917015555
1.25,680,7371192.876329778
1.25,681,2120082.2742541023
1.25,682,3696320.445564543
1.25,683,2556698.108495269
1.25,684,2634201.50272715
1.25,685,1471439.5345776915
1.25,686,2034626.2618772155
1.25,687,2546717.572782764
1.25,688,3758247.4272161624
1.25,689,2772323.240636999
1.25,690,4030293.0383643922
1.25,691,2376781.306244733
1.25,692,2951811.8080039867
1.25,693,4104589.8932323693
1.25,694,1332144.710829192
1.25,695,2468009.936297551
1.25,696,3792204.6761400276
1.25,697,1876862.3292193913
1.25,698,4494154.242171712
1.25,699,5554128.526743396
1.25,700,5444724.914334195
1.25,701,3705593.096394986
1.25,702,4547253.82657438
1.25,703,6888256.101777136
1.25,704,2406049.0579928965
1.25,705,3487607.8434083518
1.25,706,5385404.228603109
1.25,707,3507677.084675471
1.25,708,601347.8747934718
1.25,709,5249983.087747207
1.25,710,238934.57049799775
1.25,711,4581837.336347236
1.25,712,1160808.142937826
1.25,713,1104676.6569509483
1.25,714,5898690.388285626
1.25,715,1956999.5406085304
1.25,716,3216557.3489370374
1.25,717,2701019.3599328995
1.25,718,3218954.065353073
1.25,719,3180423.142955262
1.25,720,5617712.392720196
1.25,721,5387560.673537257
1.25,722,4039633.5598477493
1.25,723,1772145.6626834832
1.25,724,2582581.6971684266
1.25,725,3110851.2517136773
1.25,726,3357817.9882526756
1.25,727,4715031.345277701
1.25,728,2404923.638851665
1.25,729,1888882.9686067966
1.25,730,4187713.2818712364
1.25,731,1992561.441549417
1.25,732,3790041.8715347312
1.25,733,1470378.1440062395
1.25,734,4368647.520769529
1.25,735,3881710.435461003
1.25,736,2399489.0397807937
1.25,737,3929789.353249951
1.25,738,1809188.1102010484
1.25,739,7718355.3861493
1.25,740,2534120.789874115
1.25,741,3599907.0752798617
1.25,742,1485793.8789711786
1.25,743,2000063.4462964071
1.25,744,1060108.6793034798
1.25,745,5243817.759850845
1.25,746,4536714.009342754
1.25,747,2871931.959339639
1.25,748,9417937.32710095
1.25,749,2933688.2857940216
1.25,750,2687236.103734989
1.25,751,2037384.493525888
1.25,752,4574952.797490831
1.25,753,1612134.9236695603
1.25,754,5927634.224933911
1.25,755,3667309.1916177077
1.25,756,2756543.782206906
1.25,757,5494491.466873583
1.25,758,3883227.880274963
1.25,759,1424004.2874900443
1.25,760,3437643.1673373175
1.25,761,1803634.2038963307
1.25,762,1416800.4894139857
1.25,763,935096.1821252892
1.25,764,5232079.686104056
1.25,765,5579105.055844313
1.25,766,3543858.334872685
1.25,767,973855.5238164612
1.25,768,3499990.689999439
1.25,769,1945445.8090612902
1.25,770,1648061.0971692349
1.25,771,2557750.7795037027
1.25,772,2317357.629556623
1.25,773,3344664.7239516354
1.25,774,2942991.9608436106
1.25,775,3718055.1199621144
1.25,776,4179969.396893133
1.25,777,6758087.274484092
1.25,778,3640676.0003492935
1.25,779,1679292.1493476182
1.25,780,1933502.3756445833
1.25,781,3009089.205977716
1.25,782,2338597.6582842763
1.25,783,3624827.5726347384
1.25,784,3954453.3509691064
1.25,785,5861874.992083281
1.25,786,2100409.1262284108
1.25,787,213367.1962266158
1.25,788,4721037.908954834
1.25,789,4017261.0739377737
1.25,790,0.0
1.25,791,973602.3809888265
1.25,792,4696741.944884228
1.25,793,8632686.565143097
1.25,794,2799307.133619845
1.25,795,5296486.8837342905
1.25,796,4040776.231209571
1.25,797,1524134.4415032254
1.25,798,3055305.13341402
1.25,799,4078294.6632464724
1.25,800,4357983.970558961
1.25,801,3432571.767076842
1.25,802,3633492.0860856464
1.25,803,4037182.078392959
1.25,804,0.0
1.25,805,2652984.2770500495
1.25,806,2435192.7148406194
1.25,807,5234769.922248897
1.25,808,2833861.4423429132
1.25,809,3080976.1936142156
1.25,810,4892105.959550987
1.25,811,2063711.872356924
1.25,812,4295327.683496708
1.25,813,2354844.9968292145
1.25,814,4652224.237648551
1.25,815,3623207.913282296
1.25,816,1587206.0326869925
1.25,817,4825334.79011853
1.25,818,1515682.9747554187
1.25,819,2064513.2422376939
1.25,820,861779.3601992782
1.25,821,4055167.302369293
1.25,822,2627159.3391853124
1.25,823,2001557.5842906279
1.25,824,2140557.477124572
1.25,825,4200521.033037407
1.25,826,3762473.964043134
1.25,827,2465474.8505228264
1.25,828,1980747.6818857272
1.25,829,5408314.77568621
1.25,830,1963261.7787839586
1.25,831,9801511.939799888
1.25,832,3633670.68764995
1.25,833,4263540.047686039
1.25,834,4302248.752902108
1.25,835,1957456.0539160664
1.25,836,4995170.329835935
1.25,837,2778979.7268510824
1.25,838,2279285.8030515336
1.25,839,4634702.926794824
1.25,840,2801133.6855833745
1.25,841,3059427.8399597043
1.25,842,6014636.0056339605
1.25,843,3859632.2216499904
1.25,844,3625077.6315177046
1.25,845,4239211.391666728
1.25,846,2167991.1235185023
1.25,847,1242893.470868701
1.25,848,3567690.6408959473
1.25,849,2506501.6740024392
1.25,850,2142926.566864608
1.25,851,5800270.733681717
1.25,852,6971872.040421856
1.25,853,1402999.779879761
1.25,854,1166640.0978074495
1.25,855,2374741.7803145577
1.25,856,4030612.8375004022
1.25,857,4836570.502545862
1.25,858,3871749.7053500772
1.25,859,3595196.1618416887
1.25,860,1264709.6538154234
1.25,861,1619491.729535797
1.25,862,3644108.066063989
1.25,863,3103374.9712605434
1.25,864,5105134.668885819
1.25,865,2624851.156199939
1.25,866,5757099.342894013
1.25,867,2269690.3660457865
1.25,868,2157024.0166563233
1.25,869,3866835.85707118
1.25,870,7220274.75978752
1.25,871,1751949.1873041308
1.25,872,2953969.2795462194
1.25,873,5211303.097028548
1.25,874,4468684.310487926
1.25,875,3459569.1488115243
1.25,876,5156968.9218123155
1.25,877,4908903.896222805
1.25,878,3343693.220336357
1.25,879,2610414.520971235
1.25,880,3094366.1474446547
1.25,881,6149137.525042405
1.25,882,3599598.575164963
1.25,883,597217.9154690286
1.25,884,3125134.1378923673
1.25,885,2370117.9537669905
1.25,886,4466084.088651897
1.25,887,1952999.4653599428
1.25,888,4807815.167485701
1.25,889,2150096.359874781
1.25,890,3733253.5709192473
1.25,891,3823313.3356144875
1.25,892,2174826.475450038
1.25,893,5981404.17560047
1.25,894,2530695.954516217
1.25,895,4421420.319561033
1.25,896,4770205.511348434
1.25,897,5013078.569725305
1.25,898,3298417.9618806355
1.25,899,3026645.026677243
1.25,900,2044214.1271751476
1.25,901,4279143.471631444
1.25,902,3790537.6313584335
1.25,903,4329612.903262945
1.25,904,4513215.495698605
1.25,905,0.0
1.25,906,3711726.6925841435
1.25,907,1840698.391648711
1.25,908,3606770.0512419622
1.25,909,1867673.432416527
1.25,910,4906199.063708667
1.25,911,1668696.9804449338
1.25,912,1586526.1651575416
1.25,913,4469321.659691897
1.25,914,6754696.144855664
1.25,915,14612.589453191962
1.25,916,2929406.49894859
1.25,917,6911284.483599593
1.25,918,2742495.6383759454
1.25,919,5723558.974729316
1.25,920,5992217.0852902755
1.25,921,2870923.732957501
1.25,922,1873951.1935051526
1.25,923,4965844.20019383
1.25,924,5978813.490388273
1.25,925,1810577.276605822
1.25,926,3822535.4194582375
1.25,927,4205315.218638827
1.25,928,2947986.9095960064
1.25,929,6688747.960638477
1.25,930,3612475.5299792546
1.25,931,1831465.140267481
1.25,932,5112311.292845542
1.25,933,2847851.365669888
1.25,934,3354548.700574411
1.25,935,4173750.8564207605
1.25,936,6313597.457509627
1.25,937,3031584.2558065425
1.25,938,4942342.533912423
1.25,939,1259808.193354212
1.25,940,1908503.5101291565
1.25,941,1903369.0291800974
1.25,942,3108089.883559147
1.25,943,2804284.3743502777
1.25,944,2021001.3728533238
1.25,945,3710298.5653301394
1.25,946,3803054.4842253677
1.25,947,2912946.5337666995
1.25,948,11701953.898900282
1.25,949,5955831.007011623
1.25,950,1910614.7363877725
1.25,951,2993265.0026362743
1.25,952,2950777.967931313
1.25,953,5253046.44762802
1.25,954,3977377.952907786
1.25,955,2451757.923392484
1.25,956,2939983.838283395
1.25,957,0.0
1.25,958,3344612.0514095775
1.25,959,4802179.554095832
1.25,960,3320269.3519171122
1.25,961,3366955.3572110143
1.25,962,4878720.379276865
1.25,963,5203027.83150834
1.25,964,863288.2462639834
1.25,965,810657.5970925567
1.25,966,2164083.948027647
1.25,967,3325413.3050095947
1.25,968,3733803.7637339043
1.25,969,3619652.6532674185
1.25,970,1180811.1456784683
1.25,971,839618.1831805081
1.25,972,5188996.221830044
1.25,973,2247474.865086416
1.25,974,5169706.055670762
1.25,975,1678311.1299936771
1.25,976,979146.7658749878
1.25,977,4144082.946259804
1.25,978,5469912.956485231
1.25,979,5695360.822210301
1.25,980,3354232.7394256946
1.25,981,4263499.032318227
1.25,982,1360055.3575812394
1.25,983,2653767.4529993935
1.25,984,5188803.064625182
1.25,985,2983459.1852051187
1.25,986,977925.8043939009
1.25,987,2565272.999101852
1.25,988,4328479.139091321
1.25,989,2235462.171298701
1.25,990,3791444.386303792
1.25,991,2588778.1353931557
1.25,992,1107511.3858816982
1.25,993,5258165.542079927
1.25,994,3925694.7615896696
1.25,995,3315324.3274469613
1.25,996,2649353.4661577605
1.25,997,3133454.607634786
1.25,998,1884000.4099667813
1.25,999,3939743.300715334
1.25,1000,3744866.4586243597
1.25,1001,5002058.6548234755
1.25,1002,1109392.2974986103
1.25,1003,1352371.490900218
1.25,1004,5024373.4603218995
1.25,1005,3205089.534300139
1.25,1006,2247912.176614032
1.25,1007,5748260.072408303
1.25,1008,4378397.725688917
1.25,1009,2371775.085635181
1.25,1010,1862032.1904935
1.25,1011,5410799.198767916
1.25,1012,3210387.551947587
1.25,1013,2550980.7665457735
1.25,1014,2510001.913265512
1.25,1015,2163441.875004088
1.25,1016,1421180.078896041
1.25,1017,3687036.3620681963
1.25,1018,5421521.146682464
1.25,1019,5027430.005519141
1.25,1020,1843091.2853593053
1.25,1021,786475.6427718169
1.25,1022,3497573.2780561233
1.25,1023,2995221.993658197
1.25,1024,4545399.375845706
1.25,1025,3377953.2785475696
1.25,1026,6294432.113858397
1.25,1027,4292797.677837545
1.25,1028,3612374.025541171
1.25,1029,1218841.6554258454
1.25,1030,1336271.506906111
1.25,1031,2248882.059225712
1.25,1032,1677500.0810116008
1.25,1033,3934891.6030891994
1.25,1034,2531764.920588614
1.25,1035,3069862.9767319127
1.25,1036,3129577.3134713466
1.25,1037,1411748.5375746377
1.25,1038,1709044.036527119
1.25,1039,2720184.4191174945
1.25,1040,2120291.453675543
1.25,1041,4150078.6867685993
1.25,1042,5705454.212497719
1.25,1043,1902963.154721287
1.25,1044,58436.787175706006
1.25,1045,2417899.9588509845
1.25,1046,761932.6038450117
1.25,1047,3376934.8652767995
1.25,1048,1975960.1288729755
1.25,1049,2480065.8286483795
1.25,1050,3312928.1255385843
1.25,1051,4366043.844275052
1.25,1052,2956251.3668097397
1.25,1053,943476.3940754537
1.25,1054,2398940.5729417517
1.25,1055,2324515.51326042
1.25,1056,2646686.6024812465
1.25,1057,4557708.643053325
1.25,1058,2591812.9639620637
1.25,1059,2606457.6581448717
1.25,1060,5936360.591108351
1.25,1061,2141083.395575749
1.25,1062,5331756.648897977
1.25,1063,3333004.072105523
1.25,1064,3422859.2522618948
1.25,1065,2855304.6783684134
1.25,1066,3008971.3994429354
1.25,1067,7845603.836033205
1.25,1068,2097213.4698573444
1.25,1069,6042537.801221816
1.25,1070,5021802.129147737
1.25,1071,5410667.045513283
1.25,1072,1883544.6174862683
1.25,1073,2136266.6373428293
1.25,1074,4804874.31859581
1.25,1075,4757743.835038751
1.25,1076,477559.9726727487
1.25,1077,2670188.1776357205
1.25,1078,2495701.3768399474
1.25,1079,4288463.104632847
1.25,1080,3597790.5003959606
1.25,1081,4469134.941737434
1.25,1082,2364244.116458629
1.25,1083,5006691.256070345
1.25,1084,3649999.856521773
1.25,1085,2647548.0807068544
1.25,1086,2749415.581223158
1.25,1087,3608586.111009857
1.25,1088,2991748.6331666876
1.25,1089,3200331.3326277044
1.25,1090,3741547.247805781
1.25,1091,2747100.8542594537
1.25,1092,5673976.171309125
1.25,1093,4627288.459854009
1.25,1094,2935475.668290089
1.25,1095,2867736.735372029
1.25,1096,2919394.708686616
1.25,1097,2421887.806718471
1.25,1098,5464271.877163588
1.25,1099,3609188.6127815773
1.25,1100,4528729.964340733
1.25,1101,4169186.53597349
1.25,1102,1348736.261744938
1.25,1103,2063663.7695472825
1.25,1104,3648958.2489333954
1.25,1105,1619656.6152447497
1.25,1106,3559436.225325425
1.25,1107,5431644.928452599
1.25,1108,9728084.406630777
1.25,1109,2489408.141183568
1.25,1110,1584582.4774819862
1.25,1111,1142153.7758716187
1.25,1112,1632039.8866095669
1.25,1113,2217244.946300838
1.25,1114,974576.5474907586
1.25,1115,3836584.279672687
1.25,1116,2937725.6060712063
1.25,1117,2859747.333737656
1.25,1118,2671161.232571778
1.25,1119,3886237.0130875646
1.25,1120,3141676.9397335555
1.25,1121,2635580.5616428796
1.25,1122,1744270.2064806898
1.25,1123,4216776.811269045
1.25,1124,3805353.2953286157
1.25,1125,999584.9034496972
1.25,1126,2364873.978080514
1.25,1127,3047489.140992013
1.25,1128,3555738.6633658363
1.25,1129,5258032.466755913
1.25,1130,932960.9411486422
1.25,1131,2114276.919892412
1.25,1132,6946615.232375499
1.25,1133,2340246.358657318
1.25,1134,5530950.247223863
1.25,1135,7231973.395561917
1.25,1136,3014358.9721483947
1.25,1137,2393684.48814777
1.25,1138,2302825.7161515323
1.25,1139,3080723.6380701805
1.25,1140,4149130.103060507
1.25,1141,3909336.390261597
1.25,1142,2314388.4316799203
1.25,1143,4812794.027420082
1.25,1144,1798802.918262098
1.25,1145,2629072.8043763596
1.25,1146,0.0
1.25,1147,1374077.653218512
1.25,1148,4009361.003097539
1.25,1149,1455469.3843393582
1.25,1150,6548269.966735557
1.25,1151,3473696.8929137075
1.25,1152,3052426.243473515
1.25,1153,3074676.848651359
1.25,1154,1536124.4757594306
1.25,1155,3888921.4512941507
1.25,1156,3458281.781218671
1.25,1157,2619107.237395974
1.25,1158,3602784.406657138
1.25,1159,3657069.947208168
1.25,1160,4260445.416235268
1.25,1161,7483039.262222938
1.25,1162,2772358.2289733533
1.25,1163,1941239.4872427972
1.25,1164,2492567.588138339
1.25,1165,4584171.064977924
1.25,1166,2925463.764040181
1.25,1167,4048847.2264728844
1.25,1168,2327141.7052346156
1.25,1169,3157885.908610345
1.25,1170,2893427.351042072
1.25,1171,3355874.4600358517
1.25,1172,877232.7805579379
1.25,1173,1331119.7204980757
1.25,1174,2223898.4724108586
1.25,1175,4471101.521430585
1.25,1176,3323515.9757244876
1.25,1177,208383.11385854334
1.25,1178,2455596.4261902887
1.25,1179,1765352.966994401
1.25,1180,4886120.979915048
1.25,1181,5018609.797019709
1.25,1182,1344985.5381789992
1.25,1183,5791647.227800522
1.25,1184,1917357.117887627
1.25,1185,118430.24310433143
1.25,1186,7065480.982376058
1.25,1187,5874019.5921142
1.25,1188,4735835.223276246
1.25,1189,3393959.9882090027
1.25,1190,3390136.869522349
1.25,1191,3314772.052338259
1.25,1192,7471085.800386431
1.25,1193,3403601.0665961653
1.25,1194,4736956.31748
1.25,1195,4239383.631819789
1.25,1196,301750.06329653395
1.25,1197,2333413.484807519
1.25,1198,2684733.440775111
1.25,1199,1683721.5982316795
1.25,1200,660683.3682526823
1.25,1201,2651329.3554418343
1.25,1202,2423409.520811261
1.25,1203,1235863.1624497515
1.25,1204,5068527.787957911
1.25,1205,5768194.316427134
1.25,1206,1947206.8220486941
1.25,1207,5759792.90718455
1.25,1208,1150472.270538175
1.25,1209,5070239.645041151
1.25,1210,4243114.507080097
1.25,1211,4795635.947995515
1.25,1212,4081663.962093831
1.25,1213,5767811.076073068
1.25,1214,1861476.7164301462
1.25,1215,6243890.899842676
1.25,1216,1056501.0471634767
1.25,1217,1254203.7702805367
1.25,1218,2981126.7299234658
1.25,1219,5998789.42528205
1.25,1220,3270531.6071343846
1.25,1221,4322302.575899241
1.25,1222,4683115.257300992
1.25,1223,2801751.859153553
1.25,1224,2273447.2280211044
1.25,1225,1437836.1653940333
1.25,1226,5241647.52931842
1.25,1227,4542107.118196523
1.25,1228,4024210.0187967485
1.25,1229,3960263.5762288803
1.25,1230,1074640.5595514518
1.25,1231,1266108.568135184
1.25,1232,5778086.734557771
1.25,1233,3665180.7782406206
1.25,1234,6153948.898066565
1.25,1235,3058753.669200296
1.25,1236,2926243.024229821
1.25,1237,2093825.7588800716
1.25,1238,1940376.7740424175
1.25,1239,4241113.027216279
1.25,1240,2951201.845979919
1.25,1241,3368630.25200128
1.25,1242,664732.840677808
1.25,1243,5746685.992777729
1.25,1244,4403308.0752346255
1.25,1245,3862493.5108730397
1.25,1246,2659095.6574106854
1.25,1247,5216009.917559954
1.25,1248,5394141.804049524
1.25,1249,3025620.3178740987
1.25,1250,1848591.4004174327
1.25,1251,2457966.1658168323
1.25,1252,2497629.109393093
1.25,1253,1682389.7978356217
1.25,1254,3280199.4461845057
1.25,1255,2267566.6798135433
1.25,1256,2094053.9094748986
1.25,1257,2753346.102084615
1.25,1258,3112617.566475777
1.25,1259,3853084.3451042413
1.25,1260,2172791.178489838
1.25,1261,5255868.970286334
1.25,1262,3643443.654246676
1.25,1263,1962165.996579272
1.25,1264,1565454.4215999863
1.25,1265,4311329.104714271
1.25,1266,2696871.2284646137
1.25,1267,653791.2349262228
1.25,1268,2730789.71126426
1.25,1269,2319991.1237744857
1.25,1270,4256656.977338437
1.25,1271,4315424.771007564
1.25,1272,3764404.545737888
1.25,1273,2488941.588582499
1.25,1274,6318775.606374804
1.25,1275,3114777.7547927215
1.25,1276,7259315.869401459
1.25,1277,2602767.9037478175
1.25,1278,4276506.487870714
1.25,1279,2590142.8234002744
1.25,1280,5403203.986819171
1.25,1281,2493144.0029439363
1.25,1282,1726815.9843242974
1.25,1283,2129676.194978964
1.25,1284,3374990.920013343
1.25,1285,5676664.820124308
1.25,1286,3430874.659981588
1.25,1287,3253727.5981616587
1.25,1288,4902435.521493408
1.25,1289,1903049.685988885
1.25,1290,747975.4946306301
1.25,1291,3909753.6306905625
1.25,1292,2963448.6563058435
1.25,1293,0.0
1.25,1294,3868197.725872212
1.25,1295,2081491.3302592218
1.25,1296,4010312.236532538
1.25,1297,3083509.122467788
1.25,1298,2606202.4466778273
1.25,1299,9847794.300733374
1.25,1300,4457560.368091309
1.25,1301,2835021.729809294
1.25,1302,3227858.8587100236
1.25,1303,3333885.09445104
1.25,1304,1293922.5087887489
1.25,1305,5202151.082759205
1.25,1306,1454156.4261224666
1.25,1307,3426733.1215980076
1.25,1308,634867.5344033791
1.25,1309,1997288.5371147697
1.25,1310,4071644.931760461
1.25,1311,1985668.399385598
1.25,1312,8755376.530498238
1.25,1313,3667405.9929645536
1.25,1314,3872949.916708415
1.25,1315,2514778.9151001764
1.25,1316,4751266.2422262905
1.25,1317,3735044.7091327757
1.25,1318,1720598.651029767
1.25,1319,3692843.967883843
1.25,1320,3297643.2925026203
1.25,1321,3993157.0546543323
1.25,1322,5435550.6440317845
1.25,1323,4455259.250634743
1.25,1324,3764769.364562627
1.25,1325,5882705.79946701
1.25,1326,96790.63960521726
1.25,1327,3432014.792739438
1.25,1328,2873860.2987398542
1.25,1329,759833.3861713806
1.25,1330,5717813.765438177
1.25,1331,3011984.552857977
1.25,1332,2595671.524431906
1.25,1333,4929121.547917362
1.25,1334,4072088.4726761365
1.25,1335,4334771.5065931715
1.25,1336,2240179.3827590873
1.25,1337,2191961.125428696
1.25,1338,1485718.2290144856
1.25,1339,4307437.056047939
1.25,1340,6488162.172531486
1.25,1341,2927702.031272996
1.25,1342,2158672.816311891
1.25,1343,4194744.982032139
1.25,1344,1043381.2108818963
1.25,1345,2589112.546694834
1.25,1346,1724283.9888903592
1.25,1347,735371.1193450361
1.25,1348,948179.2957293622
1.25,1349,247443.905044985
1.25,1350,4469042.644762653
1.25,1351,3131407.896012511
1.25,1352,2748595.866020011
1.25,1353,375304.8435885387
1.25,1354,3829658.6045037275
1.25,1355,1758174.881037941
1.25,1356,701284.585149691
1.25,1357,2444502.8374271523
1.25,1358,5765458.972175801
1.25,1359,3179611.594982432
1.25,1360,3261074.7535085343
1.25,1361,4740036.857222384
1.25,1362,5272554.078281253
1.25,1363,2242622.0323734498
1.25,1364,4050447.947042811
1.25,1365,3462808.844251673
1.25,1366,2770245.77194266
1.25,1367,1364236.3125420492
1.25,1368,1786821.1636561302
1.25,1369,545460.0630150542
1.25,1370,278664.61173569155
1.25,1371,3159418.068282507
1.25,1372,996506.7111467395
1.25,1373,1614787.4921787558
1.25,1374,3294919.76256852
1.25,1375,4423816.383048322
1.25,1376,3835825.308344296
1.25,1377,2863104.513770053
1.25,1378,4237926.133691772
1.25,1379,6494128.709092564
1.25,1380,3928823.1240996476
1.25,1381,3263928.9079696275
1.25,1382,3024655.957392213
1.25,1383,2916794.4646473797
1.25,1384,3138863.462085805
1.25,1385,2262938.8256049315
1.25,1386,4350288.882551129
1.25,1387,11819531.417306706
1.25,1388,2951478.734687562
1.25,1389,4806872.085389089
1.25,1390,5557626.611356748
1.25,1391,5684031.713043515
1.25,1392,2256522.256787525
1.25,1393,5698627.659237569
1.25,1394,2597134.1216028174
1.25,1395,6558790.581252367
1.25,1396,2599478.8845635653
1.25,1397,3084115.549114749
1.25,1398,2737633.0126873464
1.25,1399,1367283.7115478064
1.25,1400,1369273.3484754248
1.25,1401,2633643.3596955524
1.25,1402,3337896.027816179
1.25,1403,136940.36691665114
1.25,1404,1916428.13724432
1.25,1405,3248303.8625903293
1.25,1406,3346429.349989799
1.25,1407,2280774.034225316
1.25,1408,2302584.031372603
1.25,1409,1825885.5059776392
1.25,1410,5182611.125932163
1.25,1411,4230343.267461239
1.25,1412,2754413.2894368414
1.25,1413,3701150.184380291
1.25,1414,3550115.0753180496
1.25,1415,1259808.0850800395
1.25,1416,3391037.782440275
1.25,1417,1561684.4838603104
1.25,1418,2542081.702560844
1.25,1419,4742758.934397508
1.25,1420,4503513.146454049
1.25,1421,2005854.5528357134
1.25,1422,5157465.569357706
1.25,1423,2992669.4158358215
1.25,1424,4090143.514357427
1.25,1425,4198472.323174088
1.25,1426,9284513.390408497
1.25,1427,8577197.298944062
1.25,1428,905612.397855256
1.25,1429,4172064.832261572
1.25,1430,2717474.3429663354
1.25,1431,2947660.760168273
1.25,1432,1663495.196718283
1.25,1433,3014287.937379269
1.25,1434,4868300.432136534
1.25,1435,1451037.499531682
1.25,1436,2498434.6678827535
1.25,1437,8596467.181074118
1.25,1438,3578011.4473318
1.25,1439,4503010.025929358
1.25,1440,2593186.1820956753
1.25,1441,3060982.287292716
1.25,1442,1028225.0192015115
1.25,1443,3949731.3602072843
1.25,1444,3497048.712065959
1.25,1445,4738742.513451998
1.25,1446,4466980.51795708
1.25,1447,3499420.45702399
1.25,1448,3329069.273194571
1.25,1449,2105659.8256538715
1.25,1450,3615300.880019176
1.25,1451,2942589.348701112
1.25,1452,6400421.990914212
1.25,1453,6053596.189147827
1.25,1454,3640981.436845782
1.25,1455,800524.0689383285
1.25,1456,4190331.740010475
1.25,1457,2915407.5585932643
1.25,1458,2053862.0955052886
1.25,1459,7949987.824428858
1.25,1460,5202176.658298494
1.25,1461,538914.4050079165
1.25,1462,2159777.2232975885
1.25,1463,2923666.6251486517
1.25,1464,1940487.980976401
1.25,1465,4662282.784811909
1.25,1466,2975122.4332989603
1.25,1467,4577063.4870572295
1.25,1468,1786273.7686012501
1.25,1469,2827426.6341469483
1.25,1470,6088696.36337822
1.25,1471,1186712.5768139476
1.25,1472,2224580.8543784874
1.25,1473,3827929.96915184
1.25,1474,3491691.590202462
1.25,1475,5574735.910912947
1.25,1476,4212589.653961598
1.25,1477,5816958.033722414
1.25,1478,3327136.0091189174
1.25,1479,1530844.9873663667
1.25,1480,5743675.211980659
1.25,1481,2415806.2292518173
1.25,1482,2762892.884973623
1.25,1483,2857861.851322752
1.25,1484,3363644.411639382
1.25,1485,1063071.322657632
1.25,1486,1193132.0089173317
1.25,1487,5035340.035907811
1.25,1488,8080591.602554831
1.25,1489,2462969.400897404
1.25,1490,3905002.4587475806
1.25,1491,3098983.5789288087
1.25,1492,3366842.504328359
1.25,1493,2466365.7300386494
1.25,1494,4737043.357444761
1.25,1495,2899664.2008897793
1.25,1496,3629284.2642933773
1.25,1497,3683059.2634301623
1.25,1498,2838458.6686175903
1.25,1499,6466287.775964473
1.25,1500,1533146.9871174302
1.25,1501,2590801.7731195735
1.25,1502,2517391.6136841835
1.25,1503,3218531.004373907
1.25,1504,3233801.8418608764
1.25,1505,1948663.6960754097
1.25,1506,2907717.8603700646
1.25,1507,3253086.731377707
1.25,1508,1632456.2717835694
1.25,1509,2768140.9243921624
1.25,1510,2192840.564878595
1.25,1511,3694718.1657933574
1.25,1512,3570615.5567626483
1.25,1513,11606833.781827005
1.25,1514,3527919.2928788653
1.25,1515,3054376.1253724853
1.25,1516,5934375.078193057
1.25,1517,1577500.8663569917
1.25,1518,3734223.6056890897
1.25,1519,1896757.494026981
1.25,1520,3863636.4720365293
1.25,1521,3397665.2976866253
1.25,1522,4362024.59750473
1.25,1523,0.0
1.25,1524,3650874.3240356557
1.25,1525,5922395.2159857815
1.25,1526,5641973.454120347
1.25,1527,5303713.859377558
1.25,1528,9456568.981290633
1.25,1529,3203677.596940369
1.25,1530,1610274.5161478524
1.25,1531,4458600.220404686
1.25,1532,4408051.131892658
1.25,1533,4775342.852315161
1.25,1534,2879682.673016392
1.25,1535,2475718.2405097377
1.25,1536,6095645.887084947
1.25,1537,4263657.893390158
1.25,1538,5476864.630518073
1.25,1539,3449659.1611001426
1.25,1540,2924529.6767656184
1.25,1541,2221575.4655941166
1.25,1542,2696982.767931379
1.25,1543,5739309.735820964
1.25,1544,1896378.7946451264
1.25,1545,4196166.734835914
1.25,1546,4375912.876838726
1.25,1547,4413717.221427362
1.25,1548,7905239.821591072
1.25,1549,321793.4893613372
1.25,1550,4055834.8144980664
1.25,1551,6242277.985988832
1.25,1552,4987323.79597029
1.25,1553,4421514.464604676
1.25,1554,4496781.5543319555
1.25,1555,4729516.822918664
1.25,1556,1039112.0187063968
1.25,1557,199305.92431254394
1.25,1558,1863965.7051513542
1.25,1559,1498275.1180744474
1.25,1560,2619467.336805576
1.25,1561,2183233.370235151
1.25,1562,4080914.6179835214
1.25,1563,1947451.6720637884
1.25,1564,3933659.590977638
1.25,1565,1457258.687908086
1.25,1566,5792656.248035979
1.25,1567,1378240.9208109998
1.25,1568,2057924.5786577277
1.25,1569,459065.7068367721
1.25,1570,4447367.513157938
1.25,1571,4388570.406015098
1.25,1572,4271157.241222504
1.25,1573,3101599.1919667576
1.25,1574,6545824.931014999
1.25,1575,3748134.7445423137
1.25,1576,3165293.7313894033
1.25,1577,1591106.1837518006
1.25,1578,269846.2393203517
1.25,1579,2119788.647071132
1.25,1580,2602490.6762016397
1.25,1581,2260750.02312888
1.25,1582,1473069.0632680892
1.25,1583,4923699.499668287
1.25,1584,3735213.748552231
1.25,1585,2863596.372306822
1.25,1586,4709593.774108127
1.25,1587,2179454.4531652224
1.25,1588,2368206.9124333677
1.25,1589,2468915.0396882053
1.25,1590,1127869.8964968838
1.25,1591,3999112.6802528277
1.25,1592,4396943.160552558
1.25,1593,4952636.0001079645
1.25,1594,3960291.4257251723
1.25,1595,2555624.6839366416
1.25,1596,328549.14126637584
1.25,1597,3487746.414759926
1.25,1598,6524851.69986727
1.25,1599,6600874.893181743
1.25,1600,3079631.2244129493
1.25,1601,4227331.494934189
1.25,1602,3210415.077766005
1.25,1603,4642323.300472006
1.25,1604,1088554.77239045
1.25,1605,2880390.558234578
1.25,1606,227065.47483487602
1.25,1607,2539549.244686177
1.25,1608,3908404.6456497833
1.25,1609,3235076.647052123
1.25,1610,10368464.554209083
1.25,1611,3019138.49998269
1.25,1612,2994714.826751981
1.25,1613,1021470.0233940334
1.25,1614,3380039.694957047
1.25,1615,1502049.5712019172
1.25,1616,4627246.391568602
1.25,1617,3115139.631128842
1.25,1618,6056826.230746355
1.25,1619,5222141.014885119
1.25,1620,3679178.723846399
1.25,1621,7285835.775864563
1.25,1622,1563600.6076983493
1.25,1623,3745855.245806431
1.25,1624,3857697.1125583146
1.25,1625,769234.1135817592
1.25,1626,4545005.036753619
1.25,1627,2667595.868361569
1.25,1628,2443705.224593076
1.25,1629,2887585.3033530656
1.25,1630,2827595.2957208185
1.25,1631,2810327.5937479082
1.25,1632,3255725.9075797372
1.25,1633,3036828.1794149242
1.25,1634,3829273.901795008
1.25,1635,6559212.34934306
1.25,1636,2203278.1512616826
1.25,1637,3731294.3513541063
1.25,1638,2879854.727849105
1.25,1639,2715950.42987811
1.25,1640,5041165.022505955
1.25,1641,3316979.965287367
1.25,1642,3466268.0154241784
1.25,1643,5465167.61042056
1.25,1644,2905821.704780343
1.25,1645,3670218.3004712695
1.25,1646,2519712.038604794
1.25,1647,129203.42882469995
1.25,1648,3094548.4570887913
1.25,1649,2917967.5959194056
1.25,1650,5041948.500811437
1.25,1651,2205371.691978828
1.25,1652,2131728.912526001
1.25,1653,2701902.96695308
1.25,1654,2568429.3205511835
1.25,1655,3816496.361303427
1.25,1656,1042223.2611298875
1.25,1657,4831450.201263914
1.25,1658,969553.9875680311
1.25,1659,3557539.1874049655
1.25,1660,3555116.041539074
1.25,1661,1768807.9143113727
1.25,1662,0.0
1.25,1663,5118324.914584131
1.25,1664,2932533.6213527755
1.25,1665,1513927.127775527
1.25,1666,7372055.578704009
1.25,1667,302706.16071836336
1.25,1668,8050902.6604512
1.25,1669,2366067.964485681
1.25,1670,3744621.517073445
1.25,1671,4387567.540664706
1.25,1672,3213824.572597995
1.25,1673,4210249.704469532
1.25,1674,2998909.3442630246
1.25,1675,2577488.531147158
1.25,1676,4476047.494989127
1.25,1677,1952183.7898471495
1.25,1678,1901995.8695921777
1.25,1679,1129684.8983927704
1.25,1680,3055529.4743226483
1.25,1681,912933.5018633564
1.25,1682,4422308.454484051
1.25,1683,3468599.5057465397
1.25,1684,515572.26913133916
1.25,1685,1143953.6627308964
1.25,1686,1920819.909877591
1.25,1687,1160747.5869412527
1.25,1688,4962352.033157481
1.25,1689,473195.2029125257
1.25,1690,4039741.0321340184
1.25,1691,2993132.8806268494
1.25,1692,1978557.3106252085
1.25,1693,4135513.924599631
1.25,1694,2346175.658912088
1.25,1695,4383442.954063062
1.25,1696,4476710.170752559
1.25,1697,5086225.117252379
1.25,1698,2851381.164006561
1.25,1699,2439680.728565126
1.25,1700,4621038.460524043
1.25,1701,2877862.6910019894
1.25,1702,2451711.006467218
1.25,1703,6759909.9456918575
1.25,1704,4641641.505498137
1.25,1705,3012682.699475228
1.25,1706,4698831.478832506
1.25,1707,2092239.439078465
1.25,1708,3257587.268788627
1.25,1709,3870981.2710264763
1.25,1710,4387399.820210243
1.25,1711,6442716.304964928
1.25,1712,5346222.883328352
1.25,1713,1620381.9328589216
1.25,1714,3119836.7280833498
1.25,1715,5284537.132382449
1.25,1716,1915031.29346842
1.25,1717,5536848.447696248
1.25,1718,7465954.843868814
1.25,1719,3148185.2182463687
1.25,1720,4488113.160976168
1.25,1721,0.0
1.25,1722,2142860.3142249207
1.25,1723,2870843.3623962374
1.25,1724,6496559.298886764
1.25,1725,3388504.8998604263
1.25,1726,2972460.7391481297
1.25,1727,4920742.895381871
1.25,1728,2308286.409120811
1.25,1729,390750.93856181344
1.25,1730,3841461.352328851
1.25,1731,4049121.904095044
1.25,1732,4925620.847168453
1.25,1733,2524707.7995937015
1.25,1734,2917237.45427068
1.25,1735,3179085.2689556545
1.25,1736,3489284.503178448
1.25,1737,5239067.443973737
1.25,1738,3577874.830054811
1.25,1739,4948656.5479279235
1.25,1740,4026843.731679002
1.25,1741,480391.60722946475
1.25,1742,789185.4629593946
1.25,1743,3983982.247532333
1.25,1744,3865782.691459968
1.25,1745,3928959.599201657
1.25,1746,2892425.6095117624
1.25,1747,1564403.889175687
1.25,1748,1455862.0767511697
1.25,1749,6749761.814041536
1.25,1750,4332411.218730605
1.25,1751,2616416.1269226028
1.25,1752,2955075.2653563484
1.25,1753,2770902.8402764443
1.25,1754,4456350.733760995
1.25,1755,3528179.943326674
1.25,1756,3858031.1330142664
1.25,1757,3165648.108014792
1.25,1758,4330846.951498182
1.25,1759,2284750.0934652817
1.25,1760,5271986.874017839
1.25,1761,1208156.1165104727
1.25,1762,1479949.37533944
1.25,1763,909458.3582398001
1.25,1764,1856174.1886618992
1.25,1765,3500576.695129008
1.25,1766,3746327.287234787
1.25,1767,3204972.252995439
1.25,1768,6007997.237740196
1.25,1769,4034799.0901444005
1.25,1770,3140503.819206285
1.25,1771,5246495.2276463695
1.25,1772,2363493.955463386
1.25,1773,3477128.2577487724
1.25,1774,1715650.3560037347
1.25,1775,7602175.5937457485
1.25,1776,2471509.228671591
1.25,1777,3249424.5385046536
1.25,1778,1289465.1850757343
1.25,1779,1840851.4423852812
1.25,1780,6081812.034245857
1.25,1781,6487781.250358739
1.25,1782,1805896.3424323392
1.25,1783,1749127.868385991
1.25,1784,5081014.830837587
1.25,1785,1561702.4530252803
1.25,1786,5101458.1486447295
1.25,1787,5331377.820248433
1.25,1788,4624889.262506527
1.25,1789,5241848.472308332
1.25,1790,2007225.9028154956
1.25,1791,2993069.1251059365
1.25,1792,4880369.769998819
1.25,1793,7162040.568592139
1.25,1794,5174986.610594048
1.25,1795,2122439.5822609514
1.25,1796,652202.5720743989
1.25,1797,2394939.420863973
1.25,1798,3513363.1312580165
1.25,1799,3894551.0356022567
1.25,1800,4636007.27904826
1.25,1801,3809261.1262850566
1.25,1802,3308218.699724835
1.25,1803,4076808.223988555
1.25,1804,4870928.178630233
1.25,1805,5616962.493132781
1.25,1806,1772689.6279381528
1.25,1807,2366220.3470225437
1.25,1808,3792889.0054678763
1.25,1809,3325974.201805096
1.25,1810,4409967.299714645
1.25,1811,4851683.071436503
1.25,1812,1569935.9700709283
1.25,1813,2791741.9889309364
1.25,1814,7323703.033054481
1.25,1815,2175933.91082454
1.25,1816,4241814.613783324
1.25,1817,8004535.568448313
1.25,1818,2178808.9252020847
1.25,1819,3473289.3641801737
1.25,1820,2717629.4445934794
1.25,1821,5730510.135917119
1.25,1822,5458267.134578532
1.25,1823,1323111.3707874909
1.25,1824,2014424.4279053195
1.25,1825,7352138.535315022
1.25,1826,87407.5326284651
1.25,1827,5478262.067789913
1.25,1828,849069.9520494384
1.25,1829,3034975.653299206
1.25,1830,766307.4871886935
1.25,1831,3755561.5072541074
1.25,1832,2029651.6835993512
1.25,1833,2031093.5864145053
1.25,1834,2625850.5034674015
1.25,1835,935546.7568907316
1.25,1836,3595272.847332321
1.25,1837,4046103.939184009
1.25,1838,4918878.855977143
1.25,1839,2333205.018881265
1.25,1840,5203829.83196506
1.25,1841,4432795.779076328
1.25,1842,2862170.618300316
1.25,1843,4014204.633436585
1.25,1844,2076321.8346917997
1.25,1845,1834940.9735694737
1.25,1846,2552533.432374409
1.25,1847,2078942.5177659274
1.25,1848,3637505.0229081414
1.25,1849,4712604.353399873
1.25,1850,4127234.6025189515
1.25,1851,4706827.837483912
1.25,1852,2868138.471622154
1.25,1853,6599830.426775232
1.25,1854,2265803.1778589077
1.25,1855,5476166.625435421
1.25,1856,2457252.5914867767
1.25,1857,5740014.184085796
1.25,1858,3474851.3565124134
1.25,1859,1333733.3694134015
1.25,1860,2240236.6565400595
1.25,1861,2885013.3955197223
1.25,1862,3189311.2216008883
1.25,1863,2555533.282336119
1.25,1864,2659537.748087248
1.25,1865,4324923.538713429
1.25,1866,3056066.6966847004
1.25,1867,4254888.454935809
1.25,1868,6160499.429501615
1.25,1869,4128111.6540240864
1.25,1870,3341608.673886161
1.25,1871,2594363.516446318
1.25,1872,839689.7700454782
1.25,1873,2445814.3809116767
1.25,1874,5228508.564705098
1.25,1875,2567148.864594438
1.25,1876,2810569.3951798333
1.25,1877,973612.2358925983
1.25,1878,5124055.47024644
1.25,1879,3835455.9041787833
1.25,1880,2601361.882055632
1.25,1881,6388739.548452496
1.25,1882,2801841.971331382
1.25,1883,1326252.5903940734
1.25,1884,4007245.646377876
1.25,1885,1650811.7590718416
1.25,1886,2049143.9821985601
1.25,1887,2173346.546338032
1.25,1888,3564981.2875480396
1.25,1889,3806430.8797107586
1.25,1890,2152575.9385314155
1.25,1891,4634238.073609019
1.25,1892,4893938.866818422
1.25,1893,275931.8388719769
1.25,1894,3099720.782502148
1.25,1895,5602950.689434328
1.25,1896,4224091.646086797
1.25,1897,872299.2474265117
1.25,1898,3377711.627702349
1.25,1899,2242755.541221188
1.25,1900,3370485.719130568
1.25,1901,6248972.398884137
1.25,1902,2259602.7899455205
1.25,1903,1361657.2584716263
1.25,1904,944863.3928633797
1.25,1905,4692193.161706218
1.25,1906,749808.2673859632
1.25,1907,1084575.7823360495
1.25,1908,3635743.131017374
1.25,1909,5333600.5912950095
1.25,1910,3396012.2069487902
1.25,1911,1985923.8296921581
1.25,1912,2423047.5733940285
1.25,1913,3717814.147040112
1.25,1914,462005.1883218431
1.25,1915,6731515.23802582
1.25,1916,6327803.169708429
1.25,1917,4500848.322195175
1.25,1918,3143792.045532248
1.25,1919,1656877.6550612368
1.25,1920,2490333.2220575167
1.25,1921,3655787.010055236
1.25,1922,1001507.9323896827
1.25,1923,5871451.616430175
1.25,1924,1359353.6335474988
1.25,1925,3051675.3308462584
1.25,1926,5342508.123987594
1.25,1927,3757974.8670867123
1.25,1928,2132107.787026692
1.25,1929,2074000.2210901093
1.25,1930,5100975.061363001
1.25,1931,2806008.5528837843
1.25,1932,5597832.484813277
1.25,1933,4331985.998245917
1.25,1934,4577784.758098611
1.25,1935,4981643.330722295
1.25,1936,3417739.8719357997
1.25,1937,1999049.4133556443
1.25,1938,2387339.6924512996
1.25,1939,4757681.329217557
1.25,1940,3587764.1759233456
1.25,1941,1625934.6769075755
1.25,1942,6269008.264947747
1.25,1943,847002.3900347578
1.25,1944,4751848.806833532
1.25,1945,3869040.6855689343
1.25,1946,4366150.966214443
1.25,1947,555256.9360604384
1.25,1948,0.0
1.25,1949,0.0
1.25,1950,4260866.964271855
1.25,1951,5209404.073931012
1.25,1952,3804219.995132519
1.25,1953,4134002.0858967565
1.25,1954,4530917.510878506
1.25,1955,1521052.906620567
1.25,1956,0.0
1.25,1957,1262851.8180885431
1.25,1958,4305862.692551281
1.25,1959,3072464.2425980493
1.25,1960,3193224.608262972
1.25,1961,5261638.915791797
1.25,1962,3797994.5540244435
1.25,1963,1325862.5117718927
1.25,1964,3449700.5289176293
1.25,1965,1629537.54518385
1.25,1966,4343721.012856187
1.25,1967,2118418.0889345296
1.25,1968,4807446.816033991
1.25,1969,4160669.6401889245
1.25,1970,3018829.644589122
1.25,1971,4193193.8398960475
1.25,1972,7382654.513590984
1.25,1973,7705090.111361958
1.25,1974,1695538.0760881891
1.25,1975,2379550.6327592125
1.25,1976,1743792.4013531294
1.25,1977,3583771.44900303
1.25,1978,5304965.9258344155
1.25,1979,2654293.1935049146
1.25,1980,4726033.974030901
1.25,1981,712915.3779890409
1.25,1982,5205927.60081725
1.25,1983,2420648.97879939
1.25,1984,2070554.9208502066
1.25,1985,2407878.8130517663
1.25,1986,2737496.22147934
1.25,1987,6305769.491342191
1.25,1988,1935226.8593824483
1.25,1989,2031671.5220049524
1.25,1990,7485995.225505492
1.25,1991,7125431.088996908
1.25,1992,5122260.776071731
1.25,1993,1497364.5422006121
1.25,1994,2751084.444216816
1.25,1995,3946229.73750339
1.25,1996,4551801.148830313
1.25,1997,4666418.792153361
1.25,1998,2639322.665481973
1.25,1999,3457431.976985188
1.25,2000,8687440.03613739
1.25,2001,3313290.2360806963
1.25,2002,6519195.682500089
1.25,2003,256864.57708936022
1.25,2004,2242652.187933331
1.25,2005,2212081.7787542874
1.25,2006,1792089.8237636066
1.25,2007,3744383.542166737
1.25,2008,3748610.606839833
1.25,2009,1898550.7155106845
1.25,2010,2191752.3927110527
1.25,2011,1034681.0490134584
1.25,2012,6060581.135940671
1.25,2013,566935.1501564314
1.25,2014,2498633.5065466436
1.25,2015,640367.3989434325
1.25,2016,3629214.9827802395
1.25,2017,1448779.2359878672
1.25,2018,4382436.706842609
1.25,2019,1771821.224241489
1.25,2020,5339463.25900098
1.25,2021,4585636.717160171
1.25,2022,3479682.8297772864
1.25,2023,2419979.4167180196
1.25,2024,3624420.6487447433
1.25,2025,3476909.9917404614
1.25,2026,5516229.042638028
1.25,2027,3223054.3670343906
1.25,2028,1038800.3330182334
1.25,2029,5226146.28631712
1.25,2030,4724011.442230472
1.25,2031,3229379.242320303
1.25,2032,4977229.866855929
1.25,2033,3278473.3293588646
1.25,2034,4731184.162707055
1.25,2035,2220505.2405932397
1.25,2036,4766337.154405715
1.25,2037,1388113.483695301
1.25,2038,1524088.2709920318
1.25,2039,3289536.244432529
1.25,2040,585904.619758119
1.25,2041,4412947.086967903
1.25,2042,2662839.186647539
1.25,2043,3635849.9948273064
1.25,2044,4094336.244031392
1.25,2045,3845892.9806638407
1.25,2046,3157876.3843602194
1.25,2047,5779195.099537248
1.25,2048,2401447.59976311
1.25,2049,2846464.9771086187
1.25,2050,2783120.27806152
1.25,2051,2673095.176453375
1.25,2052,5190013.08690065
1.25,2053,4039605.4855104154
1.25,2054,7480785.754757771
1.25,2055,2072597.9745851709
1.25,2056,2695976.7595003815
1.25,2057,4584002.182765277
1.25,2058,1955752.6168399048
1.25,2059,6962613.1801909525
1.25,2060,1602265.7928487347
1.25,2061,2910199.9300954826
1.25,2062,3337350.7821129826
1.25,2063,1814752.7575997405
1.25,2064,1630219.0291928055
1.25,2065,2407387.2091389787
1.25,2066,3223960.4586782083
1.25,2067,3323222.6688030963
1.25,2068,279289.75580705545
1.25,2069,2378843.8728348194
1.25,2070,1365469.7663822672
1.25,2071,1828675.238047442
1.25,2072,4268220.6327519845
1.25,2073,5113749.911152785
1.25,2074,3128209.6948110247
1.25,2075,1826645.5393712597
1.25,2076,4152102.272959624
1.25,2077,4031193.066316907
1.25,2078,2360995.000132669
1.25,2079,3755235.725742158
1.25,2080,1860884.4529938232
1.25,2081,2896550.6544862543
1.25,2082,866916.7562473489
1.25,2083,1528589.1664405956
1.25,2084,3718035.4904037793
1.25,2085,4047042.781544078
1.25,2086,5395992.559548857
1.25,2087,1407396.4783811164
1.25,2088,3984364.23987542
1.25,2089,4501577.3374371985
1.25,2090,7099617.49410779
1.25,2091,5355413.322265312
1.25,2092,6901102.44676973
1.25,2093,4909442.135699394
1.25,2094,1295826.4806345887
1.25,2095,689732.5562483238
1.25,2096,5603346.134141547
1.25,2097,9268320.243375005
1.25,2098,4841258.296232214
1.25,2099,2641136.5972642694
1.25,2100,3747875.276574379
1.25,2101,2473245.551797124
1.25,2102,3879521.278061778
1.25,2103,4503265.668676496
1.25,2104,1771834.449684164
1.25,2105,2942345.5054497467
1.25,2106,4177501.3762342306
1.25,2107,5034323.585439425
1.25,2108,4457033.631110952
1.25,2109,1377130.089192577
1.25,2110,2652469.486114558
1.25,2111,4060168.921841405
1.25,2112,1982778.65960111
1.25,2113,4944966.4192866385
1.25,2114,2270341.6000816314
1.25,2115,2447982.910088508
1.25,2116,2368040.9695657184
1.25,2117,4465141.069930367
1.25,2118,3751076.1788030094
1.25,2119,4098763.8152804743
1.25,2120,852757.32907251
1.25,2121,3694982.5423463713
1.25,2122,2281772.160475978
1.25,2123,3187421.9956934536
1.25,2124,2467188.7536248355
1.25,2125,4797621.555193422
1.25,2126,4570487.428718711
1.25,2127,1826789.6336439378
1.25,2128,5467278.360869889
1.25,2129,2965445.168309853
1.25,2130,2333485.4630518775
1.25,2131,3617857.640095499
1.25,2132,6938638.123944452
1.25,2133,3644443.617153993
1.25,2134,3988250.194254722
1.25,2135,2984417.9479912072
1.25,2136,2981790.6408950095
1.25,2137,2891560.623848001
1.25,2138,1313022.9465626061
1.25,2139,3707713.956775552
1.25,2140,1429610.738688427
1.25,2141,1675237.2350599442
1.25,2142,1015087.3353429693
1.25,2143,4578153.395891039
1.25,2144,5380216.28753692
1.25,2145,590000.1452533265
1.25,2146,2340153.468263735
1.25,2147,3372933.178731554
1.25,2148,2718492.0741730602
1.25,2149,1309594.2881577672
1.25,2150,2233558.0254584407
1.25,2151,3100278.028531641
1.25,2152,2424521.7172662932
1.25,2153,3525820.022128638
1.25,2154,3991878.7181641366
1.25,2155,6398686.216779523
1.25,2156,0.0
1.25,2157,8477973.866207818
1.25,2158,3087856.445470847
1.25,2159,2078363.4491263577
1.25,2160,2969688.7366137477
1.25,2161,3413652.265520568
1.25,2162,2387715.2895531156
1.25,2163,4916086.040257426
1.25,2164,6096581.461746278
1.25,2165,2425187.443234024
1.25,2166,2567426.396121203
1.25,2167,732621.4132590847
1.25,2168,3032936.733172442
1.25,2169,4406423.891051536
1.25,2170,3159975.7621445716
1.25,2171,5965072.679088842
1.25,2172,6252396.136272224
1.25,2173,3169573.222095014
1.25,2174,3217295.0899803503
1.25,2175,2067099.9057575208
1.25,2176,4074685.5040604477
1.25,2177,1897472.6257012046
1.25,2178,3894584.666246283
1.25,2179,4592410.213151628
1.25,2180,1517221.0277698047
1.25,2181,5405796.079383232
1.25,2182,1123320.4471320934
1.25,2183,2058235.372976869
1.25,2184,2818210.6465076045
1.25,2185,4032379.3056563386
1.25,2186,3835547.0514862975
1.25,2187,2066869.4763554
1.25,2188,5322770.743258895
1.25,2189,5152549.414430527
1.25,2190,4843008.139237003
1.25,2191,1987062.491661915
1.25,2192,2861462.7971718423
1.25,2193,2581436.0056280266
1.25,2194,4502320.635663254
1.25,2195,7832545.343160981
1.25,2196,3999375.658935904
1.25,2197,2482355.3734599547
1.25,2198,2683489.469128137
1.25,2199,6258212.960227771
1.25,2200,3177686.5032761483
1.25,2201,1930031.2929094848
1.25,2202,2044002.9675498721
1.25,2203,2712123.557742525
1.25,2204,2583778.48093449
1.25,2205,3784964.507808399
1.25,2206,1189878.546287795
1.25,2207,729068.2511409777
1.25,2208,2519893.173957345
1.25,2209,2662120.0041144285
1.25,2210,581026.8615227666
1.25,2211,3631267.255099265
1.25,2212,1461939.6544534878
1.25,2213,2629452.840666194
1.25,2214,858960.2231863209
1.25,2215,662737.6261514768
1.25,2216,1979370.5866635418
1.25,2217,2884185.556534952
1.25,2218,1709367.2695179149
1.25,2219,4816187.168045009
1.25,2220,3326018.2843510727
1.25,2221,1506442.3652758868
1.25,2222,5508532.570071759
1.25,2223,4023205.183877362
1.25,2224,794384.3379439212
1.25,2225,5912024.379328832
1.25,2226,2314542.391668997
1.25,2227,6292384.253415362
1.25,2228,5839796.351089065
1.25,2229,5626201.800224463
1.25,2230,4416612.929315386
1.25,2231,6089781.308612723
1.25,2232,3289416.803066722
1.25,2233,3113152.8055176917
1.25,2234,1934936.4083511794
1.25,2235,2034605.8259737403
1.25,2236,2106998.977204807
1.25,2237,5016569.356401847
1.25,2238,3520742.846450127
1.25,2239,1552749.9909037894
1.25,2240,4018541.5669039846
1.25,2241,1819692.016828587
1.25,2242,4848317.268419881
1.25,2243,2838988.6858990686
1.25,2244,2863486.250370578
1.25,2245,3402341.3920358797
1.25,2246,1700625.4865723918
1.25,2247,5303843.703117372
1.25,2248,1238672.1534871408
1.25,2249,4051673.0603575557
1.25,2250,2967887.224332299
1.25,2251,2529160.5172670707
1.25,2252,6092924.69780485
1.25,2253,3414746.1577081066
1.25,2254,1582176.2498066495
1.25,2255,3728873.108080737
1.25,2256,4975845.083449238
1.25,2257,5064687.669556507
1.25,2258,1174659.7164690408
1.25,2259,3031433.9681548225
1.25,2260,1561764.0632590917
1.25,2261,2336103.898935751
1.25,2262,3994715.46644679
1.25,2263,2895359.6045536515
1.25,2264,2744111.9236305156
1.25,2265,5247144.197673956
1.25,2266,3972453.164356712
1.25,2267,6132994.447843877
1.25,2268,3850523.79350315
1.25,2269,1598317.992499772
1.25,2270,2569948.928550372
1.25,2271,3710499.322761078
1.25,2272,4787114.896940568
1.25,2273,1480355.320645453
1.25,2274,4172497.634943385
1.25,2275,1329008.4500686072
1.25,2276,4412148.956302999
1.25,2277,2334982.8076847075
1.25,2278,3802672.779656322
1.25,2279,4639499.086303426
1.25,2280,906142.3521364563
1.25,2281,3210417.6123233614
1.25,2282,7818901.978340917
1.25,2283,1096104.973952333
1.25,2284,3252205.074980531
1.25,2285,2053640.915715615
1.25,2286,3981480.4435838615
1.25,2287,2891237.731458595
1.25,2288,2512557.8832494393
1.25,2289,3839018.737608638
1.25,2290,327934.9570178424
1.25,2291,848986.3780093302
1.25,2292,7650426.688743728
1.25,2293,0.0
1.25,2294,5725803.178665976
1.25,2295,2276089.5403785827
1.25,2296,3239696.9443847835
1.25,2297,4079600.9032555465
1.25,2298,5872487.122065276
1.25,2299,3096987.033657601
1.25,2300,6366403.061218444
1.25,2301,4345680.636716045
1.25,2302,4947422.563236638
1.25,2303,4753220.578044661
1.25,2304,4113998.7789016566
1.25,2305,3860594.2467539823
1.25,2306,1484599.6152173164
1.25,2307,5889959.474185966
1.25,2308,3931198.8719771574
1.25,2309,3549765.0317282816
1.25,2310,3599658.0749757905
1.25,2311,2529836.2667928133
1.25,2312,3155187.886302607
1.25,2313,4860009.191812369
1.25,2314,3990418.078740866
1.25,2315,4092924.581692514
1.25,2316,3043856.9855383267
1.25,2317,4386463.719214134
1.25,2318,2272723.588963167
1.25,2319,5820579.795138324
1.25,2320,3761149.326261624
1.25,2321,4919857.626249433
1.25,2322,1657873.4684463309
1.25,2323,4448303.657465912
1.25,2324,4578362.83482087
1.25,2325,1857383.756679211
1.25,2326,2631855.0397325046
1.25,2327,3806783.2509922525
1.25,2328,2471127.051154742
1.25,2329,5111404.656177022
1.25,2330,1299652.0910831653
1.25,2331,1711537.011440416
1.25,2332,2869392.040944413
1.25,2333,2854502.640234207
1.25,2334,2583086.038099252
1.25,2335,1782818.0697517334
1.25,2336,6125435.582860876
1.25,2337,1787187.8500617929
1.25,2338,1025839.812120358
1.25,2339,4523313.2839838825
1.25,2340,4230089.580757617
1.25,2341,1144483.2744344983
1.25,2342,959819.2844299469
1.25,2343,7580913.547357879
1.25,2344,2450170.965572722
1.25,2345,2324986.0071069514
1.25,2346,5034088.853548707
1.25,2347,311896.2272022546
1.25,2348,2977438.8071025177
1.25,2349,2804238.277639948
1.25,2350,3320572.825855471
1.25,2351,4923387.558155551
1.25,2352,886440.8555533395
1.25,2353,2730327.492778039
1.25,2354,2879951.2132190512
1.25,2355,4741052.895595283
1.25,2356,1740095.6734279958
1.25,2357,2180234.6433311487
1.25,2358,54977.191026569024
1.25,2359,2407445.677708103
1.25,2360,1318058.493591064
1.25,2361,5906291.780631965
1.25,2362,3221969.6357124704
1.25,2363,3311811.2337346
1.25,2364,6155209.681272075
1.25,2365,2789818.1018192703
1.25,2366,1054953.7960713117
1.25,2367,3348204.018080177
1.25,2368,7600904.581457703
1.25,2369,5594647.504925687
1.25,2370,699028.377185547
1.25,2371,1839140.5359040068
1.25,2372,2218581.7217355575
1.25,2373,2658951.618938427
1.25,2374,2769770.455714488
1.25,2375,1004572.6693508492
1.25,2376,4296655.269997632
1.25,2377,4655777.180494723
1.25,2378,5215613.623998087
1.25,2379,6096794.958262975
1.25,2380,4299417.506270261
1.25,2381,4730672.883295909
1.25,2382,6889580.222071371
1.25,2383,3272290.7587300697
1.25,2384,6117594.328662171
1.25,2385,4872154.602193965
1.25,2386,5053452.159650902
1.25,2387,4041216.265527253
1.25,2388,3305582.711354981
1.25,2389,2797150.3828258608
1.25,2390,2433599.5829352643
1.25,2391,2963300.2774302335
1.25,2392,2400198.922588122
1.25,2393,5437197.230151894
1.25,2394,5552616.6135909315
1.25,2395,1858737.62089677
1.25,2396,5039199.753968089
1.25,2397,1376645.3021282798
1.25,2398,4983361.635800411
1.25,2399,4105595.790816448
1.25,2400,7651178.497318268
1.25,2401,4601646.894957163
1.25,2402,3979623.6418845975
1.25,2403,4361167.4667965975
1.25,2404,4738615.562324898
1.25,2405,3588133.401368372
1.25,2406,3246534.308548184
1.25,2407,1880579.9646703629
1.25,2408,1081396.396472182
1.25,2409,4899513.525484932
1.25,2410,912743.8525587319
1.25,2411,2145529.8232301027
1.25,2412,1512197.0268478373
1.25,2413,2218025.2374573993
1.25,2414,2100354.384232797
1.25,2415,2153740.5221889396
1.25,2416,5413518.707947039
1.25,2417,2265684.5016081934
1.25,2418,3171034.987462129
1.25,2419,2761372.70243182
1.25,2420,1825174.5128468527
1.25,2421,3499336.4524002005
1.25,2422,2164237.4439800056
1.25,2423,5068933.832300277
1.25,2424,5047118.030656815
1.25,2425,3525797.0720877373
1.25,2426,3845844.4942806363
1.25,2427,2566427.8912761724
1.25,2428,4042198.251301108
1.25,2429,3962104.1633213377
1.25,2430,3554072.581973049
1.25,2431,1143724.0111342324
1.25,2432,3337539.916295402
1.25,2433,1373555.9283040636
1.25,2434,7043438.28231158
1.25,2435,1959237.7893176805
1.25,2436,4646512.15825713
1.25,2437,1150264.741288523
1.25,2438,4300926.964575525
1.25,2439,5424223.413763888
1.25,2440,4459777.840115008
1.25,2441,6397226.378390346
1.25,2442,2930385.971769724
1.25,2443,3853616.095574779
1.25,2444,1706447.531728023
1.25,2445,3975808.953820696
1.25,2446,4733971.86280228
1.25,2447,1612790.635082258
1.25,2448,2997673.6407409813
1.25,2449,5289094.190647164
1.25,2450,4207607.401272484
1.25,2451,4684032.521633674
1.25,2452,1980904.8590792133
1.25,2453,5345060.12119341
1.25,2454,3555295.413253572
1.25,2455,2166243.577680744
1.25,2456,1761549.8549380451
1.25,2457,2239224.091391242
1.25,2458,5552424.779445775
1.25,2459,2750610.1184172686
1.25,2460,4954514.409034322
1.25,2461,1815715.4260232649
1.25,2462,4716851.595884757
1.25,2463,3505997.0620077946
1.25,2464,5022863.100089679
1.25,2465,2543034.9578420054
1.25,2466,6168472.284977002
1.25,2467,5331727.870978744
1.25,2468,2434662.9123486737
1.25,2469,3421893.96365312
1.25,2470,240528.82090554893
1.25,2471,2511987.0726084355
1.25,2472,998180.9185797836
1.25,2473,2268300.9107813397
1.25,2474,3371539.2224011654
1.25,2475,1723958.804946274
1.25,2476,1118884.7224929912
1.25,2477,3880456.739359024
1.25,2478,3281932.769253323
1.25,2479,2159578.162944186
1.25,2480,3428698.3982043476
1.25,2481,5532232.092058128
1.25,2482,3625244.1984627075
1.25,2483,2573149.582094946
1.25,2484,5539495.887248838
1.25,2485,5032477.313824203
1.25,2486,1254971.73678591
1.25,2487,4387744.991133755
1.25,2488,3875777.9659839426
1.25,2489,640895.3882311864
1.25,2490,6563315.634422526
1.25,2491,1265334.148140405
1.25,2492,4856263.197627507
1.25,2493,3346553.652684403
1.25,2494,5412038.444141711
1.25,2495,3730923.3698349777
1.25,2496,5545430.468577289
1.25,2497,1534491.9915046897
1.25,2498,1794119.2620788666
1.25,2499,4235675.817217892
1.25,2500,2640930.477535877
1.25,2501,2552885.7781561604
1.25,2502,3295960.925911179
1.25,2503,1908103.4802799048
1.25,2504,4008524.9882076103
1.25,2505,5112195.275358042
1.25,2506,3033945.76386065
1.25,2507,1995396.127502652
1.25,2508,2559383.290054862
1.25,2509,2179245.6626969045
1.25,2510,2137377.2638175706
1.25,2511,4936667.241357308
1.25,2512,7718955.835179123
1.25,2513,5554585.898862599
1.25,2514,3115213.4248943212
1.25,2515,2687056.351689123
1.25,2516,1730668.237468658
1.25,2517,2012029.2542471
1.25,2518,7098259.6487185005
1.25,2519,3330701.2650935277
1.25,2520,3198962.587704667
1.25,2521,1855438.064145903
1.25,2522,2665157.6413820866
1.25,2523,2389260.7733845515
1.25,2524,3789345.216166613
1.25,2525,5070185.004713977
1.25,2526,1097270.7382969311
1.25,2527,4377916.662823314
1.25,2528,4403045.5066874325
1.25,2529,2556964.047811277
1.25,2530,6498138.338301492
1.25,2531,1340337.1315575521
1.25,2532,1222814.4207077667
1.25,2533,5675101.882939863
1.25,2534,2669965.1967104906
1.25,2535,0.0
1.25,2536,5610671.260604947
1.25,2537,4257018.261139469
1.25,2538,3296201.153354592
1.25,2539,2284352.422502284
1.25,2540,5768535.534650842
1.25,2541,6761111.559794521
1.25,2542,2168892.357450639
1.25,2543,3348250.106562565
1.25,2544,2785962.5421607746
1.25,2545,2942926.5571074896
1.25,2546,6442436.004246049
1.25,2547,5085780.91146525
1.25,2548,3305811.759255579
1.25,2549,584507.3307389716
1.25,2550,9141504.673381671
1.25,2551,3118364.0507121813
1.25,2552,2233238.0100864675
1.25,2553,1719947.6996628386
1.25,2554,2022009.9680880085
1.25,2555,1831011.315486205
1.25,2556,4601287.150459342
1.25,2557,1439404.5268071664
1.25,2558,3350741.0204675035
1.25,2559,4395720.4642413985
1.25,2560,3622705.3568697614
1.25,2561,2766792.213115862
1.25,2562,3067929.440102578
1.25,2563,2190567.570390818
1.25,2564,3867063.03584785
1.25,2565,3769200.95052211
1.25,2566,384607.3839686946
1.25,2567,1423887.4296499728
1.25,2568,2202637.754195627
1.25,2569,4042144.101100467
1.25,2570,2159291.4169919384
1.25,2571,1661217.4232453334
1.25,2572,1101580.4700601092
1.25,2573,2819738.8962027286
1.25,2574,5131923.732922844
1.25,2575,2008280.1533621924
1.25,2576,3046796.1549059073
1.25,2577,5304475.628151453
1.25,2578,4342025.086945601
1.25,2579,5833639.68418273
1.25,2580,2877428.0805009073
1.25,2581,6701667.520180043
1.25,2582,7001654.965720627
1.25,2583,1826279.5080628144
1.25,2584,6155152.22100044
1.25,2585,1373974.2181440615
1.25,2586,1658683.9330392743
1.25,2587,5880874.557691686
1.25,2588,7068368.173787641
1.25,2589,3056237.2431912287
1.25,2590,7739038.003006993
1.25,2591,4312540.02966957
1.25,2592,3694234.488425583
1.25,2593,5041083.402354054
1.25,2594,2265226.487691808
1.25,2595,6125285.100295221
1.25,2596,707553.6257051732
1.25,2597,2514651.98188361
1.25,2598,4804022.099167807
1.25,2599,4296868.783825361
1.25,2600,1947700.41001679
1.25,2601,4568857.462413005
1.25,2602,1417868.9742289095
1.25,2603,2786217.769065554
1.25,2604,4241025.237665723
1.25,2605,1703276.7386334036
1.25,2606,3865223.099980909
1.25,2607,3981415.245970941
1.25,2608,1336875.687358424
1.25,2609,3750296.3715843335
1.25,2610,2321533.7231597593
1.25,2611,1759383.1197015105
1.25,2612,2124376.392836207
1.25,2613,5217115.886007025
1.25,2614,3845291.0468421145
1.25,2615,2250474.2857668875
1.25,2616,814608.1384480867
1.25,2617,1849072.0772623317
1.25,2618,5477535.722731925
1.25,2619,4255044.569774106
1.25,2620,5908983.577671067
1.25,2621,4887435.377223612
1.25,2622,3117138.226307007
1.25,2623,2792292.0747753484
1.25,2624,1943390.8008343445
1.25,2625,3881832.645798538
1.25,2626,3341879.2498675557
1.25,2627,1620881.3395835788
1.25,2628,4819659.193059694
1.25,2629,3257852.25816583
1.25,2630,2334853.8646434736
1.25,2631,4478019.291094348
1.25,2632,2676207.487156928
1.25,2633,2461418.6638681013
1.25,2634,5288857.818575377
1.25,2635,346989.4107745793
1.25,2636,2417288.302153343
1.25,2637,3693358.2586864135
1.25,2638,2711428.9502522405
1.25,2639,4231983.488513692
1.25,2640,3872983.2619307255
1.25,2641,2369829.6281502526
1.25,2642,6009315.396096772
1.25,2643,977951.4065640555
1.25,2644,3583645.8938148743
1.25,2645,1678280.7096235366
1.25,2646,4996273.414843582
1.25,2647,234680.1335098621
1.25,2648,726067.1848578551
1.25,2649,3205634.3657498043
1.25,2650,6316518.322302086
1.25,2651,6484557.123578549
1.25,2652,3264597.188612784
1.25,2653,1925555.2341970955
1.25,2654,3025289.973384357
1.25,2655,1781995.451203213
1.25,2656,2139179.814429802
1.25,2657,4863821.535775365
1.25,2658,3976672.9920371217
1.25,2659,5662734.1532485355
1.25,2660,2446961.9772120207
1.25,2661,3413265.4746530307
1.25,2662,2617980.3851183243
1.25,2663,2558698.9348142603
1.25,2664,3113973.6762785716
1.25,2665,3774687.428619601
1.25,2666,2810242.6591634443
1.25,2667,2249822.328686833
1.25,2668,1546599.025102194
1.25,2669,4983129.752701458
1.25,2670,3519099.0512560643
1.25,2671,6031359.837434652
1.25,2672,3485203.459214817
1.25,2673,2657718.1327842576
1.25,2674,2805999.7821291224
1.25,2675,1571258.5997635466
1.25,2676,2412774.14773107
1.25,2677,5479434.7869695
1.25,2678,7736776.64752975
1.25,2679,7189575.18471638
1.25,2680,2971745.2092978205
1.25,2681,3030140.2543591834
1.25,2682,5100781.269716067
1.25,2683,1302723.1604505815
1.25,2684,1135329.7027908189
1.25,2685,8408884.288012639
1.25,2686,3929788.836605858
1.25,2687,4168787.6090491633
1.25,2688,2351681.975041387
1.25,2689,2957857.915884024
1.25,2690,3773562.7207689662
1.25,2691,1522327.055734952
1.25,2692,4873795.181659063
1.25,2693,7810530.770699041
1.25,2694,1401539.2541836305
1.25,2695,6887740.553963991
1.25,2696,4216531.147826786
1.25,2697,1686926.429486378
1.25,2698,2546399.4579843627
1.25,2699,2750063.437069878
1.25,2700,2802086.1583634038
1.25,2701,5494524.693164427
1.25,2702,4365465.792308009
1.25,2703,5005623.818787949
1.25,2704,3540806.6285831174
1.25,2705,1052051.4019967164
1.25,2706,990299.8682931105
1.25,2707,2564415.7922444833
1.25,2708,3673780.133115013
1.25,2709,136400.5550782259
1.25,2710,4055512.043831693
1.25,2711,5553009.204716254
1.25,2712,4728793.513958754
1.25,2713,3962437.1693910984
1.25,2714,5091622.450139502
1.25,2715,2690720.3443153687
1.25,2716,540107.3706962771
1.25,2717,4339581.093080009
1.25,2718,4022303.4608903197
1.25,2719,1936123.5436495075
1.25,2720,4817184.165878963
1.25,2721,1301204.0847691647
1.25,2722,1961905.5444179883
1.25,2723,1971533.8970806554
1.25,2724,6574797.749314906
1.25,2725,4314028.733333415
1.25,2726,3992136.222739698
1.25,2727,1104940.0929952892
1.25,2728,4282457.909776425
1.25,2729,2501993.042488095
1.25,2730,2802066.977139189
1.25,2731,0.0
1.25,2732,1699303.2025801968
1.25,2733,5365460.167392129
1.25,2734,1214943.2452152385
1.25,2735,4872377.400052847
1.25,2736,6186141.361414176
1.25,2737,3987062.518374948
1.25,2738,4796272.671572501
1.25,2739,3604704.0536567047
1.25,2740,3465497.419213215
1.25,2741,7086684.623245801
1.25,2742,3877202.650067405
1.25,2743,1578839.909144353
1.25,2744,2323694.2724838876
1.25,2745,1371001.810264266
1.25,2746,2424407.746014066
1.25,2747,1406595.8538584071
1.25,2748,2799332.4158392255
1.25,2749,1427775.9047302518
1.25,2750,4303608.777273694
1.25,2751,4865052.918456144
1.25,2752,2094137.8342696964
1.25,2753,815510.3153817578
1.25,2754,1676818.4808000817
1.25,2755,4515761.18548364
1.25,2756,6809123.348922738
1.25,2757,0.0
1.25,2758,2465302.9024012582
1.25,2759,1115349.8353041527
1.25,2760,3563912.005104871
1.25,2761,920546.7151871849
1.25,2762,7007215.646547397
1.25,2763,1119844.666195493
1.25,2764,9963708.614800474
1.25,2765,4282985.19104989
1.25,2766,2911568.983660089
1.25,2767,3938815.5186241553
1.25,2768,2231713.233666425
1.25,2769,1795960.227540605
1.25,2770,2708590.700807492
1.25,2771,1160101.3583990294
1.25,2772,4322854.799097309
1.25,2773,1452385.7523157962
1.25,2774,3201231.4211878874
1.25,2775,4299908.942206029
1.25,2776,4771058.639697599
1.25,2777,4864447.444510867
1.25,2778,1596068.2877751556
1.25,2779,2715986.592626149
1.25,2780,824656.2869541168
1.25,2781,4387970.832871231
1.25,2782,5140519.690327676
1.25,2783,2914268.8777993843
1.25,2784,5619383.599598396
1.25,2785,4941164.86174127
1.25,2786,2136330.2206424903
1.25,2787,5009564.423213594
1.25,2788,2301608.117808522
1.25,2789,2661216.534177804
1.25,2790,5467749.445169365
1.25,2791,3667831.496713474
1.25,2792,3778059.1791059743
1.25,2793,1347975.2806139675
1.25,2794,4604102.622888314
1.25,2795,4024950.5606490006
1.25,2796,4597090.502993792
1.25,2797,4655856.344259593
1.25,2798,1177949.6127247124
1.25,2799,2495518.3254656605
1.25,2800,4500525.335332423
1.25,2801,3311612.694420049
1.25,2802,975771.000388594
1.25,2803,2499729.1833373187
1.25,2804,4125198.693397144
1.25,2805,4080643.45715518
1.25,2806,2021123.8138280683
1.25,2807,3739261.8272379423
1.25,2808,3695448.2741646124
1.25,2809,3337979.373102973
1.25,2810,2341812.5114364396
1.25,2811,1605418.8035253366
1.25,2812,1981458.0105830082
1.25,2813,4609783.325561113
1.25,2814,1287500.1821916837
1.25,2815,3057923.428055329
1.25,2816,3424773.809640555
1.25,2817,1214234.868508744
1.25,2818,3833044.2668739944
1.25,2819,3856093.0850748047
1.25,2820,1486260.1465998807
1.25,2821,751672.3745463231
1.25,2822,3437685.472071007
1.25,2823,2537093.088441138
1.25,2824,1900619.7245645986
1.25,2825,4620814.894663016
1.25,2826,3466405.3436923944
1.25,2827,2546890.4767820667
1.25,2828,168439.8171728892
1.25,2829,2660292.034169028
1.25,2830,1550673.6875809652
1.25,2831,2692225.3592335936
1.25,2832,5248459.1768873995
1.25,2833,1894619.6464796788
1.25,2834,2974642.1717418907
1.25,2835,7927604.841067428
1.25,2836,6821346.39654707
1.25,2837,3832321.168959278
1.25,2838,1760254.4733593508
1.25,2839,1719381.4633359069
1.25,2840,5410988.02553001
1.25,2841,4527987.565687328
1.25,2842,3661145.7380013834
1.25,2843,1680560.2291357953
1.25,2844,3538286.5181657253
1.25,2845,4626185.88030739
1.25,2846,4479672.249235762
1.25,2847,3536563.779398244
1.25,2848,2276400.8334545325
1.25,2849,1592278.5254137034
1.25,2850,2733995.828828378
1.25,2851,2338160.6385978656
1.25,2852,0.0
1.25,2853,1615511.0374055577
1.25,2854,1926716.2076986916
1.25,2855,3736928.7660951507
1.25,2856,1264290.4782509317
1.25,2857,2534163.010380364
1.25,2858,4679316.8586779125
1.25,2859,3005335.4152466874
1.25,2860,2992232.761093452
1.25,2861,2630142.5741090914
1.25,2862,1639341.095185088
1.25,2863,2807565.0327790584
1.25,2864,1155346.8208512827
1.25,2865,986246.7075380984
1.25,2866,1585509.325082775
1.25,2867,3758499.713685891
1.25,2868,4198791.920554312
1.25,2869,1091222.9735911947
1.25,2870,1198292.4131530244
1.25,2871,4289106.700389194
1.25,2872,2285326.183837827
1.25,2873,3736195.455475142
1.25,2874,5386813.655096561
1.25,2875,6576949.3576060245
1.25,2876,4527602.464156149
1.25,2877,4220321.180694304
1.25,2878,3422083.388407624
1.25,2879,6723663.189359842
1.25,2880,4342502.0416208245
1.25,2881,2174578.8598338077
1.25,2882,4434947.399346797
1.25,2883,5682168.857095951
1.25,2884,2451900.8669937095
1.25,2885,4744541.169486445
1.25,2886,354635.838526863
1.25,2887,4162040.219665233
1.25,2888,3053419.306324698
1.25,2889,8204054.298035358
1.25,2890,5989373.461230921
1.25,2891,3240884.408902752
1.25,2892,4981315.613162668
1.25,2893,4652032.668247612
1.25,2894,3876046.434190387
1.25,2895,3432316.66678453
1.25,2896,2966546.0771502946
1.25,2897,2773213.0820008423
1.25,2898,4820325.404704043
1.25,2899,3321784.382465015
1.25,2900,5036664.878589681
1.25,2901,3782621.850182691
1.25,2902,3806334.378408086
1.25,2903,3205568.9564389503
1.25,2904,2157901.7443811097
1.25,2905,4492098.703708997
1.25,2906,1266547.7536499659
1.25,2907,3637710.9294459424
1.25,2908,4523484.151773741
1.25,2909,1287821.239901035
1.25,2910,144128.16255850514
1.25,2911,1982342.9766205903
1.25,2912,1250495.625196868
1.25,2913,4644810.236387583
1.25,2914,3669192.0654744636
1.25,2915,4175203.8155286605
1.25,2916,4463140.903598644
1.25,2917,2118279.223984878
1.25,2918,3719556.7037054007
1.25,2919,4517263.633186532
1.25,2920,4778324.831057572
1.25,2921,5035024.97504698
1.25,2922,2049858.1579791768
1.25,2923,3253540.8417625744
1.25,2924,4353940.64865706
1.25,2925,1585628.9226037106
1.25,2926,3001379.2720086975
1.25,2927,1564423.0495321846
1.25,2928,2856363.8247041693
1.25,2929,1807737.7928287424
1.25,2930,2526811.120689238
1.25,2931,1742694.7803600717
1.25,2932,2974530.0181311574
1.25,2933,2978708.596674053
1.25,2934,3644421.005799137
1.25,2935,2315376.2340468657
1.25,2936,4125897.8916289485
1.25,2937,3384414.163042603
1.25,2938,4790316.167196287
1.25,2939,4060148.290222797
1.25,2940,4663704.048814859
1.25,2941,1851301.4922969718
1.25,2942,3764681.78931968
1.25,2943,1203786.9005727705
1.25,2944,2245572.6515964726
1.25,2945,3724553.1953740204
1.25,2946,1074732.1881996351
1.25,2947,552741.7060316834
1.25,2948,2398333.9027337264
1.25,2949,2330154.797508126
1.25,2950,3799448.7837559
1.25,2951,3018098.4923990318
1.25,2952,3211218.9512065174
1.25,2953,3498723.282529629
1.25,2954,3973459.8420957215
1.25,2955,2818376.3990205396
1.25,2956,3283405.222856432
1.25,2957,2464239.6142572747
1.25,2958,3778559.205049088
1.25,2959,3078969.4625455225
1.25,2960,2198018.043098843
1.25,2961,850191.344027756
1.25,2962,2251047.3499378446
1.25,2963,1733743.8256717133
1.25,2964,2290644.4934739056
1.25,2965,4403891.890542974
1.25,2966,3821856.5004952624
1.25,2967,4391963.638802372
1.25,2968,4025168.625116283
1.25,2969,4357641.3220050745
1.25,2970,3480857.978898944
1.25,2971,1302425.9633289494
1.25,2972,3676381.754632163
1.25,2973,2483653.964529233
1.25,2974,8245447.032508681
1.25,2975,3330487.6183107193
1.25,2976,1574155.896976643
1.25,2977,2129772.77945501
1.25,2978,1528903.1755017834
1.25,2979,2155394.9344535894
1.25,2980,4068718.2286268687
1.25,2981,9099233.17243659
1.25,2982,5856262.872374616
1.25,2983,3170539.695875994
1.25,2984,5739239.829244385
1.25,2985,6566446.446548858
1.25,2986,3382536.697315166
1.25,2987,3877243.5196411298
1.25,2988,4476121.939373412
1.25,2989,739598.8409168368
1.25,2990,4334344.461740411
1.25,2991,1426890.6950943575
1.25,2992,3048995.9002925684
1.25,2993,5099555.053274166
1.25,2994,3709862.638786737
1.25,2995,5358577.762562777
1.25,2996,4546068.738896185
1.25,2997,2241809.7482360546
1.25,2998,4722156.93646926
1.25,2999,3200357.503954478
1.25,3000,3329474.8287367825
1.25,3001,3031387.6501794434
1.25,3002,4726301.348421058
1.25,3003,4049716.4162284667
1.25,3004,0.0
1.25,3005,6335292.747877292
1.25,3006,3829618.092055672
1.25,3007,6899119.151689518
1.25,3008,2969975.362008017
1.25,3009,1604325.0826546585
1.25,3010,3529207.3531310884
1.25,3011,3303380.8577260957
1.25,3012,1969808.8316867943
1.25,3013,3135073.3787817666
1.25,3014,3729405.326599612
1.25,3015,3635624.5793296294
1.25,3016,10648487.842128636
1.25,3017,2565629.126344636
1.25,3018,5362145.002426871
1.25,3019,4116704.9465172715
1.25,3020,3691854.9529234087
1.25,3021,6326984.342253659
1.25,3022,1258556.863118716
1.25,3023,2624414.9704381106
1.25,3024,2846109.4400384245
1.25,3025,5173627.336277254
1.25,3026,3671200.832807469
1.25,3027,7165000.679475638
1.25,3028,2714598.2360108397
1.25,3029,3464513.853930303
1.25,3030,2734476.9134108284
1.25,3031,6402572.008719069
1.25,3032,4385107.209629662
1.25,3033,2279157.9015401
1.25,3034,3648458.7678449918
1.25,3035,5107669.803787408
1.25,3036,5312692.859940309
1.25,3037,3821691.114701712
1.25,3038,2563523.772762561
1.25,3039,1831684.1907693408
1.25,3040,2014184.277256596
1.25,3041,2225616.462299457
1.25,3042,3032290.878135766
1.25,3043,1986719.4975627866
1.25,3044,4213812.169439938
1.25,3045,2559175.851124414
1.25,3046,4570724.126027638
1.25,3047,1670555.418637656
1.25,3048,1741450.0300375537
1.25,3049,6528922.7502135495
1.25,3050,1313414.7296469384
1.25,3051,2087620.7929855892
1.25,3052,4090137.2862882847
1.25,3053,2769965.542080281
1.25,3054,4365268.402902707
1.25,3055,816955.6360596262
1.25,3056,4072814.603134401
1.25,3057,4679296.749340424
1.25,3058,6558690.032125766
1.25,3059,3368900.073836481
1.25,3060,3232725.6050407686
1.25,3061,1401493.7590705706
1.25,3062,4524678.321076052
1.25,3063,4527815.519694437
1.25,3064,4779162.914933875
1.25,3065,4389427.959235838
1.25,3066,6764733.303133457
1.25,3067,5681648.214530603
1.25,3068,3519764.5883365152
1.25,3069,7540858.66895552
1.25,3070,7346056.854887923
1.25,3071,3300107.2927236706
1.25,3072,6189143.030308181
1.25,3073,1097491.887071265
1.25,3074,3467158.8904441753
1.25,3075,5159490.987842854
1.25,3076,2735134.1824974422
1.25,3077,1851292.587264451
1.25,3078,6896793.541773174
1.25,3079,3848349.3147269306
1.25,3080,959771.8396742465
1.25,3081,5548495.60238239
1.25,3082,3753892.651770872
1.25,3083,3696005.9343438963
1.25,3084,3133910.566175687
1.25,3085,3638036.489649361
1.25,3086,2134522.0250588297
1.25,3087,5300220.045214269
1.25,3088,2786060.6744604167
1.25,3089,3189285.4667579057
1.25,3090,3996124.4758867724
1.25,3091,1871131.248007839
1.25,3092,6208110.044613976
1.25,3093,372111.6028035206
1.25,3094,68937.5006672286
1.25,3095,2166671.6799839456
1.25,3096,2679737.689570856
1.25,3097,938113.1369311159
1.25,3098,2794748.3862725208
1.25,3099,4456960.6044868305
1.25,3100,2691453.7053546812
1.25,3101,2588237.9681429765
1.25,3102,4046977.2758072144
1.25,3103,1999652.1692614579
1.25,3104,801446.9613399346
1.25,3105,5657553.814052993
1.25,3106,6176220.857427444
1.25,3107,2261294.048155991
1.25,3108,1568652.4533408713
1.25,3109,1923736.5167926056
1.25,3110,3677275.6585677536
1.25,3111,1489273.3678364602
1.25,3112,3074112.937125538
1.25,3113,4208143.503363144
1.25,3114,3314342.647188296
1.25,3115,2493936.31738811
1.25,3116,3682822.153451967
1.25,3117,7144778.306261707
1.25,3118,5812227.842683418
1.25,3119,1632317.1751278136
1.25,3120,3147105.7350998027
1.25,3121,3808978.5995272025
1.25,3122,3301871.6221532673
1.25,3123,3314235.77190669
1.25,3124,6131366.810448539
1.25,3125,6999948.998883133
1.25,3126,3413067.8530749204
1.25,3127,2246733.4341670787
1.25,3128,4103067.9548985
1.25,3129,3940708.0474426043
1.25,3130,3870692.814570104
1.25,3131,0.0
1.25,3132,5773172.605505533
1.25,3133,3108201.5657165633
1.25,3134,3372912.837148864
1.25,3135,4035868.4457206805
1.25,3136,5784947.825722019
1.25,3137,3241606.185705599
1.25,3138,2231695.143212668
1.25,3139,5142964.695478721
1.25,3140,1390427.8282368584
1.25,3141,4002395.93097162
1.25,3142,7207394.168148499
1.25,3143,2454881.3864731635
1.25,3144,2754100.0041619875
1.25,3145,3288063.5432716142
1.25,3146,2651151.1981977206
1.25,3147,711588.1287399863
1.25,3148,5277590.99336718
1.25,3149,4527890.8009048775
1.25,3150,4734116.700756599
1.25,3151,1534938.6317895849
1.25,3152,3839894.6852969746
1.25,3153,2327161.5744033093
1.25,3154,909996.61387001
1.25,3155,4464188.67959062
1.25,3156,1622370.5344156642
1.25,3157,4648752.838991249
1.25,3158,769768.557081923
1.25,3159,1936814.2660175615
1.25,3160,3891511.839224013
1.25,3161,7155465.166846231
1.25,3162,3328618.743260843
1.25,3163,908404.4772483478
1.25,3164,1758479.8004392243
1.25,3165,5270799.256181454
1.25,3166,4467004.508744857
1.25,3167,4135504.2168696974
1.25,3168,200060.30942911553
1.25,3169,2926706.6676888387
1.25,3170,4432928.85839428
1.25,3171,1491399.4602480864
1.25,3172,5231626.499789404
1.25,3173,2045038.5666466018
1.25,3174,3768139.6957431
1.25,3175,1641744.327823128
1.25,3176,2834735.042984329
1.25,3177,4539465.583691895
1.25,3178,3796743.12851105
1.25,3179,4825078.806131098
1.25,3180,1799224.5803210398
1.25,3181,2427190.980468213
1.25,3182,3686880.3120183535
1.25,3183,4822487.1007882785
1.25,3184,2949892.170766436
1.25,3185,6108372.233378934
1.25,3186,4832763.9095075
1.25,3187,4243756.953987227
1.25,3188,5381683.961629234
1.25,3189,4255125.084099358
1.25,3190,2684746.153287865
1.25,3191,3510582.07601034
1.25,3192,1538637.7016322317
1.25,3193,7962408.956105641
1.25,3194,4873541.426907859
1.25,3195,3861250.5344951437
1.25,3196,874612.6148409122
1.25,3197,1292710.4700407907
1.25,3198,2538170.0081092967
1.25,3199,2765562.770189576
1.25,3200,2034199.5141771561
1.25,3201,4014054.000297818
1.25,3202,4181947.289727823
1.25,3203,1825217.9059138598
1.25,3204,3273227.270223414
1.25,3205,1094006.4821375953
1.25,3206,4704452.257097413
1.25,3207,1769125.6808719593
1.25,3208,1135246.4478736522
1.25,3209,3475033.256651802
1.25,3210,3808360.2453500973
1.25,3211,4576570.654749581
1.25,3212,2331747.7900169026
1.25,3213,4149876.7142301984
1.25,3214,2182189.997254767
1.25,3215,1390867.4810788715
1.25,3216,3033625.4249642794
1.25,3217,3092769.776712576
1.25,3218,3137034.483286606
1.25,3219,2146509.6786123775
1.25,3220,4770330.141134056
1.25,3221,3850277.6740883216
1.25,3222,2787044.343909122
1.25,3223,2015343.1875185007
1.25,3224,3965615.456418433
1.25,3225,1083630.539603041
1.25,3226,3676691.3505540416
1.25,3227,4357279.820540959
1.25,3228,4370814.679439018
1.25,3229,2781500.5118847596
1.25,3230,2147288.6873809183
1.25,3231,4414908.545079976
1.25,3232,4607016.562188094
1.25,3233,2735830.7360708024
1.25,3234,4003871.639135127
1.25,3235,1311394.4630518602
1.25,3236,2290887.8969906713
1.25,3237,5229409.036918618
1.25,3238,2875260.1298123365
1.25,3239,442012.7785676698
1.25,3240,5759794.764606658
1.25,3241,2021727.0793470629
1.25,3242,6107482.465144928
1.25,3243,4595357.885946964
1.25,3244,5406156.385485787
1.25,3245,5874218.343605162
1.25,3246,2687944.9543338176
1.25,3247,3922269.714762428
1.25,3248,3839647.805790405
1.25,3249,512784.17232789856
1.25,3250,4526217.057120336
1.25,3251,4262522.937587379
1.25,3252,5105133.845039014
1.25,3253,2537292.769453585
1.25,3254,3134441.4549471796
1.25,3255,1882380.6024921986
1.25,3256,6000351.062910339
1.25,3257,1485217.3466827008
1.25,3258,4415160.553373101
1.25,3259,4446886.325883659
1.25,3260,5200596.053176891
1.25,3261,3787828.3610159555
1.25,3262,3476040.4567238665
1.25,3263,808478.8302689317
1.25,3264,2566740.440206332
1.25,3265,994522.1985432568
1.25,3266,2016892.7653230876
1.25,3267,4097177.072461651
1.25,3268,3857814.483679833
1.25,3269,4669142.7916777115
1.25,3270,2399373.700104488
1.25,3271,3194017.840736882
1.25,3272,4587481.099372758
1.25,3273,2902590.517760809
1.25,3274,1501889.6091985116
1.25,3275,3218760.592826917
1.25,3276,882558.5751477989
1.25,3277,4594685.454149718
1.25,3278,1177320.0649979785
1.25,3279,5150944.599803301
1.25,3280,1673492.2649965202
1.25,3281,2500672.2803837024
1.25,3282,2676856.2483841535
1.25,3283,5026600.071315988
1.25,3284,5634063.863711845
1.25,3285,4139678.84641392
1.25,3286,2964951.647140175
1.25,3287,5988155.171400634
1.25,3288,5872050.530588641
1.25,3289,2803292.757044068
1.25,3290,2788876.8881645114
1.25,3291,4351261.844436195
1.25,3292,5405658.1861947365
1.25,3293,4609484.231266786
1.25,3294,778819.9423412748
1.25,3295,510395.53612069855
1.25,3296,2652834.5890158247
1.25,3297,1429307.3479972857
1.25,3298,6476330.310596224
1.25,3299,6698812.683055076
1.25,3300,2443302.1890989617
1.25,3301,2529743.705303147
1.25,3302,3094243.639720467
1.25,3303,3397197.9815281136
1.25,3304,1856188.101910814
1.25,3305,2862153.265346196
1.25,3306,3088782.774677553
1.25,3307,3399244.622819293
1.25,3308,1522028.9762960258
1.25,3309,4344381.1285750065
1.25,3310,2904099.1148922984
1.25,3311,2983530.752427689
1.25,3312,3124558.6466034334
1.25,3313,7747051.6180722285
1.25,3314,2152479.158295803
1.25,3315,704847.2259238316
1.25,3316,4589909.121974534
1.25,3317,4210252.378690582
1.25,3318,3131688.6650665686
1.25,3319,2061421.4493114157
1.25,3320,2867886.660484057
1.25,3321,3224748.352552168
1.25,3322,219075.16622463113
1.25,3323,2629430.4551968644
1.25,3324,2982407.3996256343
1.25,3325,4692087.741784934
1.25,3326,2321199.734053016
1.25,3327,1648739.9873200553
1.25,3328,5918120.234179489
1.25,3329,3535788.084686814
1.25,3330,2921884.708387336
1.25,3331,10476007.378544215
1.25,3332,2723904.618866943
1.25,3333,527849.2894945457
1.25,3334,2049778.4991805109
1.25,3335,2316715.8562698457
1.25,3336,7053131.8506512595
1.25,3337,4687570.79117301
1.25,3338,582576.2102266785
1.25,3339,2950888.292242314
1.25,3340,6101746.534954887
1.25,3341,3008425.57813904
1.25,3342,4818066.874262747
1.25,3343,2705758.4442546517
1.25,3344,3494282.956406424
1.25,3345,2212337.1021741065
1.25,3346,2568591.2946608155
1.25,3347,1822598.2040304737
1.25,3348,3583250.5713320887
1.25,3349,1701417.438396002
1.25,3350,3388682.3997681253
1.25,3351,2785468.95965067
1.25,3352,848631.0238867344
1.25,3353,8853993.960036496
1.25,3354,2965729.281659522
1.25,3355,4263811.093537363
1.25,3356,4404959.468041127
1.25,3357,3127953.0823165467
1.25,3358,4794718.380692991
1.25,3359,4501800.616010158
1.25,3360,1402949.9350734097
1.25,3361,3450831.694974405
1.25,3362,3578962.7990664346
1.25,3363,5590386.7816753
1.25,3364,3716360.276249976
1.25,3365,2703036.336897488
1.25,3366,5329357.633122909
1.25,3367,598596.3536466579
1.25,3368,3549437.6076877806
1.25,3369,6193813.833889226
1.25,3370,4033740.942411956
1.25,3371,3767527.8993097097
1.25,3372,6004718.019533874
1.25,3373,1646569.564442277
1.25,3374,175153.06781235244
1.25,3375,6239538.618160554
1.25,3376,1371009.803570958
1.25,3377,7508521.042526379
1.25,3378,3275481.7490634783
1.25,3379,895782.2520002564
1.25,3380,0.0
1.25,3381,3420556.3959337412
1.25,3382,3725138.7916338868
1.25,3383,6434213.42279707
1.25,3384,5151082.420999774
1.25,3385,5458568.485068736
1.25,3386,2792867.143723608
1.25,3387,3953847.8933102796
1.25,3388,2050150.363180842
1.25,3389,1732973.266844365
1.25,3390,1947458.4807815265
1.25,3391,4612481.185347279
1.25,3392,6390058.447834719
1.25,3393,1940644.5918758
1.25,3394,2106034.429578889
1.25,3395,2155707.111411389
1.25,3396,708228.9027601007
1.25,3397,1672221.4929863396
1.25,3398,4851079.737613514
1.25,3399,1893285.0563632501
1.25,3400,2821381.431966673
1.25,3401,2385372.53486433
1.25,3402,5261751.856886002
1.25,3403,2224255.3004500456
1.25,3404,3546553.572892214
1.25,3405,1629380.401264316
1.25,3406,3821246.94542865
1.25,3407,2994057.261684419
1.25,3408,2161941.379177203
1.25,3409,1183153.6198356065
1.25,3410,3933505.814467595
1.25,3411,2727197.4604317034
1.25,3412,4069752.5973775955
1.25,3413,3759946.4891009447
1.25,3414,6793167.659517324
1.25,3415,1698466.2671352525
1.25,3416,1887510.707809968
1.25,3417,6650080.299346747
1.25,3418,1437325.2294206617
1.25,3419,1709053.8813704522
1.25,3420,2456936.6801261366
1.25,3421,1767251.3127531423
1.25,3422,4540491.853807377
1.25,3423,842714.7435656928
1.25,3424,2918768.5806616866
1.25,3425,4620479.420664841
1.25,3426,5792288.318536624
1.25,3427,2707407.8177878833
1.25,3428,2608232.9214872345
1.25,3429,4246537.303249956
1.25,3430,4204793.427739011
1.25,3431,3093048.6272514877
1.25,3432,1994307.1206283853
1.25,3433,4085248.3422203837
1.25,3434,793988.2554641474
1.25,3435,3443692.1287096734
1.25,3436,2799896.6248928024
1.25,3437,346823.0453546219
1.25,3438,2340842.4025003053
1.25,3439,3360656.510372366
1.25,3440,3846627.491009526
1.25,3441,6098501.302752941
1.25,3442,5042586.128601003
1.25,3443,2805554.147035445
1.25,3444,1461254.9517150186
1.25,3445,2052956.6893387716
1.25,3446,5890685.967252253
1.25,3447,3052463.5799770523
1.25,3448,5622766.933709161
1.25,3449,2310314.48627888
1.25,3450,2421527.1258418267
1.25,3451,3847242.6017345088
1.25,3452,3703555.026160079
1.25,3453,2281572.6845256095
1.25,3454,1648532.150885757
1.25,3455,5261067.548678907
1.25,3456,3452387.6122611547
1.25,3457,1144545.931069268
1.25,3458,2020953.683760073
1.25,3459,4033158.152393734
1.25,3460,4930934.183896939
1.25,3461,1665496.195640962
1.25,3462,2456840.0916437437
1.25,3463,4694193.9918167
1.25,3464,2968120.01558516
1.25,3465,1649678.9716297225
1.25,3466,1378010.4244800296
1.25,3467,6077512.636740922
1.25,3468,2791324.348642231
1.25,3469,1639775.6286176308
1.25,3470,4252525.656548887
1.25,3471,2220527.714845217
1.25,3472,5247115.5899851965
1.25,3473,4509502.170942508
1.25,3474,4109558.6723839897
1.25,3475,2539017.4018890364
1.25,3476,1978671.4015514567
1.25,3477,2530466.615724191
1.25,3478,2839218.9744580486
1.25,3479,2803841.49042637
1.25,3480,2426445.053308372
1.25,3481,795349.257306515
1.25,3482,5956948.847214894
1.25,3483,1446383.6586693185
1.25,3484,2284786.4065651293
1.25,3485,2650317.0179291596
1.25,3486,4384962.597713736
1.25,3487,1444563.261496577
1.25,3488,2615518.0517678307
1.25,3489,5469361.511698726
1.25,3490,1194628.0279461402
1.25,3491,4334089.038067433
1.25,3492,2044042.6179073155
1.25,3493,6260856.770267485
1.25,3494,6606008.745493533
1.25,3495,2099618.4368580407
1.25,3496,4216422.957989253
1.25,3497,4570162.132781558
1.25,3498,5062342.366155347
1.25,3499,370227.40872246964
1.25,3500,3033258.366671556
1.25,3501,1029477.1605081059
1.25,3502,4378299.73842039
1.25,3503,4052447.8276121584
1.25,3504,3094919.5716052903
1.25,3505,2494968.139823041
1.25,3506,6863452.356132907
1.25,3507,5787929.224239081
1.25,3508,2278540.874351269
1.25,3509,5927282.567693023
1.25,3510,1628659.2461611475
1.25,3511,1969173.6879220144
1.25,3512,3089708.7721896744
1.25,3513,2494671.2074642726
1.25,3514,2264674.9891009605
1.25,3515,833335.0492286345
1.25,3516,3951597.1072042305
1.25,3517,5834082.842747566
1.25,3518,1848331.1025242137
1.25,3519,2640761.9564592508
1.25,3520,4057067.6515476857
1.25,3521,7492184.414912209
1.25,3522,2375620.857249906
1.25,3523,4403143.633463036
1.25,3524,5089009.812946468
1.25,3525,2760869.786725938
1.25,3526,3751612.4806623077
1.25,3527,148274.60649199033
1.25,3528,470570.6052627982
1.25,3529,3434778.849846309
1.25,3530,1712144.8446899382
1.25,3531,7211478.0641391305
1.25,3532,1412608.6024549224
1.25,3533,1474865.0645438652
1.25,3534,1821537.437033443
1.25,3535,3574390.4762579063
1.25,3536,4376983.284892491
1.25,3537,3209304.7003001315
1.25,3538,2727668.2548931
1.25,3539,581168.6253121407
1.25,3540,1733666.471012807
1.25,3541,3027678.5932434467
1.25,3542,1187142.924643542
1.25,3543,3609496.6457412625
1.25,3544,3689691.73933966
1.25,3545,2914826.977477518
1.25,3546,789962.5635328033
1.25,3547,3623121.9279396655
1.25,3548,1575761.3044674662
1.25,3549,4017652.311190023
1.25,3550,2148821.125665134
1.25,3551,3438615.7505427334
1.25,3552,4121247.1209881175
1.25,3553,1896839.712287371
1.25,3554,5353307.523865934
1.25,3555,4455015.626818741
1.25,3556,319046.70200853207
1.25,3557,1496600.7394730772
1.25,3558,2187884.28218136
1.25,3559,3245243.119365842
1.25,3560,2440853.9489485845
1.25,3561,1834196.1268399477
1.25,3562,1761695.9281932528
1.25,3563,7763353.744802119
1.25,3564,5661521.425540821
1.25,3565,2209352.7058912036
1.25,3566,3762605.0985301207
1.25,3567,1719981.9772845984
1.25,3568,2086669.441177668
1.25,3569,4586937.567255541
1.25,3570,3765713.226776397
1.25,3571,3532293.592791773
1.25,3572,4076387.8611330832
1.25,3573,5653904.996036147
1.25,3574,2152851.858213184
1.25,3575,5001043.943360721
1.25,3576,1207685.2205370753
1.25,3577,2747704.836357641
1.25,3578,2677567.2300271946
1.25,3579,4685797.713238413
1.25,3580,3474581.110533217
1.25,3581,1643372.3294065483
1.25,3582,3546934.6618588567
1.25,3583,7040522.81396099
1.25,3584,137920.56853567407
1.25,3585,1383264.7090863227
1.25,3586,2925420.9605277777
1.25,3587,3760382.842925119
1.25,3588,3001384.842797176
1.25,3589,4470921.636543153
1.25,3590,3473751.363824166
1.25,3591,4451465.745487785
1.25,3592,4143676.9663976766
1.25,3593,4059930.91790749
1.25,3594,3577413.2228358625
1.25,3595,1559685.7406579428
1.25,3596,3525711.6287107244
1.25,3597,6018603.729413838
1.25,3598,2334201.1160130445
1.25,3599,2680270.2571342904
1.25,3600,2594591.5220944677
1.25,3601,4118466.3767792666
1.25,3602,2999344.4584800783
1.25,3603,949497.049304906
1.25,3604,3271587.8316242825
1.25,3605,3667168.533354622
1.25,3606,3502481.3750539944
1.25,3607,2197033.5350009645
1.25,3608,90733.1229543406
1.25,3609,2595479.355488793
1.25,3610,232102.90799528945
1.25,3611,2564412.7667503287
1.25,3612,2317101.914107403
1.25,3613,3496755.6313975714
1.25,3614,1736538.9971271036
1.25,3615,3952527.316524003
1.25,3616,0.0
1.25,3617,1984655.0084265277
1.25,3618,2879432.5204293835
1.25,3619,920448.129007469
1.25,3620,3351916.6452760575
1.25,3621,4264458.596958523
1.25,3622,2002429.3339928847
1.25,3623,3572381.520874358
1.25,3624,356427.2822517087
1.25,3625,3405128.499664088
1.25,3626,2667224.23864769
1.25,3627,3765233.9416059647
1.25,3628,117927.89221114106
1.25,3629,1297937.206050666
1.25,3630,3227745.206005617
1.25,3631,3644602.1695549926
1.25,3632,2942601.574938595
1.25,3633,3372765.2669955846
1.25,3634,1918284.5960576274
1.25,3635,1224985.9280389524
1.25,3636,2011162.4927065754
1.25,3637,3020537.7583027775
1.25,3638,16015207.039451558
1.25,3639,5089092.4200284965
1.25,3640,1797558.0640956021
1.25,3641,3839693.4441981614
1.25,3642,4364785.791618628
1.25,3643,5407572.506502716
1.25,3644,3999418.0975143206
1.25,3645,3115716.7502254625
1.25,3646,7442813.035403423
1.25,3647,0.0
1.25,3648,615333.184500932
1.25,3649,2264540.6904887245
1.25,3650,2753169.3321924377
1.25,3651,6779437.60115609
1.25,3652,783303.8334401627
1.25,3653,3891609.821505451
1.25,3654,2714484.9490226232
1.25,3655,5363875.703287625
1.25,3656,2104294.2763159964
1.25,3657,1089792.3620379632
1.25,3658,3024265.164728561
1.25,3659,3344575.5770965945
1.25,3660,3106229.660351051
1.25,3661,4234682.119553697
1.25,3662,4273786.654739686
1.25,3663,1189708.4420271176
1.25,3664,4639688.192737572
1.25,3665,6510352.748177532
1.25,3666,7490147.664011772
1.25,3667,7078475.475354529
1.25,3668,4137597.3268130813
1.25,3669,4243408.932736532
1.25,3670,3871513.5470981128
1.25,3671,537709.2419058265
1.25,3672,3341779.923737403
1.25,3673,2190227.5779452426
1.25,3674,4072066.520844845
1.25,3675,2403962.80296148
1.25,3676,6912976.598791955
1.25,3677,1654530.3982968926
1.25,3678,4958393.851988177
1.25,3679,4201545.007534174
1.25,3680,3200370.0808792403
1.25,3681,1126934.262186923
1.25,3682,3396031.5625595874
1.25,3683,3598994.138023829
1.25,3684,2720003.0448901514
1.25,3685,3189337.2961545456
1.25,3686,3037180.806638439
1.25,3687,5000160.152877708
1.25,3688,2263596.0821972773
1.25,3689,1976928.4482890943
1.25,3690,4080149.6499295793
1.25,3691,5468535.114729177
1.25,3692,1029830.3288535734
1.25,3693,4348247.039022655
1.25,3694,3324855.0172276963
1.25,3695,4567123.062103726
1.25,3696,4690316.551283597
1.25,3697,2519354.7776907557
1.25,3698,3202415.681264711
1.25,3699,6468921.526721478
1.25,3700,3441749.170640697
1.25,3701,3706713.5383376293
1.25,3702,1631389.2760107196
1.25,3703,4122022.744319598
1.25,3704,4835999.689019574
1.25,3705,4964241.533377257
1.25,3706,781028.1475668229
1.25,3707,3369722.0384984384
1.25,3708,3603929.3566844417
1.25,3709,2310985.046912146
1.25,3710,5774348.294555342
1.25,3711,4561979.066854303
1.25,3712,3581778.851136423
1.25,3713,5018604.879211476
1.25,3714,5709911.10258728
1.25,3715,4185144.8482093303
1.25,3716,1363019.532940715
1.25,3717,3040741.139069234
1.25,3718,5284214.718447896
1.25,3719,2746467.1401629653
1.25,3720,1400068.5987784166
1.25,3721,4025348.4363089297
1.25,3722,2858344.1102480744
1.25,3723,1679067.8320521847
1.25,3724,2643200.531365312
1.25,3725,2196629.429303132
1.25,3726,2797681.5139450454
1.25,3727,4392597.697561389
1.25,3728,3794861.7508196603
1.25,3729,2273307.160892108
1.25,3730,5062367.76881622
1.25,3731,5006253.797560061
1.25,3732,3578315.8368350696
1.25,3733,3420568.5754818413
1.25,3734,2147624.0606620405
1.25,3735,1993436.6068104883
1.25,3736,3061627.9670386836
1.25,3737,3029374.536895731
1.25,3738,5634948.3104136875
1.25,3739,3160874.430954422
1.25,3740,2720408.1775588673
1.25,3741,4354769.334462633
1.25,3742,2025851.6022893784
1.25,3743,2202236.426301732
1.25,3744,2878310.55436029
1.25,3745,3582695.7941054385
1.25,3746,1928774.1376009476
1.25,3747,454058.7567800897
1.25,3748,2107024.389905076
1.25,3749,5632435.523563156
1.25,3750,2358469.7930808887
1.25,3751,3377109.893390827
1.25,3752,3772657.082027901
1.25,3753,6203816.754638668
1.25,3754,5042078.557275272
1.25,3755,2361338.4656154397
1.25,3756,3723858.620389443
1.25,3757,2056281.902785296
1.25,3758,2474609.053249127
1.25,3759,4308137.38190024
1.25,3760,3371766.6931877183
1.25,3761,6217179.057986754
1.25,3762,6189473.281735345
1.25,3763,1899341.080721877
1.25,3764,3732570.0103459624
1.25,3765,1577259.7551363693
1.25,3766,5874353.468840843
1.25,3767,5775539.018915258
1.25,3768,7314044.739284599
1.25,3769,1681667.890557692
1.25,3770,4391476.633844885
1.25,3771,1781160.3623743823
1.25,3772,3063175.605283605
1.25,3773,1121637.647684585
1.25,3774,2452237.726385316
1.25,3775,2207209.7877388764
1.25,3776,3270074.455085711
1.25,3777,3810880.1498660985
1.25,3778,6660888.520625828
1.25,3779,3278095.188244329
1.25,3780,2348842.0539751714
1.25,3781,1283483.6443858785
1.25,3782,2477324.035516745
1.25,3783,4235956.148078178
1.25,3784,2788739.8956250097
1.25,3785,3813459.7303180285
1.25,3786,1453416.8333475725
1.25,3787,3687698.5354897007
1.25,3788,4027835.1823620526
1.25,3789,900178.6515744076
1.25,3790,2331561.3589068763
1.25,3791,1803503.286123211
1.25,3792,2789254.5254919818
1.25,3793,3190742.209600391
1.25,3794,1934570.3371322695
1.25,3795,3602988.911461133
1.25,3796,1785588.5545769082
1.25,3797,4239852.67597803
1.25,3798,5108648.370514263
1.25,3799,4294485.8620787775
1.25,3800,4672276.819460042
1.25,3801,4114376.815834745
1.25,3802,2204001.614467852
1.25,3803,4946616.653463809
1.25,3804,6874187.820312748
1.25,3805,5843136.345586837
1.25,3806,3126831.7095673825
1.25,3807,1637105.6135843068
1.25,3808,894755.8911027208
1.25,3809,4578883.720081982
1.25,3810,1189677.423823529
1.25,3811,2835348.364488648
1.25,3812,2272925.8061181773
1.25,3813,3627844.5115591367
1.25,3814,3444626.2768408605
1.25,3815,2940140.775392375
1.25,3816,2360648.1116948314
1.25,3817,2675811.8223253875
1.25,3818,1776878.2379701058
1.25,3819,3509800.2305718497
1.25,3820,7261534.478421828
1.25,3821,4499563.891227305
1.25,3822,2298755.3964595823
1.25,3823,5999692.610949867
1.25,3824,7673556.389850853
1.25,3825,148457.84369365312
1.25,3826,5559720.476626363
1.25,3827,2272959.7520307023
1.25,3828,4246034.644767216
1.25,3829,4993946.405586926
1.25,3830,1442415.8290251303
1.25,3831,4506079.634017896
1.25,3832,567234.0232319615
1.25,3833,4698198.617937799
1.25,3834,2893867.900768959
1.25,3835,2576406.8578070537
1.25,3836,6196328.0153632
1.25,3837,430380.33106670674
1.25,3838,3508078.1145040407
1.25,3839,2393307.830286079
1.25,3840,2821227.613720252
1.25,3841,1525649.7541703726
1.25,3842,3308661.276489463
1.25,3843,3064168.1391904475
1.25,3844,3478897.6785021885
1.25,3845,5218305.265928034
1.25,3846,6767867.0545827495
1.25,3847,2773297.0366334505
1.25,3848,3352611.751840303
1.25,3849,4954390.7159588905
1.25,3850,3182839.0691412254
1.25,3851,5064097.886762984
1.25,3852,3006762.5681142528
1.25,3853,3399299.486715404
1.25,3854,2079830.8983304515
1.25,3855,3624424.2347562895
1.25,3856,2434182.22267664
1.25,3857,1880216.8193602331
1.25,3858,3272299.077631083
1.25,3859,1276659.5905966747
1.25,3860,4942868.566752291
1.25,3861,3991291.9657238694
1.25,3862,3562238.0649605645
1.25,3863,2185650.2625234397
1.25,3864,2652851.0159825077
1.25,3865,1233291.7501000315
1.25,3866,1916733.8755067452
1.25,3867,2933438.3711209265
1.25,3868,5161317.316243642
1.25,3869,2028798.0177310384
1.25,3870,1064721.5233590612
1.25,3871,2030407.494050288
1.25,3872,3781473.2749418803
1.25,3873,4219343.614005703
1.25,3874,2564145.6204695525
1.25,3875,3029940.602305713
1.25,3876,4994944.326129863
1.25,3877,2742502.43065919
1.25,3878,5238846.487024274
1.25,3879,4527691.038182339
1.25,3880,1922768.4442521923
1.25,3881,0.0
1.25,3882,2046534.785351774
1.25,3883,1334419.889543121
1.25,3884,2268233.1947422335
1.25,3885,1677938.7160959672
1.25,3886,1082088.6150078583
1.25,3887,5798823.162103627
1.25,3888,3426582.7620944697
1.25,3889,5670251.5575593235
1.25,3890,1578894.9518816043
1.25,3891,1188985.6630301657
1.25,3892,5945413.646967021
1.25,3893,7588595.519356767
1.25,3894,4530557.716880381
1.25,3895,1776114.683107999
1.25,3896,2008033.2981199957
1.25,3897,5309047.324641368
1.25,3898,1863497.0996960574
1.25,3899,148199.07098636118
1.25,3900,5936663.437913289
1.25,3901,3263303.026092083
1.25,3902,5632411.241460777
1.25,3903,2200400.3948588623
1.25,3904,4299565.124488843
1.25,3905,6379726.642717255
1.25,3906,2367504.652942721
1.25,3907,4795812.419611199
1.25,3908,2932933.0048954166
1.25,3909,5265714.210400916
1.25,3910,3619748.9647740126
1.25,3911,1086618.9785627103
1.25,3912,3230479.748645224
1.25,3913,2311794.387833506
1.25,3914,3147149.051583961
1.25,3915,3904524.728271667
1.25,3916,3683139.320128697
1.25,3917,1951171.3329066862
1.25,3918,5742389.173569545
1.25,3919,1275581.0148133924
1.25,3920,5768363.012973112
1.25,3921,1814444.0044483552
1.25,3922,7578909.942862752
1.25,3923,3793182.035832349
1.25,3924,2328521.004194655
1.25,3925,1238075.1344115944
1.25,3926,4930650.225168611
1.25,3927,2557872.538712352
1.25,3928,4992961.087814704
1.25,3929,1879186.7089776322
1.25,3930,1229286.5704666844
1.25,3931,3626478.089882386
1.25,3932,5009226.87151401
1.25,3933,4732060.636825091
1.25,3934,3490425.46589109
1.25,3935,3756335.2262677895
1.25,3936,1908232.5305612073
1.25,3937,5194679.456117675
1.25,3938,2954564.231608947
1.25,3939,6619413.603580004
1.25,3940,727885.8981694366
1.25,3941,2024078.1743632203
1.25,3942,2994501.7511082646
1.25,3943,5531164.313205109
1.25,3944,931244.5122060205
1.25,3945,2430318.7746699164
1.25,3946,3142209.5611705994
1.25,3947,2774897.491161733
1.25,3948,5851827.942932745
1.25,3949,2053765.6403316192
1.25,3950,4116755.7666988596
1.25,3951,1781285.1882625693
1.25,3952,1753190.8320183437
1.25,3953,1326973.2831005123
1.25,3954,3904282.9458445366
1.25,3955,5279077.462387861
1.25,3956,4466509.264154396
1.25,3957,1289511.539020559
1.25,3958,365903.7701049729
1.25,3959,1813786.847720258
1.25,3960,1143661.8277648499
1.25,3961,0.0
1.25,3962,2012213.6829114447
1.25,3963,4507974.901945052
1.25,3964,10459.415134203853
1.25,3965,2586128.0872055166
1.25,3966,2173150.793168407
1.25,3967,2381886.1411489695
1.25,3968,2568613.4580826596
1.25,3969,4916829.145262975
1.25,3970,4700785.204477756
1.25,3971,4315056.951058006
1.25,3972,1469905.129363903
1.25,3973,2162403.3444657144
1.25,3974,3462735.12018375
1.25,3975,4682208.47401934
1.25,3976,4073748.604742519
1.25,3977,1063707.6463107262
1.25,3978,546862.2451330662
1.25,3979,1222298.688250851
1.25,3980,3936559.990412065
1.25,3981,4457016.54979235
1.25,3982,3413844.363717128
1.25,3983,3234463.7087818803
1.25,3984,1368824.1073533434
1.25,3985,4737101.457320239
1.25,3986,4211244.7532149
1.25,3987,8182292.660785921
1.25,3988,5392782.446632096
1.25,3989,6190367.009307415
1.25,3990,4617819.999710714
1.25,3991,3727534.944355609
1.25,3992,1992772.212442625
1.25,3993,1049452.6673953878
1.25,3994,3821876.5190014997
1.25,3995,2147314.686670813
1.25,3996,3146430.896225129
1.25,3997,4298924.9627812505
1.25,3998,3652382.0690169022
1.25,3999,3750906.5783107653
1.25,4000,3468107.932262177
1.25,4001,3740429.8715802147
1.25,4002,4756805.272227839
1.25,4003,4674769.303709549
1.25,4004,4652020.431216961
1.25,4005,11442615.80963331
1.25,4006,8037339.377292625
1.25,4007,3976319.192901583
1.25,4008,3144729.607424416
1.25,4009,4419469.215288924
1.25,4010,2879104.6022445206
1.25,4011,2577517.1033764435
1.25,4012,3592748.8803995596
1.25,4013,3988954.19840662
1.25,4014,1714591.2579677051
1.25,4015,1328766.088021097
1.25,4016,588744.0600820754
1.25,4017,6010493.710445404
1.25,4018,1280950.3954251823
1.25,4019,1429100.7674097302
1.25,4020,1347419.4894973352
1.25,4021,4648433.152209757
1.25,4022,4735759.160869375
1.25,4023,1526930.5818026052
1.25,4024,2745715.6488245707
1.25,4025,406842.44107618986
1.25,4026,2788283.017418738
1.25,4027,6221807.123348275
1.25,4028,2959336.954826212
1.25,4029,3443153.9650129727
1.25,4030,3560632.9066454833
1.25,4031,0.0
1.25,4032,2285618.0005726907
1.25,4033,6122060.013227108
1.25,4034,2718036.5140651725
1.25,4035,2658427.7746570273
1.25,4036,1970486.1280343258
1.25,4037,1527695.5216825958
1.25,4038,1222503.0554904928
1.25,4039,4267894.136484121
1.25,4040,7674280.74948776
1.25,4041,1542847.4171835058
1.25,4042,3962479.823504896
1.25,4043,4334936.469211856
1.25,4044,4940088.286711069
1.25,4045,3110927.902877148
1.25,4046,3915910.345661636
1.25,4047,3401842.303022371
1.25,4048,2706737.179644149
1.25,4049,3756050.1253169253
1.25,4050,2458733.2777915103
1.25,4051,1802537.3316585487
1.25,4052,792891.9068055439
1.25,4053,5863999.076993824
1.25,4054,2091520.8488551674
1.25,4055,2710379.9408352794
1.25,4056,5237747.244854606
1.25,4057,3592657.1744443593
1.25,4058,2295612.5566547923
1.25,4059,2160982.345023457
1.25,4060,4634223.847733823
1.25,4061,3669520.895396328
1.25,4062,3259098.830523135
1.25,4063,2888777.8065602677
1.25,4064,2126200.2688663267
1.25,4065,534692.5694729157
1.25,4066,2258607.2042237995
1.25,4067,2379203.7269753916
1.25,4068,2028188.9466426934
1.25,4069,1560363.1641997166
1.25,4070,1901141.7314538695
1.25,4071,4580905.855786029
1.25,4072,2656182.238075729
1.25,4073,4863619.498038173
1.25,4074,2492044.0382722644
1.25,4075,2895851.6579468236
1.25,4076,3379436.1378373723
1.25,4077,4993429.857382458
1.25,4078,3946947.9613348306
1.25,4079,918590.6965724503
1.25,4080,3178302.652624925
1.25,4081,4242378.923293988
1.25,4082,3671259.6287838547
1.25,4083,1232462.2169557333
1.25,4084,7144074.399971522
1.25,4085,3015558.039376261
1.25,4086,2315845.9106135736
1.25,4087,2076142.3039804713
1.25,4088,5071634.955382041
1.25,4089,1004094.5116056447
1.25,4090,4397137.024791675
1.25,4091,2968618.129717986
1.25,4092,1378052.8471690973
1.25,4093,1296211.6018403352
1.25,4094,2926143.6190325115
1.25,4095,4029028.8253744887
1.25,4096,4859933.163675126
1.25,4097,4329538.29697896
1.25,4098,2248942.9533978845
1.25,4099,2620086.192409886
1.25,4100,1663517.5265128764
1.25,4101,2491904.264085867
1.25,4102,3964275.195889798
1.25,4103,5676582.356282264
1.25,4104,3884618.668519493
1.25,4105,1752814.326843802
1.25,4106,4800493.855963431
1.25,4107,1994460.2876621408
1.25,4108,3308775.123973263
1.25,4109,1846019.8747146316
1.25,4110,0.0
1.25,4111,544756.7781509929
1.25,4112,5805596.993257403
1.25,4113,951750.172667862
1.25,4114,2017341.3263744875
1.25,4115,2447507.818678574
1.25,4116,3293287.3673228296
1.25,4117,1102495.7028893675
1.25,4118,9826417.761899767
1.25,4119,5447017.876331214
1.25,4120,2873363.1173016652
1.25,4121,608000.7694695778
1.25,4122,5247434.957265347
1.25,4123,2602606.286022066
1.25,4124,2739538.0445141485
1.25,4125,2039949.5298373331
1.25,4126,1350376.61700691
1.25,4127,4856897.48993225
1.25,4128,3582516.5928097954
1.25,4129,3891194.771634505
1.25,4130,2980041.368117171
1.25,4131,3299721.896031589
1.25,4132,1917837.862988997
1.25,4133,555725.9776718798
1.25,4134,3890755.364847158
1.25,4135,2483835.779530745
1.25,4136,4148592.5444227494
1.25,4137,2825583.570666983
1.25,4138,2777192.4715155535
1.25,4139,3307583.27735064
1.25,4140,564870.8881630546
1.25,4141,1727341.617032115
1.25,4142,2717244.3071719967
1.25,4143,4065622.183215409
1.25,4144,1207704.881208981
1.25,4145,961775.9449516716
1.25,4146,2561605.997632826
1.25,4147,3165752.1700247186
1.25,4148,2077000.948147679
1.25,4149,4932352.696530729
1.25,4150,4961812.653565817
1.25,4151,7305093.859976731
1.25,4152,3561176.535289754
1.25,4153,3825917.7511529797
1.25,4154,5360729.024347141
1.25,4155,4035613.7286288077
1.25,4156,2038235.7970115566
1.25,4157,2315144.4885846064
1.25,4158,3116788.862371184
1.25,4159,3075751.4721149127
1.25,4160,0.0
1.25,4161,852344.7955384329
1.25,4162,1124796.3516125914
1.25,4163,6281722.2719796635
1.25,4164,3659703.235719147
1.25,4165,6586680.332502935
1.25,4166,5565936.624298133
1.25,4167,4518299.279430829
1.25,4168,1864128.5122655046
1.25,4169,1942085.115440153
1.25,4170,424238.5563776345
1.25,4171,3598375.681239833
1.25,4172,5973170.223721072
1.25,4173,2123099.35642548
1.25,4174,4260411.859194245
1.25,4175,2629610.9906729
1.25,4176,1971707.5908488308
1.25,4177,503450.21251702565
1.25,4178,4014468.5689886324
1.25,4179,2215828.321559648
1.25,4180,3801558.70682968
1.25,4181,4714369.885513022
1.25,4182,1006117.541144456
1.25,4183,4662880.866038344
1.25,4184,3024542.916084234
1.25,4185,4565293.394239201
1.25,4186,2950645.1752852444
1.25,4187,4719625.080269364
1.25,4188,1614852.2062228941
1.25,4189,3665171.0236917078
1.25,4190,4891423.48492104
1.25,4191,810773.0934584227
1.25,4192,1492791.74424053
1.25,4193,1499101.147515411
1.25,4194,2469101.08529404
1.25,4195,2834099.08741805
1.25,4196,3991940.123858671
1.25,4197,4006096.068585867
1.25,4198,1815158.3973165886
1.25,4199,2193914.037071961
1.25,4200,2175486.318454307
1.25,4201,3169665.189564686
1.25,4202,2196408.439712896
1.25,4203,3874566.4733306156
1.25,4204,3004813.2414040943
1.25,4205,2579779.973158898
1.25,4206,1165709.9150699642
1.25,4207,2453222.954514883
1.25,4208,2302913.9433661355
1.25,4209,3657657.091785008
1.25,4210,771998.5231395257
1.25,4211,2648049.6310288575
1.25,4212,2491276.264759636
1.25,4213,2153902.094755106
1.25,4214,4054102.950114627
1.25,4215,2127399.2409482775
1.25,4216,6275013.40392592
1.25,4217,1677361.4462694204
1.25,4218,895406.2460561346
1.25,4219,744989.0029400864
1.25,4220,1344949.155013831
1.25,4221,3017925.7942600474
1.25,4222,3570254.738664253
1.25,4223,2691451.376986543
1.25,4224,3063092.011476028
1.25,4225,3645996.4813076463
1.25,4226,333043.62985131197
1.25,4227,2628773.450554456
1.25,4228,859904.1154952893
1.25,4229,6349548.861464714
1.25,4230,2247610.131463023
1.25,4231,1804191.3853993258
1.25,4232,662934.9454139072
1.25,4233,7951886.874405036
1.25,4234,1679023.6967122997
1.25,4235,1514399.9984416375
1.25,4236,7031441.965692261
1.25,4237,1545608.8744903342
1.25,4238,4388876.953147085
1.25,4239,2094067.9145758783
1.25,4240,2572671.426289156
1.25,4241,37424.527983942404
1.25,4242,2253355.7878692606
1.25,4243,420412.3987229604
1.25,4244,4381351.989304633
1.25,4245,2182590.850622579
1.25,4246,6353461.449554275
1.25,4247,2903124.028813016
1.25,4248,4481539.247651112
1.25,4249,4351464.106183171
1.25,4250,0.0
1.25,4251,2920425.343781972
1.25,4252,2215617.6222579367
1.25,4253,3601420.496164483
1.25,4254,7945213.755924897
1.25,4255,1720472.212832835
1.25,4256,4294240.472055475
1.25,4257,4026187.876547268
1.25,4258,1643697.9473226024
1.25,4259,4836835.667825974
1.25,4260,4556493.594014055
1.25,4261,5261701.627093971
1.25,4262,4818035.274972254
1.25,4263,0.0
1.25,4264,1487593.9103685427
1.25,4265,873736.3273357743
1.25,4266,5937036.715418622
1.25,4267,2104995.1535615316
1.25,4268,1090667.912434174
1.25,4269,1208414.0945035676
1.25,4270,2175196.455462151
1.25,4271,2129584.5123218633
1.25,4272,2352817.961734433
1.25,4273,1871528.2580207277
1.25,4274,5215100.599939611
1.25,4275,3872759.8496797928
1.25,4276,2751707.7048167964
1.25,4277,2423025.037108891
1.25,4278,5215101.565489199
1.25,4279,1324701.0571074814
1.25,4280,4063274.8897630917
1.25,4281,2424977.1358998236
1.25,4282,4179502.179501677
1.25,4283,3068755.290057528
1.25,4284,2320136.5383105543
1.25,4285,5556464.559884299
1.25,4286,2804139.7284253077
1.25,4287,3566558.3231845745
1.25,4288,722806.5555200661
1.25,4289,7418503.897404857
1.25,4290,4392316.100106497
1.25,4291,4732780.428603336
1.25,4292,4692114.943122808
1.25,4293,2775959.9062698158
1.25,4294,5067829.906197507
1.25,4295,3885886.7079126686
1.25,4296,1794383.8518800568
1.25,4297,4597435.182583432
1.25,4298,1834762.015269055
1.25,4299,3310234.7772892807
1.25,4300,4786941.668025502
1.25,4301,2709483.3142162343
1.25,4302,2217244.228675006
1.25,4303,984204.0023580217
1.25,4304,1756618.0086938585
1.25,4305,1219865.0368473665
1.25,4306,3010867.4628887987
1.25,4307,3662180.3885617866
1.25,4308,2841040.772415409
1.25,4309,5011425.831202591
1.25,4310,483758.4167856049
1.25,4311,3446058.2880771044
1.25,4312,2926796.4443616625
1.25,4313,3814556.4947362603
1.25,4314,3343835.7706808723
1.25,4315,8216729.325902966
1.25,4316,1333050.260160586
1.25,4317,2410397.813251855
1.25,4318,5260464.478660105
1.25,4319,1295076.9473861072
1.25,4320,6981545.196007492
1.25,4321,3096288.597991107
1.25,4322,7294795.361332471
1.25,4323,3037537.7395821637
1.25,4324,2261520.332207249
1.25,4325,3512941.615918513
1.25,4326,6370437.133836235
1.25,4327,4864728.8844618155
1.25,4328,2411264.9029657897
1.25,4329,7214896.516244943
1.25,4330,5140114.654985571
1.25,4331,2462059.7091806997
1.25,4332,3157520.6879324
1.25,4333,2930081.0185814938
1.25,4334,1621877.4623455734
1.25,4335,10385855.35327997
1.25,4336,3249592.5116142863
1.25,4337,2720500.072871072
1.25,4338,2573342.1840545363
1.25,4339,4166201.448779246
1.25,4340,4127837.0848750677
1.25,4341,4649256.548348103
1.25,4342,1085192.95673072
1.25,4343,2454783.883684572
1.25,4344,6576822.90468037
1.25,4345,3538005.329717405
1.25,4346,1364657.5674579672
1.25,4347,1566900.4050301602
1.25,4348,4432377.277550844
1.25,4349,2510700.168069691
1.25,4350,2168946.900879066
1.25,4351,3982340.9730666922
1.25,4352,2506361.3354484644
1.25,4353,1137460.3274921768
1.25,4354,3744947.9831790742
1.25,4355,2131198.7598411655
1.25,4356,3856485.068697238
1.25,4357,4124871.2261151597
1.25,4358,5976161.543060203
1.25,4359,6186323.951481408
1.25,4360,4032281.240943706
1.25,4361,1099269.5947439065
1.25,4362,3073719.198051179
1.25,4363,796048.9828501877
1.25,4364,3620576.8590755095
1.25,4365,2675803.3415193805
1.25,4366,2207165.2556073554
1.25,4367,1245350.5472146259
1.25,4368,4885835.7559197955
1.25,4369,4639104.580901088
1.25,4370,3420785.5899349866
1.25,4371,2819552.1348567554
1.25,4372,3225772.2397223637
1.25,4373,2801722.3880873923
1.25,4374,3889441.7475922517
1.25,4375,3999905.3398230523
1.25,4376,3171754.061426671
1.25,4377,3104699.8196819304
1.25,4378,4240832.4351334525
1.25,4379,3084024.8851733194
1.25,4380,1083470.2394034045
1.25,4381,1615303.3655831334
1.25,4382,4548000.130032403
1.25,4383,707085.4584269971
1.25,4384,2650248.8291147994
1.25,4385,4984710.516481945
1.25,4386,2268645.0952256913
1.25,4387,4505681.440702164
1.25,4388,3674917.1209440716
1.25,4389,3669639.346570013
1.25,4390,4382509.409588476
1.25,4391,4027271.5476188073
1.25,4392,2077509.3745393546
1.25,4393,1841382.8655564673
1.25,4394,3062762.873818338
1.25,4395,1837553.243186883
1.25,4396,5458771.231082412
1.25,4397,3220521.505866201
1.25,4398,4611242.020375608
1.25,4399,1811030.033767989
1.25,4400,6934025.086093033
1.25,4401,2351521.953956764
1.25,4402,1641690.9996853264
1.25,4403,2191945.234474993
1.25,4404,1432750.557144316
1.25,4405,8306293.528085987
1.25,4406,2250343.649221789
1.25,4407,4271333.891834987
1.25,4408,4304612.723250484
1.25,4409,3948123.7242007703
1.25,4410,2866934.8441557204
1.25,4411,1845238.6145717362
1.25,4412,4130721.077219608
1.25,4413,1956351.869585963
1.25,4414,253884.9358460767
1.25,4415,1767038.284528921
1.25,4416,394734.8496935972
1.25,4417,2037785.521010152
1.25,4418,6402426.7710831575
1.25,4419,3923596.868492429
1.25,4420,5414252.116975917
1.25,4421,5450613.377984637
1.25,4422,4119373.2621664987
1.25,4423,2490457.763958241
1.25,4424,2781267.3577415347
1.25,4425,7040130.92908581
1.25,4426,1469689.6848375523
1.25,4427,6535381.316552899
1.25,4428,363934.4420209322
1.25,4429,4506966.1937296
1.25,4430,3664128.6176435878
1.25,4431,3567428.4541542553
1.25,4432,3021809.236403034
1.25,4433,4119571.791220589
1.25,4434,3302911.8600627836
1.25,4435,4741500.103429687
1.25,4436,4621519.300711676
1.25,4437,2389923.6983603314
1.25,4438,2557608.5573884374
1.25,4439,3843343.6122899
1.25,4440,2669889.960781622
1.25,4441,5384610.163212445
1.25,4442,2716175.7736387276
1.25,4443,5814069.841949517
1.25,4444,3076299.081350777
1.25,4445,4763388.2530629635
1.25,4446,4815517.232360792
1.25,4447,5272588.313541321
1.25,4448,4298956.450765264
1.25,4449,2388943.829466815
1.25,4450,5651476.709130273
1.25,4451,5441966.860679101
1.25,4452,5118375.076570153
1.25,4453,2010770.1014450525
1.25,4454,3845693.0327336346
1.25,4455,3167186.576653344
1.25,4456,1005772.8040924362
1.25,4457,2399883.8423642656
1.25,4458,1313575.7195105855
1.25,4459,4333005.268704071
1.25,4460,2470922.4655920584
1.25,4461,3164502.6744371634
1.25,4462,2468582.8382265586
1.25,4463,3512347.8288743114
1.25,4464,5765996.605304233
1.25,4465,3438623.5833947486
1.25,4466,3206933.709696199
1.25,4467,1420717.8129076567
1.25,4468,4021820.408688779
1.25,4469,3181170.7165023955
1.25,4470,4345844.269994629
1.25,4471,1658237.5511009404
1.25,4472,2603533.1129918164
1.25,4473,614399.7721390084
1.25,4474,3010471.4530227077
1.25,4475,3252927.3103795396
1.25,4476,5782479.2235232815
1.25,4477,1250467.0030442472
1.25,4478,4483444.28543255
1.25,4479,5156446.602611033
1.25,4480,1263827.9152925033
1.25,4481,725261.2483481168
1.25,4482,4879005.333425468
1.25,4483,3696121.0187331936
1.25,4484,1528155.1532569514
1.25,4485,790124.4098422749
1.25,4486,1231952.709004401
1.25,4487,4378546.498471362
1.25,4488,3616259.174891916
1.25,4489,3852874.485781879
1.25,4490,3823118.228026445
1.25,4491,2465415.9333116496
1.25,4492,5596870.442429506
1.25,4493,5044187.683742651
1.25,4494,1554319.3115027067
1.25,4495,3016554.15196231
1.25,4496,3398380.761392453
1.25,4497,4255341.039857016
1.25,4498,373532.15396298777
1.25,4499,1892122.1521804554
1.25,4500,3531487.3922117352
1.25,4501,3832337.055551472
1.25,4502,602353.1762371034
1.25,4503,2799629.323139924
1.25,4504,1293486.7627372667
1.25,4505,7241328.097322636
1.25,4506,2482103.294294171
1.25,4507,4306625.614034733
1.25,4508,4328783.978187204
1.25,4509,3349907.9411242236
1.25,4510,1677885.733278092
1.25,4511,2525522.7323420304
1.25,4512,3440181.3180090394
1.25,4513,2642016.996215705
1.25,4514,1105547.6115240965
1.25,4515,5176602.0352432765
1.25,4516,1230940.5072446992
1.25,4517,1187950.6745241894
1.25,4518,4209718.075552816
1.25,4519,2585532.021181957
1.25,4520,1191762.492122401
1.25,4521,5529594.195362477
1.25,4522,3601502.390222904
1.25,4523,7331658.269062898
1.25,4524,4563824.40995108
1.25,4525,4269334.57773303
1.25,4526,6301210.192344631
1.25,4527,6075620.152642053
1.25,4528,597346.086921559
1.25,4529,3481215.974464018
1.25,4530,2837013.6291268067
1.25,4531,339293.1211760592
1.25,4532,4147435.0161647033
1.25,4533,2388358.3230708535
1.25,4534,2284930.356495037
1.25,4535,4390101.004275207
1.25,4536,2226940.9837969583
1.25,4537,2093275.0791991428
1.25,4538,2393104.0454457863
1.25,4539,7233503.225346033
1.25,4540,2140252.816612247
1.25,4541,399051.7756212948
1.25,4542,6028661.497607857
1.25,4543,2891358.179127398
1.25,4544,2351938.1350810053
1.25,4545,4438578.229120917
1.25,4546,3964066.830380904
1.25,4547,5748468.9966553915
1.25,4548,2577360.8405736936
1.25,4549,282456.1053259428
1.25,4550,3973141.3378133895
1.25,4551,3358952.009420486
1.25,4552,4360831.560751828
1.25,4553,3416016.368504957
1.25,4554,1023713.8437088386
1.25,4555,2690250.467777276
1.25,4556,1377329.137086789
1.25,4557,5919875.746926435
1.25,4558,2053909.9961505707
1.25,4559,3726713.798019107
1.25,4560,4429974.588724449
1.25,4561,2010617.5772874807
1.25,4562,2439072.4029844576
1.25,4563,6070564.551479429
1.25,4564,898670.7951403467
1.25,4565,8813442.197016498
1.25,4566,3998782.810003129
1.25,4567,5534880.705099414
1.25,4568,2315218.0506912563
1.25,4569,1620155.2532971213
1.25,4570,5137004.259799658
1.25,4571,2433242.548307864
1.25,4572,3186481.8361956594
1.25,4573,2899484.1350995423
1.25,4574,869032.0327283932
1.25,4575,3256389.4984845365
1.25,4576,3968089.941903173
1.25,4577,5237049.896017586
1.25,4578,7918205.661999706
1.25,4579,5269285.084082874
1.25,4580,7787782.478648655
1.25,4581,3614303.875181556
1.25,4582,3750965.2455954133
1.25,4583,2312509.535886976
1.25,4584,1237931.502585213
1.25,4585,5320099.0334446505
1.25,4586,5964885.223176552
1.25,4587,1708714.943469283
1.25,4588,2847200.867669828
1.25,4589,2970078.2204716643
1.25,4590,3758850.6458891197
1.25,4591,2839817.2004793836
1.25,4592,2045736.0627409855
1.25,4593,3810136.359556125
1.25,4594,3131520.7249225467
1.25,4595,2838603.805005706
1.25,4596,3953954.000096625
1.25,4597,1877546.6693614225
1.25,4598,5273149.912935282
1.25,4599,2999930.443917668
1.25,4600,3574821.713214398
1.25,4601,3046422.6467241826
1.25,4602,4140677.521187095
1.25,4603,2831829.7321998263
1.25,4604,4743510.723150111
1.25,4605,4086053.4797117673
1.25,4606,3126400.1847399417
1.25,4607,1183007.7645333908
1.25,4608,7744765.859072831
1.25,4609,5156025.173510927
1.25,4610,3410730.996174149
1.25,4611,2283123.5291124415
1.25,4612,3235329.6046290565
1.25,4613,1833746.9986785483
1.25,4614,1464443.3196269346
1.25,4615,641250.5398623295
1.25,4616,1876401.5978738528
1.25,4617,1765966.12575748
1.25,4618,2136429.1547866366
1.25,4619,3961385.2519903835
1.25,4620,4262444.941812109
1.25,4621,678955.7661862179
1.25,4622,3784191.915338759
1.25,4623,6126291.185920861
1.25,4624,4066188.021269135
1.25,4625,1378001.9278858134
1.25,4626,4096970.395789473
1.25,4627,1276773.1966372784
1.25,4628,1926438.7267141193
1.25,4629,6560589.138336208
1.25,4630,1176844.5455795645
1.25,4631,2913508.929941031
1.25,4632,3258975.301269101
1.25,4633,3465082.8922645664
1.25,4634,8304832.691363432
1.25,4635,3292358.8716666875
1.25,4636,2253782.948883367
1.25,4637,1946432.090236823
1.25,4638,2002850.2169997464
1.25,4639,2434286.755368775
1.25,4640,2709209.4812902464
1.25,4641,5885163.598392482
1.25,4642,2135111.3012879407
1.25,4643,4362912.276835221
1.25,4644,6399597.922488851
1.25,4645,6737768.656652891
1.25,4646,3032633.391391647
1.25,4647,3269845.2115979814
1.25,4648,1357473.0599008787
1.25,4649,4736944.80426068
1.25,4650,3573607.927478061
1.25,4651,1261740.3939199462
1.25,4652,1869891.8292145955
1.25,4653,2983728.3056747406
1.25,4654,3106435.2349078497
1.25,4655,3073066.104541323
1.25,4656,4374635.257288283
1.25,4657,2555522.1254442967
1.25,4658,3578549.704139051
1.25,4659,6085508.249385939
1.25,4660,1384225.8255309605
1.25,4661,9965507.448358394
1.25,4662,5671379.045296831
1.25,4663,1511505.3091928242
1.25,4664,4374102.976762295
1.25,4665,2573464.2944699842
1.25,4666,3403399.1566448356
1.25,4667,2886634.3756696433
1.25,4668,3261094.957872295
1.25,4669,6387355.625885018
1.25,4670,3117170.914308144
1.25,4671,4336578.643027566
1.25,4672,2004952.5398498974
1.25,4673,5793228.802972938
1.25,4674,5256477.918660257
1.25,4675,2442288.5362868286
1.25,4676,2763387.651573233
1.25,4677,5949149.368259047
1.25,4678,3592092.485361117
1.25,4679,6128702.010430242
1.25,4680,3343435.3040850405
1.25,4681,2695758.950598016
1.25,4682,699550.8373967826
1.25,4683,3893541.8907242017
1.25,4684,5025559.9385796
1.25,4685,5414920.905890636
1.25,4686,7679974.045138378
1.25,4687,5329595.473687065
1.25,4688,6182526.1415928705
1.25,4689,564241.6803432489
1.25,4690,926343.5578795059
1.25,4691,3492964.8638755716
1.25,4692,2195951.1911121244
1.25,4693,4081294.228213783
1.25,4694,3846050.3162763156
1.25,4695,6419981.553451422
1.25,4696,6234138.268852453
1.25,4697,3853973.520363322
1.25,4698,4512730.133310314
1.25,4699,4529983.915657772
1.25,4700,6559623.576572172
1.25,4701,3034361.7443046914
1.25,4702,4059375.9859425304
1.25,4703,4245810.4406767655
1.25,4704,1361163.745103913
1.25,4705,5108949.416556114
1.25,4706,4088916.278634937
1.25,4707,2382774.996581997
1.25,4708,1967669.4342977267
1.25,4709,1729640.7562632195
1.25,4710,4601703.140490271
1.25,4711,4473102.743390968
1.25,4712,1394415.5342426216
1.25,4713,2250344.9327390203
1.25,4714,2753252.526576139
1.25,4715,3816930.600867008
1.25,4716,579958.3745720098
1.25,4717,4416066.148031572
1.25,4718,3875929.095324029
1.25,4719,319996.8475894121
1.25,4720,2256737.610063866
1.25,4721,1704066.9774386005
1.25,4722,2162836.3850470693
1.25,4723,4947733.502814439
1.25,4724,3929126.652188407
1.25,4725,4081176.63488474
1.25,4726,4177300.378636048
1.25,4727,5479313.50261785
1.25,4728,4625337.379597985
1.25,4729,5669443.350962956
1.25,4730,3494843.0878585423
1.25,4731,3076367.079655747
1.25,4732,4539999.046967758
1.25,4733,1334498.798024537
1.25,4734,2283872.6018718076
1.25,4735,4903869.320949077
1.25,4736,3512470.702457341
1.25,4737,556112.4978944324
1.25,4738,2480421.0175448353
1.25,4739,336616.0274424238
1.25,4740,1919725.267288809
1.25,4741,4416866.565723664
1.25,4742,6115903.003739201
1.25,4743,1360162.8537276224
1.25,4744,4254965.026013678
1.25,4745,4041786.761737967
1.25,4746,4149759.728363958
1.25,4747,2063218.6555250767
1.25,4748,3619414.332659647
1.25,4749,6192147.070716798
1.25,4750,2122486.3610805874
1.25,4751,3365547.1591992783
1.25,4752,4735654.865189817
1.25,4753,3325201.1086476427
1.25,4754,5370794.130294927
1.25,4755,4381001.888736072
1.25,4756,6166023.300450343
1.25,4757,3749313.5458731456
1.25,4758,1617647.204634309
1.25,4759,4090477.385831505
1.25,4760,2844625.4177759513
1.25,4761,3623003.9395611505
1.25,4762,1598120.3903902278
1.25,4763,1824078.6012852741
1.25,4764,4578767.429097049
1.25,4765,780368.8895966621
1.25,4766,5438732.593786491
1.25,4767,4235838.490957489
1.25,4768,4328307.449560405
1.25,4769,4621036.615309905
1.25,4770,2227469.480547344
1.25,4771,5576787.976331806
1.25,4772,4350806.393914257
1.25,4773,1433073.3980996925
1.25,4774,2030635.8185042264
1.25,4775,474416.9529409376
1.25,4776,6082792.070091792
1.25,4777,3417951.766081939
1.25,4778,3506181.5919605275
1.25,4779,2270392.7408360047
1.25,4780,5981810.272830351
1.25,4781,3259264.9763513296
1.25,4782,3298798.7153768684
1.25,4783,4653239.2684293175
1.25,4784,4917984.828979805
1.25,4785,2351043.9633168457
1.25,4786,4891775.695048718
1.25,4787,4234258.1899655545
1.25,4788,3170855.881099509
1.25,4789,1166000.961153067
1.25,4790,1637523.4356934372
1.25,4791,7487870.927498354
1.25,4792,4736605.884731093
1.25,4793,5628628.141315793
1.25,4794,1570894.7291941482
1.25,4795,2660758.5710071493
1.25,4796,6203625.150132615
1.25,4797,556121.5327237557
1.25,4798,4444365.596671334
1.25,4799,1085162.8423007848
1.25,4800,581188.3238407157
1.25,4801,1864050.9326983304
1.25,4802,1692235.6014259686
1.25,4803,3016957.3115013437
1.25,4804,5460932.383632727
1.25,4805,3819494.872100657
1.25,4806,708335.8978074753
1.25,4807,828532.5187400596
1.25,4808,5568403.336832937
1.25,4809,4086888.0831367015
1.25,4810,0.0
1.25,4811,2811287.5661220355
1.25,4812,1397039.2890845726
1.25,4813,3280056.1075649452
1.25,4814,2826790.682038393
1.25,4815,3343010.6095735217
1.25,4816,2575278.647241797
1.25,4817,2264077.8947239565
1.25,4818,3987049.101540683
1.25,4819,4389961.51955856
1.25,4820,4879642.68989007
1.25,4821,4256439.810833273
1.25,4822,5050873.9609965095
1.25,4823,4451773.248685349
1.25,4824,4165700.811978215
1.25,4825,4383767.91691067
1.25,4826,2925810.4381138715
1.25,4827,4986444.151044305
1.25,4828,1431594.62418803
1.25,4829,1018986.9110390344
1.25,4830,4108623.718106767
1.25,4831,2132437.5044659805
1.25,4832,2545219.952760659
1.25,4833,4270134.426318115
1.25,4834,854794.5419430262
1.25,4835,5705384.444348552
1.25,4836,6529560.773209558
1.25,4837,5055207.615481336
1.25,4838,4296153.324210878
1.25,4839,2786590.3718604557
1.25,4840,1879291.7943605203
1.25,4841,3797025.089930989
1.25,4842,2801125.2741705887
1.25,4843,5488713.285605524
1.25,4844,2726869.0466809906
1.25,4845,2978355.588964456
1.25,4846,7135072.977644579
1.25,4847,3555375.2782300077
1.25,4848,799598.6477490561
1.25,4849,2206918.234565472
1.25,4850,2164655.918800118
1.25,4851,1859201.7359947013
1.25,4852,2435285.1175930994
1.25,4853,3609509.4511404964
1.25,4854,4193179.4693865883
1.25,4855,4749848.313002591
1.25,4856,5187155.679655903
1.25,4857,4982669.712447805
1.25,4858,5886567.112019027
1.25,4859,3166814.9143272964
1.25,4860,2904119.009167479
1.25,4861,2483981.2748297495
1.25,4862,4425672.307482272
1.25,4863,6408501.785006474
1.25,4864,2049762.3069613157
1.25,4865,1383452.6015223926
1.25,4866,1461439.3870509206
1.25,4867,2994809.4410865325
1.25,4868,2210368.606508052
1.25,4869,4392527.919753224
1.25,4870,1679829.0571122975
1.25,4871,5281219.216881296
1.25,4872,3629942.7803916754
1.25,4873,4715983.374096507
1.25,4874,5608776.694046202
1.25,4875,5300239.787128206
1.25,4876,5573278.946080149
1.25,4877,6041054.110073882
1.25,4878,4282694.446085097
1.25,4879,3395360.8232888123
1.25,4880,3620346.763507226
1.25,4881,2454218.0195554886
1.25,4882,4434574.219945162
1.25,4883,2012241.7526509499
1.25,4884,1438995.087726544
1.25,4885,2872580.6226270446
1.25,4886,3946229.327025172
1.25,4887,7005994.879669725
1.25,4888,5969953.164117907
1.25,4889,3749488.9438354354
1.25,4890,3674063.3431824027
1.25,4891,4241452.510297842
1.25,4892,2475776.4301787647
1.25,4893,3111628.864839347
1.25,4894,3044118.2346282713
1.25,4895,231753.20484946936
1.25,4896,1299764.695012373
1.25,4897,314575.2506116724
1.25,4898,6381566.458852349
1.25,4899,1794211.806792259
1.25,4900,4656770.31439871
1.25,4901,3402872.855507992
1.25,4902,4607867.985724635
1.25,4903,940730.1940636847
1.25,4904,3887310.5359180775
1.25,4905,1955546.9513049033
1.25,4906,4698333.182950599
1.25,4907,894848.588389142
1.25,4908,3697621.41988224
1.25,4909,6087848.459011541
1.25,4910,5771458.998461219
1.25,4911,2559013.6167165944
1.25,4912,4604206.153515775
1.25,4913,2580205.6267719455
1.25,4914,3324840.6288049524
1.25,4915,3920864.389009062
1.25,4916,2654181.4962226823
1.25,4917,3479748.990072476
1.25,4918,1423633.9762083718
1.25,4919,2899856.2931653503
1.25,4920,6010093.931131768
1.25,4921,1981292.842708826
1.25,4922,4094127.090957893
1.25,4923,4753667.779771451
1.25,4924,4567205.833197795
1.25,4925,4265417.188407438
1.25,4926,2187101.1916665817
1.25,4927,3147679.0790126417
1.25,4928,3588813.438069365
1.25,4929,2488298.0174643276
1.25,4930,2828083.901621099
1.25,4931,1712713.9474074894
1.25,4932,3721456.919961404
1.25,4933,3084065.840278126
1.25,4934,6521804.324768138
1.25,4935,225933.52277788962
1.25,4936,10834708.792151611
1.25,4937,1924814.675217719
1.25,4938,7067344.199442619
1.25,4939,2020757.2335558552
1.25,4940,3165876.8732493185
1.25,4941,1656858.197249153
1.25,4942,4733756.143625499
1.25,4943,4913303.369206893
1.25,4944,6376065.457355019
1.25,4945,7128605.54999535
1.25,4946,3935356.567811411
1.25,4947,1871621.069497247
1.25,4948,3527600.1159218885
1.25,4949,1240066.8965411198
1.25,4950,4183166.164513961
1.25,4951,4847794.792379914
1.25,4952,3003007.5390510056
1.25,4953,6025447.204656541
1.25,4954,1278412.326518314
1.25,4955,2956814.6931387885
1.25,4956,2423862.824059695
1.25,4957,3996265.9651158405
1.25,4958,1890032.044996709
1.25,4959,1837590.1796381539
1.25,4960,5586293.929535275
1.25,4961,3100474.2011307552
1.25,4962,4257627.660055646
1.25,4963,4597110.676994353
1.25,4964,5248929.836141901
1.25,4965,5351161.774105593
1.25,4966,1948323.5304385838
1.25,4967,3971682.242759982
1.25,4968,5694416.692381822
1.25,4969,5559574.937035108
1.25,4970,3693189.914630763
1.25,4971,2128729.1622024756
1.25,4972,3002166.4123762767
1.25,4973,10058259.275958287
1.25,4974,1454539.3220708526
1.25,4975,443417.2439187531
1.25,4976,4442122.40294253
1.25,4977,774165.7368890656
1.25,4978,1841746.3367209013
1.25,4979,4557576.4698485555
1.25,4980,4191875.67816329
1.25,4981,9674768.14076583
1.25,4982,3012086.6180515196
1.25,4983,2516873.4700738546
1.25,4984,7085333.002656901
1.25,4985,5288353.262955641
1.25,4986,2890582.986136796
1.25,4987,4331884.444570507
1.25,4988,0.0
1.25,4989,3321938.802982989
1.25,4990,861792.8189445391
1.25,4991,5544325.210059967
1.25,4992,7194216.943656238
1.25,4993,3300600.855320721
1.25,4994,2128372.0368588185
1.25,4995,5737053.991010334
1.25,4996,3031110.871217351
1.25,4997,2134671.904696017
1.25,4998,1726995.8468104482
1.25,4999,6285165.010403485
1.25,5000,3422910.3690114236
1.25,5001,8254047.693423003
1.25,5002,2140881.3514810633
1.25,5003,2229441.858348797
1.25,5004,1165234.1225687775
1.25,5005,5342213.5438533155
1.25,5006,1859074.033724233
1.25,5007,946607.3937801115
1.25,5008,5076282.414514011
1.25,5009,5561474.885058021
1.25,5010,4464740.5879842825
1.25,5011,2256719.7331434223
1.25,5012,1994319.7531246203
1.25,5013,2224401.482464809
1.25,5014,3923373.0346822375
1.25,5015,2657870.1103122532
1.25,5016,0.0
1.25,5017,326966.466916126
1.25,5018,6162373.447210797
1.25,5019,5310161.765733129
1.25,5020,2281272.076738231
1.25,5021,7732891.609432382
1.25,5022,3213757.124142832
1.25,5023,4941064.810976134
1.25,5024,6052287.057702033
1.25,5025,3398954.148841668
1.25,5026,4276231.198443688
1.25,5027,1766357.7801818235
1.25,5028,1644724.4623544659
1.25,5029,3232803.432177542
1.25,5030,6154771.756513199
1.25,5031,4786499.935242726
1.25,5032,1886920.2257838254
1.25,5033,3581176.6438774243
1.25,5034,5054477.1019015405
1.25,5035,1050618.423941403
1.25,5036,1312256.1220759505
1.25,5037,1518213.7678981866
1.25,5038,447523.2680835227
1.25,5039,3234951.5314924717
1.25,5040,3651514.3601588807
1.25,5041,621581.7908966432
1.25,5042,3013221.5111422334
1.25,5043,3354422.964712931
1.25,5044,3175038.3056388944
1.25,5045,3408793.7111654514
1.25,5046,1815187.2088902108
1.25,5047,1635119.396698517
1.25,5048,4699215.544121806
1.25,5049,2354684.0513751116
1.25,5050,3993689.3177858335
1.25,5051,2837366.7685689777
1.25,5052,3451521.4365328206
1.25,5053,3669198.727281541
1.25,5054,2906034.018921613
1.25,5055,3696193.7473360733
1.25,5056,2130572.600309626
1.25,5057,4882565.819480652
1.25,5058,5259292.834080132
1.25,5059,3855126.5278637195
1.25,5060,5273203.50531927
1.25,5061,2331973.3808074477
1.25,5062,2583781.927687276
1.25,5063,2042789.625741152
1.25,5064,2880424.2850586437
1.25,5065,4638952.674096739
1.25,5066,2185141.606132591
1.25,5067,2658355.065913049
1.25,5068,4358096.07793401
1.25,5069,415003.6088403759
1.25,5070,3777677.7899415656
1.25,5071,2223006.1278657103
1.25,5072,891847.8742790654
1.25,5073,6377688.436162234
1.25,5074,4073799.4692455977
1.25,5075,1423101.773561939
1.25,5076,3849550.9826681945
1.25,5077,2444580.7534580575
1.25,5078,7590091.4680463895
1.25,5079,2403309.6011126423
1.25,5080,2437854.081704492
1.25,5081,2094528.4016151049
1.25,5082,4061212.3455088576
1.25,5083,2571084.2513858126
1.25,5084,3295955.4137925436
1.25,5085,5756194.959770621
1.25,5086,2788592.1140483003
1.25,5087,3703781.651079864
1.25,5088,2714773.1791111487
1.25,5089,7275781.687490177
1.25,5090,8046124.645508911
1.25,5091,1340744.5236992892
1.25,5092,4237181.51431114
1.25,5093,2365272.628499688
1.25,5094,5303165.788190634
1.25,5095,230955.78687341823
1.25,5096,124097.81130681036
1.25,5097,2149362.3466260848
1.25,5098,3788172.4681431893
1.25,5099,1099476.111785825
1.25,5100,2052131.9334756136
1.25,5101,3970651.9253635025
1.25,5102,1327891.038131877
1.25,5103,1097178.3846143028
1.25,5104,7241622.11219142
1.25,5105,2127063.3782365476
1.25,5106,1923047.7455192911
1.25,5107,3912303.603346817
1.25,5108,2082708.8875352743
1.25,5109,2108960.028692478
1.25,5110,5010767.387173751
1.25,5111,2790648.2280092463
1.25,5112,3594053.764418743
1.25,5113,3942267.1814360735
1.25,5114,5762164.246614785
1.25,5115,1824394.1828667005
1.25,5116,2420421.6154036503
1.25,5117,4884253.417755432
1.25,5118,1391764.5671430675
1.25,5119,4754201.026043592
1.25,5120,5119226.608279854
1.25,5121,3545434.8412162303
1.25,5122,4541768.507284
1.25,5123,6677113.089312768
1.25,5124,2634768.5181963863
1.25,5125,4785834.629854206
1.25,5126,4291220.904168803
1.25,5127,2392985.555751591
1.25,5128,4575767.593388954
1.25,5129,4870826.518225892
1.25,5130,3615841.946764173
1.25,5131,4240327.824825216
1.25,5132,2377008.550889485
1.25,5133,3707369.9041150045
1.25,5134,4933473.904749639
1.25,5135,2649604.5000049933
1.25,5136,2607069.9304157933
1.25,5137,7490073.302952532
1.25,5138,4581100.780553707
1.25,5139,4649586.892369135
1.25,5140,3057668.9509773147
1.25,5141,4098491.702219256
1.25,5142,5383100.690585211
1.25,5143,6109421.638593888
1.25,5144,3496713.416043792
1.25,5145,2882886.6010175133
1.25,5146,1735963.4184909682
1.25,5147,3787721.6215912383
1.25,5148,1932719.9801463333
1.25,5149,3792353.1042315047
1.25,5150,2259924.596101472
1.25,5151,3306600.6682397807
1.25,5152,1679913.7310799565
1.25,5153,3019431.0226815734
1.25,5154,2342351.879889948
1.25,5155,3192775.949208342
1.25,5156,3711534.109210482
1.25,5157,3490790.921483224
1.25,5158,1666721.2066181984
1.25,5159,4027257.599143668
1.25,5160,5334907.690124439
1.25,5161,4130716.193571868
1.25,5162,4428309.037403985
1.25,5163,3460972.355889461
1.25,5164,1382180.3597897303
1.25,5165,0.0
1.25,5166,4197987.652773248
1.25,5167,1631888.3454097128
1.25,5168,1566558.505841297
1.25,5169,4787410.296614968
1.25,5170,3796697.3565152595
1.25,5171,2519068.9686113363
1.25,5172,2432793.149261959
1.25,5173,1682946.86430564
1.25,5174,2859678.8375061727
1.25,5175,4075014.406150591
1.25,5176,4446337.344738193
1.25,5177,2589807.2623216864
1.25,5178,2698292.8944479628
1.25,5179,6157001.169356365
1.25,5180,1523801.15459195
1.25,5181,2193826.227302759
1.25,5182,3228469.6217835257
1.25,5183,2851907.477362316
1.25,5184,4596485.772559497
1.25,5185,2262700.7246608785
1.25,5186,1728192.0414505163
1.25,5187,3025905.410208748
1.25,5188,4198053.927396292
1.25,5189,2991488.67255765
1.25,5190,4684799.828396317
1.25,5191,2524165.363399261
1.25,5192,4901972.017599611
1.25,5193,1934622.7572200713
1.25,5194,1768116.498883011
1.25,5195,4284315.827519406
1.25,5196,3883351.998001148
1.25,5197,4071311.082185515
1.25,5198,4186593.7800871828
1.25,5199,2450737.849757324
1.25,5200,3005502.080323267
1.25,5201,2001537.00531244
1.25,5202,2743195.600702605
1.25,5203,557050.2946621398
1.25,5204,4832315.1227710275
1.25,5205,5255818.434112036
1.25,5206,2391775.1617750376
1.25,5207,1876836.3703542808
1.25,5208,260687.62413841631
1.25,5209,5491575.171198783
1.25,5210,3897052.2029113034
1.25,5211,1409695.0735499747
1.25,5212,1889224.840571243
1.25,5213,3143962.192888903
1.25,5214,3396185.5939049534
1.25,5215,3506943.8695896706
1.25,5216,2066644.325289426
1.25,5217,2417322.796415438
1.25,5218,4445688.101965599
1.25,5219,3851134.3997606467
1.25,5220,5290838.243226518
1.25,5221,2982722.2879555253
1.25,5222,2447208.572792687
1.25,5223,2099594.6882571327
1.25,5224,4841715.632546548
1.25,5225,1575185.3315107196
1.25,5226,4166399.9494493348
1.25,5227,5224913.279420393
1.25,5228,3866054.9116945844
1.25,5229,3483415.832791059
1.25,5230,1384897.64071631
1.25,5231,3661985.99199195
1.25,5232,6391661.646561833
1.25,5233,5360378.900731339
1.25,5234,3274444.4858988817
1.25,5235,10791939.427171094
1.25,5236,0.0
1.25,5237,3076441.212416458
1.25,5238,4649911.380498362
1.25,5239,3936548.7370635234
1.25,5240,1547069.0570730232
1.25,5241,1104115.0616939412
1.25,5242,5201586.419922961
1.25,5243,2946093.995290824
1.25,5244,3181435.4639597153
1.25,5245,2250840.8123118696
1.25,5246,3588734.1180336224
1.25,5247,4441929.351273941
1.25,5248,4492258.556645456
1.25,5249,1863511.37567576
1.25,5250,2128918.9701446765
1.25,5251,2806584.5502440804
1.25,5252,1331796.775880576
1.25,5253,2875277.799941537
1.25,5254,5437733.814737396
1.25,5255,3339911.6983719924
1.25,5256,3351898.7941994187
1.25,5257,2851315.314167511
1.25,5258,954456.0917875463
1.25,5259,2821402.445525684
1.25,5260,3637052.8828829248
1.25,5261,4091564.682733243
1.25,5262,3411728.3273078073
1.25,5263,3822090.8804128617
1.25,5264,2231318.353044523
1.25,5265,3193701.751937503
1.25,5266,1990081.5292973614
1.25,5267,3857566.726516187
1.25,5268,2342107.4386913464
1.25,5269,3832261.562608082
1.25,5270,3646780.749954422
1.25,5271,3198676.7596426327
1.25,5272,5175381.11252782
1.25,5273,7939484.218668823
1.25,5274,4352423.251459397
1.25,5275,1072981.6222515171
1.25,5276,2745828.9773723003
1.25,5277,4328224.803619011
1.25,5278,2115365.9485413516
1.25,5279,5723821.712200957
1.25,5280,1817866.8355428807
1.25,5281,369424.1315873908
1.25,5282,4003934.7706111204
1.25,5283,3024689.9764887034
1.25,5284,1801964.9540860453
1.25,5285,1668706.398190608
1.25,5286,1667539.313461882
1.25,5287,2939634.669235303
1.25,5288,4046649.094287083
1.25,5289,3671402.973197098
1.25,5290,3303311.9972864944
1.25,5291,6080484.1312029
1.25,5292,5483619.56060707
1.25,5293,3259213.702454679
1.25,5294,2652059.8842067393
1.25,5295,3384690.8356359336
1.25,5296,3887963.8647896997
1.25,5297,2406283.6804129216
1.25,5298,3925693.63199278
1.25,5299,765595.2594798297
1.25,5300,721203.2445549144
1.25,5301,5888493.343790718
1.25,5302,2288923.5160858165
1.25,5303,2383848.543208896
1.25,5304,2070046.5520410147
1.25,5305,1847535.5828336342
1.25,5306,2350319.20004478
1.25,5307,2805904.3264282355
1.25,5308,3680599.208490371
1.25,5309,4364579.52855847
1.25,5310,2520984.3859458035
1.25,5311,4218327.883545365
1.25,5312,3051492.811667827
1.25,5313,2070538.2673083944
1.25,5314,2985213.397538746
1.25,5315,2500847.2838301063
1.25,5316,4457976.41094717
1.25,5317,1865247.742324099
1.25,5318,4423434.849878412
1.25,5319,2460029.2191152587
1.25,5320,6765139.855872069
1.25,5321,6767044.8685782105
1.25,5322,1858296.6825518846
1.25,5323,2557944.192970681
1.25,5324,5075820.9127159845
1.25,5325,677916.9825434891
1.25,5326,1301504.9071997742
1.25,5327,1373339.6197658533
1.25,5328,3601394.322833026
1.25,5329,2530421.4171774834
1.25,5330,3736928.2724747024
1.25,5331,5558342.991919124
1.25,5332,4611578.333709442
1.25,5333,5721383.880072273
1.25,5334,8018374.1831338275
1.25,5335,3241470.2307168953
1.25,5336,2671979.798903437
1.25,5337,3366735.7289075525
1.25,5338,3768446.244826495
1.25,5339,3356197.848110672
1.25,5340,3719199.816739139
1.25,5341,6036389.191839312
1.25,5342,4282616.278211923
1.25,5343,2357908.7210700354
1.25,5344,2397978.104686492
1.25,5345,2094669.2719361996
1.25,5346,3707873.803181068
1.25,5347,2598949.77203267
1.25,5348,4751816.724669651
1.25,5349,656128.348127968
1.25,5350,3670627.115568658
1.25,5351,2658150.9109863304
1.25,5352,3952965.2303592497
1.25,5353,4454715.410894771
1.25,5354,1084226.3190864525
1.25,5355,2627575.681134332
1.25,5356,9483381.760743136
1.25,5357,2671894.6865398246
1.25,5358,2152861.300841058
1.25,5359,3019619.928999658
1.25,5360,3823405.526399941
1.25,5361,5899012.440652485
1.25,5362,2746138.5073357658
1.25,5363,3574647.1053954456
1.25,5364,3836123.530878749
1.25,5365,928343.5474431671
1.25,5366,1865959.515173432
1.25,5367,3412870.7573931115
1.25,5368,4830660.141067543
1.25,5369,3598292.723344106
1.25,5370,3923180.3531493023
1.25,5371,1810008.467558357
1.25,5372,2261504.9217396416
1.25,5373,5980883.390048783
1.25,5374,5000188.620547598
1.25,5375,5555145.751890753
1.25,5376,3884558.0067240624
1.25,5377,4643103.236671842
1.25,5378,2862076.283101031
1.25,5379,4865819.282826064
1.25,5380,4977485.952772312
1.25,5381,4676894.427969372
1.25,5382,3503650.742644676
1.25,5383,2826843.8358927867
1.25,5384,4281190.095503239
1.25,5385,3863507.0578484787
1.25,5386,2379232.0608422933
1.25,5387,3406601.331705082
1.25,5388,1316003.536420831
1.25,5389,5068655.866017077
1.25,5390,5648121.946797495
1.25,5391,695584.5467405036
1.25,5392,4228857.5844279835
1.25,5393,5377204.008858488
1.25,5394,2936884.0091196904
1.25,5395,6257179.1359860655
1.25,5396,3699425.421782664
1.25,5397,1686417.6072286959
1.25,5398,2900612.3382205265
1.25,5399,4370964.424814373
1.25,5400,2768413.3126054937
1.25,5401,3655505.168365415
1.25,5402,4760300.937262887
1.25,5403,2446294.7434561206
1.25,5404,4062640.0286803995
1.25,5405,4985379.757872207
1.25,5406,3046220.2092509405
1.25,5407,4325760.312803072
1.25,5408,5688864.506292678
1.25,5409,3383552.5898931576
1.25,5410,3787997.558396763
1.25,5411,1028469.6639822365
1.25,5412,1835310.1066314466
1.25,5413,4937996.069357077
1.25,5414,5315757.530018833
1.25,5415,2133892.0002391767
1.25,5416,3674106.0665800544
1.25,5417,3710449.0636435826
1.25,5418,8883834.248549493
1.25,5419,3518445.9554267814
1.25,5420,1589235.2525416287
1.25,5421,205961.8466216905
1.25,5422,4625488.641970832
1.25,5423,2534436.7180433734
1.25,5424,4922137.033559755
1.25,5425,5060121.3962185355
1.25,5426,2968611.9932772247
1.25,5427,4289539.302671453
1.25,5428,2280000.584641168
1.25,5429,1588555.5290019207
1.25,5430,6070312.220106599
1.25,5431,1105035.8682811703
1.25,5432,1529512.2499002744
1.25,5433,3115368.5024500918
1.25,5434,7989756.790131187
1.25,5435,2753989.9177616015
1.25,5436,2299699.210155028
1.25,5437,3179004.110105661
1.25,5438,3784401.9539218387
1.25,5439,2488801.4418108016
1.25,5440,5022497.512341943
1.25,5441,4345914.494102383
1.25,5442,2390994.6093410216
1.25,5443,2695622.3917282615
1.25,5444,3723008.804790492
1.25,5445,2157159.4967926266
1.25,5446,3949388.868170916
1.25,5447,1486687.0167905635
1.25,5448,226858.81726107607
1.25,5449,489543.2054389159
1.25,5450,2655046.1798206773
1.25,5451,1371727.2469563028
1.25,5452,1433568.3474245127
1.25,5453,4922986.7470180765
1.25,5454,4788436.285182965
1.25,5455,5065882.276321311
1.25,5456,3114488.378073748
1.25,5457,4056389.602840516
1.25,5458,1495550.2783625105
1.25,5459,2709807.018959093
1.25,5460,2346666.210971225
1.25,5461,5046225.133245103
1.25,5462,3381271.2733448986
1.25,5463,7068574.133831873
1.25,5464,1602583.7937538093
1.25,5465,2386862.791258467
1.25,5466,1999881.7209465755
1.25,5467,1686240.8700504396
1.25,5468,2483951.0567394453
1.25,5469,4235469.512570796
1.25,5470,3934993.719582717
1.25,5471,3405098.713312978
1.25,5472,3565696.420126723
1.25,5473,1521631.8830048847
1.25,5474,6195567.0869216835
1.25,5475,217458.3062074053
1.25,5476,4379737.042632585
1.25,5477,1795319.6991259465
1.25,5478,3448294.87372434
1.25,5479,2451179.9269731664
1.25,5480,2482368.4394744355
1.25,5481,4714986.187432324
1.25,5482,2565417.644365389
1.25,5483,2938989.4849117994
1.25,5484,2417646.612929221
1.25,5485,6139807.105144001
1.25,5486,2992048.4244074207
1.25,5487,3950484.6413993444
1.25,5488,287219.00370238815
1.25,5489,1266108.0919548152
1.25,5490,4772583.768402796
1.25,5491,8473709.45405836
1.25,5492,2773881.395751863
1.25,5493,819888.7970084887
1.25,5494,2040852.9161976138
1.25,5495,2476129.5928201377
1.25,5496,3986295.4112163745
1.25,5497,1863668.6915115095
1.25,5498,3446600.6594613795
1.25,5499,3609460.516372425
1.25,5500,2377598.3297014697
1.25,5501,6376778.623159819
1.25,5502,5195188.644610875
1.25,5503,3412858.264157846
1.25,5504,4013417.9361319165
1.25,5505,2074442.5607634624
1.25,5506,1265905.3303165338
1.25,5507,1154060.7862388808
1.25,5508,3698299.19897111
1.25,5509,2311617.5361724924
1.25,5510,3451448.042276427
1.25,5511,5107840.854064392
1.25,5512,562704.1539764112
1.25,5513,3129524.7139829574
1.25,5514,3496803.4250243297
1.25,5515,4862875.575469879
1.25,5516,6651996.397561035
1.25,5517,6279801.044784924
1.25,5518,2388097.8334874893
1.25,5519,2912838.4797221893
1.25,5520,2346945.655166169
1.25,5521,4347859.003791713
1.25,5522,2524188.2698470796
1.25,5523,2640460.562415404
1.25,5524,2444169.306444822
1.25,5525,3253676.6305813845
1.25,5526,4420044.486411492
1.25,5527,1829976.8930252679
1.25,5528,2900972.93189042
1.25,5529,4371790.408073386
1.25,5530,4329871.717900191
1.25,5531,1672523.3044432062
1.25,5532,3989082.91354054
1.25,5533,3668595.5028418116
1.25,5534,1251773.2232125662
1.25,5535,3742708.987695106
1.25,5536,2622930.871122099
1.25,5537,1834837.3206602694
1.25,5538,3832426.9981147656
1.25,5539,2403916.5165483174
1.25,5540,6430846.081375499
1.25,5541,3296358.429452608
1.25,5542,1804808.3858917216
1.25,5543,3105570.987721519
1.25,5544,1687396.3880790689
1.25,5545,3880568.5569932484
1.25,5546,3097690.3711719206
1.25,5547,2383530.2653845954
1.25,5548,8039361.023314249
1.25,5549,3980998.933484777
1.25,5550,3800031.180440896
1.25,5551,3150552.177621129
1.25,5552,1221578.6385466885
1.25,5553,584903.9145497673
1.25,5554,2188386.853991617
1.25,5555,6990306.421673523
1.25,5556,1427851.9128028532
1.25,5557,6665654.8457673825
1.25,5558,5563657.515341559
1.25,5559,851256.5441909558
1.25,5560,5206343.845163389
1.25,5561,4647263.672681909
1.25,5562,2782043.507020372
1.25,5563,4047466.4858962884
1.25,5564,5830431.136831889
1.25,5565,3621829.1128273886
1.25,5566,6054488.926107084
1.25,5567,0.0
1.25,5568,3220309.947386758
1.25,5569,3067595.2369463667
1.25,5570,2502840.3589446484
1.25,5571,6755473.736110836
1.25,5572,975122.6562202802
1.25,5573,89924.23518021003
1.25,5574,5167077.84932935
1.25,5575,3562509.998794951
1.25,5576,3149585.237599861
1.25,5577,4539436.68246758
1.25,5578,3890233.439686289
1.25,5579,2165713.7721618745
1.25,5580,3163937.421440512
1.25,5581,1637991.1941055483
1.25,5582,1061073.0558680666
1.25,5583,3894179.638503333
1.25,5584,508248.29185875657
1.25,5585,2666633.503171199
1.25,5586,4486770.886428736
1.25,5587,0.0
1.25,5588,1598258.0607004245
1.25,5589,3882838.026268854
1.25,5590,4762301.174219904
1.25,5591,5456345.74511916
1.25,5592,4223364.090840026
1.25,5593,4721403.377414923
1.25,5594,1569252.2732829726
1.25,5595,1664982.9612110402
1.25,5596,11813971.792412344
1.25,5597,0.0
1.25,5598,4040597.755022663
1.25,5599,5272028.695881124
1.25,5600,4345387.386015559
1.25,5601,6713675.847817505
1.25,5602,3168016.945589997
1.25,5603,2609150.631066027
1.25,5604,944065.0387510702
1.25,5605,2581948.264890446
1.25,5606,3022460.83640505
1.25,5607,5949990.433805458
1.25,5608,2064138.346486443
1.25,5609,5630605.375006531
1.25,5610,1642460.8724976426
1.25,5611,1071884.5720667243
1.25,5612,760232.5860266979
1.25,5613,2028224.3040146572
1.25,5614,2165257.107801872
1.25,5615,8365560.132398009
1.25,5616,819302.4900076818
1.25,5617,4554550.960657308
1.25,5618,2193602.2881611073
1.25,5619,2494038.8188251546
1.25,5620,5088493.170797558
1.25,5621,2500088.40215476
1.25,5622,3147778.2113541504
1.25,5623,4245814.022566722
1.25,5624,2692689.2760959496
1.25,5625,0.0
1.25,5626,4310711.1122406535
1.25,5627,3822031.6143782823
1.25,5628,4644615.327938481
1.25,5629,2420957.306836679
1.25,5630,2268478.1626749276
1.25,5631,5380960.461180613
1.25,5632,2138220.1540097143
1.25,5633,1379036.773235784
1.25,5634,1115532.353475798
1.25,5635,2712848.2596946857
1.25,5636,6584650.931256742
1.25,5637,2938678.71581317
1.25,5638,2416658.0275681857
1.25,5639,5328493.02510148
1.25,5640,2269222.763914669
1.25,5641,5407805.881094408
1.25,5642,2230820.344903774
1.25,5643,4502104.8820226295
1.25,5644,927809.9403421145
1.25,5645,2879913.1678637643
1.25,5646,2754820.6505510868
1.25,5647,2794614.8896186925
1.25,5648,1239925.4516589304
1.25,5649,6474049.147346817
1.25,5650,4819588.473385431
1.25,5651,2019506.236632593
1.25,5652,21053.055015241494
1.25,5653,4002332.6087391563
1.25,5654,2654484.2369239796
1.25,5655,1972626.9834430716
1.25,5656,3224491.4695961587
1.25,5657,4223000.469197705
1.25,5658,3793366.8557349974
1.25,5659,645719.8395642347
1.25,5660,4253247.551679307
1.25,5661,3859694.5181103223
1.25,5662,2682673.6233341726
1.25,5663,1867449.3830224297
1.25,5664,3591318.791104493
1.25,5665,948979.9628388411
1.25,5666,3543939.708014979
1.25,5667,1770767.6730609066
1.25,5668,2740836.314759633
1.25,5669,2241491.5172363245
1.25,5670,3843362.0058087762
1.25,5671,5364341.123620184
1.25,5672,6293589.351250387
1.25,5673,3663314.672574584
1.25,5674,1700853.6495963521
1.25,5675,3943017.268373723
1.25,5676,3280315.175554623
1.25,5677,1274200.0464164447
1.25,5678,2474457.5711455853
1.25,5679,5338948.817226952
1.25,5680,670465.5718700505
1.25,5681,2806602.586643428
1.25,5682,1455247.8976515303
1.25,5683,3495351.9729817915
1.25,5684,4673477.266927046
1.25,5685,4166424.8503257884
1.25,5686,3308082.3901712894
1.25,5687,2720559.848309646
1.25,5688,1674218.418955791
1.25,5689,2697510.5905051744
1.25,5690,1848664.538347537
1.25,5691,1734873.9613850112
1.25,5692,2569365.8073682683
1.25,5693,4011245.619491137
1.25,5694,2749376.323740748
1.25,5695,4037436.324020628
1.25,5696,1442899.352893488
1.25,5697,1953489.1677937033
1.25,5698,4211883.93432915
1.25,5699,3890356.712805923
1.25,5700,4409165.450464547
1.25,5701,1894909.028472795
1.25,5702,2694586.679795139
1.25,5703,5128782.036359451
1.25,5704,3046882.074609957
1.25,5705,1332347.296690989
1.25,5706,1146133.0017899778
1.25,5707,2807539.6109776166
1.25,5708,5503300.014984275
1.25,5709,4305794.320406021
1.25,5710,3648099.424754495
1.25,5711,5006039.302806452
1.25,5712,2879597.9561375454
1.25,5713,798122.0767772152
1.25,5714,2419251.9610352246
1.25,5715,5124234.220598998
1.25,5716,3870458.8740518177
1.25,5717,2661724.1608270807
1.25,5718,3657619.126095341
1.25,5719,2941669.138214658
1.25,5720,4119719.8214989537
1.25,5721,3403375.8724528174
1.25,5722,628155.4898241524
1.25,5723,3038648.3633109094
1.25,5724,1468352.168159073
1.25,5725,2604936.6515968414
1.25,5726,2095159.2074860292
1.25,5727,2686206.9926248803
1.25,5728,581933.504973809
1.25,5729,1858460.5529389647
1.25,5730,468973.8054716484
1.25,5731,4328388.11268289
1.25,5732,2979305.3485391177
1.25,5733,5207293.8331137
1.25,5734,5491806.244475622
1.25,5735,1302493.717192706
1.25,5736,3044038.5297441394
1.25,5737,2003793.9317326897
1.25,5738,1637593.2567329337
1.25,5739,4264758.064560059
1.25,5740,3332655.6802350227
1.25,5741,1141477.2407334312
1.25,5742,3945555.9702392947
1.25,5743,2053379.0185552365
1.25,5744,6015882.038942566
1.25,5745,3993115.5069306376
1.25,5746,6628603.635396566
1.25,5747,6392693.854537576
1.25,5748,5447486.432648172
1.25,5749,6020805.394815954
1.25,5750,4274190.376854244
1.25,5751,1084914.805212657
1.25,5752,2951307.741020359
1.25,5753,1632067.837544604
1.25,5754,2764779.6968973605
1.25,5755,2404928.174571476
1.25,5756,5330804.464657942
1.25,5757,2662315.996282673
1.25,5758,3502080.8376124203
1.25,5759,2680115.6384547483
1.25,5760,3109189.3504579067
1.25,5761,1138982.1173835504
1.25,5762,1742177.250002887
1.25,5763,4045614.8982454725
1.25,5764,3994455.121312999
1.25,5765,1463572.2465004146
1.25,5766,1918249.7467359516
1.25,5767,800709.6127502143
1.25,5768,3885575.401404802
1.25,5769,3295629.812454166
1.25,5770,5420919.462132264
1.25,5771,1707066.4908417845
1.25,5772,4123224.7537888284
1.25,5773,5289410.645526312
1.25,5774,475644.4467358608
1.25,5775,3229533.774798496
1.25,5776,4343072.664817309
1.25,5777,411944.1740005106
1.25,5778,801235.6641147377
1.25,5779,4746167.389819015
1.25,5780,6870248.344484246
1.25,5781,3905246.549656529
1.25,5782,3631281.1785959853
1.25,5783,4751772.431922106
1.25,5784,5234414.940315818
1.25,5785,3919088.485933696
1.25,5786,3393668.095841708
1.25,5787,3837982.889038524
1.25,5788,4314149.958051683
1.25,5789,1064603.0238003824
1.25,5790,2003474.5331066342
1.25,5791,1311827.9547786762
1.25,5792,0.0
1.25,5793,5376887.704063317
1.25,5794,1465049.560211997
1.25,5795,5529243.878788921
1.25,5796,2301661.210548386
1.25,5797,1404009.3870379888
1.25,5798,1647203.852290325
1.25,5799,4619344.184715768
1.25,5800,1752174.3540675885
1.25,5801,2965128.593785902
1.25,5802,2439716.9516972695
1.25,5803,961632.0328826455
1.25,5804,1905909.7300054026
1.25,5805,5775408.839013289
1.25,5806,2293836.9323558835
1.25,5807,4762622.119206288
1.25,5808,5146431.88811838
1.25,5809,617169.8549206404
1.25,5810,4233381.792752322
1.25,5811,4361712.348718025
1.25,5812,2205612.7950717187
1.25,5813,1672508.057627244
1.25,5814,3594573.669107482
1.25,5815,3986909.8617110625
1.25,5816,1846908.2965544541
1.25,5817,3451960.4625686198
1.25,5818,4899424.5124537805
1.25,5819,5037190.423297487
1.25,5820,1916781.3796810177
1.25,5821,4198840.118610189
1.25,5822,973662.1462979489
1.25,5823,5084700.359343877
1.25,5824,5981218.849070883
1.25,5825,2615418.0440510865
1.25,5826,5042246.650646764
1.25,5827,5059961.141833534
1.25,5828,3783504.354744132
1.25,5829,949190.1270686251
1.25,5830,3876351.5693399454
1.25,5831,1837966.8423422978
1.25,5832,2334646.494345553
1.25,5833,3420817.9663995025
1.25,5834,898713.9327177977
1.25,5835,2886945.9214138426
1.25,5836,1998042.187439391
1.25,5837,1749966.3596944928
1.25,5838,180121.21521900228
1.25,5839,7696649.833112397
1.25,5840,1714500.532000664
1.25,5841,3362248.516602368
1.25,5842,4097698.2411439777
1.25,5843,2712479.0587648847
1.25,5844,7807838.863900048
1.25,5845,3119906.746474539
1.25,5846,1015787.9890454293
1.25,5847,1292071.7747891229
1.25,5848,5992720.419875349
1.25,5849,2928588.2368081827
1.25,5850,4002418.4560777238
1.25,5851,2575809.3145303237
1.25,5852,5968092.138876086
1.25,5853,1390283.7548935383
1.25,5854,2058926.6352674826
1.25,5855,6362042.009776794
1.25,5856,716229.4581068336
1.25,5857,5024525.4456985835
1.25,5858,8165816.682405364
1.25,5859,3384133.0580065087
1.25,5860,2444035.26036927
1.25,5861,2166885.917591578
1.25,5862,2414072.805285858
1.25,5863,2624011.3802690194
1.25,5864,2077762.6394586228
1.25,5865,3690768.2931754314
1.25,5866,4649016.2331384495
1.25,5867,1647037.975573959
1.25,5868,241882.79083739326
1.25,5869,5018429.046707809
1.25,5870,3025332.4424186656
1.25,5871,525174.9809596275
1.25,5872,3435852.8276724103
1.25,5873,4935932.768605863
1.25,5874,1408608.129992423
1.25,5875,4257105.991437145
1.25,5876,1182652.183828399
1.25,5877,417690.6917068902
1.25,5878,1246222.1798475217
1.25,5879,5274214.685286405
1.25,5880,1088536.0198713874
1.25,5881,4602366.256062605
1.25,5882,2495729.9470396694
1.25,5883,3886864.1059660558
1.25,5884,3509659.9742674306
1.25,5885,2260086.6183789
1.25,5886,3212880.425997946
1.25,5887,1618716.0788937097
1.25,5888,1457383.3215233977
1.25,5889,3134568.576310609
1.25,5890,3360169.42372894
1.25,5891,1718331.3382227072
1.25,5892,3615729.645234049
1.25,5893,4762574.373688914
1.25,5894,5956626.757625338
1.25,5895,6726654.784140339
1.25,5896,2113359.378151575
1.25,5897,5693373.199529067
1.25,5898,4401836.963315747
1.25,5899,4891577.4305469915
1.25,5900,2165772.25577357
1.25,5901,1818020.93135916
1.25,5902,3130022.748127815
1.25,5903,2955442.033309949
1.25,5904,2749873.0280690123
1.25,5905,2119854.343850916
1.25,5906,3750244.05912243
1.25,5907,2659435.7453232114
1.25,5908,3412018.612088956
1.25,5909,296966.31914974283
1.25,5910,1557449.9991022574
1.25,5911,4476169.958793843
1.25,5912,766954.8671545282
1.25,5913,3076574.0906587197
1.25,5914,1870918.159890401
1.25,5915,2122460.8727698564
1.25,5916,6590136.8544688495
1.25,5917,4536712.763623277
1.25,5918,2419282.5083033964
1.25,5919,2891945.1774243703
1.25,5920,1725589.1290297972
1.25,5921,3326137.6995708644
1.25,5922,2296621.990044318
1.25,5923,3447335.52465256
1.25,5924,1918293.5494273142
1.25,5925,2393582.141683631
1.25,5926,164860.89150357083
1.25,5927,3987146.2132961876
1.25,5928,3911462.6534789274
1.25,5929,2577102.641067309
1.25,5930,4250686.685812543
1.25,5931,4045030.00413617
1.25,5932,3728305.3866807385
1.25,5933,1777779.7044352675
1.25,5934,1910756.4666616302
1.25,5935,3903275.0462206462
1.25,5936,3784839.6051640254
1.25,5937,3040062.0232430343
1.25,5938,243935.03685876192
1.25,5939,104035.40096468502
1.25,5940,2548207.7583235744
1.25,5941,2267618.862159012
1.25,5942,2266006.169384206
1.25,5943,1484784.1150733365
1.25,5944,2577315.210375474
1.25,5945,2755092.919373282
1.25,5946,3015254.8684395934
1.25,5947,3881618.0292979227
1.25,5948,1817860.4763112708
1.25,5949,6860097.994700392
1.25,5950,7672054.78614532
1.25,5951,3202772.8450896884
1.25,5952,3456167.374632454
1.25,5953,3986038.7169568953
1.25,5954,2655117.1688128514
1.25,5955,5774123.010656883
1.25,5956,1685735.98847178
1.25,5957,7119953.8216752745
1.25,5958,2319372.28404405
1.25,5959,687996.7160693447
1.25,5960,5379912.140344391
1.25,5961,3797952.810823459
1.25,5962,1724448.4888002279
1.25,5963,1878629.3167738877
1.25,5964,5005066.73979282
1.25,5965,4610394.905753987
1.25,5966,1133807.0610729181
1.25,5967,3706069.5988839385
1.25,5968,3692358.333268882
1.25,5969,745373.5929984007
1.25,5970,1741295.3975156727
1.25,5971,1352264.2949429392
1.25,5972,4380232.735393521
1.25,5973,768680.8534757345
1.25,5974,3598399.015407133
1.25,5975,1468682.4493992175
1.25,5976,2639966.81282648
1.25,5977,4705277.238510696
1.25,5978,1796556.8112852522
1.25,5979,5603040.166710222
1.25,5980,2325051.8639759943
1.25,5981,3544801.051299017
1.25,5982,705730.8504071867
1.25,5983,5202775.8818789655
1.25,5984,3679622.613363765
1.25,5985,932722.3505977192
1.25,5986,6443937.0503153885
1.25,5987,3587636.130766085
1.25,5988,6242138.436073303
1.25,5989,4853810.300171666
1.25,5990,5087909.549177704
1.25,5991,566318.9233583632
1.25,5992,1903310.2400093374
1.25,5993,1802468.4290371425
1.25,5994,2849891.698120731
1.25,5995,3184339.2780775344
1.25,5996,240362.18333327922
1.25,5997,3258472.7713371306
1.25,5998,7665924.118354428
1.25,5999,7520147.535354071
1.25,6000,5022673.695395217
1.25,6001,1723635.9261320275
1.25,6002,7005682.05151012
1.25,6003,6226829.033470046
1.25,6004,4906859.000016834
1.25,6005,4952726.705845419
1.25,6006,4999148.76850807
1.25,6007,3462827.3108890965
1.25,6008,2395721.523387182
1.25,6009,1252377.5795976873
1.25,6010,3165441.5838139243
1.25,6011,1079110.9713206554
1.25,6012,1485222.5986223998
1.25,6013,576290.4558483848
1.25,6014,3866712.4562853053
1.25,6015,4893024.944745629
1.25,6016,2008751.4651159341
1.25,6017,3119985.8305759844
1.25,6018,4485547.630674176
1.25,6019,1545726.4841589343
1.25,6020,4271904.395183548
1.25,6021,3653904.0139183397
1.25,6022,630996.3611916202
1.25,6023,4513659.360482072
1.25,6024,4821386.3122111
1.25,6025,1642836.87351207
1.25,6026,1657500.5105243013
1.25,6027,1625739.7371294857
1.25,6028,1038278.9595793929
1.25,6029,1139724.2078358855
1.25,6030,4893210.200872011
1.25,6031,2484971.7525223307
1.25,6032,2888592.197608272
1.25,6033,986641.237758325
1.25,6034,4970193.737429006
1.25,6035,2610105.4921478895
1.25,6036,3184020.4223097246
1.25,6037,174167.31446866092
1.25,6038,2625500.7753079548
1.25,6039,2034368.0802051486
1.25,6040,3149443.8030436896
1.25,6041,6787916.897076476
1.25,6042,4989162.41763772
1.25,6043,217216.39835740265
1.25,6044,1352959.6876655752
1.25,6045,2433231.860661856
1.25,6046,1619223.3988825877
1.25,6047,3326315.3303730474
1.25,6048,2597319.396216613
1.25,6049,2647662.8166856878
1.25,6050,6199948.440762349
1.25,6051,1883935.3524633679
1.25,6052,3053986.271367457
1.25,6053,1890709.8107040995
1.25,6054,4386541.932909234
1.25,6055,2364786.5502904104
1.25,6056,4571123.420750668
1.25,6057,2977708.479621736
1.25,6058,1968504.164074631
1.25,6059,2074965.3939545825
1.25,6060,967708.1936324792
1.25,6061,4756957.9155070195
1.25,6062,1794183.0120005386
1.25,6063,1341442.523144869
1.25,6064,3098481.558056647
1.25,6065,4184483.510924534
1.25,6066,3231461.3151606196
1.25,6067,5061411.509410871
1.25,6068,4253058.895989561
1.25,6069,6168077.008250108
1.25,6070,1845346.2171883797
1.25,6071,5009859.55316042
1.25,6072,2643638.998799243
1.25,6073,1432018.0175585267
1.25,6074,3390711.6443704604
1.25,6075,5717518.411246634
1.25,6076,4021331.208670632
1.25,6077,7441475.231956442
1.25,6078,2932828.8403898994
1.25,6079,284735.000348309
1.25,6080,5740605.551302471
1.25,6081,3868026.251023731
1.25,6082,2196475.0229944703
1.25,6083,3784159.1147737135
1.25,6084,5813180.732557473
1.25,6085,4451963.608346086
1.25,6086,2278937.443294663
1.25,6087,7081098.618460585
1.25,6088,3356863.7960651424
1.25,6089,3895673.6396632534
1.25,6090,5713390.493961929
1.25,6091,2020098.9103762903
1.25,6092,2953212.3491828614
1.25,6093,400450.5418775594
1.25,6094,5344870.805638212
1.25,6095,3758838.8699562573
1.25,6096,3412043.7848059926
1.25,6097,4127546.689030571
1.25,6098,6182241.440898668
1.25,6099,2726851.6246387493
1.25,6100,3042627.753069636
1.25,6101,4658573.382446951
1.25,6102,4021818.354431866
1.25,6103,1871089.6510118903
1.25,6104,2314090.551978642
1.25,6105,3158380.1046492434
1.25,6106,4065370.9695578073
1.25,6107,5871435.8330460135
1.25,6108,1986489.392185149
1.25,6109,4546859.780002007
1.25,6110,2341557.7328081056
1.25,6111,5506430.731426936
1.25,6112,3155039.8254885394
1.25,6113,3391513.8352417517
1.25,6114,1958763.3376527769
1.25,6115,3658666.631025172
1.25,6116,4755975.075206692
1.25,6117,3754462.8020369597
1.25,6118,2879624.752436543
1.25,6119,5069663.827756078
1.25,6120,1802424.0434290688
1.25,6121,4972890.484051479
1.25,6122,3044031.75131156
1.25,6123,6437965.663240664
1.25,6124,4626983.055135129
1.25,6125,3238882.9084845562
1.25,6126,4930606.806396442
1.25,6127,2861608.7257628758
1.25,6128,4211085.272893794
1.25,6129,3147431.49714441
1.25,6130,2355257.3150042174
1.25,6131,1727583.2101297309
1.25,6132,1174168.3583643849
1.25,6133,3796682.847783433
1.25,6134,3696724.9839328234
1.25,6135,4874516.783997599
1.25,6136,2426380.129197237
1.25,6137,4795851.783224082
1.25,6138,1497424.933449653
1.25,6139,2283562.144269567
1.25,6140,3095337.8446534374
1.25,6141,1713989.617298054
1.25,6142,2770027.748744477
1.25,6143,5000646.694935552
1.25,6144,6492297.434784521
1.25,6145,3762458.0303988154
1.25,6146,0.0
1.25,6147,2454305.344837953
1.25,6148,5529007.819071476
1.25,6149,3266905.437195845
1.25,6150,778824.2128614599
1.25,6151,4326569.656709519
1.25,6152,3257669.478146406
1.25,6153,3102814.784143384
1.25,6154,4956422.500464164
1.25,6155,2060093.6557517834
1.25,6156,150658.4440767268
1.25,6157,3184215.395388986
1.25,6158,3025357.13197975
1.25,6159,1404851.601196689
1.25,6160,5991982.10473618
1.25,6161,2645297.06971535
1.25,6162,1383862.4158160735
1.25,6163,4064983.835714729
1.25,6164,5499265.16566916
1.25,6165,2817223.3590433304
1.25,6166,2532095.0235282313
1.25,6167,2288071.3426950495
1.25,6168,1102560.7304524365
1.25,6169,5029459.303297629
1.25,6170,2433198.6610657037
1.25,6171,6905692.058346995
1.25,6172,2342566.7537055006
1.25,6173,803541.9819971418
1.25,6174,3772815.7947580065
1.25,6175,2852985.5450262707
1.25,6176,3398637.452190218
1.25,6177,1741129.5692428257
1.25,6178,4216065.156301912
1.25,6179,1768305.8161996969
1.25,6180,1357470.8604181767
1.25,6181,2245338.786127829
1.25,6182,2781413.9219770147
1.25,6183,2798118.1479046056
1.25,6184,4273616.725684876
1.25,6185,4140209.722783246
1.25,6186,1845493.8274829024
1.25,6187,3745850.04413448
1.25,6188,2723170.9185560616
1.25,6189,5931637.754210573
1.25,6190,4274915.100261398
1.25,6191,5694421.20432511
1.25,6192,1834929.3509426715
1.25,6193,1759202.11820362
1.25,6194,2295775.6905241613
1.25,6195,3370846.2350838957
1.25,6196,8259629.568538411
1.25,6197,5289448.5905077355
1.25,6198,2044730.662358873
1.25,6199,1645109.3756574169
1.25,6200,3628058.1588064213
1.25,6201,3473681.4753322005
1.25,6202,1017445.926545728
1.25,6203,3388016.446116278
1.25,6204,995358.2312363776
1.25,6205,6545500.059831021
1.25,6206,7117779.002954669
1.25,6207,4279820.833471739
1.25,6208,3768431.0275488067
1.25,6209,7294684.400065828
1.25,6210,4112488.1417327086
1.25,6211,4241163.023929079
1.25,6212,7071598.46632812
1.25,6213,2011105.1151286731
1.25,6214,3880813.6257385053
1.25,6215,5135959.871539849
1.25,6216,3129673.944301464
1.25,6217,1072162.1939482333
1.25,6218,3484051.158582084
1.25,6219,4257315.321693034
1.25,6220,1614451.930335096
1.25,6221,4091133.9776996495
1.25,6222,3803355.9599443404
1.25,6223,6070096.01475771
1.25,6224,1304515.947359316
1.25,6225,4494560.357964449
1.25,6226,5459005.904960925
1.25,6227,1426678.4015499954
1.25,6228,2878481.9327090085
1.25,6229,6071059.2751925355
1.25,6230,3448226.917895724
1.25,6231,240827.23990197259
1.25,6232,4622441.171317158
1.25,6233,1813138.7274118653
1.25,6234,5985189.1420498565
1.25,6235,3227882.485351704
1.25,6236,5048717.736264983
1.25,6237,1840965.1407649806
1.25,6238,3700104.0977082523
1.25,6239,2132598.906316858
1.25,6240,1827498.6671692375
1.25,6241,7689244.821128172
1.25,6242,4490452.989298718
1.25,6243,3885958.212277797
1.25,6244,0.0
1.25,6245,2998340.0644619605
1.25,6246,2715165.6852443176
1.25,6247,6808231.454595022
1.25,6248,2503731.591260287
1.25,6249,2589687.958694898
1.25,6250,3238123.942540232
1.25,6251,2609528.465062478
1.25,6252,1804621.214780845
1.25,6253,4896422.816566007
1.25,6254,650838.9367204934
1.25,6255,2604496.58655558
1.25,6256,3412602.44325966
1.25,6257,1588204.0052211774
1.25,6258,3390502.429491426
1.25,6259,1795402.9261550878
1.25,6260,2627269.354274038
1.25,6261,2175238.4259549174
1.25,6262,3720571.280332281
1.25,6263,414721.0443890074
1.25,6264,4827914.564395385
1.25,6265,1473318.1725975887
1.25,6266,3806957.5190835446
1.25,6267,1899352.9622515226
1.25,6268,2864911.8729672856
1.25,6269,3161073.0673392145
1.25,6270,3903180.1172363004
1.25,6271,3862602.5677050794
1.25,6272,2298362.682377292
1.25,6273,2145457.0994969094
1.25,6274,3180101.718252033
1.25,6275,0.0
1.25,6276,4183344.3295118646
1.25,6277,3985580.020584699
1.25,6278,2385554.8488455834
1.25,6279,2921579.242277712
1.25,6280,4101080.3900383394
1.25,6281,1439198.4559305403
1.25,6282,1935620.7027147757
1.25,6283,4653960.056410224
1.25,6284,1577498.086783887
1.25,6285,2703422.073959435
1.25,6286,3395647.9443084463
1.25,6287,3267064.779579418
1.25,6288,2999502.602990221
1.25,6289,1710792.4923488593
1.25,6290,3487397.2386679687
1.25,6291,4088985.1215624204
1.25,6292,2447368.4553486984
1.25,6293,4000028.681091518
1.25,6294,5581622.101149856
1.25,6295,7037994.304511455
1.25,6296,332969.7811288921
1.25,6297,3750921.8728800095
1.25,6298,2565199.240041426
1.25,6299,4646890.774025002
1.25,6300,4282903.710589411
1.25,6301,2620240.5947355586
1.25,6302,1980959.6595221346
1.25,6303,2961301.853942967
1.25,6304,2862511.8268475635
1.25,6305,5357587.785096659
1.25,6306,1711798.2138008878
1.25,6307,5275997.231939788
1.25,6308,6125021.610788733
1.25,6309,0.0
1.25,6310,3470766.947158561
1.25,6311,4710336.724645588
1.25,6312,2536019.9813171783
1.25,6313,3605399.210819371
1.25,6314,4157138.667468008
1.25,6315,3017994.134707995
1.25,6316,4024370.280745633
1.25,6317,4551535.7713772515
1.25,6318,3671308.2262145877
1.25,6319,882174.1116850597
1.25,6320,3870729.80319402
1.25,6321,3468304.524587798
1.25,6322,2374011.3561172066
1.25,6323,3897177.254500173
1.25,6324,5147860.326356004
1.25,6325,4660688.352994694
1.25,6326,2845836.505789392
1.25,6327,4000495.4547537076
1.25,6328,4068163.5576006332
1.25,6329,1822960.3520842092
1.25,6330,2845061.2593613756
1.25,6331,3234330.0359472665
1.25,6332,5003472.031597888
1.25,6333,2054301.9063489167
1.25,6334,3750495.561852989
1.25,6335,3280946.242349156
1.25,6336,3407364.5476512783
1.25,6337,3720586.0143296253
1.25,6338,4297207.20212515
1.25,6339,2131095.26668041
1.25,6340,8900681.111912625
1.25,6341,2004244.9904186227
1.25,6342,3515141.4025564315
1.25,6343,2362835.5868874993
1.25,6344,5583997.800510856
1.25,6345,4293765.247035187
1.25,6346,3735200.7664123327
1.25,6347,5522190.906012675
1.25,6348,4468915.948788098
1.25,6349,3574997.464201533
1.25,6350,3804323.155749166
1.25,6351,5501717.687158142
1.25,6352,3870145.2217352497
1.25,6353,4297504.291529371
1.25,6354,1303838.0825128516
1.25,6355,2986275.0739684748
1.25,6356,2442456.2608606
1.25,6357,5321430.932488961
1.25,6358,2355748.717041775
1.25,6359,5906661.320863344
1.25,6360,1621452.0022231222
1.25,6361,3573708.053717346
1.25,6362,3933925.4688365674
1.25,6363,2493308.123764817
1.25,6364,4824031.3424652135
1.25,6365,2377688.1787505765
1.25,6366,3584809.082877096
1.25,6367,2969338.974768855
1.25,6368,2205689.4684817884
1.25,6369,2992584.9262129767
1.25,6370,3689334.889139333
1.25,6371,4587166.3461210085
1.25,6372,1999346.4687970197
1.25,6373,4384817.255532378
1.25,6374,1870788.090271236
1.25,6375,3395541.547363363
1.25,6376,2967881.210916293
1.25,6377,4984063.90271884
1.25,6378,2091719.7518568207
1.25,6379,2745348.284192372
1.25,6380,2370057.933331385
1.25,6381,5198215.975955016
1.25,6382,3656725.5753627606
1.25,6383,3337893.755974698
1.25,6384,2526614.53728838
1.25,6385,3941281.509241586
1.25,6386,4317791.052629529
1.25,6387,5418846.348665913
1.25,6388,1379926.8534958842
1.25,6389,5374195.818420268
1.25,6390,3266639.856370482
1.25,6391,3860886.419890227
1.25,6392,1843566.7519352194
1.25,6393,1757042.4619983938
1.25,6394,3210813.115522431
1.25,6395,6023204.418825603
1.25,6396,4345383.503921692
1.25,6397,3932637.280070369
1.25,6398,1906039.7752021642
1.25,6399,3235818.9674969586
1.25,6400,5108816.466823601
1.25,6401,1978734.4492253235
1.25,6402,2216053.1675806753
1.25,6403,6118174.423395028
1.25,6404,1838148.8026851108
1.25,6405,5987350.245605789
1.25,6406,2607290.5872166855
1.25,6407,3219234.421740477
1.25,6408,626493.1352646247
1.25,6409,2101255.822061358
1.25,6410,3796481.372712606
1.25,6411,4915350.7932545515
1.25,6412,3909594.750613417
1.25,6413,137270.11301275325
1.25,6414,1944601.802626372
1.25,6415,2536722.0068792086
1.25,6416,1149355.0928955558
1.25,6417,2501235.966664651
1.25,6418,2133809.423228204
1.25,6419,0.0
1.25,6420,3350933.6045316216
1.25,6421,1640365.7192334319
1.25,6422,5615406.530570277
1.25,6423,1621685.2761861132
1.25,6424,1849355.9853849993
1.25,6425,2348261.511334318
1.25,6426,292365.4957437577
1.25,6427,4334873.796049952
1.25,6428,7227341.7218639115
1.25,6429,5389682.902813482
1.25,6430,6567658.942834344
1.25,6431,1030255.814839782
1.25,6432,4025409.503752729
1.25,6433,3896200.7324477774
1.25,6434,1008021.8170998648
1.25,6435,3636006.46953506
1.25,6436,6474975.317917071
1.25,6437,1908656.6656448387
1.25,6438,4334435.149198081
1.25,6439,2185005.361084332
1.25,6440,3202839.070149368
1.25,6441,1949058.3911568713
1.25,6442,4417909.285856521
1.25,6443,5932961.53105646
1.25,6444,2007680.4925423278
1.25,6445,3810812.607181331
1.25,6446,3512302.2852938804
1.25,6447,0.0
1.25,6448,5853808.313433157
1.25,6449,5686629.512552334
1.25,6450,1997718.550056806
1.25,6451,1224505.8439658675
1.25,6452,5873760.789786155
1.25,6453,5492851.72805734
1.25,6454,1890548.3293600045
1.25,6455,4400976.196296971
1.25,6456,3468778.078887548
1.25,6457,3848985.0303217084
1.25,6458,2761352.8508524033
1.25,6459,3646700.9673156086
1.25,6460,6576215.5284682205
1.25,6461,3228761.0178781594
1.25,6462,2688616.1919617974
1.25,6463,2840470.0875399844
1.25,6464,4046830.7373324484
1.25,6465,3803506.7136134407
1.25,6466,1539323.1646443265
1.25,6467,2990863.7390630534
1.25,6468,1537361.4444695038
1.25,6469,1319787.1912335781
1.25,6470,3851105.04028691
1.25,6471,5125300.217198839
1.25,6472,3749522.2189918733
1.25,6473,3685692.86169443
1.25,6474,2656970.076642431
1.25,6475,3378058.5662058266
1.25,6476,2258563.643904449
1.25,6477,6502768.761558337
1.25,6478,1065167.088719759
1.25,6479,5608173.664411704
1.25,6480,1688890.7967235171
1.25,6481,2511852.4478537953
1.25,6482,2742921.514629911
1.25,6483,2629318.381236601
1.25,6484,2060979.1912470092
1.25,6485,7269725.779452534
1.25,6486,8143764.01103443
1.25,6487,4460837.293046203
1.25,6488,2123120.456716005
1.25,6489,4525965.683726196
1.25,6490,10753897.392582698
1.25,6491,639802.7380466091
1.25,6492,3561157.3778672144
1.25,6493,1231995.4328346432
1.25,6494,4333298.267726957
1.25,6495,4524757.105115401
1.25,6496,2880448.9798137783
1.25,6497,5435502.292156497
1.25,6498,1024487.8615004573
1.25,6499,4721064.327545187
1.25,6500,4473283.958093451
1.25,6501,1256797.4037184096
1.25,6502,2934236.6589792813
1.25,6503,4948058.961738851
1.25,6504,2917540.607512432
1.25,6505,2342559.307919314
1.25,6506,3705159.0751481336
1.25,6507,6531177.328636761
1.25,6508,2155850.093200194
1.25,6509,5717954.106917321
1.25,6510,2936764.9082101164
1.25,6511,5884853.3701098785
1.25,6512,674239.7230122758
1.25,6513,5501949.97962647
1.25,6514,6057368.6217323765
1.25,6515,2154351.5344025525
1.25,6516,1913281.8384769827
1.25,6517,2410252.482655282
1.25,6518,2974139.2249079747
1.25,6519,4352803.28680494
1.25,6520,2551941.199521281
1.25,6521,1441335.6236655891
1.25,6522,4031243.313571212
1.25,6523,2060465.2669920109
1.25,6524,5935744.718809213
1.25,6525,799881.9964013916
1.25,6526,1253536.358643551
1.25,6527,1478309.5749119266
1.25,6528,5036208.232728617
1.25,6529,2511561.629205626
1.25,6530,1735998.0139493009
1.25,6531,2595208.0693952376
1.25,6532,3957752.8717712653
1.25,6533,2426269.6689645657
1.25,6534,2832861.302455172
1.25,6535,4801240.69211274
1.25,6536,3497420.895453076
1.25,6537,2105718.3769922215
1.25,6538,1727694.3732636604
1.25,6539,4512118.269475012
1.25,6540,2416995.6574044535
1.25,6541,976449.3036812476
1.25,6542,1487496.6936187255
1.25,6543,5509862.891475246
1.25,6544,5824744.573857667
1.25,6545,3923000.333062663
1.25,6546,3337049.2239005202
1.25,6547,4946386.916947456
1.25,6548,5092547.0750599615
1.25,6549,8248107.866968337
1.25,6550,70046.1775405748
1.25,6551,4134550.8116997806
1.25,6552,5845048.271178283
1.25,6553,5111232.719182236
1.25,6554,2798244.550896989
1.25,6555,5404060.3880263055
1.25,6556,2808507.9080178384
1.25,6557,3381932.772223564
1.25,6558,5278553.525763037
1.25,6559,2165939.0328749735
1.25,6560,2715316.8903540624
1.25,6561,1242430.5100010415
1.25,6562,3625159.8988214703
1.25,6563,2100445.5247088764
1.25,6564,3521004.444295868
1.25,6565,3610071.866175853
1.25,6566,2155607.5965984035
1.25,6567,4278461.10270328
1.25,6568,4646906.997396692
1.25,6569,5258808.052947492
1.25,6570,4388489.327254346
1.25,6571,2698576.6708043218
1.25,6572,3806677.316770426
1.25,6573,4958704.512437007
1.25,6574,0.0
1.25,6575,3344936.8160124123
1.25,6576,2473491.250038867
1.25,6577,1247578.9547399683
1.25,6578,5275857.4614986405
1.25,6579,2608068.968279614
1.25,6580,2053466.5713608554
1.25,6581,4748038.898765512
1.25,6582,2129897.0350195793
1.25,6583,7192071.326891772
1.25,6584,4824563.364099262
1.25,6585,3438642.7137630396
1.25,6586,3796116.3586622733
1.25,6587,1966597.6229129324
1.25,6588,0.0
1.25,6589,1322365.3721210167
1.25,6590,2514518.6525067836
1.25,6591,1767810.1061438697
1.25,6592,3764885.6369029265
1.25,6593,3802639.98411839
1.25,6594,1763132.4762975168
1.25,6595,4258891.530415819
1.25,6596,2239811.0516208955
1.25,6597,3292579.584630969
1.25,6598,6649065.214654623
1.25,6599,4059586.821936354
1.25,6600,2252867.4941199413
1.25,6601,4343794.329215314
1.25,6602,2132408.3176393835
1.25,6603,3502050.5802225564
1.25,6604,1966008.3179038316
1.25,6605,3429499.3377451613
1.25,6606,2112070.804036454
1.25,6607,3698263.187559183
1.25,6608,4380848.30784829
1.25,6609,3476839.014787399
1.25,6610,3086102.7522101663
1.25,6611,5060205.384537043
1.25,6612,6780737.815453721
1.25,6613,2032810.2096741304
1.25,6614,1552976.0750492006
1.25,6615,1877754.804589491
1.25,6616,2185921.597957505
1.25,6617,1305617.5276766282
1.25,6618,5876518.386592699
1.25,6619,2682729.15822602
1.25,6620,4744415.884367102
1.25,6621,3138185.5767328236
1.25,6622,5963812.204728774
1.25,6623,1383022.9814865328
1.25,6624,4116997.6331903823
1.25,6625,2224206.720050567
1.25,6626,3509873.0317298877
1.25,6627,4085095.42251502
1.25,6628,5981021.68623953
1.25,6629,5111700.9457581695
1.25,6630,3189668.830500952
1.25,6631,5739315.0853921
1.25,6632,3653096.94075111
1.25,6633,2918758.977241407
1.25,6634,5131692.731416801
1.25,6635,1534780.0151888104
1.25,6636,2603820.2668127967
1.25,6637,1790369.5697190203
1.25,6638,2613018.4493748746
1.25,6639,2837808.56454425
1.25,6640,2988893.6988337394
1.25,6641,3130522.830541916
1.25,6642,6049739.302306832
1.25,6643,1769710.5248787422
1.25,6644,1003329.0021012342
1.25,6645,4303161.845744527
1.25,6646,3705208.6234748
1.25,6647,2897266.2588487985
1.25,6648,3367939.636346613
1.25,6649,3716466.4502716605
1.25,6650,5101876.999796943
1.25,6651,2759429.922268957
1.25,6652,2079160.1043735626
1.25,6653,1793491.528163225
1.25,6654,3963228.6579280524
1.25,6655,2101713.3775681606
1.25,6656,4221529.722190075
1.25,6657,1104791.5687568083
1.25,6658,1564401.622713305
1.25,6659,2575078.602639174
1.25,6660,637852.7276288888
1.25,6661,1881300.0030083181
1.25,6662,2588719.3354029716
1.25,6663,2515094.6980387783
1.25,6664,2408336.456063149
1.25,6665,1343177.3331767768
1.25,6666,5197083.916310116
1.25,6667,1489242.529319333
1.25,6668,1472092.1444059878
1.25,6669,4301601.68544319
1.25,6670,2273538.9666499817
1.25,6671,6116904.641540315
1.25,6672,771454.6900265536
1.25,6673,3894312.996236588
1.25,6674,6598378.058464445
1.25,6675,1070843.6164749719
1.25,6676,2137329.5236079763
1.25,6677,4498591.6306011565
1.25,6678,1346167.689718485
1.25,6679,3176738.430070105
1.25,6680,2462641.751223645
1.25,6681,2335942.160330677
1.25,6682,3699534.0850897566
1.25,6683,9425228.773730027
1.25,6684,1215239.4890219914
1.25,6685,2536763.6245827675
1.25,6686,4343612.320726213
1.25,6687,3198717.5482986015
1.25,6688,3503280.993338466
1.25,6689,2979072.079227976
1.25,6690,3161530.212928524
1.25,6691,4075834.016319259
1.25,6692,3239730.7967282627
1.25,6693,1982117.9884245987
1.25,6694,6583133.1376040075
1.25,6695,3919969.2757988633
1.25,6696,4780701.937969146
1.25,6697,2679900.8647747072
1.25,6698,5815932.482807801
1.25,6699,5986868.574569174
1.25,6700,2840206.016553611
1.25,6701,2039150.5866847476
1.25,6702,3002112.260802402
1.25,6703,1759274.0396701812
1.25,6704,708869.9541824528
1.25,6705,2590881.188847554
1.25,6706,4614033.575584725
1.25,6707,591834.9681888691
1.25,6708,4313026.606383087
1.25,6709,4451961.075962904
1.25,6710,2321411.1930298056
1.25,6711,3447258.6583068455
1.25,6712,2289281.3471449465
1.25,6713,1908166.103115407
1.25,6714,1683309.0439729644
1.25,6715,2998651.428155008
1.25,6716,6146360.194852119
1.25,6717,705764.1850224261
1.25,6718,1664509.3707582776
1.25,6719,3980597.648082878
1.25,6720,4049610.488272416
1.25,6721,3693542.278606901
1.25,6722,8100357.436436895
1.25,6723,3546897.8524642354
1.25,6724,3769308.269729796
1.25,6725,3183251.5800574357
1.25,6726,3825347.397350452
1.25,6727,4793607.662659326
1.25,6728,3080666.6943385927
1.25,6729,2455978.787876004
1.25,6730,1674069.029978115
1.25,6731,3655083.1720827334
1.25,6732,3740543.176406552
1.25,6733,3254882.434550794
1.25,6734,1609861.9850842878
1.25,6735,2235812.123096675
1.25,6736,3118308.5871791784
1.25,6737,5708539.754816171
1.25,6738,4960825.872495754
1.25,6739,3146570.8560601184
1.25,6740,3619709.6895109722
1.25,6741,2269574.4820217737
1.25,6742,3592655.7061959608
1.25,6743,1861107.718917937
1.25,6744,3023457.874859058
1.25,6745,4832861.98747514
1.25,6746,4141710.2421801053
1.25,6747,2863513.9876175183
1.25,6748,4178906.137569
1.25,6749,3654629.737712002
1.25,6750,1314713.3133435517
1.25,6751,1281303.14431762
1.25,6752,798796.6186747031
1.25,6753,3507859.7537125098
1.25,6754,4219835.828353568
1.25,6755,379177.4235871173
1.25,6756,2791671.321923754
1.25,6757,2468634.604211561
1.25,6758,3055234.53046739
1.25,6759,2522950.7108599404
1.25,6760,2512223.8015637393
1.25,6761,5454401.833875919
1.25,6762,2133635.0784081155
1.25,6763,2435712.785544346
1.25,6764,3089387.378105427
1.25,6765,4309370.17646572
1.25,6766,1201550.4190412385
1.25,6767,292945.7467488289
1.25,6768,81536.45492381556
1.25,6769,4532434.901823931
1.25,6770,3234564.7235327386
1.25,6771,1511426.4389092675
1.25,6772,4589505.818466468
1.25,6773,4356169.703139758
1.25,6774,2603916.9939682833
1.25,6775,2488308.5850410294
1.25,6776,1034876.5443797003
1.25,6777,3456333.4275550656
1.25,6778,4951252.584602275
1.25,6779,6034901.373402098
1.25,6780,3664283.314901545
1.25,6781,4887758.0939437235
1.25,6782,1925150.763696844
1.25,6783,1967430.54220786
1.25,6784,2025511.9451888122
1.25,6785,2191164.9187237914
1.25,6786,3794389.0344338985
1.25,6787,2518485.8001316926
1.25,6788,5268666.438274658
1.25,6789,1858863.8776851513
1.25,6790,4246195.446653113
1.25,6791,3070238.178822776
1.25,6792,4633055.632102758
1.25,6793,2626544.7083190246
1.25,6794,2871344.4229149697
1.25,6795,6589775.099673964
1.25,6796,2120802.590462914
1.25,6797,2279846.5608269176
1.25,6798,3719955.5991097223
1.25,6799,2235343.9172452157
1.25,6800,2814564.5608073007
1.25,6801,2890976.021329286
1.25,6802,5476563.22642862
1.25,6803,3601335.167445325
1.25,6804,1825063.8174760994
1.25,6805,1210761.2591296213
1.25,6806,3615019.922868014
1.25,6807,5706796.09455876
1.25,6808,3753685.1957559087
1.25,6809,4837936.961132968
1.25,6810,4982160.54417094
1.25,6811,2370197.371212158
1.25,6812,1593832.5139618628
1.25,6813,3342491.483288743
1.25,6814,5490820.89715941
1.25,6815,2048150.9625623152
1.25,6816,1789695.5644097605
1.25,6817,1228820.0927293024
1.25,6818,4622414.499551575
1.25,6819,9901174.522144206
1.25,6820,1615185.7536759796
1.25,6821,3385729.538694239
1.25,6822,378326.29895500455
1.25,6823,2287470.691590704
1.25,6824,1113670.9664448807
1.25,6825,2527272.2059813803
1.25,6826,1987666.0706916926
1.25,6827,3137963.649684661
1.25,6828,2984474.5478376355
1.25,6829,2853505.6425876454
1.25,6830,3088089.3948096693
1.25,6831,2305893.791292668
1.25,6832,1310707.5104900338
1.25,6833,2137838.6525811786
1.25,6834,3976791.7845728835
1.25,6835,2796209.1143500055
1.25,6836,3984224.7206373685
1.25,6837,538846.0321439332
1.25,6838,2187025.820466592
1.25,6839,3959867.678326185
1.25,6840,3122186.2126867
1.25,6841,6142960.811845374
1.25,6842,1454984.5643312081
1.25,6843,4861364.82996679
1.25,6844,3489928.232837678
1.25,6845,5130120.71092355
1.25,6846,7110827.909562226
1.25,6847,5964299.689811807
1.25,6848,1759178.5742291685
1.25,6849,2858446.1193172047
1.25,6850,3282222.6188711957
1.25,6851,1932010.0568444997
1.25,6852,4309660.577573515
1.25,6853,3717231.867943832
1.25,6854,4813945.011952503
1.25,6855,499138.32968765683
1.25,6856,5364594.087769841
1.25,6857,4513646.656619922
1.25,6858,28874.67669603182
1.25,6859,1673845.0669259883
1.25,6860,3707880.875503647
1.25,6861,2732253.3279237538
1.25,6862,5684657.532608982
1.25,6863,2794620.1976870056
1.25,6864,1290802.3265313793
1.25,6865,5281155.110021882
1.25,6866,857909.0695792587
1.25,6867,1556597.0875631636
1.25,6868,1099013.0468328493
1.25,6869,2179397.0823561912
1.25,6870,2461846.5949834404
1.25,6871,1934966.3186454815
1.25,6872,2181766.0495028864
1.25,6873,1350599.38684647
1.25,6874,5057805.553458065
1.25,6875,3769301.868608283
1.25,6876,5410263.685589546
1.25,6877,2659684.814663576
1.25,6878,3986602.3354362184
1.25,6879,2155990.1009872584
1.25,6880,1086429.0480011501
1.25,6881,7208057.352828075
1.25,6882,2044587.0480729227
1.25,6883,3090576.717381826
1.25,6884,5663893.821318877
1.25,6885,1451523.1381871712
1.25,6886,2242915.455252731
1.25,6887,3167226.5397260124
1.25,6888,3347229.415337571
1.25,6889,3943096.1036134036
1.25,6890,5482620.859698598
1.25,6891,1341671.6723940182
1.25,6892,4946627.03188685
1.25,6893,2171882.554006919
1.25,6894,4013558.9135838896
1.25,6895,2260208.1444423255
1.25,6896,7892089.226043133
1.25,6897,1821705.660554789
1.25,6898,4222823.131033251
1.25,6899,4005037.9811207457
1.25,6900,3964983.831045755
1.25,6901,3549123.1664853073
1.25,6902,3027253.0149870142
1.25,6903,1533697.7723905055
1.25,6904,1204537.7809835537
1.25,6905,1769802.8782098466
1.25,6906,1156555.557261269
1.25,6907,2943975.300669845
1.25,6908,4782683.156706313
1.25,6909,2311984.8186897766
1.25,6910,2576754.6764711854
1.25,6911,2938620.8954669326
1.25,6912,3651572.358583412
1.25,6913,1927537.3767327673
1.25,6914,3138847.44612686
1.25,6915,3060985.2370361267
1.25,6916,10000042.112182423
1.25,6917,2984174.974903432
1.25,6918,3323085.3764654645
1.25,6919,4061052.302642609
1.25,6920,4642969.583899997
1.25,6921,3188739.8544108626
1.25,6922,7295328.701552195
1.25,6923,1976600.013117385
1.25,6924,2469957.4326605005
1.25,6925,2648288.913884592
1.25,6926,7861590.505301899
1.25,6927,3856344.184388952
1.25,6928,5311820.0312762605
1.25,6929,5377006.498622862
1.25,6930,2501384.891041455
1.25,6931,3409008.6236845967
1.25,6932,7139979.548239065
1.25,6933,2732859.892030556
1.25,6934,3518797.9365796163
1.25,6935,3297838.855286861
1.25,6936,2400218.955263258
1.25,6937,3153984.0522979805
1.25,6938,1911253.1143735787
1.25,6939,6034425.395741819
1.25,6940,3357997.79731413
1.25,6941,4122385.2438392853
1.25,6942,6559332.212423962
1.25,6943,631056.9398443229
1.25,6944,3377127.465197365
1.25,6945,4045893.4208596013
1.25,6946,2948986.194041786
1.25,6947,2648638.770128903
1.25,6948,2279186.6430009278
1.25,6949,4819239.375222939
1.25,6950,1204852.2301056068
1.25,6951,3953017.54139883
1.25,6952,4556708.875716986
1.25,6953,3939962.0961287217
1.25,6954,1433051.5607996192
1.25,6955,4583997.842236465
1.25,6956,5057523.947055898
1.25,6957,2320695.701961362
1.25,6958,3267809.9123669066
1.25,6959,4072641.888542883
1.25,6960,1417576.5461676246
1.25,6961,3191835.6982246554
1.25,6962,2529264.1332394546
1.25,6963,3246191.8393981326
1.25,6964,2508073.640793725
1.25,6965,2580206.2183979163
1.25,6966,3970280.1660583694
1.25,6967,901197.228930425
1.25,6968,3699220.130891656
1.25,6969,2369600.905418638
1.25,6970,2030762.8472492388
1.25,6971,5606731.492703176
1.25,6972,6035241.098553369
1.25,6973,3844954.9733776553
1.25,6974,2523782.4033061936
1.25,6975,6142364.548176436
1.25,6976,5471967.0873896135
1.25,6977,4048021.6469850456
1.25,6978,6247350.325964307
1.25,6979,4472824.411942206
1.25,6980,3005072.7541037197
1.25,6981,6087921.434154597
1.25,6982,3609489.930190167
1.25,6983,1499052.1691104285
1.25,6984,2342882.4121149676
1.25,6985,3954756.919317508
1.25,6986,7738671.386158518
1.25,6987,1419311.7468760079
1.25,6988,2417410.830755483
1.25,6989,2719555.9729052926
1.25,6990,5517007.308413253
1.25,6991,2127002.3153300397
1.25,6992,5093348.763284113
1.25,6993,5016186.178408721
1.25,6994,2978454.302931306
1.25,6995,2048570.9372112113
1.25,6996,1742844.9073038807
1.25,6997,2305793.5834762314
1.25,6998,3968814.5994188683
1.25,6999,3425254.0910429135
1.25,7000,2437602.7332729497
1.25,7001,4799088.483252976
1.25,7002,3218307.445023853
1.25,7003,2743058.233397875
1.25,7004,2410944.1738528158
1.25,7005,1623377.3000088946
1.25,7006,5574575.275605173
1.25,7007,1991273.398584535
1.25,7008,2643098.930450483
1.25,7009,1048871.4986076958
1.25,7010,2908745.9853579677
1.25,7011,2513639.9962082184
1.25,7012,2032640.7355617487
1.25,7013,4365370.3263786575
1.25,7014,2974639.5527150286
1.25,7015,3045783.8393706866
1.25,7016,3627758.8266148483
1.25,7017,631452.4583997037
1.25,7018,2698388.2675409955
1.25,7019,3462375.6136436253
1.25,7020,5079281.927357443
1.25,7021,7103092.099523887
1.25,7022,4444634.838460903
1.25,7023,4529898.849527702
1.25,7024,2571322.7626571795
1.25,7025,3971942.7095746617
1.25,7026,3420329.2340046973
1.25,7027,2763379.0687041325
1.25,7028,1842638.27426293
1.25,7029,1600527.1520941062
1.25,7030,6169246.467883313
1.25,7031,2582638.473404501
1.25,7032,6087175.696653823
1.25,7033,4214798.340161704
1.25,7034,2921088.967394256
1.25,7035,6116066.13463249
1.25,7036,1379847.3945870055
1.25,7037,1090634.5618051214
1.25,7038,1404551.8440872696
1.25,7039,3896735.633784766
1.25,7040,3008384.371384409
1.25,7041,5562918.156807324
1.25,7042,6505114.97246255
1.25,7043,3392776.0693293232
1.25,7044,143926.7872024197
1.25,7045,1678304.046416887
1.25,7046,3297593.8055166705
1.25,7047,2560006.4705074085
1.25,7048,2135726.935373779
1.25,7049,3820851.556089556
1.25,7050,2848690.0530710686
1.25,7051,4343887.909440238
1.25,7052,2249676.2417774084
1.25,7053,7085364.35456844
1.25,7054,5549348.378101755
1.25,7055,3046582.716041073
1.25,7056,3561949.7086146576
1.25,7057,3729834.2113711005
1.25,7058,1370414.2720485225
1.25,7059,2406179.4222307657
1.25,7060,3381998.803925031
1.25,7061,2181727.564112346
1.25,7062,1642491.9452732995
1.25,7063,4102332.6006977297
1.25,7064,4390850.810316564
1.25,7065,3100741.9785544067
1.25,7066,3815121.5820770604
1.25,7067,807145.2131440691
1.25,7068,1113356.7025457975
1.25,7069,6142412.240122165
1.25,7070,5343365.567018141
1.25,7071,3861757.0765332934
1.25,7072,2821773.3954594377
1.25,7073,2021082.5070711726
1.25,7074,3000442.8224995583
1.25,7075,5388051.047828354
1.25,7076,2248685.146566738
1.25,7077,8037460.973264296
1.25,7078,1366096.4919598124
1.25,7079,939664.3716688206
1.25,7080,1524017.5602522388
1.25,7081,3796595.1478122114
1.25,7082,1218483.4114466729
1.25,7083,1134428.0646593252
1.25,7084,4144613.965596942
1.25,7085,3588946.0034746816
1.25,7086,1361032.882926652
1.25,7087,2556033.1676119263
1.25,7088,3618395.478328652
1.25,7089,5650960.303196818
1.25,7090,2865247.72953109
1.25,7091,5010634.537688157
1.25,7092,3065294.4494324448
1.25,7093,8815879.290630013
1.25,7094,3913782.0922764866
1.25,7095,2639397.3187264297
1.25,7096,5389861.374396331
1.25,7097,1872186.5875103276
1.25,7098,2293515.3780298443
1.25,7099,1002876.2470381733
1.25,7100,5039502.284821287
1.25,7101,2150147.3889855193
1.25,7102,3660384.603813284
1.25,7103,1979848.05475176
1.25,7104,4579751.519305617
1.25,7105,2705108.1253982033
1.25,7106,2471344.9969531745
1.25,7107,1285006.9340062134
1.25,7108,4489395.026252886
1.25,7109,3873482.183041156
1.25,7110,4074129.4021853167
1.25,7111,1787292.8345276886
1.25,7112,4413671.317923292
1.25,7113,4064903.873365648
1.25,7114,3069765.528497035
1.25,7115,4267391.386102495
1.25,7116,2046209.1084956485
1.25,7117,3591024.6071452317
1.25,7118,584262.1307022609
1.25,7119,1953369.424258671
1.25,7120,2855511.51310684
1.25,7121,2574291.1256588493
1.25,7122,5261853.321852893
1.25,7123,2277218.03024232
1.25,7124,2239237.8562063687
1.25,7125,2122442.625775609
1.25,7126,3649969.3574019438
1.25,7127,2571804.9399730875
1.25,7128,5427553.520041529
1.25,7129,2791139.0369335143
1.25,7130,2646732.0625392217
1.25,7131,1934805.157561296
1.25,7132,3490379.0743874423
1.25,7133,1176807.0549493458
1.25,7134,3903687.6066782614
1.25,7135,2869648.372468936
1.25,7136,1707493.3578070712
1.25,7137,3103785.469335131
1.25,7138,2589713.080498932
1.25,7139,7235869.246006151
1.25,7140,3424157.9619614435
1.25,7141,5009384.173992359
1.25,7142,3606722.994977815
1.25,7143,652721.5492594315
1.25,7144,2944589.173198702
1.25,7145,3731962.8999731555
1.25,7146,1502615.1476045982
1.25,7147,6153148.04467179
1.25,7148,1919486.0589622594
1.25,7149,1514041.7249978818
1.25,7150,3900994.378174291
1.25,7151,3587128.5265628016
1.25,7152,1177478.8147534686
1.25,7153,1803948.5552926029
1.25,7154,1450306.7550039603
1.25,7155,2926917.160180234
1.25,7156,4810038.265706598
1.25,7157,1610508.1964174125
1.25,7158,2557794.1324405796
1.25,7159,5150563.5049422635
1.25,7160,4110016.277351113
1.25,7161,6196391.365884211
1.25,7162,994198.9554323618
1.25,7163,3844358.453461152
1.25,7164,4498275.162668978
1.25,7165,1455120.8343258768
1.25,7166,2959237.762119754
1.25,7167,5225793.289024214
1.25,7168,1655957.5974873877
1.25,7169,968979.1244855147
1.25,7170,4675155.246889993
1.25,7171,6903638.3358912375
1.25,7172,4247575.908940002
1.25,7173,3142244.510093501
1.25,7174,4434760.467074578
1.25,7175,4003080.327259499
1.25,7176,3675066.438425763
1.25,7177,0.0
1.25,7178,1994816.6960918535
1.25,7179,2594007.3924129335
1.25,7180,4324622.494253308
1.25,7181,5431090.65251029
1.25,7182,3261964.033690764
1.25,7183,5427670.640604574
1.25,7184,5862566.061121642
1.25,7185,1227541.0120833311
1.25,7186,4579689.222603333
1.25,7187,3688359.7095359317
1.25,7188,2905392.57491859
1.25,7189,2763063.525565602
1.25,7190,1924494.697349113
1.25,7191,2452612.051225237
1.25,7192,4107547.8518453147
1.25,7193,4679581.644287435
1.25,7194,4964530.036303056
1.25,7195,1300247.6373633437
1.25,7196,2000184.7654771742
1.25,7197,3656786.0045049824
1.25,7198,3433074.103072699
1.25,7199,2944009.8352561635
1.25,7200,426280.8516672795
1.25,7201,3846057.2766280463
1.25,7202,3718481.9476607945
1.25,7203,4426378.00156156
1.25,7204,1541664.14272942
1.25,7205,3949208.82591421
1.25,7206,925207.7382572909
1.25,7207,4541739.383232133
1.25,7208,5815832.60333445
1.25,7209,5729441.918933979
1.25,7210,3446243.4067403087
1.25,7211,6563257.176863124
1.25,7212,5105943.2296577245
1.25,7213,1749508.8688877064
1.25,7214,4424086.806466986
1.25,7215,2053804.0570410967
1.25,7216,271238.8131703492
1.25,7217,4940360.8632621635
1.25,7218,2231930.946777562
1.25,7219,5025327.766102908
1.25,7220,3337732.3075147076
1.25,7221,4113095.6656830334
1.25,7222,6685835.993611619
1.25,7223,2529544.142091275
1.25,7224,4059875.6486022742
1.25,7225,5431165.255315164
1.25,7226,1812670.3143488455
1.25,7227,2053670.8521307942
1.25,7228,4985075.854599633
1.25,7229,2596632.707573872
1.25,7230,1776429.652830246
1.25,7231,3141132.61741726
1.25,7232,4384900.3655644655
1.25,7233,4808410.76226691
1.25,7234,1597532.9728348942
1.25,7235,1632153.4308121018
1.25,7236,2251527.9123736448
1.25,7237,4152142.7717411993
1.25,7238,3894016.9536117283
1.25,7239,2867055.9173949026
1.25,7240,10356213.107568901
1.25,7241,2366264.618127546
1.25,7242,5264655.132033063
1.25,7243,1634990.1463082125
1.25,7244,3264416.943652683
1.25,7245,3393930.1347793676
1.25,7246,3750302.551934737
1.25,7247,2127768.6760726925
1.25,7248,2808060.0015048757
1.25,7249,1952180.3084385765
1.25,7250,3854204.413554226
1.25,7251,4025352.333658955
1.25,7252,1410297.3042769027
1.25,7253,1570053.6706302657
1.25,7254,4594700.869261464
1.25,7255,4767683.6676467825
1.25,7256,0.0
1.25,7257,2383191.577701277
1.25,7258,4669459.89808467
1.25,7259,4838686.73828649
1.25,7260,2100383.7574783936
1.25,7261,2932551.5353446873
1.25,7262,1860375.4789652182
1.25,7263,2955344.0833256165
1.25,7264,2198445.8729442284
1.25,7265,4192807.671149797
1.25,7266,4520765.268807775
1.25,7267,3263707.0300522298
1.25,7268,1673317.5807470079
1.25,7269,4011447.638804054
1.25,7270,1720598.5851706
1.25,7271,3896578.2918657083
1.25,7272,4257615.886812828
1.25,7273,2812664.5026391074
1.25,7274,3624872.372540404
1.25,7275,1474973.7748072948
1.25,7276,3397610.6083650556
1.25,7277,3672427.1479751663
1.25,7278,1920409.1332297183
1.25,7279,3485269.0870859222
1.25,7280,5072377.124313612
1.25,7281,4911069.177265626
1.25,7282,2858632.2261883304
1.25,7283,2406753.1921991426
1.25,7284,1612105.6141200252
1.25,7285,3400654.091207126
1.25,7286,4102532.889485022
1.25,7287,5235640.818419691
1.25,7288,3114887.402232185
1.25,7289,3006728.4473855887
1.25,7290,4881089.4859154755
1.25,7291,136153.8469664834
1.25,7292,4346517.741024397
1.25,7293,1129081.8315449008
1.25,7294,3099792.2258586995
1.25,7295,6250085.295207233
1.25,7296,1583070.1551376465
1.25,7297,2327517.000078019
1.25,7298,2312331.0642414456
1.25,7299,2046867.4717493865
1.25,7300,4870454.650576319
1.25,7301,2133984.3351685186
1.25,7302,2218523.02116706
1.25,7303,4794281.675086965
1.25,7304,4708075.488085138
1.25,7305,1482557.0347279054
1.25,7306,1315156.0261086426
1.25,7307,2882506.114337411
1.25,7308,3692851.818065475
1.25,7309,3233223.44467493
1.25,7310,4088266.381288853
1.25,7311,6367449.40733277
1.25,7312,2133063.804007597
1.25,7313,2892144.992014013
1.25,7314,5060971.927047659
1.25,7315,2641824.6542062615
1.25,7316,5463272.550739739
1.25,7317,2771002.8504815
1.25,7318,5099616.818810842
1.25,7319,5405122.903069683
1.25,7320,158857.36797353812
1.25,7321,3972706.268288264
1.25,7322,3863547.1179678114
1.25,7323,4890869.9610401485
1.25,7324,1233664.1369955481
1.25,7325,4151168.318958423
1.25,7326,3499784.1110182195
1.25,7327,4522182.498685392
1.25,7328,2604512.7642103387
1.25,7329,4104997.4000594723
1.25,7330,1105444.3393623757
1.25,7331,735011.0161622667
1.25,7332,4825895.569596383
1.25,7333,3692665.3693311727
1.25,7334,1421017.0850633448
1.25,7335,3644636.3765944256
1.25,7336,4120047.8795962497
1.25,7337,4172551.440117198
1.25,7338,4605662.298035231
1.25,7339,1876140.0854447815
1.25,7340,1566446.2657742344
1.25,7341,8420279.898519292
1.25,7342,949359.434816189
1.25,7343,5453418.270249003
1.25,7344,6073815.327681923
1.25,7345,5550981.549262933
1.25,7346,1276577.2415051502
1.25,7347,2279234.4403603803
1.25,7348,2262641.8121257545
1.25,7349,5040708.236864754
1.25,7350,5944338.780878532
1.25,7351,4086657.2284314753
1.25,7352,3126513.9204538306
1.25,7353,5875271.330561719
1.25,7354,3172718.2240158874
1.25,7355,3051842.5602509296
1.25,7356,3146895.1882100916
1.25,7357,5738534.160925321
1.25,7358,4992909.065187661
1.25,7359,6173593.573954968
1.25,7360,4238135.31082656
1.25,7361,3054064.385583274
1.25,7362,2739179.166856804
1.25,7363,1373703.753530611
1.25,7364,3845353.300617533
1.25,7365,8147571.735242406
1.25,7366,3605160.617475873
1.25,7367,3043297.403408779
1.25,7368,4907057.532523461
1.25,7369,2503886.8721598103
1.25,7370,1093601.609180115
1.25,7371,4255656.887201732
1.25,7372,4715165.628023736
1.25,7373,2578701.7553977305
1.25,7374,4500906.102477635
1.25,7375,1115173.810790177
1.25,7376,536577.1674450615
1.25,7377,1660330.5055846048
1.25,7378,4778577.7869401965
1.25,7379,4737487.4656803245
1.25,7380,4292199.124685012
1.25,7381,1851003.1764382923
1.25,7382,2672475.4611760336
1.25,7383,2659071.395889676
1.25,7384,3777370.408961413
1.25,7385,2802470.7800358543
1.25,7386,2036127.752087337
1.25,7387,1591952.4700916947
1.25,7388,3411898.7962724934
1.25,7389,3317527.727296304
1.25,7390,3825660.160777461
1.25,7391,194514.5400714716
1.25,7392,1292736.7117945526
1.25,7393,4001386.8645176915
1.25,7394,2264131.8013072414
1.25,7395,1456519.547884948
1.25,7396,2059476.8424534472
1.25,7397,5050579.135077005
1.25,7398,4524414.452719975
1.25,7399,4081770.425678
1.25,7400,5546738.417172681
1.25,7401,5491160.567946465
1.25,7402,4754802.998671989
1.25,7403,5325635.20152463
1.25,7404,5793272.53924912
1.25,7405,5909138.220339947
1.25,7406,2414767.821718954
1.25,7407,6164628.138503873
1.25,7408,916487.4218601643
1.25,7409,1776384.222882494
1.25,7410,5008543.843387059
1.25,7411,3075990.5612207884
1.25,7412,3287168.396524079
1.25,7413,2214541.6544674053
1.25,7414,4890097.038813893
1.25,7415,2316755.748518337
1.25,7416,4380395.241682846
1.25,7417,3554756.8783117346
1.25,7418,3991492.2690531765
1.25,7419,2406013.9318329673
1.25,7420,5383811.779851139
1.25,7421,884440.884913424
1.25,7422,6857752.370347018
1.25,7423,3764196.609637987
1.25,7424,4042879.4110387554
1.25,7425,992327.4419436499
1.25,7426,2132002.127636373
1.25,7427,2202886.094397483
1.25,7428,1292474.508333263
1.25,7429,2763273.5246793935
1.25,7430,5136021.133943508
1.25,7431,1842408.6088142064
1.25,7432,3134905.2277122475
1.25,7433,3167291.1377616646
1.25,7434,3769409.128221901
1.25,7435,5054520.171533399
1.25,7436,3603482.6576956855
1.25,7437,3509232.871175846
1.25,7438,2159675.7312259567
1.25,7439,741386.5675468006
1.25,7440,7417166.223024278
1.25,7441,4575128.964477551
1.25,7442,177995.96681071748
1.25,7443,2518629.735564333
1.25,7444,5810179.047529712
1.25,7445,6122241.137569682
1.25,7446,3403776.9770373334
1.25,7447,6096411.006780824
1.25,7448,5979770.623141894
1.25,7449,3069370.3333158367
1.25,7450,8746742.528965151
1.25,7451,6224508.085487327
1.25,7452,2714614.448687188
1.25,7453,3157567.534132524
1.25,7454,628069.1216825412
1.25,7455,238407.98145650775
1.25,7456,1845629.806281131
1.25,7457,2063656.11966023
1.25,7458,4008472.0698458897
1.25,7459,8716989.662000427
1.25,7460,4180566.6637243927
1.25,7461,3191307.9582172283
1.25,7462,1615959.1067492003
1.25,7463,3117386.419791417
1.25,7464,2745957.3445801213
1.25,7465,3517461.6637313417
1.25,7466,6083811.957411669
1.25,7467,1071538.787120527
1.25,7468,4342411.0630623195
1.25,7469,3958647.8002646402
1.25,7470,8290664.246023068
1.25,7471,7410364.075705878
1.25,7472,2975170.9800963234
1.25,7473,2789339.0912193907
1.25,7474,2858778.412570494
1.25,7475,1266983.4246284901
1.25,7476,4723846.017610723
1.25,7477,4127252.30239556
1.25,7478,1454479.6739867846
1.25,7479,1866401.7312744323
1.25,7480,3181900.6213559853
1.25,7481,4917837.5079040285
1.25,7482,1928122.3686698102
1.25,7483,3509349.597810653
1.25,7484,4282546.57093014
1.25,7485,832478.0049643771
1.25,7486,3875125.625869836
1.25,7487,4838466.630607419
1.25,7488,760851.6099172295
1.25,7489,219021.8648086929
1.25,7490,3580774.2465833095
1.25,7491,3786077.2869966347
1.25,7492,3798403.3867366947
1.25,7493,3934460.557674381
1.25,7494,3093676.246963246
1.25,7495,4226323.509091191
1.25,7496,3596796.687479768
1.25,7497,1597332.25433966
1.25,7498,3891493.0274159913
1.25,7499,4048084.6178095085
1.25,7500,1194697.190573148
1.25,7501,1358305.514194463
1.25,7502,4580177.150624031
1.25,7503,3668126.6286880802
1.25,7504,2533585.5458571496
1.25,7505,3628906.752172447
1.25,7506,6056971.89033576
1.25,7507,1280587.7326748085
1.25,7508,4784590.839240579
1.25,7509,1345642.1402088022
1.25,7510,2790973.4012096487
1.25,7511,2933170.593104816
1.25,7512,2580208.5894624363
1.25,7513,1255708.0191322307
1.25,7514,4298992.080893329
1.25,7515,3017151.2846204266
1.25,7516,5711044.098000915
1.25,7517,3294281.0138773997
1.25,7518,3841705.425971664
1.25,7519,646444.0328251644
1.25,7520,2570895.23110063
1.25,7521,1922280.0233287662
1.25,7522,2355508.4711485016
1.25,7523,4151701.523043981
1.25,7524,2964328.579939269
1.25,7525,4003693.6004340323
1.25,7526,5998091.759984821
1.25,7527,3744738.57348172
1.25,7528,4699296.524556173
1.25,7529,5646855.2083800705
1.25,7530,2868639.164424936
1.25,7531,3597601.1245835973
1.25,7532,3917056.508925181
1.25,7533,7581018.498039883
1.25,7534,3909400.9628353897
1.25,7535,2754842.024936231
1.25,7536,2996505.1867153393
1.25,7537,783482.1288025274
1.25,7538,7382043.856431737
1.25,7539,7280175.803803249
1.25,7540,1158021.9724032814
1.25,7541,5944705.631649409
1.25,7542,605019.2943440732
1.25,7543,1513099.8976314291
1.25,7544,5955649.322436364
1.25,7545,3926225.1517303493
1.25,7546,4488721.409660172
1.25,7547,3783807.947167505
1.25,7548,1712187.4181919345
1.25,7549,4185459.228140688
1.25,7550,5604919.359473596
1.25,7551,4564870.746442875
1.25,7552,5686488.405048576
1.25,7553,3524767.1228870964
1.25,7554,910344.4949546959
1.25,7555,1750957.5031301072
1.25,7556,3933190.661325723
1.25,7557,4428380.138027473
1.25,7558,3385213.187934417
1.25,7559,1775563.6270938676
1.25,7560,1935198.4820993324
1.25,7561,1550814.7681498665
1.25,7562,933202.7638724407
1.25,7563,6411518.999029532
1.25,7564,639119.17645091
1.25,7565,3425871.550085642
1.25,7566,6694220.502014271
1.25,7567,2686218.5530110775
1.25,7568,643211.3878447289
1.25,7569,4075216.888943484
1.25,7570,2356929.9740703516
1.25,7571,5059936.4301560065
1.25,7572,6123273.052089106
1.25,7573,1225131.6754934588
1.25,7574,4141177.478823962
1.25,7575,1925606.066998324
1.25,7576,4207264.070448325
1.25,7577,2727243.994207035
1.25,7578,2616528.620819662
1.25,7579,2901862.0983106783
1.25,7580,8490396.974876735
1.25,7581,6120714.344555107
1.25,7582,4731072.443196914
1.25,7583,4437176.238120701
1.25,7584,3052353.886273016
1.25,7585,2710538.5722943414
1.25,7586,3261821.421885377
1.25,7587,2897930.3374624723
1.25,7588,638410.8669028243
1.25,7589,5917928.467449312
1.25,7590,4200125.100160975
1.25,7591,4550760.073214194
1.25,7592,3413362.2431015046
1.25,7593,6095312.195647609
1.25,7594,3531150.310713668
1.25,7595,1529243.4331972587
1.25,7596,2476175.1029759245
1.25,7597,7222317.396979833
1.25,7598,1399545.9670707125
1.25,7599,2544874.459693479
1.25,7600,7272797.534271748
1.25,7601,3179473.2249559024
1.25,7602,3324525.166303173
1.25,7603,3533569.3140595686
1.25,7604,1422681.2594119161
1.25,7605,4669683.283132052
1.25,7606,3046517.890189279
1.25,7607,2822642.84656745
1.25,7608,3306944.497245618
1.25,7609,1136274.43417973
1.25,7610,713735.5037644304
1.25,7611,1579077.267976649
1.25,7612,3134047.2421753756
1.25,7613,581575.3294837109
1.25,7614,4721213.835534929
1.25,7615,2806853.8576198593
1.25,7616,4390980.428475818
1.25,7617,1601807.9048670586
1.25,7618,3519383.8446025155
1.25,7619,1285016.7382866899
1.25,7620,3447495.021573065
1.25,7621,3657011.010940536
1.25,7622,4190230.516098965
1.25,7623,2238071.5216533546
1.25,7624,2676053.9814263433
1.25,7625,2548048.403743498
1.25,7626,10957353.23539016
1.25,7627,3882893.8425263236
1.25,7628,2648721.845851335
1.25,7629,1551511.0617871676
1.25,7630,1973835.9723839161
1.25,7631,4340767.195655166
1.25,7632,14322163.02665961
1.25,7633,5501834.98005087
1.25,7634,6894362.71255646
1.25,7635,4163586.075131534
1.25,7636,1816775.2644673237
1.25,7637,1176395.201780702
1.25,7638,3699871.1699900026
1.25,7639,3385317.849606987
1.25,7640,2334022.8998906156
1.25,7641,2166857.046044742
1.25,7642,4319049.405689065
1.25,7643,3998934.996243125
1.25,7644,4274980.960787156
1.25,7645,2521374.414015211
1.25,7646,5223062.451830857
1.25,7647,292733.788738055
1.25,7648,2200843.473310185
1.25,7649,3146696.8112929845
1.25,7650,2789227.457480175
1.25,7651,3784491.980167324
1.25,7652,2339468.395323807
1.25,7653,3466428.5492887115
1.25,7654,2559778.311358645
1.25,7655,999512.0045778229
1.25,7656,4809622.214538916
1.25,7657,1950386.9914761921
1.25,7658,2906339.680853909
1.25,7659,4081247.2519129477
1.25,7660,6898229.600477624
1.25,7661,2961587.093361283
1.25,7662,6109722.36166876
1.25,7663,2811631.978611237
1.25,7664,2172513.9335513217
1.25,7665,2317596.4793051817
1.25,7666,3751653.063422411
1.25,7667,1463808.072682753
1.25,7668,2590781.2235198403
1.25,7669,2741019.8454368217
1.25,7670,2138079.8749672845
1.25,7671,4330434.269035569
1.25,7672,2482846.069293621
1.25,7673,5941060.018365933
1.25,7674,4536918.741956618
1.25,7675,1176415.6107020425
1.25,7676,6620342.698876918
1.25,7677,4202128.591190714
1.25,7678,5800237.914608328
1.25,7679,4586199.538582072
1.25,7680,2336017.67844669
1.25,7681,3696036.603742919
1.25,7682,2137526.1985595203
1.25,7683,5512485.334866474
1.25,7684,5227825.040919748
1.25,7685,3779767.388352543
1.25,7686,3105466.4562971722
1.25,7687,5170168.86209789
1.25,7688,2663919.5996317454
1.25,7689,5368397.507707749
1.25,7690,3383518.939718391
1.25,7691,684763.79824978
1.25,7692,3406821.8191347807
1.25,7693,3448798.7825262407
1.25,7694,3344409.50304146
1.25,7695,4444453.823253033
1.25,7696,3205737.6133212624
1.25,7697,7299709.302885698
1.25,7698,4100209.143865451
1.25,7699,2671286.4266373347
1.25,7700,3935165.776523055
1.25,7701,1582112.5775282632
1.25,7702,5065796.081508229
1.25,7703,1549343.0291990866
1.25,7704,4552873.304535624
1.25,7705,3742710.770095448
1.25,7706,3847294.788603007
1.25,7707,5581822.783045884
1.25,7708,4563079.181052859
1.25,7709,2268649.2239589537
1.25,7710,1866204.3310334594
1.25,7711,2982189.1052894043
1.25,7712,4637655.95998963
1.25,7713,4532408.341495201
1.25,7714,4278656.233332707
1.25,7715,3272737.0090275705
1.25,7716,4141201.30236428
1.25,7717,2344981.964027482
1.25,7718,5518835.281520886
1.25,7719,6517777.956787128
1.25,7720,2987501.5143649187
1.25,7721,3919812.6863461463
1.25,7722,1328541.7611579448
1.25,7723,1518859.2576045797
1.25,7724,6946604.408248719
1.25,7725,5044662.132735476
1.25,7726,2669464.113783263
1.25,7727,4452519.622509353
1.25,7728,5238183.510617276
1.25,7729,1351918.9611355467
1.25,7730,1386120.208404786
1.25,7731,4118053.26198279
1.25,7732,3727780.6693411823
1.25,7733,5838845.501749667
1.25,7734,94657.62061680046
1.25,7735,1944621.2266159612
1.25,7736,3789941.3757663555
1.25,7737,61782.848577299155
1.25,7738,3402598.4450298315
1.25,7739,224905.66857051934
1.25,7740,1648199.9110852224
1.25,7741,1845760.9773127597
1.25,7742,2157109.353183457
1.25,7743,4952336.646368913
1.25,7744,2968034.532144539
1.25,7745,4081353.4098110716
1.25,7746,1531961.1706909128
1.25,7747,2327082.1783005213
1.25,7748,2016828.8195179799
1.25,7749,2765205.294816086
1.25,7750,2431068.3169774106
1.25,7751,5467646.1044542305
1.25,7752,4276404.35843985
1.25,7753,6672617.079131642
1.25,7754,2450023.272770998
1.25,7755,2367240.4742953326
1.25,7756,7453816.90904476
1.25,7757,934361.683356452
1.25,7758,3924235.2983569056
1.25,7759,2782511.3255767063
1.25,7760,6110932.031568883
1.25,7761,3357671.7197840707
1.25,7762,4716605.926302467
1.25,7763,2182933.1719458657
1.25,7764,6821817.278779829
1.25,7765,6219728.325578658
1.25,7766,3012986.470432554
1.25,7767,3465763.2054958935
1.25,7768,1898610.4157223077
1.25,7769,5165448.830546145
1.25,7770,2910130.1374634528
1.25,7771,6532837.909183587
1.25,7772,3257706.3566800905
1.25,7773,2959628.4928398123
1.25,7774,2998985.9026830043
1.25,7775,2975340.20768622
1.25,7776,3784841.8752543614
1.25,7777,245581.7497097368
1.25,7778,6490602.945723486
1.25,7779,3418931.980962976
1.25,7780,4204440.70145941
1.25,7781,2388672.994783462
1.25,7782,5985612.149508088
1.25,7783,919355.3475010572
1.25,7784,1528742.5047656603
1.25,7785,2500166.5946856146
1.25,7786,2712944.5341366925
1.25,7787,2720143.8447476835
1.25,7788,4930271.111912724
1.25,7789,2775585.748199373
1.25,7790,4571837.847603394
1.25,7791,2037193.8483580563
1.25,7792,5260053.127441836
1.25,7793,639391.8735914822
1.25,7794,3231576.3689384507
1.25,7795,784040.1257301315
1.25,7796,4347358.183541924
1.25,7797,2757084.3870729757
1.25,7798,0.0
1.25,7799,3006735.1635347893
1.25,7800,4077560.135911431
1.25,7801,6405375.030615015
1.25,7802,6935726.79639938
1.25,7803,6684397.527526105
1.25,7804,1612108.504718103
1.25,7805,1922456.6684031414
1.25,7806,3500456.4949650164
1.25,7807,4448425.789305799
1.25,7808,3103770.2633443777
1.25,7809,1532958.1201987013
1.25,7810,2075372.4869854746
1.25,7811,5972752.025206709
1.25,7812,4355340.071398842
1.25,7813,2685251.3431532243
1.25,7814,3839361.5021611652
1.25,7815,265060.1189443154
1.25,7816,3490925.3182934034
1.25,7817,5038341.835417731
1.25,7818,2730815.8461850267
1.25,7819,4042777.5920126075
1.25,7820,350228.83863308077
1.25,7821,4315775.884893345
1.25,7822,3670295.918467536
1.25,7823,2975587.3763445634
1.25,7824,3709540.0875880546
1.25,7825,794333.0974391842
1.25,7826,4360655.6520673
1.25,7827,2296224.6628142954
1.25,7828,313470.45916945173
1.25,7829,3003696.2565949685
1.25,7830,3068654.5389240026
1.25,7831,428982.3048695015
1.25,7832,12881893.768461425
1.25,7833,875842.9577203693
1.25,7834,8445663.22109576
1.25,7835,1336593.158915099
1.25,7836,6619596.2470665015
1.25,7837,1970487.652437694
1.25,7838,555585.2950820425
1.25,7839,3047135.1432361375
1.25,7840,1882181.613161688
1.25,7841,2105483.4134176904
1.25,7842,1772619.295416913
1.25,7843,5869641.08719378
1.25,7844,3513665.79930552
1.25,7845,1071865.6558264485
1.25,7846,4250071.885105054
1.25,7847,5094619.008289423
1.25,7848,2314763.796440671
1.25,7849,1856040.40667922
1.25,7850,728974.7632138574
1.25,7851,6283168.958094558
1.25,7852,662796.4834396804
1.25,7853,2239569.3856075807
1.25,7854,3366319.9405053016
1.25,7855,1031725.1854105778
1.25,7856,2462294.836732702
1.25,7857,2362112.8211021814
1.25,7858,4698492.022240111
1.25,7859,2806502.7702302225
1.25,7860,2883989.5545128537
1.25,7861,4478129.408517672
1.25,7862,4666724.806854663
1.25,7863,1444901.6257678769
1.25,7864,3390516.1071461453
1.25,7865,2305244.9455105853
1.25,7866,2158299.244654975
1.25,7867,4997720.881931469
1.25,7868,4480602.878544261
1.25,7869,1058177.674694221
1.25,7870,7862620.261573769
1.25,7871,5418453.619926043
1.25,7872,1946362.0883262178
1.25,7873,2744086.3317941045
1.25,7874,3205194.214102596
1.25,7875,178572.99921148573
1.25,7876,4134531.8108498887
1.25,7877,1635211.6109636931
1.25,7878,2347728.4471082995
1.25,7879,3591963.937992661
1.25,7880,3888607.565089808
1.25,7881,3168318.0165336537
1.25,7882,5519350.416046708
1.25,7883,3550988.7467260757
1.25,7884,5750403.332988266
1.25,7885,3624138.218376898
1.25,7886,4158443.3574267444
1.25,7887,3578311.1634779163
1.25,7888,2741093.029044193
1.25,7889,1706255.3066163366
1.25,7890,4451109.505076921
1.25,7891,5329886.814395515
1.25,7892,2798490.672456192
1.25,7893,2854486.6666941736
1.25,7894,3493402.0337890065
1.25,7895,5772849.059758731
1.25,7896,4820835.472108271
1.25,7897,1944945.823053306
1.25,7898,1918544.1311562192
1.25,7899,6699605.352173582
1.25,7900,2799590.03480473
1.25,7901,924430.6682015359
1.25,7902,2520885.2476300066
1.25,7903,5035073.041989701
1.25,7904,1160167.3060517637
1.25,7905,327508.4809280699
1.25,7906,314392.0265470048
1.25,7907,2318402.721471992
1.25,7908,8421181.682746366
1.25,7909,2182715.978817507
1.25,7910,5976973.870759669
1.25,7911,3094019.405668365
1.25,7912,1313398.390444327
1.25,7913,6557749.612768953
1.25,7914,2251008.500465174
1.25,7915,4342317.271887353
1.25,7916,1698662.573435223
1.25,7917,4551956.76005119
1.25,7918,2884642.446075866
1.25,7919,3840132.3565998203
1.25,7920,3180427.6978852805
1.25,7921,3071888.3533703433
1.25,7922,836540.3226483337
1.25,7923,2861489.2590708993
1.25,7924,3475027.420209982
1.25,7925,3882149.3996267007
1.25,7926,6655208.678628347
1.25,7927,1258110.9152330304
1.25,7928,2311134.2771633808
1.25,7929,2167086.3630751353
1.25,7930,2875477.996322793
1.25,7931,2976133.4912913083
1.25,7932,4796465.453275742
1.25,7933,4768130.517747305
1.25,7934,2088828.4427551953
1.25,7935,2971324.1863229144
1.25,7936,2775248.1651545493
1.25,7937,5635708.097502879
1.25,7938,1744506.595733768
1.25,7939,5181247.623533
1.25,7940,4939841.0606301045
1.25,7941,4428018.697415285
1.25,7942,4331277.382944657
1.25,7943,2532524.986497151
1.25,7944,1466780.1102933623
1.25,7945,4334153.714956503
1.25,7946,4845791.812738542
1.25,7947,5410288.750708281
1.25,7948,1165693.8820615327
1.25,7949,4572656.237741944
1.25,7950,1893704.562978643
1.25,7951,2665963.3985461895
1.25,7952,6557277.721317254
1.25,7953,4760324.789434087
1.25,7954,1723229.004709153
1.25,7955,3502236.6193283717
1.25,7956,1827343.9519215932
1.25,7957,2004323.3530719094
1.25,7958,2183994.4951204234
1.25,7959,2438765.9071661453
1.25,7960,5952692.857178405
1.25,7961,2283774.8675432974
1.25,7962,2976926.304873257
1.25,7963,1770058.9099860343
1.25,7964,1598766.951156152
1.25,7965,2456724.854011565
1.25,7966,2328701.357224843
1.25,7967,3152554.7878174027
1.25,7968,2752883.17674318
1.25,7969,3611156.2792790607
1.25,7970,5698647.796943745
1.25,7971,7126002.382966165
1.25,7972,4128925.103865606
1.25,7973,4189787.7442798326
1.25,7974,1281386.1114981065
1.25,7975,4236061.090970256
1.25,7976,6173567.725716814
1.25,7977,2928476.5982263694
1.25,7978,1822781.400029493
1.25,7979,7560239.451917487
1.25,7980,2466371.694574878
1.25,7981,302669.72980786464
1.25,7982,2901794.240161235
1.25,7983,3750768.131551621
1.25,7984,3068635.0406317003
1.25,7985,4436663.85386776
1.25,7986,6736357.2131685
1.25,7987,2743344.9426764455
1.25,7988,3989722.9563931837
1.25,7989,1146628.292297821
1.25,7990,3778772.8188418117
1.25,7991,3628831.165464851
1.25,7992,1296170.5681668043
1.25,7993,4429183.822124714
1.25,7994,7209013.423490633
1.25,7995,4519437.567830968
1.25,7996,3210972.532773516
1.25,7997,6779916.389204023
1.25,7998,1501136.4799918337
1.25,7999,4235682.28733835
1.25,8000,2471401.831599936
1.25,8001,4988429.719114526
1.25,8002,2888880.39678577
1.25,8003,4434364.315955342
1.25,8004,4189102.21000788
1.25,8005,1055493.830155895
1.25,8006,1882943.3929662788
1.25,8007,4335362.228938482
1.25,8008,1092756.9975114714
1.25,8009,3530248.78035325
1.25,8010,1896581.1455471823
1.25,8011,2750863.4529973203
1.25,8012,1875457.855581243
1.25,8013,5418856.920319825
1.25,8014,6276459.580355136
1.25,8015,2072067.0918382995
1.25,8016,790504.2664188445
1.25,8017,1896675.0201519807
1.25,8018,1268813.9701063004
1.25,8019,2129796.246369512
1.25,8020,4135048.88155951
1.25,8021,2358874.402357512
1.25,8022,3536623.938785778
1.25,8023,1050056.4178691315
1.25,8024,2728063.3730880152
1.25,8025,271742.27373184916
1.25,8026,2363361.147583854
1.25,8027,6970776.033381744
1.25,8028,5929059.716976764
1.25,8029,3500129.883265282
1.25,8030,2853697.741047262
1.25,8031,4888159.399824614
1.25,8032,3439376.1353971465
1.25,8033,2073344.1779837029
1.25,8034,3751703.1471509747
1.25,8035,5515926.798529066
1.25,8036,3086184.949440794
1.25,8037,3264976.2423056816
1.25,8038,4490955.768399203
1.25,8039,3064761.751951267
1.25,8040,2721511.7890252327
1.25,8041,1716873.3283686922
1.25,8042,918183.8048432075
1.25,8043,1192616.2543159286
1.25,8044,1285507.2894854243
1.25,8045,3046072.970879492
1.25,8046,2496572.636098113
1.25,8047,2202429.707634469
1.25,8048,3843028.411580351
1.25,8049,6800715.401286739
1.25,8050,3616386.5343873966
1.25,8051,2344037.049833241
1.25,8052,3721614.7680851016
1.25,8053,2742497.8287266623
1.25,8054,2058110.2511449866
1.25,8055,2239324.24216782
1.25,8056,4152568.151107718
1.25,8057,3769780.446221117
1.25,8058,1133009.7291446426
1.25,8059,4712572.398598136
1.25,8060,1294981.363263898
1.25,8061,2727861.915383336
1.25,8062,788387.5418371909
1.25,8063,4125780.807428211
1.25,8064,4049509.9821593687
1.25,8065,3005975.5359579613
1.25,8066,2297581.3495362075
1.25,8067,1703426.190562097
1.25,8068,5390425.546422006
1.25,8069,1714172.5553219034
1.25,8070,2590170.784265037
1.25,8071,2565352.09078997
1.25,8072,1321291.8097268366
1.25,8073,3392993.3946875934
1.25,8074,7640412.806639675
1.25,8075,1942704.2577727928
1.25,8076,4931568.889019575
1.25,8077,1043717.9644735986
1.25,8078,3610601.92371161
1.25,8079,1548309.5873792777
1.25,8080,3407337.1934609143
1.25,8081,479051.6154162331
1.25,8082,4123364.251295972
1.25,8083,2488263.012074952
1.25,8084,6575144.568402548
1.25,8085,3495675.773808293
1.25,8086,981434.0289346944
1.25,8087,4928756.786187117
1.25,8088,2513713.57053356
1.25,8089,8683913.111363385
1.25,8090,1855977.689177306
1.25,8091,1641495.4375612603
1.25,8092,3864706.186553643
1.25,8093,4416861.089687303
1.25,8094,3936205.8747729394
1.25,8095,3859829.0790814413
1.25,8096,3711726.4792517517
1.25,8097,2785529.3712713523
1.25,8098,1504917.3084591357
1.25,8099,4060370.049869473
1.25,8100,1720894.363806671
1.25,8101,659578.8474545196
1.25,8102,4226241.401745131
1.25,8103,1008653.7858100745
1.25,8104,2981105.8174005393
1.25,8105,4558522.121340646
1.25,8106,1717726.851732137
1.25,8107,2349957.9321956993
1.25,8108,3477027.0658438248
1.25,8109,1816487.2222420268
1.25,8110,3135736.4263144764
1.25,8111,3387047.8121584044
1.25,8112,758722.1580665214
1.25,8113,1498776.4056308083
1.25,8114,5727604.762020164
1.25,8115,4852267.367965929
1.25,8116,764256.960624777
1.25,8117,4342310.979861289
1.25,8118,542820.3654185071
1.25,8119,990635.1274007966
1.25,8120,2117914.7327195015
1.25,8121,2932076.1790116355
1.25,8122,4971844.1070093755
1.25,8123,5937292.806497714
1.25,8124,0.0
1.25,8125,4023015.5886984286
1.25,8126,2764400.6498435205
1.25,8127,275933.0117878326
1.25,8128,612807.5657246796
1.25,8129,3385992.322743615
1.25,8130,1605564.9305720292
1.25,8131,762586.0702704361
1.25,8132,1516731.9620442905
1.25,8133,5123037.816346824
1.25,8134,5853408.110179571
1.25,8135,1937515.440189945
1.25,8136,959088.284807281
1.25,8137,1953707.2235503579
1.25,8138,2281315.8274367712
1.25,8139,2189120.4848715463
1.25,8140,3540538.5679859472
1.25,8141,1551675.4533352205
1.25,8142,6343678.457749983
1.25,8143,3348599.6523152776
1.25,8144,5754744.030590526
1.25,8145,1318515.9112858789
1.25,8146,2126934.1934020114
1.25,8147,1430792.3732575814
1.25,8148,4440347.897254061
1.25,8149,3390838.996832213
1.25,8150,4171163.961320115
1.25,8151,2960360.886019077
1.25,8152,2624710.828851984
1.25,8153,4468042.775582826
1.25,8154,5020198.593184419
1.25,8155,4297959.323707597
1.25,8156,3469691.81143969
1.25,8157,4135795.9480707357
1.25,8158,1407666.4503698228
1.25,8159,2654985.3049521325
1.25,8160,5449299.444027558
1.25,8161,4033588.5440431912
1.25,8162,2675287.5082234675
1.25,8163,2541273.64933658
1.25,8164,2010350.4987414721
1.25,8165,1869511.5951082187
1.25,8166,2941859.362713822
1.25,8167,1302704.7484915142
1.25,8168,3206256.2493941938
1.25,8169,2644849.436365693
1.25,8170,3888752.9086441477
1.25,8171,1436005.040241514
1.25,8172,5146867.20854624
1.25,8173,4056054.8506192025
1.25,8174,2417836.857134859
1.25,8175,5770592.706079115
1.25,8176,3761381.9092176296
1.25,8177,4014742.3705111844
1.25,8178,2836391.058239597
1.25,8179,2935801.0081259557
1.25,8180,2548814.452583299
1.25,8181,4113484.6977554443
1.25,8182,3992009.207617644
1.25,8183,2727346.019442435
1.25,8184,4480061.941108066
1.25,8185,3179680.488997596
1.25,8186,2087030.646664546
1.25,8187,3437313.3744321
1.25,8188,1783575.033593548
1.25,8189,2698189.8346873694
1.25,8190,2285706.0796490023
1.25,8191,1071947.8540570117
1.25,8192,4636928.222475401
1.25,8193,200170.74025539152
1.25,8194,2848244.9575399174
1.25,8195,3430419.4915783294
1.25,8196,1989451.3552846569
1.25,8197,2329703.704488786
1.25,8198,1738212.2695771556
1.25,8199,547733.0696781387
1.25,8200,3893608.0606298954
1.25,8201,3502205.3307983293
1.25,8202,1695854.0875898353
1.25,8203,6064842.3277871385
1.25,8204,3480615.9623829015
1.25,8205,656602.006234752
1.25,8206,1999020.7065822235
1.25,8207,3942832.1601663358
1.25,8208,979124.8185163828
1.25,8209,1342476.7872144561
1.25,8210,1121972.07793369
1.25,8211,2533040.577037681
1.25,8212,1088202.5393336592
1.25,8213,1836247.4980653783
1.25,8214,4057036.4197474443
1.25,8215,1831500.5227779585
1.25,8216,2062178.0573383009
1.25,8217,4488545.063401767
1.25,8218,4327734.277312855
1.25,8219,5875028.48305504
1.25,8220,234228.51404362236
1.25,8221,3238597.6558926473
1.25,8222,714076.0275668845
1.25,8223,4656147.683453044
1.25,8224,2963399.2476841914
1.25,8225,3321271.651038306
1.25,8226,4544686.683648522
1.25,8227,4331110.373684259
1.25,8228,1682827.876803219
1.25,8229,3126648.713566621
1.25,8230,4946830.320726773
1.25,8231,3593434.1134313187
1.25,8232,4751307.629503286
1.25,8233,3819938.956649124
1.25,8234,4932469.1020697635
1.25,8235,2260351.7205104893
1.25,8236,1599795.073656713
1.25,8237,11562960.853810243
1.25,8238,3342889.5331071755
1.25,8239,4428337.024440603
1.25,8240,2472963.883550262
1.25,8241,5908857.49570733
1.25,8242,1943283.6596425949
1.25,8243,1689855.2668543279
1.25,8244,2557554.0730572543
1.25,8245,0.0
1.25,8246,4265347.891660096
1.25,8247,4787161.194359766
1.25,8248,1344106.3418382304
1.25,8249,4390823.849200773
1.25,8250,2003405.8769521867
1.25,8251,4275518.2883802
1.25,8252,5783030.507247673
1.25,8253,5657349.875116303
1.25,8254,1213208.4702175453
1.25,8255,945341.4856280185
1.25,8256,2183861.862090338
1.25,8257,4467960.585919255
1.25,8258,2487191.288489018
1.25,8259,3340574.1756201154
1.25,8260,1806724.961136324
1.25,8261,883708.6500387642
1.25,8262,1428075.9080137538
1.25,8263,2916956.901417641
1.25,8264,3938685.99117195
1.25,8265,3045406.570054255
1.25,8266,7767133.711149184
1.25,8267,2880465.3917981694
1.25,8268,3087909.3211079454
1.25,8269,1725044.0321294172
1.25,8270,2020927.9764070357
1.25,8271,3896163.1863052393
1.25,8272,2236038.0742921378
1.25,8273,5580308.463588062
1.25,8274,2506500.732919604
1.25,8275,2727678.9477303764
1.25,8276,4470691.287371911
1.25,8277,2630551.567052166
1.25,8278,5051284.36542709
1.25,8279,2174576.531944355
1.25,8280,1445117.4916817606
1.25,8281,5196912.0614202265
1.25,8282,4001022.45276539
1.25,8283,547766.5580451628
1.25,8284,1758745.5184697583
1.25,8285,3287719.3336054822
1.25,8286,4412718.49392804
1.25,8287,1687173.6045971806
1.25,8288,4092137.247305507
1.25,8289,2287967.5072248043
1.25,8290,22535.703739981924
1.25,8291,2791193.630231246
1.25,8292,2909135.140254116
1.25,8293,1749827.7561463444
1.25,8294,2734005.6983559444
1.25,8295,2109595.82234032
1.25,8296,883064.4740033828
1.25,8297,2360723.498540895
1.25,8298,2732672.6845702375
1.25,8299,2735079.526454033
1.25,8300,5094491.434352349
1.25,8301,4478582.135395453
1.25,8302,873165.7611030015
1.25,8303,3686888.2076697326
1.25,8304,3009610.3066727496
1.25,8305,1275309.6590548488
1.25,8306,4406855.952079036
1.25,8307,2433164.0610867883
1.25,8308,1117354.9500593168
1.25,8309,2596242.238066524
1.25,8310,7120298.197058818
1.25,8311,2524261.147680405
1.25,8312,5382459.74793722
1.25,8313,1955975.9222220737
1.25,8314,0.0
1.25,8315,3150831.297888231
1.25,8316,4039866.254732146
1.25,8317,3331820.669868604
1.25,8318,4624869.394800339
1.25,8319,2445389.925668665
1.25,8320,1034539.2170678256
1.25,8321,5743686.231878465
1.25,8322,342466.19194195047
1.25,8323,5254835.384353303
1.25,8324,1990063.3790010917
1.25,8325,1770230.3098211666
1.25,8326,3688755.001011623
1.25,8327,2726002.9210763103
1.25,8328,2165194.7076054225
1.25,8329,5530436.484607178
1.25,8330,1591562.8207975754
1.25,8331,3998583.25467612
1.25,8332,2450049.894423866
1.25,8333,1495534.8419033173
1.25,8334,3002227.6722415476
1.25,8335,4862280.191537524
1.25,8336,5114822.6870655315
1.25,8337,3241348.3352722176
1.25,8338,6495978.327187501
1.25,8339,3685576.2924072393
1.25,8340,4046407.995674386
1.25,8341,395430.74291174783
1.25,8342,2255794.8725981982
1.25,8343,147488.79420234868
1.25,8344,2683236.093043188
1.25,8345,4895885.811832499
1.25,8346,2305293.0616399455
1.25,8347,3154242.1782624573
1.25,8348,5517790.571149443
1.25,8349,3269368.3004181935
1.25,8350,3395771.984208382
1.25,8351,9204988.566975823
1.25,8352,4426497.245251698
1.25,8353,2263675.293903514
1.25,8354,3391523.9908989933
1.25,8355,2638236.289688814
1.25,8356,1798705.1117600286
1.25,8357,1840559.386732332
1.25,8358,5987537.229955189
1.25,8359,3030703.9219609145
1.25,8360,3508347.3756116284
1.25,8361,3196333.269900119
1.25,8362,7217565.165238554
1.25,8363,2305540.1172393854
1.25,8364,3790213.553651262
1.25,8365,4104255.499276338
1.25,8366,2288189.7497782614
1.25,8367,2537715.6332820277
1.25,8368,1769370.433371375
1.25,8369,6063418.303733487
1.25,8370,950945.8752545306
1.25,8371,4068933.1422125534
1.25,8372,2474206.9305558368
1.25,8373,5291658.375874105
1.25,8374,3682939.5337418728
1.25,8375,3586892.4123510644
1.25,8376,2844467.7161257346
1.25,8377,2075728.1816220467
1.25,8378,2774801.773311901
1.25,8379,3721854.4075953583
1.25,8380,4119699.9400603585
1.25,8381,3059376.4411012204
1.25,8382,3597883.1376823657
1.25,8383,3141694.8799694553
1.25,8384,2614080.52175494
1.25,8385,261631.64778397957
1.25,8386,2455325.033846709
1.25,8387,1292787.5382430302
1.25,8388,4801058.904604046
1.25,8389,3666911.0604816843
1.25,8390,836229.246554577
1.25,8391,5527720.088613012
1.25,8392,1836816.3053717173
1.25,8393,1627225.3698879674
1.25,8394,5916950.601777275
1.25,8395,4676021.6976105515
1.25,8396,560339.0878098791
1.25,8397,2665895.6675630664
1.25,8398,4374384.95768927
1.25,8399,1194472.4740849584
1.25,8400,4436408.211843362
1.25,8401,2144049.7951369975
1.25,8402,3951699.23868451
1.25,8403,2746966.3627863675
1.25,8404,3973246.5802949346
1.25,8405,3330054.3507483075
1.25,8406,2724857.5204055775
1.25,8407,3434435.6834898978
1.25,8408,2506636.54244455
1.25,8409,2802800.6915919054
1.25,8410,1025815.5690590919
1.25,8411,1457066.9557342923
1.25,8412,4273493.605136224
1.25,8413,2502970.0549128405
1.25,8414,3389966.965154355
1.25,8415,2845147.9705543425
1.25,8416,2765256.857281874
1.25,8417,2137320.9002804845
1.25,8418,1115832.4376074935
1.25,8419,2902672.6116576507
1.25,8420,3541010.212403414
1.25,8421,5068384.19823295
1.25,8422,4431729.48476233
1.25,8423,6242385.831352449
1.25,8424,2381329.0873064194
1.25,8425,2973193.794362641
1.25,8426,2176548.6781322444
1.25,8427,5353040.112138654
1.25,8428,2441123.8605964226
1.25,8429,2550970.568308749
1.25,8430,2626522.971013543
1.25,8431,4087027.109443428
1.25,8432,2688668.1884643757
1.25,8433,1151043.0943147165
1.25,8434,5516491.758926806
1.25,8435,930128.4038474667
1.25,8436,3080131.6823681938
1.25,8437,1132823.0607973207
1.25,8438,2807119.0691198325
1.25,8439,3547032.039891076
1.25,8440,1060945.7469551251
1.25,8441,2994137.138579475
1.25,8442,4432188.017666815
1.25,8443,3934796.699660175
1.25,8444,3900949.561742682
1.25,8445,2802496.631959097
1.25,8446,5135564.824961364
1.25,8447,3354449.754639357
1.25,8448,798830.8045494676
1.25,8449,1813216.07824583
1.25,8450,2470012.603260621
1.25,8451,4724610.418552023
1.25,8452,4662101.856764149
1.25,8453,5296723.2257316355
1.25,8454,3644516.1001748736
1.25,8455,4848491.137716899
1.25,8456,5282708.253729407
1.25,8457,927028.9282104322
1.25,8458,2224277.460982308
1.25,8459,898752.8018049012
1.25,8460,2414063.6825932777
1.25,8461,3345662.640761165
1.25,8462,2529802.6811524495
1.25,8463,5011478.13686164
1.25,8464,6236366.923894784
1.25,8465,2890205.5779051706
1.25,8466,6351568.196398215
1.25,8467,3001029.814588899
1.25,8468,1037988.3855098096
1.25,8469,0.0
1.25,8470,3937218.7899044687
1.25,8471,3574012.8370661796
1.25,8472,1559445.3268964414
1.25,8473,2808866.5022597443
1.25,8474,4532482.458552421
1.25,8475,3832564.0435582707
1.25,8476,2964603.3928106707
1.25,8477,1228010.5514834137
1.25,8478,3324171.105896589
1.25,8479,2869872.6235807333
1.25,8480,1783416.0980617153
1.25,8481,1936579.9779107675
1.25,8482,3930956.975021598
1.25,8483,4153515.330896917
1.25,8484,2474998.334266374
1.25,8485,3702023.717974331
1.25,8486,2322327.512137902
1.25,8487,711547.4131128199
1.25,8488,4652873.976814907
1.25,8489,3369281.3751003547
1.25,8490,2753912.7384077874
1.25,8491,3313942.9986083857
1.25,8492,4472358.056115921
1.25,8493,3197911.1532193674
1.25,8494,5663893.411441692
1.25,8495,3386699.782560399
1.25,8496,3482935.7627406293
1.25,8497,2676244.6518143034
1.25,8498,5228730.397370225
1.25,8499,1935683.9996788017
1.25,8500,5117688.170290678
1.25,8501,4994111.93733264
1.25,8502,5018028.151930593
1.25,8503,3927449.731574471
1.25,8504,2597557.276619483
1.25,8505,4097519.7410305873
1.25,8506,2151614.329116072
1.25,8507,5493773.748196874
1.25,8508,5047850.823181981
1.25,8509,4638216.497568873
1.25,8510,2822971.3698173948
1.25,8511,2751108.976641761
1.25,8512,1812787.95708272
1.25,8513,5813548.135209495
1.25,8514,3058855.922898833
1.25,8515,7651703.2240426615
1.25,8516,1861004.249640294
1.25,8517,3196560.0644417484
1.25,8518,2249860.884358465
1.25,8519,186483.97851490963
1.25,8520,2510613.750649361
1.25,8521,1981631.9199106148
1.25,8522,2917793.8191567566
1.25,8523,3783352.0095609636
1.25,8524,1778328.8240006594
1.25,8525,3749536.5204884876
1.25,8526,2753915.8902560724
1.25,8527,939766.4024276359
1.25,8528,2352426.1231945707
1.25,8529,2696447.0362117277
1.25,8530,1286149.2300061213
1.25,8531,3971882.3049528813
1.25,8532,4444996.369759487
1.25,8533,1749733.7565995962
1.25,8534,4268197.672730858
1.25,8535,2130838.9289115835
1.25,8536,2890821.7809982616
1.25,8537,2062765.1167154177
1.25,8538,6778244.681705717
1.25,8539,3385891.4218728784
1.25,8540,3204812.850950917
1.25,8541,2567588.874704494
1.25,8542,1606887.8587036154
1.25,8543,5853995.262691354
1.25,8544,2895575.157625352
1.25,8545,2736366.089203354
1.25,8546,1669211.5190956113
1.25,8547,2477539.978819051
1.25,8548,2895539.461154504
1.25,8549,1357075.7483133627
1.25,8550,5064451.681830233
1.25,8551,3548484.3022312187
1.25,8552,4304100.824003376
1.25,8553,6039649.465281993
1.25,8554,3431173.8680815976
1.25,8555,2979784.0180087863
1.25,8556,2256230.899240783
1.25,8557,2189529.623882657
1.25,8558,3747943.5874052364
1.25,8559,7359289.139668869
1.25,8560,5099127.612383563
1.25,8561,2392719.5767307216
1.25,8562,3161170.7299736943
1.25,8563,5512364.932134326
1.25,8564,2984727.8168622716
1.25,8565,2093750.5555439915
1.25,8566,3313423.022795086
1.25,8567,3314089.729347743
1.25,8568,4526829.119488145
1.25,8569,4152461.541843818
1.25,8570,384783.9917255661
1.25,8571,2659350.302699198
1.25,8572,2623332.7936246837
1.25,8573,4493032.899312542
1.25,8574,4868386.878458934
1.25,8575,2528495.3628253806
1.25,8576,528011.0840110538
1.25,8577,5126328.6346099395
1.25,8578,3633023.1891870648
1.25,8579,1834897.7273179528
1.25,8580,3301347.128314761
1.25,8581,415518.4867717755
1.25,8582,3640457.1241297405
1.25,8583,4726003.059690876
1.25,8584,3249954.9604726434
1.25,8585,4195221.872086842
1.25,8586,1475190.3557020784
1.25,8587,3943594.028238591
1.25,8588,3482690.3915609084
1.25,8589,5461838.725662805
1.25,8590,6518110.057396975
1.25,8591,4681604.588364312
1.25,8592,965135.8641975732
1.25,8593,4274225.235789254
1.25,8594,4048335.490368155
1.25,8595,2704650.5217846683
1.25,8596,2536625.026879307
1.25,8597,4329691.3446191475
1.25,8598,3527942.068803811
1.25,8599,408184.715499909
1.25,8600,3807922.9960376895
1.25,8601,1541726.057643611
1.25,8602,3872226.0635404726
1.25,8603,3832550.8936136384
1.25,8604,1675970.5045857022
1.25,8605,3488157.2346232925
1.25,8606,2609752.7165106647
1.25,8607,3070541.9468498677
1.25,8608,1016971.2715921622
1.25,8609,3557683.8694015094
1.25,8610,1361739.7380553167
1.25,8611,2435245.0550537463
1.25,8612,334795.79125635006
1.25,8613,1853531.9997843239
1.25,8614,2919808.666265994
1.25,8615,1389665.4751696675
1.25,8616,2057151.1867127507
1.25,8617,1337710.3205443064
1.25,8618,3532244.2448625965
1.25,8619,2699007.652871356
1.25,8620,3100294.4120524926
1.25,8621,1566378.096276505
1.25,8622,1512799.005776156
1.25,8623,738055.9812953813
1.25,8624,2242144.810335899
1.25,8625,1281756.4965513886
1.25,8626,3431925.3032478886
1.25,8627,2509662.3654597513
1.25,8628,4509798.35287111
1.25,8629,9134971.648779172
1.25,8630,5906003.357301623
1.25,8631,1802929.281402634
1.25,8632,4214138.095869533
1.25,8633,2316417.565498576
1.25,8634,5447603.615060963
1.25,8635,2672972.4848660165
1.25,8636,4444995.757688399
1.25,8637,5383965.909264715
1.25,8638,2208732.007423956
1.25,8639,1969169.6625272944
1.25,8640,3414516.0805447577
1.25,8641,1779670.3318431287
1.25,8642,3149444.038433639
1.25,8643,4243840.135441463
1.25,8644,141353.95278333835
1.25,8645,0.0
1.25,8646,3654801.9906166582
1.25,8647,4079236.989637537
1.25,8648,3609146.520410857
1.25,8649,2404363.484168917
1.25,8650,3903124.7816655184
1.25,8651,1953057.6723013746
1.25,8652,2869153.714422798
1.25,8653,2079075.9367133281
1.25,8654,3447330.850149348
1.25,8655,11097752.636127787
1.25,8656,2566933.265300409
1.25,8657,1701814.3692258613
1.25,8658,1832446.278268809
1.25,8659,2540313.2833274715
1.25,8660,2813779.495771585
1.25,8661,1705583.4769803374
1.25,8662,2082798.6147600883
1.25,8663,2818689.9727423275
1.25,8664,2187865.6633853996
1.25,8665,3518514.2676337757
1.25,8666,4702723.81031535
1.25,8667,2762730.32582736
1.25,8668,2754699.0444065514
1.25,8669,2091874.4985968398
1.25,8670,2235327.2313459623
1.25,8671,8071859.405008021
1.25,8672,6658700.891419822
1.25,8673,3266797.489653556
1.25,8674,5533952.371900778
1.25,8675,4156898.3551555364
1.25,8676,1052547.6607011314
1.25,8677,2508756.4737186516
1.25,8678,4261122.439384025
1.25,8679,2598804.277231348
1.25,8680,1789730.85436886
1.25,8681,3102431.3228465915
1.25,8682,5091346.525525593
1.25,8683,1030030.7775041906
1.25,8684,3152234.5739858
1.25,8685,4528584.109790629
1.25,8686,5017292.383322898
1.25,8687,2118346.3985519875
1.25,8688,1678281.9303063625
1.25,8689,3193212.0991313253
1.25,8690,6301624.247326731
1.25,8691,4506442.482138987
1.25,8692,1541827.0924753486
1.25,8693,2611443.702638548
1.25,8694,4244157.697827406
1.25,8695,4279093.473163912
1.25,8696,5520203.514998928
1.25,8697,1883796.3794015124
1.25,8698,3988640.390254428
1.25,8699,4004229.6406643586
1.25,8700,1740585.234619125
1.25,8701,3016983.335900061
1.25,8702,2783439.583636534
1.25,8703,641704.196919902
1.25,8704,3339970.4866383937
1.25,8705,3130264.505144721
1.25,8706,5789577.230635603
1.25,8707,718963.9824666182
1.25,8708,473544.4430830146
1.25,8709,6487334.757179028
1.25,8710,3546224.2918306645
1.25,8711,1239138.0956781975
1.25,8712,4635187.60912856
1.25,8713,5643941.356813616
1.25,8714,4189102.233650728
1.25,8715,8117147.192777809
1.25,8716,1938192.0098809244
1.25,8717,4539852.835263871
1.25,8718,3087291.6771267173
1.25,8719,3720698.660813735
1.25,8720,4183760.6994543555
1.25,8721,2161191.1027044486
1.25,8722,2109365.4477322297
1.25,8723,5767048.040489535
1.25,8724,3887691.7596405004
1.25,8725,2270418.7339688647
1.25,8726,2396335.988981151
1.25,8727,5789310.0649289135
1.25,8728,0.0
1.25,8729,1938219.8098720696
1.25,8730,1713640.9061055994
1.25,8731,4645017.66647052
1.25,8732,3944506.677132163
1.25,8733,2310949.856479085
1.25,8734,4385491.082364276
1.25,8735,3585164.710937153
1.25,8736,6358793.409600716
1.25,8737,1911519.317033641
1.25,8738,2242326.8935116734
1.25,8739,3926994.722286395
1.25,8740,2360622.6878595995
1.25,8741,2595058.4471888
1.25,8742,2763252.677495799
1.25,8743,2240303.236426923
1.25,8744,3267734.110922092
1.25,8745,5525048.867161097
1.25,8746,6518917.584414156
1.25,8747,5407334.764010633
1.25,8748,3141306.658617566
1.25,8749,1856949.1209004777
1.25,8750,1548269.7806513442
1.25,8751,3320178.1412110967
1.25,8752,3726577.32676174
1.25,8753,8058256.98950365
1.25,8754,3481719.0148054734
1.25,8755,4475265.60505451
1.25,8756,3469735.0089069484
1.25,8757,2752174.9105438404
1.25,8758,1006758.7443667811
1.25,8759,3284072.737172064
1.25,8760,6381959.334835622
1.25,8761,2940828.598775031
1.25,8762,3210167.3005027305
1.25,8763,9880892.153345596
1.25,8764,5235030.2270877035
1.25,8765,3821122.1439440236
1.25,8766,4593579.27588637
1.25,8767,175520.98554051135
1.25,8768,4655665.340251905
1.25,8769,3785696.682110005
1.25,8770,1216126.8343712422
1.25,8771,4148433.863671442
1.25,8772,2713257.2155032335
1.25,8773,4527589.026560463
1.25,8774,2743618.2936415137
1.25,8775,1675311.348940314
1.25,8776,580895.2551317586
1.25,8777,3466145.063864909
1.25,8778,1062520.7435424982
1.25,8779,1530436.301166552
1.25,8780,4282508.409679934
1.25,8781,1578021.5230814414
1.25,8782,236057.13371720555
1.25,8783,1414673.3188601143
1.25,8784,5532457.573824387
1.25,8785,895900.2643021105
1.25,8786,3909419.7170771044
1.25,8787,8469690.148196382
1.25,8788,1516410.204847901
1.25,8789,1833020.5871139937
1.25,8790,1944089.4850801355
1.25,8791,3387140.1641258267
1.25,8792,0.0
1.25,8793,4787234.8286647815
1.25,8794,4951842.775866568
1.25,8795,5676413.940965907
1.25,8796,1261150.853464104
1.25,8797,3264993.758193787
1.25,8798,5005117.677945957
1.25,8799,1158208.505438478
1.25,8800,3201969.6400910732
1.25,8801,2092632.3437875411
1.25,8802,1509543.1000042795
1.25,8803,1082192.1083893112
1.25,8804,4359907.244716885
1.25,8805,1231637.9321123392
1.25,8806,3340964.2036135644
1.25,8807,1330590.8073932866
1.25,8808,3940754.1380503788
1.25,8809,2886257.1765080374
1.25,8810,3182254.598996897
1.25,8811,4136874.1323047522
1.25,8812,1979879.4567383192
1.25,8813,5919048.084013604
1.25,8814,2960420.278871907
1.25,8815,2430638.976473966
1.25,8816,2640947.257736408
1.25,8817,2102627.103346556
1.25,8818,3889040.867540584
1.25,8819,4295061.655166649
1.25,8820,4989369.205813567
1.25,8821,995497.1666449152
1.25,8822,403663.5061038352
1.25,8823,971500.0859059023
1.25,8824,1800711.5504396562
1.25,8825,987719.9099523104
1.25,8826,2268677.887882255
1.25,8827,3875145.803437511
1.25,8828,2203628.808556992
1.25,8829,4166202.79436408
1.25,8830,1792448.9643774799
1.25,8831,4640430.736147671
1.25,8832,3697218.9744770415
1.25,8833,2657666.989467011
1.25,8834,2561727.1638296326
1.25,8835,2853730.736755632
1.25,8836,3195620.2685162257
1.25,8837,606560.8446470805
1.25,8838,3638031.0065561975
1.25,8839,1461821.11094989
1.25,8840,1841633.2441897849
1.25,8841,1884336.8131799693
1.25,8842,5246057.815265186
1.25,8843,6629173.03465358
1.25,8844,1254309.2812744153
1.25,8845,2466128.729646394
1.25,8846,2466450.722152303
1.25,8847,1622228.965481029
1.25,8848,1553863.994257809
1.25,8849,3342517.2336157067
1.25,8850,3570601.4768457687
1.25,8851,2722498.4877366507
1.25,8852,2506976.5909845894
1.25,8853,2902242.760862995
1.25,8854,4830164.157863617
1.25,8855,2322058.0582030164
1.25,8856,9315919.106865931
1.25,8857,4622176.119655546
1.25,8858,735766.4673970327
1.25,8859,446310.44769793266
1.25,8860,1116646.9052352014
1.25,8861,2031582.320091578
1.25,8862,1225955.917344805
1.25,8863,4291019.342483055
1.25,8864,1226838.6097199183
1.25,8865,2314524.5317070726
1.25,8866,4561272.985773329
1.25,8867,5543931.577744409
1.25,8868,998527.7686641499
1.25,8869,2017544.8776982073
1.25,8870,3972811.313448239
1.25,8871,3702267.3285822435
1.25,8872,790943.5863019549
1.25,8873,3147499.9708549944
1.25,8874,2336265.5944853625
1.25,8875,1378610.4992478965
1.25,8876,2512760.904516778
1.25,8877,4795703.323892587
1.25,8878,3381315.7729573064
1.25,8879,5176798.846451237
1.25,8880,8495927.6250403
1.25,8881,4417269.1618468575
1.25,8882,5801599.667424795
1.25,8883,3929932.8112947964
1.25,8884,0.0
1.25,8885,1605492.1342974398
1.25,8886,4093025.203641205
1.25,8887,1617306.7519314764
1.25,8888,3020634.7334254235
1.25,8889,2338153.180231693
1.25,8890,235545.26650147123
1.25,8891,2594906.079635972
1.25,8892,2181721.3140905923
1.25,8893,3526455.9822331397
1.25,8894,5248228.912005285
1.25,8895,5149183.351900447
1.25,8896,3203949.039297317
1.25,8897,4896569.017054228
1.25,8898,2054456.0293026932
1.25,8899,3569863.151100606
1.25,8900,5477678.91025036
1.25,8901,5056526.031248001
1.25,8902,4939208.822895607
1.25,8903,6254393.376706337
1.25,8904,2429911.3547199727
1.25,8905,992710.4859252691
1.25,8906,8176393.030150229
1.25,8907,1814716.6800626537
1.25,8908,1352750.5296121258
1.25,8909,3090803.9569311347
1.25,8910,2295921.479932414
1.25,8911,1638669.2726019383
1.25,8912,2362660.5273725726
1.25,8913,4239317.069408942
1.25,8914,4606148.078216804
1.25,8915,1956504.5909406818
1.25,8916,3918655.090842721
1.25,8917,2484699.0492702415
1.25,8918,2558084.2202518405
1.25,8919,4913054.226851637
1.25,8920,5382252.758881303
1.25,8921,3250718.8391539142
1.25,8922,4164143.736526646
1.25,8923,4549968.534652932
1.25,8924,2159451.8842586526
1.25,8925,3788306.889707146
1.25,8926,5654779.599305259
1.25,8927,5901083.99390421
1.25,8928,2477841.0199341485
1.25,8929,1998919.076974637
1.25,8930,4209750.436535751
1.25,8931,5653128.473927142
1.25,8932,4148068.104864605
1.25,8933,962707.5679696306
1.25,8934,4873255.961748658
1.25,8935,870269.096413674
1.25,8936,1705914.191458412
1.25,8937,2233690.2252942673
1.25,8938,2755535.574386872
1.25,8939,798260.0333926537
1.25,8940,2622424.316808761
1.25,8941,1683699.26135709
1.25,8942,2556444.3120556204
1.25,8943,4301756.579624921
1.25,8944,4870892.64536401
1.25,8945,2265473.2119677644
1.25,8946,4418365.235151729
1.25,8947,6194041.888905388
1.25,8948,2899749.2404946927
1.25,8949,987726.7733935871
1.25,8950,4172649.584876711
1.25,8951,2785086.109948214
1.25,8952,1101326.190694071
1.25,8953,1539600.2162642695
1.25,8954,0.0
1.25,8955,3778943.1986296605
1.25,8956,3156935.1676612566
1.25,8957,3895425.003133632
1.25,8958,4044931.601672982
1.25,8959,1181672.8902651863
1.25,8960,3712029.666173685
1.25,8961,3810798.563293445
1.25,8962,1210165.766638836
1.25,8963,4325025.28211544
1.25,8964,2507891.7560915737
1.25,8965,1681232.089539849
1.25,8966,3115019.275353885
1.25,8967,1230778.9000161404
1.25,8968,2473913.2237827126
1.25,8969,2580295.101064562
1.25,8970,4146974.4959859448
1.25,8971,3650003.02327484
1.25,8972,2329023.120003864
1.25,8973,1431435.2757608946
1.25,8974,4177352.642828539
1.25,8975,1861260.1993496187
1.25,8976,750969.2453148009
1.25,8977,1478763.1526870164
1.25,8978,2087269.5475721438
1.25,8979,1331171.9448020235
1.25,8980,2444707.564653874
1.25,8981,3231585.1027646847
1.25,8982,3074767.1922862055
1.25,8983,2237300.8237182274
1.25,8984,3461379.7039000997
1.25,8985,2448394.808665531
1.25,8986,3451707.507344268
1.25,8987,2204585.227559486
1.25,8988,779018.8330955526
1.25,8989,4348882.3216243675
1.25,8990,1765916.6442956543
1.25,8991,4838024.9585208
1.25,8992,1422034.1118496344
1.25,8993,3638410.7323611975
1.25,8994,4186371.091022877
1.25,8995,5388631.704892867
1.25,8996,2753156.263606891
1.25,8997,1805064.1885517808
1.25,8998,2929257.254579442
1.25,8999,9737404.64796967
1.25,9000,2671104.634563974
1.25,9001,3836922.1212464003
1.25,9002,3316133.0628439374
1.25,9003,6445330.298451801
1.25,9004,5082102.968627309
1.25,9005,2251020.2686646525
1.25,9006,1629167.72130821
1.25,9007,5111811.441165314
1.25,9008,1786834.3960726599
1.25,9009,390930.7805021005
1.25,9010,4888704.786176892
1.25,9011,4241898.470004306
1.25,9012,4387133.7855439205
1.25,9013,3478788.9550299123
1.25,9014,692399.1976858034
1.25,9015,3243898.427865017
1.25,9016,5982384.6450508125
1.25,9017,3870903.0403219275
1.25,9018,2572975.8557173777
1.25,9019,3593837.357466833
1.25,9020,3206623.2717868583
1.25,9021,625189.9573881489
1.25,9022,2526098.1067944015
1.25,9023,6856264.216226656
1.25,9024,3018806.489689834
1.25,9025,1700867.5107495596
1.25,9026,5133653.742314573
1.25,9027,2685705.8071771
1.25,9028,1570853.7458396058
1.25,9029,6169608.856105834
1.25,9030,3380728.6890142085
1.25,9031,563903.8391889796
1.25,9032,4123249.2625873405
1.25,9033,4365701.429856807
1.25,9034,5149023.430902248
1.25,9035,6955513.353612888
1.25,9036,3023100.310433224
1.25,9037,2247530.3831080487
1.25,9038,1383134.948085365
1.25,9039,5089328.7852300415
1.25,9040,2210102.2105528796
1.25,9041,3314918.369013849
1.25,9042,4890401.265840147
1.25,9043,3758711.026673343
1.25,9044,3002638.007221163
1.25,9045,1849288.672676809
1.25,9046,1857721.8156885384
1.25,9047,5794553.623965665
1.25,9048,9017746.702873558
1.25,9049,1380366.1217327502
1.25,9050,1760037.886536744
1.25,9051,1585138.8961429081
1.25,9052,3725214.8423640565
1.25,9053,4700899.0599706285
1.25,9054,3281800.5473416336
1.25,9055,243569.24470172008
1.25,9056,4838044.1200480135
1.25,9057,1553678.1813954304
1.25,9058,3329739.902517579
1.25,9059,4215469.973830952
1.25,9060,2709537.5872926023
1.25,9061,2527106.07956375
1.25,9062,1973655.5245890054
1.25,9063,3654245.023961785
1.25,9064,2723111.5871044346
1.25,9065,3601682.0959978895
1.25,9066,3662296.9513963247
1.25,9067,2357062.634409605
1.25,9068,4524211.739501123
1.25,9069,3519446.748182286
1.25,9070,1152834.340080478
1.25,9071,1336755.8814701543
1.25,9072,2352333.1120690065
1.25,9073,0.0
1.25,9074,3939806.6598002175
1.25,9075,1595418.62602799
1.25,9076,759894.1672411993
1.25,9077,2633602.089228983
1.25,9078,8681375.179832578
1.25,9079,3343238.370176305
1.25,9080,4440179.040614124
1.25,9081,3151460.779664075
1.25,9082,2853822.5025765193
1.25,9083,5359382.072380899
1.25,9084,4739132.282386418
1.25,9085,2298522.0845527365
1.25,9086,1545358.9635644665
1.25,9087,2210605.723035523
1.25,9088,2054360.3314475697
1.25,9089,4914662.202627507
1.25,9090,2818047.9624545346
1.25,9091,2154798.2730762484
1.25,9092,4205609.123267114
1.25,9093,2809611.24571732
1.25,9094,907557.9056835287
1.25,9095,2774167.1827368247
1.25,9096,4914066.48297812
1.25,9097,3538738.6010296093
1.25,9098,5129365.79228469
1.25,9099,1704235.971754359
1.25,9100,3946400.6970969453
1.25,9101,4656468.964469833
1.25,9102,1626829.9515275247
1.25,9103,4617423.041971559
1.25,9104,4311946.685034652
1.25,9105,1192636.2467815494
1.25,9106,2533234.834385191
1.25,9107,2745159.1407736302
1.25,9108,7648608.360391352
1.25,9109,2982807.125163381
1.25,9110,2069149.8864997989
1.25,9111,4098334.0686974106
1.25,9112,2237128.2858619816
1.25,9113,2640727.374638584
1.25,9114,2622193.221211794
1.25,9115,2335043.077338349
1.25,9116,2765965.214174106
1.25,9117,460563.0644224874
1.25,9118,3192836.8269252013
1.25,9119,2336337.9366411287
1.25,9120,4924714.643981536
1.25,9121,838623.2331584794
1.25,9122,5932700.255668564
1.25,9123,4098011.708073627
1.25,9124,4270199.06300405
1.25,9125,3007495.6084341095
1.25,9126,4171684.646554837
1.25,9127,3135644.2852618517
1.25,9128,1974960.618632108
1.25,9129,3657730.6810774645
1.25,9130,2819467.746039625
1.25,9131,6532763.1115687
1.25,9132,3444980.9939425676
1.25,9133,556025.6937684033
1.25,9134,3455661.1278857184
1.25,9135,3591446.619352566
1.25,9136,2842386.224075703
1.25,9137,3017287.728528265
1.25,9138,1097587.8321956233
1.25,9139,2961818.688257374
1.25,9140,2737014.2819679836
1.25,9141,581595.4204334192
1.25,9142,3478015.468914735
1.25,9143,5398970.730394881
1.25,9144,3324183.7789170234
1.25,9145,3723578.751385132
1.25,9146,444017.0021270049
1.25,9147,2250858.5316725974
1.25,9148,8490394.962112628
1.25,9149,5231926.86005567
1.25,9150,2443741.5796270943
1.25,9151,4063527.662583758
1.25,9152,3886001.836542055
1.25,9153,5492896.515059397
1.25,9154,3637451.7585315825
1.25,9155,4790329.201641781
1.25,9156,1709486.0091955618
1.25,9157,5861482.420497157
1.25,9158,2700634.0384030486
1.25,9159,2579470.6856953166
1.25,9160,721351.4356426534
1.25,9161,0.0
1.25,9162,2845824.3309769486
1.25,9163,5751491.311581052
1.25,9164,4510147.360780097
1.25,9165,4686880.844395158
1.25,9166,2355996.4466371485
1.25,9167,4026026.332573678
1.25,9168,1027251.988914766
1.25,9169,1020010.8043456038
1.25,9170,711673.2532771917
1.25,9171,2286821.995059542
1.25,9172,5322131.165606659
1.25,9173,3718491.887028144
1.25,9174,498305.81951404654
1.25,9175,2425899.2438777806
1.25,9176,6108379.343721803
1.25,9177,3500051.754279105
1.25,9178,4467961.600073149
1.25,9179,3646928.117896021
1.25,9180,1258886.8965049759
1.25,9181,1270083.3833704768
1.25,9182,5082325.058994298
1.25,9183,2003443.0890741178
1.25,9184,2977675.450248347
1.25,9185,4010148.868887599
1.25,9186,1045884.4550899682
1.25,9187,2349415.6057377784
1.25,9188,3139525.238750056
1.25,9189,0.0
1.25,9190,1453231.3429048988
1.25,9191,4140835.291539318
1.25,9192,3541541.923312341
1.25,9193,2973873.497683262
1.25,9194,4570610.601247762
1.25,9195,5483038.779515907
1.25,9196,2268826.64712716
1.25,9197,1719705.7462322426
1.25,9198,3360998.835573884
1.25,9199,5129924.260436055
1.25,9200,3090273.373248254
1.25,9201,5133746.927348365
1.25,9202,2586995.361720821
1.25,9203,2350607.8678829297
1.25,9204,2440834.4788840106
1.25,9205,1719392.3391119258
1.25,9206,3339393.099233822
1.25,9207,2507845.372889264
1.25,9208,5251975.471026763
1.25,9209,5959851.575456816
1.25,9210,6621223.327379456
1.25,9211,4402633.853962963
1.25,9212,2006548.6249408943
1.25,9213,2393026.1988938795
1.25,9214,3048048.748561047
1.25,9215,1323546.2603503736
1.25,9216,138810.53817755246
1.25,9217,2785219.23548205
1.25,9218,3850921.574183619
1.25,9219,690691.0516457319
1.25,9220,3914073.230354142
1.25,9221,4011318.06577452
1.25,9222,3441648.734526159
1.25,9223,4184980.6073970273
1.25,9224,5001545.147761338
1.25,9225,3383419.379716083
1.25,9226,3266501.4703034996
1.25,9227,4950446.317261907
1.25,9228,1979811.455135997
1.25,9229,2675975.2012342513
1.25,9230,4866406.483201697
1.25,9231,3425193.44692923
1.25,9232,2173697.273919228
1.25,9233,3126158.0268403064
1.25,9234,2588710.7094091033
1.25,9235,2637364.528461864
1.25,9236,3703332.4045847934
1.25,9237,2808909.369228573
1.25,9238,2303030.724922389
1.25,9239,1280003.523480784
1.25,9240,4099080.5840616203
1.25,9241,2256315.412296399
1.25,9242,6819318.176469481
1.25,9243,5671961.274514642
1.25,9244,3481096.9664625376
1.25,9245,1781632.4701160789
1.25,9246,6074043.922980407
1.25,9247,2058620.9789244267
1.25,9248,4968534.249276479
1.25,9249,4172189.7474278025
1.25,9250,5108127.191267038
1.25,9251,1778883.5527747185
1.25,9252,0.0
1.25,9253,6282892.865820592
1.25,9254,3296091.5106395693
1.25,9255,5543842.615537647
1.25,9256,3008960.9932019776
1.25,9257,3017483.008800086
1.25,9258,1704121.2859773745
1.25,9259,4303203.980246795
1.25,9260,2310168.683199926
1.25,9261,944142.567403934
1.25,9262,2789903.8698144816
1.25,9263,43276.31591562928
1.25,9264,2300880.459865773
1.25,9265,1222261.3415029894
1.25,9266,4739161.375210211
1.25,9267,5794302.376110518
1.25,9268,4483400.309487093
1.25,9269,2348322.6521561877
1.25,9270,2204013.693559257
1.25,9271,4983226.768767482
1.25,9272,1331942.9978476632
1.25,9273,3231570.6058563357
1.25,9274,4293111.627892831
1.25,9275,1838266.976708791
1.25,9276,2289840.705871906
1.25,9277,2369183.3741884087
1.25,9278,1282820.2207788685
1.25,9279,4707764.515813946
1.25,9280,1912727.402514384
1.25,9281,3508868.4537385507
1.25,9282,3347588.666471349
1.25,9283,2499071.3414043165
1.25,9284,4108925.741993732
1.25,9285,1048879.9118913908
1.25,9286,3290526.477509927
1.25,9287,2971718.6801343258
1.25,9288,1435802.5862644948
1.25,9289,1128134.576302525
1.25,9290,3462603.8941071993
1.25,9291,3407481.47725345
1.25,9292,199420.57493808644
1.25,9293,2623077.41144244
1.25,9294,5249404.289487885
1.25,9295,585545.1371432844
1.25,9296,3524509.326260891
1.25,9297,2437681.950922911
1.25,9298,1995634.8215379724
1.25,9299,38835.74436009873
1.25,9300,3042083.2219130225
1.25,9301,818120.695169399
1.25,9302,1771427.2225766317
1.25,9303,3100810.7831316274
1.25,9304,1707457.1503191597
1.25,9305,3037600.9049862577
1.25,9306,3141595.559632786
1.25,9307,5329122.32413727
1.25,9308,2809311.7261465886
1.25,9309,5416746.577671152
1.25,9310,5501583.759196448
1.25,9311,7268697.727923363
1.25,9312,2677399.03515157
1.25,9313,3442701.1657063514
1.25,9314,4892728.596446559
1.25,9315,4012311.7022785554
1.25,9316,2248581.3909794604
1.25,9317,1042946.2001752814
1.25,9318,2849779.364481985
1.25,9319,3384450.8543092865
1.25,9320,3318755.9202105734
1.25,9321,5401655.281057869
1.25,9322,6873398.547746843
1.25,9323,2783321.7878176165
1.25,9324,3737573.3711678837
1.25,9325,5693692.073193503
1.25,9326,4995604.668069737
1.25,9327,2983227.894214447
1.25,9328,2635404.8226039615
1.25,9329,1864781.6637958358
1.25,9330,3075225.2829063456
1.25,9331,1391213.0640381235
1.25,9332,5611572.9595708465
1.25,9333,2171467.2239535647
1.25,9334,1896283.7445771492
1.25,9335,3435198.2546048276
1.25,9336,2054877.32443928
1.25,9337,467968.9310075918
1.25,9338,3361947.920750304
1.25,9339,1209482.6322720975
1.25,9340,2354784.938568284
1.25,9341,1478599.5852227982
1.25,9342,1199196.4996385733
1.25,9343,3587817.476557977
1.25,9344,6344682.024069797
1.25,9345,1596659.3715196515
1.25,9346,11369197.4263105
1.25,9347,3157485.0475555025
1.25,9348,6860367.385709884
1.25,9349,3637598.8649333194
1.25,9350,5044943.72953595
1.25,9351,1367648.7484859193
1.25,9352,2543293.3739520865
1.25,9353,2346922.5816072146
1.25,9354,2742367.18938657
1.25,9355,4889612.388160484
1.25,9356,2725791.631345502
1.25,9357,4290891.453816652
1.25,9358,4456593.603472256
1.25,9359,6114597.539450499
1.25,9360,2168817.8859897982
1.25,9361,2999258.6117632645
1.25,9362,1534068.0354962363
1.25,9363,5255759.10880519
1.25,9364,1785354.047391038
1.25,9365,5751406.621840282
1.25,9366,2478569.665748506
1.25,9367,4465314.7038648315
1.25,9368,4056173.525862208
1.25,9369,4609387.141200489
1.25,9370,3565996.42973583
1.25,9371,3759456.8046072987
1.25,9372,2926941.814630383
1.25,9373,3527310.224256338
1.25,9374,5273272.004374469
1.25,9375,2692857.0112906746
1.25,9376,3397813.9246443287
1.25,9377,3510171.9312472343
1.25,9378,2898345.552467596
1.25,9379,5298867.886078856
1.25,9380,1295929.3988641775
1.25,9381,3486107.97216258
1.25,9382,2043282.3148332643
1.25,9383,4841781.3833582485
1.25,9384,1671100.3408304683
1.25,9385,4449834.466331229
1.25,9386,2206761.009070381
1.25,9387,5197213.39746407
1.25,9388,3638382.0815535663
1.25,9389,3329505.682704605
1.25,9390,2801409.0775218923
1.25,9391,2845507.4520489024
1.25,9392,1311591.2901131252
1.25,9393,6993841.721864677
1.25,9394,3778171.6969061554
1.25,9395,5145115.033075218
1.25,9396,835181.9350019358
1.25,9397,4273064.567923909
1.25,9398,3365096.5569938812
1.25,9399,1767302.9638450437
1.25,9400,3053892.68839374
1.25,9401,12232654.729912225
1.25,9402,5008675.5816863775
1.25,9403,3514457.9854487926
1.25,9404,3369382.0107744355
1.25,9405,0.0
1.25,9406,1638868.315364081
1.25,9407,2197134.754033356
1.25,9408,5997224.455068241
1.25,9409,1760979.2262937317
1.25,9410,4010915.776893868
1.25,9411,4296497.6254704455
1.25,9412,7141348.196488356
1.25,9413,2773515.667572543
1.25,9414,4228697.691877908
1.25,9415,2288751.6079114787
1.25,9416,2619189.1076949416
1.25,9417,701840.5314990749
1.25,9418,957128.1144413601
1.25,9419,4174668.072249546
1.25,9420,2363179.407827906
1.25,9421,4572441.130648713
1.25,9422,1353759.374618835
1.25,9423,1697178.8548847232
1.25,9424,2458967.53211522
1.25,9425,2699047.60101079
1.25,9426,965223.8823898414
1.25,9427,5612904.151496472
1.25,9428,4235703.350739117
1.25,9429,4619490.806305141
1.25,9430,5985627.897876466
1.25,9431,2383817.8492339654
1.25,9432,3184169.2214774764
1.25,9433,4208843.080793386
1.25,9434,3124322.3696187166
1.25,9435,1123258.433382098
1.25,9436,4166365.5716977045
1.25,9437,1505900.37747251
1.25,9438,4753357.54123326
1.25,9439,7930352.3551969975
1.25,9440,1931909.6408119174
1.25,9441,2746412.5013418226
1.25,9442,5233624.3096533585
1.25,9443,5031671.851926721
1.25,9444,4662376.987525085
1.25,9445,1604810.086988172
1.25,9446,4765327.016682865
1.25,9447,3177174.0490807514
1.25,9448,2018978.3755031328
1.25,9449,1841528.3656117301
1.25,9450,3967850.2368093873
1.25,9451,2948993.4862710955
1.25,9452,3237435.9270982295
1.25,9453,3651877.1246443223
1.25,9454,1874370.7966963267
1.25,9455,4239273.209298993
1.25,9456,1542930.4431775287
1.25,9457,745509.0688779836
1.25,9458,3848906.2488469467
1.25,9459,2386265.036754355
1.25,9460,2612417.6471609557
1.25,9461,4091084.2549929884
1.25,9462,2520834.5613220674
1.25,9463,3444926.000875162
1.25,9464,6098730.428222668
1.25,9465,2906833.5202168156
1.25,9466,3436292.89980012
1.25,9467,1959278.5550483854
1.25,9468,2356639.023423271
1.25,9469,2085123.7849819302
1.25,9470,3249426.0465805996
1.25,9471,6493302.038692612
1.25,9472,3108405.461667601
1.25,9473,2720336.882803075
1.25,9474,3993962.906299471
1.25,9475,3402472.777535051
1.25,9476,2128591.2179520153
1.25,9477,2476508.5088001667
1.25,9478,5395728.628725243
1.25,9479,3566931.267255744
1.25,9480,2766677.4276505825
1.25,9481,3430073.4343374395
1.25,9482,3839449.866451795
1.25,9483,6395823.623060716
1.25,9484,2153821.869599773
1.25,9485,2074126.5407076217
1.25,9486,2748288.9177511297
1.25,9487,2748770.680756444
1.25,9488,3370735.4924430735
1.25,9489,2574328.545251906
1.25,9490,1928203.419454841
1.25,9491,3690988.6477776486
1.25,9492,1714957.623187731
1.25,9493,3416063.5364305805
1.25,9494,2614263.4848496555
1.25,9495,2036744.5726298261
1.25,9496,2218164.032058767
1.25,9497,2039955.877628582
1.25,9498,2772014.0076269675
1.25,9499,3167286.3106776155
1.25,9500,3310948.3068202273
1.25,9501,2262489.800363561
1.25,9502,1474938.2417435572
1.25,9503,6595838.534835937
1.25,9504,7452316.905607552
1.25,9505,3399199.537916573
1.25,9506,1686539.9777038405
1.25,9507,2980994.828025527
1.25,9508,5916235.123029748
1.25,9509,2589549.7210559505
1.25,9510,223964.18225105153
1.25,9511,3018965.3834581366
1.25,9512,5939059.865250098
1.25,9513,3999521.6195659423
1.25,9514,1647702.2852206826
1.25,9515,1910215.277758311
1.25,9516,3882907.877561208
1.25,9517,1946168.6168165335
1.25,9518,2789072.215174559
1.25,9519,1232213.9781874
1.25,9520,1104391.212671645
1.25,9521,2592473.1668043067
1.25,9522,4789044.670267186
1.25,9523,1204732.590272796
1.25,9524,5170383.56393086
1.25,9525,6065583.399818683
1.25,9526,2256239.106525085
1.25,9527,5313911.015177946
1.25,9528,3665561.994257168
1.25,9529,3870299.136305298
1.25,9530,528053.6696384116
1.25,9531,5631100.547410816
1.25,9532,3143188.517112334
1.25,9533,6424541.340204401
1.25,9534,2355147.540803834
1.25,9535,1971297.977067975
1.25,9536,5848599.068930145
1.25,9537,3553104.121524897
1.25,9538,5660079.571164249
1.25,9539,2654957.632954443
1.25,9540,6529343.179565664
1.25,9541,3821752.836265289
1.25,9542,994061.1189333467
1.25,9543,4466718.445205696
1.25,9544,2418348.786849157
1.25,9545,1731620.7252683295
1.25,9546,3645755.1120464825
1.25,9547,4360963.4168900745
1.25,9548,794486.2415644572
1.25,9549,5831553.053984284
1.25,9550,995111.8911255971
1.25,9551,1792926.7480298178
1.25,9552,4067291.6529726344
1.25,9553,2669162.4813096668
1.25,9554,1736892.4993318636
1.25,9555,3491956.5408986937
1.25,9556,3518353.923663538
1.25,9557,1379849.0949887985
1.25,9558,3229327.2920154827
1.25,9559,6181645.502934782
1.25,9560,3228035.135868768
1.25,9561,3488294.412047504
1.25,9562,1977908.0539919566
1.25,9563,6977972.061948481
1.25,9564,3432152.077713786
1.25,9565,876284.5548702972
1.25,9566,4765712.622394762
1.25,9567,1594780.2971976218
1.25,9568,3734688.1200718964
1.25,9569,5172715.459007393
1.25,9570,1315971.824207031
1.25,9571,2378889.1664628517
1.25,9572,3425659.5488741808
1.25,9573,4046142.737087612
1.25,9574,3375238.9376338013
1.25,9575,4360514.653008628
1.25,9576,6003430.384822507
1.25,9577,790124.015863016
1.25,9578,817343.8060620954
1.25,9579,2314036.1090694945
1.25,9580,1984448.0426950604
1.25,9581,2536446.4533873405
1.25,9582,3011447.900325921
1.25,9583,4206972.209111839
1.25,9584,4070919.986940502
1.25,9585,2548548.0796540002
1.25,9586,6864132.167091392
1.25,9587,2031468.028044078
1.25,9588,1376576.5370330047
1.25,9589,7013971.734110742
1.25,9590,3488356.9126588115
1.25,9591,3412318.209630708
1.25,9592,4331471.9851656
1.25,9593,4019003.195509746
1.25,9594,1231642.725135626
1.25,9595,4821865.212839338
1.25,9596,5512069.113521071
1.25,9597,3568178.399510404
1.25,9598,4958214.239113212
1.25,9599,1154739.095519911
1.25,9600,960795.3497576299
1.25,9601,3499892.448561847
1.25,9602,1170694.6009306079
1.25,9603,4308092.28551782
1.25,9604,4893936.874735904
1.25,9605,6909425.952555081
1.25,9606,695195.9513325603
1.25,9607,612410.743621361
1.25,9608,3621442.2216606075
1.25,9609,5875048.161695207
1.25,9610,1589319.498337307
1.25,9611,996921.7982583847
1.25,9612,4002904.6310825213
1.25,9613,2083534.4887168724
1.25,9614,3481974.5496689165
1.25,9615,1284551.2856302506
1.25,9616,1803844.3886131463
1.25,9617,726429.792557518
1.25,9618,3753697.3631681856
1.25,9619,198552.51480877295
1.25,9620,6315991.397375142
1.25,9621,3535763.7499085576
1.25,9622,4626163.120249833
1.25,9623,3091097.5790846334
1.25,9624,1127750.6363982104
1.25,9625,3568205.675343255
1.25,9626,3509649.1847050637
1.25,9627,3256211.700462425
1.25,9628,6142550.573712934
1.25,9629,2100921.3677538964
1.25,9630,6316924.130755614
1.25,9631,2070221.099706092
1.25,9632,2291558.307128806
1.25,9633,1571163.3883684063
1.25,9634,2213128.034933054
1.25,9635,8811816.90223628
1.25,9636,1375806.6865466791
1.25,9637,1577221.727202007
1.25,9638,1771762.5434065457
1.25,9639,3329913.501574373
1.25,9640,1880086.6830267087
1.25,9641,5170279.439064618
1.25,9642,3779341.276206455
1.25,9643,1873993.7059875603
1.25,9644,1354880.2446214885
1.25,9645,2211780.0898115346
1.25,9646,4437242.27688655
1.25,9647,2329751.1019207262
1.25,9648,1814818.47650029
1.25,9649,8548940.314776652
1.25,9650,1587095.5287714633
1.25,9651,1874337.0712825547
1.25,9652,2752010.961274175
1.25,9653,1461575.9845807853
1.25,9654,4590598.062972951
1.25,9655,2376705.8350518355
1.25,9656,4842788.0294896895
1.25,9657,6129365.555745227
1.25,9658,1324273.1711499118
1.25,9659,2097901.529582288
1.25,9660,5704.663137591211
1.25,9661,1540677.9687190899
1.25,9662,3019355.779010749
1.25,9663,513033.26259724796
1.25,9664,3538953.4727017796
1.25,9665,4502451.386000679
1.25,9666,4988370.049276394
1.25,9667,2595868.267024662
1.25,9668,2976875.4468783587
1.25,9669,1633351.4480671291
1.25,9670,657525.0962566178
1.25,9671,3680106.5083355405
1.25,9672,4609553.298430598
1.25,9673,2403722.645506466
1.25,9674,3935640.9954326632
1.25,9675,4782713.527585309
1.25,9676,5100371.212232593
1.25,9677,2800015.152475029
1.25,9678,1931441.002332014
1.25,9679,5671070.574915629
1.25,9680,4926580.574002073
1.25,9681,3121219.980577502
1.25,9682,1227720.3569154805
1.25,9683,4355759.03208163
1.25,9684,2618244.974855542
1.25,9685,3425817.56305051
1.25,9686,2088319.1707063566
1.25,9687,6534590.779544232
1.25,9688,4064947.126120274
1.25,9689,3060333.2793231374
1.25,9690,4538636.989673867
1.25,9691,4224574.203513854
1.25,9692,4863876.569524341
1.25,9693,3640149.2696583765
1.25,9694,1028883.6333686777
1.25,9695,4279175.320446022
1.25,9696,1580450.7915968203
1.25,9697,4342124.3589949375
1.25,9698,1854060.7470512772
1.25,9699,2293036.2471830766
1.25,9700,2245878.811675601
1.25,9701,4963658.340339029
1.25,9702,3067982.4547210955
1.25,9703,3678093.6935362387
1.25,9704,1755885.7525162147
1.25,9705,4551722.305914316
1.25,9706,880128.2390601553
1.25,9707,4440847.676271894
1.25,9708,3164056.7613614714
1.25,9709,4253501.5232073385
1.25,9710,4558450.620932965
1.25,9711,2777031.394304429
1.25,9712,2346191.650480818
1.25,9713,2113447.071525683
1.25,9714,5040520.607848653
1.25,9715,2727468.7682084423
1.25,9716,3228135.978248098
1.25,9717,753426.8924554922
1.25,9718,6548494.860837407
1.25,9719,8034264.407126179
1.25,9720,4134514.3654315704
1.25,9721,2656985.6556068705
1.25,9722,4278096.838715814
1.25,9723,3800787.0753398472
1.25,9724,4546900.315881044
1.25,9725,5237847.393543457
1.25,9726,1674554.0822960276
1.25,9727,4102363.080029853
1.25,9728,10067838.327284297
1.25,9729,3406789.7319359854
1.25,9730,2945089.869527099
1.25,9731,5056673.999676163
1.25,9732,2180530.3475612863
1.25,9733,5104009.494889157
1.25,9734,4383260.326247432
1.25,9735,1594472.3283351248
1.25,9736,529323.0505703018
1.25,9737,1291900.97992865
1.25,9738,2698530.5773504134
1.25,9739,3425901.0143808173
1.25,9740,4667775.662120105
1.25,9741,1870713.9215095697
1.25,9742,1019082.766234254
1.25,9743,3780433.697886835
1.25,9744,5829441.712994579
1.25,9745,1990795.4409158397
1.25,9746,4295716.89188484
1.25,9747,2688264.312929989
1.25,9748,5094889.259878635
1.25,9749,3548106.144975972
1.25,9750,2740741.155738619
1.25,9751,1634627.936508515
1.25,9752,3876043.026365961
1.25,9753,2188006.4024275765
1.25,9754,2928890.3222407415
1.25,9755,3971794.0713981185
1.25,9756,3974704.288854758
1.25,9757,1220290.0879314262
1.25,9758,2357736.4985641325
1.25,9759,6011738.504235794
1.25,9760,2041358.8385189744
1.25,9761,4169333.5840246486
1.25,9762,2767217.127375001
1.25,9763,3291910.4547771304
1.25,9764,3282421.2979879733
1.25,9765,3423084.220869894
1.25,9766,781570.2628457819
1.25,9767,1639370.210910253
1.25,9768,2161020.7988710413
1.25,9769,2376488.7648471645
1.25,9770,4426800.662351706
1.25,9771,4377714.162164854
1.25,9772,2556096.091138307
1.25,9773,2053196.5808423993
1.25,9774,3418683.9793230267
1.25,9775,1593962.4705301828
1.25,9776,2187462.546749511
1.25,9777,835718.6505883012
1.25,9778,2276720.2354010264
1.25,9779,4632337.978500106
1.25,9780,723397.2758716075
1.25,9781,1460774.2814200423
1.25,9782,1928931.843635962
1.25,9783,2185166.277762311
1.25,9784,4717318.652627109
1.25,9785,4312218.3827653825
1.25,9786,4345692.946064102
1.25,9787,4187220.519937996
1.25,9788,4729048.290480383
1.25,9789,5375717.893250203
1.25,9790,2763377.0424474427
1.25,9791,3950526.500947838
1.25,9792,1110122.7891283706
1.25,9793,3958980.920746939
1.25,9794,6031961.418926143
1.25,9795,4493922.532727458
1.25,9796,3038528.4158500233
1.25,9797,1000578.327808487
1.25,9798,1401478.0387623683
1.25,9799,1491805.7297531122
1.25,9800,884668.1634397274
1.25,9801,883122.620041909
1.25,9802,2992907.8235542825
1.25,9803,3334282.8208819698
1.25,9804,5916278.151375807
1.25,9805,4019265.3182803523
1.25,9806,2759619.5141090234
1.25,9807,1737969.920998084
1.25,9808,1428244.8790444043
1.25,9809,4054196.338201875
1.25,9810,838827.9905583066
1.25,9811,6946515.968096748
1.25,9812,3219890.8058684
1.25,9813,2042333.4856479832
1.25,9814,2634050.040293779
1.25,9815,5134772.478473988
1.25,9816,5415907.203357268
1.25,9817,1763737.2845166218
1.25,9818,3392612.699968596
1.25,9819,1837734.0284220087
1.25,9820,2390768.2765941266
1.25,9821,4525175.231989558
1.25,9822,3791055.260251456
1.25,9823,5120633.151628612
1.25,9824,4196431.563132534
1.25,9825,1849209.2507969171
1.25,9826,3682913.3176617953
1.25,9827,1046375.6142117397
1.25,9828,2653633.7260511313
1.25,9829,2870562.4069945533
1.25,9830,2325317.6721200086
1.25,9831,2599917.6267082933
1.25,9832,401082.0365062109
1.25,9833,2838381.6569971377
1.25,9834,2524583.8099497124
1.25,9835,1999277.6840466908
1.25,9836,1914809.8797245175
1.25,9837,2684081.848345925
1.25,9838,2615039.441021632
1.25,9839,0.0
1.25,9840,422120.9823075824
1.25,9841,5152121.132712758
1.25,9842,2711714.4675808335
1.25,9843,1063681.534331704
1.25,9844,5988237.990314153
1.25,9845,2928520.5322751007
1.25,9846,2024465.6949614368
1.25,9847,3515580.099317041
1.25,9848,3235571.455060251
1.25,9849,3111680.8179253354
1.25,9850,2741057.3345552334
1.25,9851,1840492.11391916
1.25,9852,2313356.7392252875
1.25,9853,4264100.937451772
1.25,9854,2064283.4141683388
1.25,9855,1767121.7911506072
1.25,9856,6410968.23475213
1.25,9857,2732793.286295752
1.25,9858,943066.6764621251
1.25,9859,2538482.842401737
1.25,9860,4766622.302591949
1.25,9861,2332817.430104468
1.25,9862,3463829.2078833347
1.25,9863,4217809.475902909
1.25,9864,3410515.5197581565
1.25,9865,4879090.565660779
1.25,9866,2736970.4188307202
1.25,9867,3428139.5335533787
1.25,9868,3286483.027917353
1.25,9869,6050089.603021843
1.25,9870,2542097.7376527973
1.25,9871,1793681.5920476804
1.25,9872,7353652.619466476
1.25,9873,3170000.22559599
1.25,9874,4510471.399238586
1.25,9875,3002375.2983895694
1.25,9876,5844048.125123752
1.25,9877,4844558.688981157
1.25,9878,4294933.166028983
1.25,9879,3282630.1714727553
1.25,9880,4904723.414949817
1.25,9881,2371712.19457479
1.25,9882,1343862.8708535088
1.25,9883,4832268.927197181
1.25,9884,1420823.2827140172
1.25,9885,2597771.2818141636
1.25,9886,4377849.139827717
1.25,9887,5040660.313703807
1.25,9888,4097822.8547774977
1.25,9889,4859669.284030365
1.25,9890,3222625.2730964804
1.25,9891,5447702.893756221
1.25,9892,1854065.3503541865
1.25,9893,2251562.3995025977
1.25,9894,2353660.556818813
1.25,9895,4584987.491085786
1.25,9896,2655159.371648168
1.25,9897,3136912.4582786765
1.25,9898,5297347.1076729605
1.25,9899,3945137.027957316
1.25,9900,2704050.4236643533
1.25,9901,1648119.549939171
1.25,9902,1252688.1190534718
1.25,9903,4472462.444866772
1.25,9904,3563324.3320427015
1.25,9905,2294160.0756556797
1.25,9906,1710003.75630238
1.25,9907,205881.273036535
1.25,9908,3072880.819879522
1.25,9909,2340253.82121138
1.25,9910,2204162.9194883797
1.25,9911,6015211.4869396575
1.25,9912,451988.67037794704
1.25,9913,2786822.5543282838
1.25,9914,713544.931692813
1.25,9915,1557718.0078499233
1.25,9916,2085408.8331211747
1.25,9917,2083539.6784028118
1.25,9918,2527534.307626031
1.25,9919,2474069.9784328085
1.25,9920,3260155.038148618
1.25,9921,3845716.6262096977
1.25,9922,5140507.458725899
1.25,9923,4057842.180015227
1.25,9924,1461143.5283978041
1.25,9925,5796450.6496821325
1.25,9926,1727328.3716874802
1.25,9927,3916750.642271717
1.25,9928,3089276.708261119
1.25,9929,2313014.4046117617
1.25,9930,1867938.4773292604
1.25,9931,3028611.1029797727
1.25,9932,1842762.6338712166
1.25,9933,4798149.129979862
1.25,9934,4323693.8573840875
1.25,9935,3435940.1089235274
1.25,9936,5612990.97066789
1.25,9937,1469320.7662414918
1.25,9938,3595225.5786824413
1.25,9939,793290.5838889538
1.25,9940,3296960.398944083
1.25,9941,2021085.7427379326
1.25,9942,2548456.4046692755
1.25,9943,5569080.56580781
1.25,9944,1587864.5913901883
1.25,9945,5034621.332405729
1.25,9946,3682078.070016563
1.25,9947,2777461.083693107
1.25,9948,1402022.3685757683
1.25,9949,3619832.3339103437
1.25,9950,2768274.780798013
1.25,9951,2401667.825046359
1.25,9952,2870968.599557295
1.25,9953,4854955.170076168
1.25,9954,202495.9623150942
1.25,9955,1469364.084553125
1.25,9956,2914993.93775011
1.25,9957,4361365.7245766595
1.25,9958,4081340.054647575
1.25,9959,6729178.455513448
1.25,9960,2819509.700277319
1.25,9961,3860695.3311031335
1.25,9962,360901.5393077007
1.25,9963,3839429.9616320436
1.25,9964,4452373.439643303
1.25,9965,1691488.2924930416
1.25,9966,176669.15492504305
1.25,9967,1037246.1615170791
1.25,9968,125179.6090048214
1.25,9969,5556662.920235365
1.25,9970,4170034.5843402576
1.25,9971,7966138.268642718
1.25,9972,3515953.639834552
1.25,9973,1113958.4890749939
1.25,9974,4440497.990911448
1.25,9975,5890103.389851444
1.25,9976,2787521.2552371775
1.25,9977,739290.2706322987
1.25,9978,5006720.238897562
1.25,9979,5954796.9111028155
1.25,9980,3656148.9342051595
1.25,9981,3509356.798804797
1.25,9982,2438695.8802119223
1.25,9983,7056822.3228267245
1.25,9984,3833834.6446213475
1.25,9985,988501.5161340007
1.25,9986,2106400.033712889
1.25,9987,7721607.339962581
1.25,9988,1881019.323075396
1.25,9989,2071771.4655715022
1.25,9990,4766223.112944301
1.25,9991,3552904.08208978
1.25,9992,3571399.8490483207
1.25,9993,4129057.097635957
1.25,9994,6134951.454754022
1.25,9995,1842147.7027403568
1.25,9996,2963729.5282489466
1.25,9997,5932733.149213245
1.25,9998,2783748.656992237
1.25,9999,3780060.6614101445
2.5,0,1115573.1739904492
2.5,1,3410578.377211099
2.5,2,403407.75926405226
2.5,3,2782326.97181821
2.5,4,1197830.3520367346
2.5,5,6449615.126850216
2.5,6,1244158.5060686388
2.5,7,2979490.5285647637
2.5,8,1925544.943591987
2.5,9,1048340.6390030892
2.5,10,1625631.0197670232
2.5,11,1010043.4758442001
2.5,12,4480519.0595731
2.5,13,3105694.718910594
2.5,14,3221174.42124354
2.5,15,2734943.824013311
2.5,16,9326397.843404582
2.5,17,5594049.1231935145
2.5,18,4363456.365603874
2.5,19,3256590.591347733
2.5,20,770511.3646495184
2.5,21,4961479.849489404
2.5,22,5293762.912700528
2.5,23,730374.1503130834
2.5,24,6812612.45388244
2.5,25,1103473.0292037888
2.5,26,2064363.0448890778
2.5,27,541854.3081807663
2.5,28,2100079.124359608
2.5,29,1747289.591547422
2.5,30,2071744.886714082
2.5,31,373956.64134786057
2.5,32,172445.16403292815
2.5,33,3653635.7443251195
2.5,34,608535.6789813958
2.5,35,1106834.8278473117
2.5,36,2109471.1899222042
2.5,37,1166673.3918104505
2.5,38,535369.0685190561
2.5,39,1123902.6187179668
2.5,40,442762.0890142848
2.5,41,269003.3659900872
2.5,42,5928123.154527668
2.5,43,1553374.909359167
2.5,44,598944.3818619826
2.5,45,2157721.098882386
2.5,46,2152798.0958293574
2.5,47,1839396.0533874244
2.5,48,6353839.666263007
2.5,49,1559705.9144457383
2.5,50,2557003.685087114
2.5,51,927032.0727066053
2.5,52,3708872.1061087805
2.5,53,2375529.161471281
2.5,54,3154530.2330650496
2.5,55,1599100.6287579979
2.5,56,855068.8870341472
2.5,57,1592683.4949083668
2.5,58,3037779.287982921
2.5,59,2916622.0089162616
2.5,60,3975906.6579744997
2.5,61,1153646.5972118697
2.5,62,2852871.0121969637
2.5,63,495722.67882952973
2.5,64,2617241.9026505817
2.5,65,1568975.162298866
2.5,66,2175649.0717011327
2.5,67,631061.7943960851
2.5,68,1341546.7604365852
2.5,69,1240741.6153913164
2.5,70,656538.976968858
2.5,71,760583.6011249897
2.5,72,127720.61006993034
2.5,73,496991.86200366996
2.5,74,1441951.372685228
2.5,75,4262416.681348264
2.5,76,5568376.83503091
2.5,77,2654761.221223692
2.5,78,791316.2859739044
2.5,79,192628.32161045785
2.5,80,150725.60676698253
2.5,81,1000228.8476064466
2.5,82,5046851.90557954
2.5,83,3703697.988663825
2.5,84,1309099.7091376535
2.5,85,1620228.6168986072
2.5,86,3502071.958046037
2.5,87,717358.9373667289
2.5,88,407467.56385154836
2.5,89,477244.5447849727
2.5,90,1078762.3973199767
2.5,91,2332567.904751423
2.5,92,5180294.129520667
2.5,93,3241416.88143323
2.5,94,1618829.5363978492
2.5,95,1472903.6065719533
2.5,96,2135121.1716553266
2.5,97,678803.2579337875
2.5,98,3759822.0899282517
2.5,99,1013823.587524961
2.5,100,563009.9878280803
2.5,101,4924127.391254782
2.5,102,2428113.7976927343
2.5,103,452334.3175954386
2.5,104,3083071.1157557545
2.5,105,108850.42169904607
2.5,106,1422340.2713795824
2.5,107,4283938.803361482
2.5,108,4711833.531260513
2.5,109,1483442.4097429302
2.5,110,2989914.6496851025
2.5,111,310866.6123007663
2.5,112,3908013.391062164
2.5,113,970320.5846866644
2.5,114,3755318.907908923
2.5,115,3897101.5227439585
2.5,116,4974546.786506005
2.5,117,263180.3053079617
2.5,118,1101350.9982168102
2.5,119,1117199.50818862
2.5,120,1312559.1139990985
2.5,121,1646343.589487294
2.5,122,4754330.682864777
2.5,123,5650142.728333601
2.5,124,5865033.676673605
2.5,125,1981818.266110427
2.5,126,943691.7034668936
2.5,127,3916109.3175174296
2.5,128,1798931.4254025912
2.5,129,1526820.7437060734
2.5,130,5673242.81199746
2.5,131,493291.1869744183
2.5,132,3154389.4869728093
2.5,133,981766.4962210864
2.5,134,1968974.9850623435
2.5,135,914296.2787747445
2.5,136,389460.06267837086
2.5,137,593216.7735628695
2.5,138,243905.52825925717
2.5,139,5112130.2627649885
2.5,140,5588310.281726415
2.5,141,3749879.8966734633
2.5,142,4913984.9789539855
2.5,143,2125946.7237855657
2.5,144,182498.12863969084
2.5,145,6669514.460058464
2.5,146,2915563.52751331
2.5,147,6860874.572278665
2.5,148,722578.3130613767
2.5,149,641340.1093792198
2.5,150,6112490.423014228
2.5,151,1371499.1640458328
2.5,152,1463303.0422935206
2.5,153,1185284.1157229303
2.5,154,1403567.004438761
2.5,155,4331482.52869273
2.5,156,1323926.6311171541
2.5,157,275448.1378462851
2.5,158,4391030.423731965
2.5,159,934224.405346224
2.5,160,4693255.093899982
2.5,161,1230893.5086163618
2.5,162,5173141.202746236
2.5,163,1628830.8176514453
2.5,164,1374565.482622615
2.5,165,662067.8355577874
2.5,166,736671.9725645357
2.5,167,4942221.261425624
2.5,168,193275.27604439761
2.5,169,3207669.4240460014
2.5,170,4243628.231437812
2.5,171,545608.793350315
2.5,172,104482.09991835887
2.5,173,1426652.5032218006
2.5,174,557529.1144812618
2.5,175,1354608.4573838657
2.5,176,1023192.7106853346
2.5,177,877004.3449121743
2.5,178,864807.350980151
2.5,179,1317233.3671803926
2.5,180,2578337.7429020447
2.5,181,5949990.987199727
2.5,182,546153.9725524662
2.5,183,4854372.35013262
2.5,184,504123.06097478647
2.5,185,2501467.1700908253
2.5,186,976773.7604950335
2.5,187,4266467.528587541
2.5,188,1984673.646224067
2.5,189,3357315.8195046093
2.5,190,5556146.907524461
2.5,191,3276404.347638858
2.5,192,337243.493939508
2.5,193,4624670.564058855
2.5,194,4068990.978835901
2.5,195,790582.3763513201
2.5,196,1445630.677725541
2.5,197,1645339.191068533
2.5,198,870189.9087158429
2.5,199,1865245.9788107793
2.5,200,829925.5679519614
2.5,201,392029.7734088356
2.5,202,7396741.742276655
2.5,203,616863.5491127453
2.5,204,817707.6501676259
2.5,205,4498418.28812001
2.5,206,4776211.048989253
2.5,207,2402829.898777213
2.5,208,5138129.27791392
2.5,209,1403585.8965024487
2.5,210,424787.3694761097
2.5,211,1324624.3934179875
2.5,212,255104.79620594613
2.5,213,1404403.0309383818
2.5,214,1553398.321316748
2.5,215,786639.6223314864
2.5,216,3002335.1091059647
2.5,217,639593.6240392321
2.5,218,3296541.3184289644
2.5,219,102986.27087124952
2.5,220,1025469.9357549121
2.5,221,553524.7321966661
2.5,222,6805787.118649679
2.5,223,2114636.5850614794
2.5,224,464129.7398704024
2.5,225,840325.9541460568
2.5,226,726879.02944264
2.5,227,7044077.802027689
2.5,228,1590376.0297825367
2.5,229,1909640.2798292406
2.5,230,873516.1741395285
2.5,231,2700173.933077018
2.5,232,1119049.1065939316
2.5,233,3632600.0955346646
2.5,234,1650780.4314670917
2.5,235,142266.17851296926
2.5,236,497439.00475345633
2.5,237,5803089.888136643
2.5,238,1565386.0492686285
2.5,239,2356229.7818623995
2.5,240,3513092.8810347794
2.5,241,1618013.7115058566
2.5,242,2746016.9166456237
2.5,243,7297116.714199398
2.5,244,6349484.000528168
2.5,245,173616.85786302353
2.5,246,1174083.6361901918
2.5,247,1627191.5718662133
2.5,248,425020.7149536114
2.5,249,497243.95890682493
2.5,250,1185693.171818381
2.5,251,588082.7742381722
2.5,252,466713.6297822452
2.5,253,404053.3224014358
2.5,254,953736.3941918912
2.5,255,3298300.107880337
2.5,256,863098.4785799857
2.5,257,1241698.549079066
2.5,258,4336859.493182262
2.5,259,2463881.692098478
2.5,260,962149.7203182413
2.5,261,451734.725997914
2.5,262,924767.8722337217
2.5,263,1006315.0832113439
2.5,264,328697.209899612
2.5,265,162814.8544451129
2.5,266,1746759.5540100674
2.5,267,2325657.385732137
2.5,268,6250921.428223565
2.5,269,992166.2965744132
2.5,270,1514787.661385114
2.5,271,1904239.2532749649
2.5,272,720436.0677332162
2.5,273,1440105.305992024
2.5,274,179614.8510699552
2.5,275,6401162.81720994
2.5,276,1465609.5933266475
2.5,277,3950148.189547722
2.5,278,3415962.278802004
2.5,279,3386018.2926627463
2.5,280,3138108.230770355
2.5,281,1336529.1641098359
2.5,282,1260097.3125891206
2.5,283,1283926.840856718
2.5,284,1341386.5874592022
2.5,285,1130404.5660758729
2.5,286,4630041.35571881
2.5,287,170731.02831704292
2.5,288,853046.5036615152
2.5,289,1372157.0432174124
2.5,290,1150741.2228709324
2.5,291,1528556.323202189
2.5,292,3266408.685185386
2.5,293,374798.68545394915
2.5,294,121708.1246732009
2.5,295,1544556.6220343523
2.5,296,1167301.5584758394
2.5,297,150566.69364939135
2.5,298,543101.2480085256
2.5,299,1052820.27817136
2.5,300,5043099.426565598
2.5,301,3821609.2566995732
2.5,302,1600824.895339869
2.5,303,535836.9752717396
2.5,304,134420.15790227515
2.5,305,4952286.618509431
2.5,306,942703.4476442395
2.5,307,1915464.5655047996
2.5,308,937720.8481449347
2.5,309,425091.6610366873
2.5,310,1633377.2230451526
2.5,311,2190214.3713726844
2.5,312,3839910.958592308
2.5,313,4150761.5156792975
2.5,314,4398517.533113085
2.5,315,1236710.285357522
2.5,316,3174272.6269678636
2.5,317,1234265.9640914355
2.5,318,6530027.433836801
2.5,319,2757093.720579156
2.5,320,1225919.1553836581
2.5,321,854649.9486966832
2.5,322,2626543.391704341
2.5,323,766664.8219929386
2.5,324,4108508.5378433242
2.5,325,3980283.5555281835
2.5,326,623377.3774420928
2.5,327,3228542.0417853436
2.5,328,3405341.2168080513
2.5,329,153985.00790875527
2.5,330,715200.6115280762
2.5,331,5364496.063896995
2.5,332,5020384.897890166
2.5,333,3751534.275165649
2.5,334,4560056.084998483
2.5,335,5862699.8734256765
2.5,336,408642.1467820362
2.5,337,637904.2591103979
2.5,338,933361.1354829925
2.5,339,791710.649518697
2.5,340,2051524.0233577795
2.5,341,1076028.2441557504
2.5,342,564743.8115520675
2.5,343,1899951.4147560012
2.5,344,1237446.1720215322
2.5,345,6924657.708337974
2.5,346,1759451.4951428785
2.5,347,5402491.909721
2.5,348,293205.1646002198
2.5,349,4666833.130516407
2.5,350,1918717.184395591
2.5,351,2348314.0142902886
2.5,352,1510467.969309335
2.5,353,2298491.221925148
2.5,354,2523991.194254511
2.5,355,1491536.378142156
2.5,356,2384001.384451754
2.5,357,250959.6235031726
2.5,358,3714830.3336782297
2.5,359,1764248.1989117458
2.5,360,767321.5154338605
2.5,361,247789.1957921422
2.5,362,1551968.2828258146
2.5,363,2766748.509496055
2.5,364,830118.8410146041
2.5,365,1256692.1168092997
2.5,366,4201200.442171642
2.5,367,2798583.0198662854
2.5,368,217557.35087960633
2.5,369,2985364.9538154593
2.5,370,3344662.773947076
2.5,371,1612469.676904882
2.5,372,3833122.4211836816
2.5,373,3116664.565787781
2.5,374,1592722.4431110565
2.5,375,1635338.8439445305
2.5,376,1449578.3065067146
2.5,377,1504399.1563419388
2.5,378,110203.30769615265
2.5,379,863353.4420212449
2.5,380,2487242.1470158705
2.5,381,268357.12656392885
2.5,382,1093133.235598364
2.5,383,4139271.419366869
2.5,384,1233776.1390577003
2.5,385,2951941.8077301267
2.5,386,242724.74766636692
2.5,387,4943590.415479103
2.5,388,4141691.8388203965
2.5,389,1724171.3659626164
2.5,390,5631339.109631201
2.5,391,2021150.3648199593
2.5,392,4444055.400374161
2.5,393,1984760.310432856
2.5,394,942532.1675694808
2.5,395,3416415.4810546637
2.5,396,5864299.971229377
2.5,397,6224009.875060938
2.5,398,848951.224543778
2.5,399,711941.3601366737
2.5,400,1239130.217451389
2.5,401,6238463.374357389
2.5,402,1554396.3104960427
2.5,403,1059751.5263079673
2.5,404,4012252.727416531
2.5,405,1173968.3721583665
2.5,406,1060183.0766259485
2.5,407,1853574.3910511609
2.5,408,4737413.384770142
2.5,409,318725.1066776726
2.5,410,4757124.07320127
2.5,411,1357503.3051958932
2.5,412,5920498.369647076
2.5,413,4679467.733896757
2.5,414,1135161.6924550717
2.5,415,6165962.684759876
2.5,416,2971639.241905823
2.5,417,547980.5007459766
2.5,418,3431201.6547703356
2.5,419,4709685.363650657
2.5,420,2884679.5112648048
2.5,421,4061454.781889865
2.5,422,546517.5343134623
2.5,423,1798353.462197968
2.5,424,7185902.487344583
2.5,425,5461474.6257374985
2.5,426,622195.4449008123
2.5,427,102990.36883333212
2.5,428,2093553.7432935098
2.5,429,417729.0818843509
2.5,430,639256.2790123413
2.5,431,3378335.45493822
2.5,432,3130701.2315665716
2.5,433,6009785.517373909
2.5,434,1695472.1724519548
2.5,435,5015959.854093113
2.5,436,2185491.527469103
2.5,437,5450959.931191126
2.5,438,2635590.9862049418
2.5,439,4859804.571732435
2.5,440,1797223.6211468065
2.5,441,701360.9360125124
2.5,442,6943026.549866271
2.5,443,388126.0548794667
2.5,444,1011405.2241351118
2.5,445,960551.3152234728
2.5,446,1079816.5647934931
2.5,447,2398168.9071976636
2.5,448,1112892.7955350722
2.5,449,4046345.008380848
2.5,450,2899942.4311236665
2.5,451,349961.01534466445
2.5,452,623811.1489649505
2.5,453,245059.74677597632
2.5,454,142291.46418855165
2.5,455,1635408.6341824278
2.5,456,2569077.064276289
2.5,457,763135.4356307195
2.5,458,2602101.120956211
2.5,459,5462870.306044219
2.5,460,1116904.534398829
2.5,461,4940292.0416702675
2.5,462,2835809.6496030428
2.5,463,2325572.5827994766
2.5,464,3880135.0351794274
2.5,465,740458.3706810619
2.5,466,1041623.7529434321
2.5,467,860984.8476010433
2.5,468,4863388.420486589
2.5,469,2326060.2093831394
2.5,470,1295078.1905923388
2.5,471,3575076.4332240336
2.5,472,2964166.0890762853
2.5,473,1754373.791831661
2.5,474,1760385.3810777087
2.5,475,858129.3698912223
2.5,476,3026240.8864275203
2.5,477,5465444.944868537
2.5,478,1454207.6836427944
2.5,479,1307967.9928444033
2.5,480,3974357.0996508673
2.5,481,1229786.4990664816
2.5,482,607526.8636133363
2.5,483,4076124.1870088116
2.5,484,3426892.404692894
2.5,485,3039112.288145167
2.5,486,309804.4667500733
2.5,487,165995.41520253304
2.5,488,6814190.80812454
2.5,489,2338461.721928203
2.5,490,2620515.3591474798
2.5,491,5242672.862633553
2.5,492,2441638.821182592
2.5,493,455463.79048313457
2.5,494,4012162.8357157996
2.5,495,503280.23384271265
2.5,496,5450766.158407786
2.5,497,5143647.522853479
2.5,498,1941553.0980547545
2.5,499,5167017.990056761
2.5,500,6832436.066912681
2.5,501,1970714.8445803393
2.5,502,1499114.5221000328
2.5,503,351134.5788756626
2.5,504,5004198.974667933
2.5,505,4777063.302778529
2.5,506,2107836.1061585695
2.5,507,3835624.0376452077
2.5,508,1177139.1737710226
2.5,509,4624458.085086224
2.5,510,1397551.2847693441
2.5,511,321263.8455919186
2.5,512,3912722.449913075
2.5,513,838761.6228903802
2.5,514,3725258.652678624
2.5,515,1856707.5676476532
2.5,516,1475597.5884420655
2.5,517,5436382.945198382
2.5,518,1189846.8572723437
2.5,519,6098254.48952259
2.5,520,770148.8624144786
2.5,521,6596331.1157713365
2.5,522,3912919.3175655208
2.5,523,5560721.280850196
2.5,524,7508489.8100207895
2.5,525,4539733.661805217
2.5,526,4148190.307035989
2.5,527,1052151.7457008113
2.5,528,2718914.9570768853
2.5,529,4061761.9931583065
2.5,530,5235302.878373416
2.5,531,307759.5459588573
2.5,532,1277167.3918511502
2.5,533,1678399.445612848
2.5,534,598266.2280646624
2.5,535,1152638.9917714002
2.5,536,1879667.3078411191
2.5,537,3879836.0204618424
2.5,538,6385581.357022795
2.5,539,3250226.0024852315
2.5,540,3527451.516041602
2.5,541,3094009.4006306864
2.5,542,427930.7349716915
2.5,543,937260.951633641
2.5,544,1720209.546344922
2.5,545,2996794.9582691696
2.5,546,4033577.4880970703
2.5,547,487713.3120568732
2.5,548,2154533.906248631
2.5,549,1495794.658703944
2.5,550,2703581.6024464834
2.5,551,864242.7143778221
2.5,552,3756955.70810843
2.5,553,4763531.541549423
2.5,554,812423.3050235847
2.5,555,978293.1544950126
2.5,556,2906083.4443570124
2.5,557,738975.1850761535
2.5,558,791059.4781966116
2.5,559,2977367.8369293427
2.5,560,1925350.0213435183
2.5,561,1618763.7197952727
2.5,562,751533.3039652883
2.5,563,610617.131466354
2.5,564,6182260.980055928
2.5,565,922310.6454829315
2.5,566,1621227.798844561
2.5,567,736265.3322240869
2.5,568,879854.7697773706
2.5,569,4145398.8264924255
2.5,570,4066685.569556962
2.5,571,1483889.049573242
2.5,572,934762.8670372509
2.5,573,6598735.753286183
2.5,574,1539066.655802701
2.5,575,3442769.904815006
2.5,576,2011575.9362967485
2.5,577,1856194.0236945285
2.5,578,526428.694483375
2.5,579,4277602.548790472
2.5,580,426632.8851034697
2.5,581,5070142.380125917
2.5,582,5146806.720381518
2.5,583,1798782.3203477666
2.5,584,352400.15427757776
2.5,585,1070659.9302945351
2.5,586,6744476.882041505
2.5,587,5122478.103198858
2.5,588,1004502.3072222886
2.5,589,1101292.5463190926
2.5,590,1818089.352678982
2.5,591,2819851.799267808
2.5,592,3290617.165332592
2.5,593,6929423.460667936
2.5,594,594160.7931368101
2.5,595,4382602.908352806
2.5,596,2535255.5334713683
2.5,597,5797373.09492182
2.5,598,3502958.1224696045
2.5,599,4316414.009309117
2.5,600,1934529.3217662557
2.5,601,2863948.04260288
2.5,602,1046387.7282134958
2.5,603,1820261.1731718956
2.5,604,1831319.6832398039
2.5,605,1073064.38231129
2.5,606,3824422.2505104053
2.5,607,6364264.45113961
2.5,608,1393094.3133589323
2.5,609,3724266.5690751076
2.5,610,2253580.552318079
2.5,611,2523276.9231022825
2.5,612,706751.1238824651
2.5,613,419679.35274408077
2.5,614,2373928.9892996615
2.5,615,7977873.224551741
2.5,616,622671.4567458098
2.5,617,1225309.0891645644
2.5,618,132399.10920886762
2.5,619,291907.5817605725
2.5,620,4600279.622703984
2.5,621,864673.060701648
2.5,622,2303138.953185178
2.5,623,7294812.710097393
2.5,624,605076.85580238
2.5,625,3335773.3921110644
2.5,626,3110930.4292666027
2.5,627,2512741.1621074458
2.5,628,2104553.864243657
2.5,629,3010045.676666891
2.5,630,228666.23896280862
2.5,631,1376104.7512578487
2.5,632,2420269.678141511
2.5,633,3625994.3108508214
2.5,634,1737678.667906263
2.5,635,6554475.696455457
2.5,636,1950751.3827185
2.5,637,919358.0437664868
2.5,638,5722341.09411046
2.5,639,687094.2091552485
2.5,640,759955.2631404336
2.5,641,475243.80224399106
2.5,642,4833434.076691371
2.5,643,2092497.2780650144
2.5,644,1632397.5646486618
2.5,645,3549250.748601728
2.5,646,615694.0665551539
2.5,647,2064376.2595266802
2.5,648,2425503.7274154653
2.5,649,611308.9455016905
2.5,650,1124115.2030726844
2.5,651,2127931.759569317
2.5,652,1685929.0971221984
2.5,653,3799045.078455863
2.5,654,3734531.8295364035
2.5,655,1464670.9969089297
2.5,656,545125.1682309621
2.5,657,955693.7673994063
2.5,658,2695161.5403328403
2.5,659,762439.1869824157
2.5,660,195742.19094467166
2.5,661,2143177.6892071986
2.5,662,2589004.5277822493
2.5,663,130692.04811735763
2.5,664,2721715.759788341
2.5,665,1763128.003097144
2.5,666,337804.38544698036
2.5,667,4049427.0933171213
2.5,668,1178813.1843462146
2.5,669,231549.91257077796
2.5,670,1770603.6766218713
2.5,671,3286428.7105008783
2.5,672,3886402.033094667
2.5,673,2024987.941912407
2.5,674,3956820.025840666
2.5,675,1701633.1271498138
2.5,676,1538750.8344852054
2.5,677,1523601.1308844634
2.5,678,3561706.129775566
2.5,679,4811480.888462587
2.5,680,4434210.556425879
2.5,681,3493341.4290367994
2.5,682,2502407.9093709737
2.5,683,4175026.2124117883
2.5,684,3115743.339229217
2.5,685,5366001.521720875
2.5,686,4225431.266841972
2.5,687,1113629.7642671266
2.5,688,1744489.5026983945
2.5,689,6111136.874049149
2.5,690,942966.86045517
2.5,691,2421214.283084316
2.5,692,1159737.7838510976
2.5,693,1345396.2634345696
2.5,694,803318.7510911287
2.5,695,3107134.761344744
2.5,696,104333.08659771949
2.5,697,2715752.2232223214
2.5,698,3296968.161125942
2.5,699,2915773.532476849
2.5,700,3481563.1679560994
2.5,701,2853887.16680119
2.5,702,4112896.750417214
2.5,703,2641486.2983480254
2.5,704,2707239.5967828333
2.5,705,2042774.2951965043
2.5,706,847704.0248832875
2.5,707,230760.5148019666
2.5,708,432735.8825343737
2.5,709,962388.6523326726
2.5,710,965841.3777008723
2.5,711,4903732.726589236
2.5,712,2172393.58380989
2.5,713,487018.1230018653
2.5,714,403450.0518984995
2.5,715,6194672.462583025
2.5,716,1285568.966095509
2.5,717,5366232.4572879765
2.5,718,2680448.700625638
2.5,719,3743468.143742193
2.5,720,5526389.399210538
2.5,721,1759942.9865992407
2.5,722,1591466.899414826
2.5,723,431039.5782104366
2.5,724,1408531.6800251221
2.5,725,4820827.245035836
2.5,726,3249748.8883715123
2.5,727,1703956.6913291998
2.5,728,2039525.0393280953
2.5,729,659116.7850073903
2.5,730,4265380.0551709905
2.5,731,2636845.49674007
2.5,732,1673937.0791909902
2.5,733,1758816.319698946
2.5,734,4185000.0514871906
2.5,735,2905995.3528019018
2.5,736,3002336.466175478
2.5,737,1112356.4780706724
2.5,738,2770139.81898898
2.5,739,1450197.92038982
2.5,740,1266859.8734599624
2.5,741,3918286.1397896204
2.5,742,764531.2658569076
2.5,743,235654.4724634951
2.5,744,691181.7783137838
2.5,745,5822953.988828366
2.5,746,5142701.1699648565
2.5,747,1286809.133724484
2.5,748,2671510.3541438393
2.5,749,1213343.0773655912
2.5,750,515020.0800924734
2.5,751,4096830.169147015
2.5,752,1155611.685121437
2.5,753,1923571.540953311
2.5,754,1581504.4697680105
2.5,755,1964845.094716185
2.5,756,126484.26653110818
2.5,757,1069763.7347373278
2.5,758,3467571.8592950045
2.5,759,490858.420565203
2.5,760,7592432.452751489
2.5,761,816023.9099944129
2.5,762,1039818.2701275325
2.5,763,127501.9138484086
2.5,764,1392146.1191254687
2.5,765,7913904.724009945
2.5,766,2939843.034781863
2.5,767,1096706.4607246357
2.5,768,2303837.8695401973
2.5,769,5483777.876484728
2.5,770,643795.5907035958
2.5,771,397555.58330476464
2.5,772,1041453.8060255494
2.5,773,722296.8016480303
2.5,774,2159169.728094113
2.5,775,628703.8087378199
2.5,776,4449483.982265038
2.5,777,4379980.930804939
2.5,778,297412.02840188803
2.5,779,2179646.511166692
2.5,780,1374229.2028431476
2.5,781,1728833.778422579
2.5,782,3990726.9181496454
2.5,783,4118050.1817778926
2.5,784,5168714.390531866
2.5,785,103640.17624071041
2.5,786,103564.92966737214
2.5,787,1068748.9346229453
2.5,788,2394972.7496753046
2.5,789,2085638.1666413303
2.5,790,620011.4770447545
2.5,791,471978.05275672546
2.5,792,1383105.282080098
2.5,793,4645900.722265599
2.5,794,2905653.7020507804
2.5,795,4933771.241185358
2.5,796,6374507.915966333
2.5,797,567805.8930221852
2.5,798,4404302.65609547
2.5,799,2190735.907131365
2.5,800,6784742.724854027
2.5,801,991783.5368859642
2.5,802,3168147.2357119448
2.5,803,4863024.007232038
2.5,804,989299.0949556328
2.5,805,5511481.601835551
2.5,806,1240162.758773581
2.5,807,2919068.806085552
2.5,808,2481461.8136337237
2.5,809,4959705.553256371
2.5,810,5294768.542924756
2.5,811,2224133.1294949143
2.5,812,3013234.3838839415
2.5,813,935267.9358503742
2.5,814,7413636.178409342
2.5,815,4189842.6750696655
2.5,816,666957.4891161884
2.5,817,1887734.2480813828
2.5,818,3781940.016659518
2.5,819,788354.8266805927
2.5,820,1240693.4670742457
2.5,821,4381775.836904663
2.5,822,192865.68052224908
2.5,823,1126259.6274128654
2.5,824,2822909.3026636867
2.5,825,856421.3810033225
2.5,826,110128.69122191079
2.5,827,766161.0182075917
2.5,828,3065578.144557849
2.5,829,5334204.218184543
2.5,830,2439957.1578144673
2.5,831,3024708.182466774
2.5,832,1359006.4619034973
2.5,833,4212303.040262243
2.5,834,3784619.2180849942
2.5,835,3113265.9850037484
2.5,836,3458130.669149792
2.5,837,1893599.5381920915
2.5,838,696603.4323295931
2.5,839,4062435.73228391
2.5,840,889054.075576288
2.5,841,1052787.1883571183
2.5,842,4128059.2076983834
2.5,843,4247183.8797959415
2.5,844,930482.1430427874
2.5,845,1273208.403924842
2.5,846,205143.03796254372
2.5,847,114399.84501391297
2.5,848,710977.4836703064
2.5,849,697017.8490688553
2.5,850,899305.9872244254
2.5,851,4796502.509028204
2.5,852,5751967.428508621
2.5,853,2817771.701820671
2.5,854,2244632.733810911
2.5,855,1644445.61511884
2.5,856,536081.9270076453
2.5,857,792288.7356923092
2.5,858,2573192.142109407
2.5,859,4596001.737785139
2.5,860,904770.3029577085
2.5,861,885906.5603940175
2.5,862,1379405.41747207
2.5,863,1451475.4077268476
2.5,864,3988751.143630854
2.5,865,2667658.255887025
2.5,866,1647907.4270928204
2.5,867,3469917.0267304974
2.5,868,702025.4730645724
2.5,869,1132392.378697048
2.5,870,1826069.6350862538
2.5,871,631148.5795594831
2.5,872,380322.97348882403
2.5,873,3614685.560858159
2.5,874,2174873.8951263153
2.5,875,1780843.3966752512
2.5,876,1655852.1845443232
2.5,877,1209298.219122753
2.5,878,1070763.4441266952
2.5,879,596274.7590827451
2.5,880,720913.0040085118
2.5,881,3610879.3614615696
2.5,882,5557621.908718135
2.5,883,531572.8659582174
2.5,884,1465511.086057252
2.5,885,3504890.596249552
2.5,886,807274.9395086281
2.5,887,3352176.34852703
2.5,888,266963.1217226636
2.5,889,771254.0813705786
2.5,890,596388.2277346234
2.5,891,6234313.947221887
2.5,892,4603798.482274999
2.5,893,4365595.694981673
2.5,894,314524.7739503165
2.5,895,1689638.7041403349
2.5,896,1315742.4740741483
2.5,897,414882.1294123057
2.5,898,3445006.6504260926
2.5,899,2554599.0537243057
2.5,900,800303.0485288865
2.5,901,1903015.7714689474
2.5,902,5185027.983149739
2.5,903,3818187.9683944164
2.5,904,2493749.4419354387
2.5,905,3391437.5957726594
2.5,906,4771667.472161373
2.5,907,1172988.309611456
2.5,908,2665609.0258407374
2.5,909,498445.56463710574
2.5,910,1920315.7539574495
2.5,911,4964817.002727355
2.5,912,4075423.244748675
2.5,913,3461496.621775831
2.5,914,1941285.6237096689
2.5,915,2163021.6115332367
2.5,916,898227.7066128973
2.5,917,4189592.802017195
2.5,918,518424.39610172366
2.5,919,1723651.2872638963
2.5,920,2121333.2541535166
2.5,921,1127782.1525472612
2.5,922,3821724.467757554
2.5,923,5073840.514752487
2.5,924,2363675.2132866834
2.5,925,685322.8859009087
2.5,926,2249943.9766218266
2.5,927,1654682.0285445047
2.5,928,757161.9110080189
2.5,929,4230991.084224477
2.5,930,5975373.761455463
2.5,931,726757.4850111118
2.5,932,373337.35488465586
2.5,933,4177826.1466345033
2.5,934,634753.379850284
2.5,935,2305238.339704693
2.5,936,1199606.8804065313
2.5,937,416628.7674081983
2.5,938,3258321.5359827746
2.5,939,181189.90349797622
2.5,940,1207094.5919079394
2.5,941,1613020.391484965
2.5,942,200752.75482788894
2.5,943,3389149.700410022
2.5,944,2163091.4616964725
2.5,945,6059684.575735609
2.5,946,4311101.6386761535
2.5,947,3440232.449438286
2.5,948,3102182.9080123324
2.5,949,2425839.6409018342
2.5,950,1430522.1231550816
2.5,951,2413161.3903462794
2.5,952,3697728.368558108
2.5,953,151065.20509772352
2.5,954,1407416.6564227038
2.5,955,2125696.03722337
2.5,956,854131.4024224684
2.5,957,891711.5582991942
2.5,958,2824367.606353385
2.5,959,2151861.6603884627
2.5,960,551758.6450269097
2.5,961,1577167.1197903394
2.5,962,6397386.184815408
2.5,963,3847728.6560172993
2.5,964,204569.4685799635
2.5,965,301772.7000010417
2.5,966,924083.3923935582
2.5,967,3830423.5753037976
2.5,968,602931.6694702109
2.5,969,3874818.8637081976
2.5,970,103125.95750778314
2.5,971,565793.9821334586
2.5,972,2934854.766518794
2.5,973,3655766.144422065
2.5,974,5226271.6201330535
2.5,975,2831642.156093122
2.5,976,893976.7947078814
2.5,977,2553501.0690189516
2.5,978,2522846.417367507
2.5,979,8028187.699208945
2.5,980,1155444.1009836555
2.5,981,3654166.0217486243
2.5,982,497660.27600292914
2.5,983,3575683.2593473475
2.5,984,3670549.8198279887
2.5,985,1195428.278447839
2.5,986,761137.1893082442
2.5,987,4060631.2859223825
2.5,988,1510508.0660738577
2.5,989,1837206.9883871882
2.5,990,2543515.692912902
2.5,991,6409703.9697586745
2.5,992,756447.0546638267
2.5,993,5543054.802552412
2.5,994,7563233.162650714
2.5,995,1423434.071711966
2.5,996,429390.4720742046
2.5,997,3335224.0366728427
2.5,998,352010.1594322931
2.5,999,6503384.111411927
2.5,1000,3197238.716230776
2.5,1001,3512666.6084162206
2.5,1002,859019.4697245047
2.5,1003,201700.6019006451
2.5,1004,6547003.353865536
2.5,1005,5188642.267905283
2.5,1006,1021408.4388249663
2.5,1007,5388100.566917401
2.5,1008,2898458.870643672
2.5,1009,1245640.6740829353
2.5,1010,773316.7348045534
2.5,1011,8360542.152481311
2.5,1012,2120814.439134653
2.5,1013,602668.5231637636
2.5,1014,1735208.916342013
2.5,1015,4760519.9361401
2.5,1016,1032156.7535629084
2.5,1017,1670999.0975166215
2.5,1018,4931246.358056681
2.5,1019,121181.86362890185
2.5,1020,138571.35285937157
2.5,1021,1173909.1794762963
2.5,1022,1606394.2062980693
2.5,1023,1349293.6474884152
2.5,1024,1936604.3364149653
2.5,1025,671106.9668542314
2.5,1026,1681516.152179525
2.5,1027,2049111.9433143518
2.5,1028,4219402.904724993
2.5,1029,1565397.2055326991
2.5,1030,837355.2578568254
2.5,1031,1221674.4401522002
2.5,1032,2406850.242054836
2.5,1033,4351010.448028682
2.5,1034,505882.2657801066
2.5,1035,3847574.4875193867
2.5,1036,3021880.585444724
2.5,1037,407020.1504699032
2.5,1038,1883991.9135964515
2.5,1039,2021919.2023302736
2.5,1040,317318.1126812239
2.5,1041,638769.9549948265
2.5,1042,1353605.2121895156
2.5,1043,3165218.0613230336
2.5,1044,818855.6857013619
2.5,1045,1543615.1256888148
2.5,1046,1953201.9041641543
2.5,1047,1030028.9598465391
2.5,1048,1026272.1635408757
2.5,1049,855915.4860810767
2.5,1050,3972434.807659961
2.5,1051,4600765.667218334
2.5,1052,3172372.0737000895
2.5,1053,1273153.860869651
2.5,1054,4112356.999683227
2.5,1055,942822.2987287717
2.5,1056,1669251.557110988
2.5,1057,1174137.3311726965
2.5,1058,3485471.4051395934
2.5,1059,4931322.71601411
2.5,1060,3875064.235349036
2.5,1061,805725.8913280051
2.5,1062,1006929.301045539
2.5,1063,1244992.7555052938
2.5,1064,2678487.0105138114
2.5,1065,2161685.7345054178
2.5,1066,2945508.5466250936
2.5,1067,6404555.50978135
2.5,1068,691586.1574199285
2.5,1069,4796851.15402092
2.5,1070,2614495.9700487894
2.5,1071,1743863.794979044
2.5,1072,381920.8169120102
2.5,1073,5093394.007425805
2.5,1074,4347968.766206992
2.5,1075,1065292.287978488
2.5,1076,1034796.2333259722
2.5,1077,2311850.6369309295
2.5,1078,2128689.339348124
2.5,1079,3007821.6427361527
2.5,1080,4021245.1262108083
2.5,1081,3886241.609849686
2.5,1082,3321146.554058737
2.5,1083,3692994.076102456
2.5,1084,2609685.02667922
2.5,1085,1900974.6997168541
2.5,1086,3011001.9397753538
2.5,1087,1732688.138836318
2.5,1088,726294.7077283417
2.5,1089,3538223.104889898
2.5,1090,4669445.584319737
2.5,1091,576153.4446498369
2.5,1092,641611.8852519157
2.5,1093,1892143.9052400857
2.5,1094,273461.0475915506
2.5,1095,1357115.7354575954
2.5,1096,803540.904273784
2.5,1097,1486301.8474399743
2.5,1098,8000326.7235595435
2.5,1099,4840566.673911652
2.5,1100,5277269.539918305
2.5,1101,1368225.8864894228
2.5,1102,4940688.096399691
2.5,1103,3685467.9877598626
2.5,1104,8136377.814619198
2.5,1105,1489325.2338934578
2.5,1106,6545419.067061354
2.5,1107,942504.794385573
2.5,1108,754216.3469202262
2.5,1109,1052993.9832710046
2.5,1110,6689373.897258244
2.5,1111,470347.95473704033
2.5,1112,3584037.8471838627
2.5,1113,3857484.450008124
2.5,1114,1419430.737456293
2.5,1115,810274.0697692318
2.5,1116,5017796.762876334
2.5,1117,245210.8323565595
2.5,1118,498775.67366795056
2.5,1119,2951951.192770862
2.5,1120,1216021.7649343966
2.5,1121,554373.785437352
2.5,1122,1937051.9066705755
2.5,1123,4199777.758078126
2.5,1124,4084408.2337700115
2.5,1125,5573410.149047265
2.5,1126,2449500.89640645
2.5,1127,492110.4754181206
2.5,1128,2110636.4704831983
2.5,1129,5595176.964290373
2.5,1130,4793905.84965606
2.5,1131,1151768.8705234644
2.5,1132,2141625.2285706503
2.5,1133,697800.1764311683
2.5,1134,1137940.2620736926
2.5,1135,6566451.05830103
2.5,1136,5723466.286577722
2.5,1137,1088343.6443804493
2.5,1138,3232062.3842439563
2.5,1139,1211379.909817715
2.5,1140,8154456.439007971
2.5,1141,1785230.4723029549
2.5,1142,1902464.7818064091
2.5,1143,3120409.615566272
2.5,1144,2520152.2057481785
2.5,1145,6312092.708989971
2.5,1146,721448.4125690273
2.5,1147,484733.63929076603
2.5,1148,3675978.848439473
2.5,1149,210706.2997642926
2.5,1150,965457.4030892953
2.5,1151,5228659.410895694
2.5,1152,188567.23576583737
2.5,1153,2170624.440994357
2.5,1154,611697.0517089831
2.5,1155,5542232.670122093
2.5,1156,1476890.2790992407
2.5,1157,5060005.13567676
2.5,1158,2935279.282956899
2.5,1159,4475053.376652012
2.5,1160,4919097.477523013
2.5,1161,1883668.3300721843
2.5,1162,1554683.998374248
2.5,1163,2253999.6503284164
2.5,1164,901580.3646102648
2.5,1165,3626960.0531096803
2.5,1166,1882249.372884479
2.5,1167,6563090.405042504
2.5,1168,220361.22935132842
2.5,1169,2027445.7037141463
2.5,1170,1151012.7286873516
2.5,1171,3019523.040845407
2.5,1172,736334.0312935617
2.5,1173,118780.10734342836
2.5,1174,1697241.6820211702
2.5,1175,1667356.2355289292
2.5,1176,3225161.143500035
2.5,1177,3213538.963144673
2.5,1178,1490450.6074278522
2.5,1179,182699.3899094602
2.5,1180,787148.8980512021
2.5,1181,6443586.87187672
2.5,1182,4945430.722695566
2.5,1183,3054630.0974419327
2.5,1184,1246431.0181990056
2.5,1185,736077.9804780919
2.5,1186,1812603.273794617
2.5,1187,1282413.8307173788
2.5,1188,5940579.932711624
2.5,1189,2970136.1607734733
2.5,1190,3086683.6174426894
2.5,1191,2845431.0949440296
2.5,1192,5764640.240806801
2.5,1193,2440938.0189212384
2.5,1194,688577.6822688925
2.5,1195,2476582.5429779044
2.5,1196,1103101.2569417136
2.5,1197,3223296.9614221
2.5,1198,2898403.3369417093
2.5,1199,2601287.541719185
2.5,1200,1160178.919036912
2.5,1201,4204962.117198614
2.5,1202,1195343.8447236712
2.5,1203,1230278.4544299783
2.5,1204,3372128.3004908143
2.5,1205,2233264.192981356
2.5,1206,5760082.8899481725
2.5,1207,6391888.571161859
2.5,1208,345864.5780088017
2.5,1209,7578875.759065981
2.5,1210,1179413.965266495
2.5,1211,2516533.972974753
2.5,1212,3889130.779749577
2.5,1213,4996200.730324253
2.5,1214,3205874.9542613206
2.5,1215,4426897.01285201
2.5,1216,3001274.2244938808
2.5,1217,805122.2735513714
2.5,1218,4977835.105707595
2.5,1219,6311538.713592067
2.5,1220,3290423.7221913976
2.5,1221,4019299.9022966186
2.5,1222,5568761.034732865
2.5,1223,1248700.2968800021
2.5,1224,1122298.2635374279
2.5,1225,684501.9803122841
2.5,1226,4642094.325955963
2.5,1227,5813178.875619978
2.5,1228,2613972.293975952
2.5,1229,4624298.02179664
2.5,1230,743704.5141169648
2.5,1231,1267076.667045901
2.5,1232,7394799.204381386
2.5,1233,313304.47005657025
2.5,1234,3708511.386159627
2.5,1235,1131245.3420330735
2.5,1236,2760063.3386925547
2.5,1237,3168009.7237656703
2.5,1238,215349.29735769867
2.5,1239,1136475.6737542255
2.5,1240,3699796.1250685947
2.5,1241,2068767.486195196
2.5,1242,1392774.8892856184
2.5,1243,4734787.896609478
2.5,1244,3644317.3813195024
2.5,1245,2709023.341110275
2.5,1246,801660.1675603612
2.5,1247,5614312.863283118
2.5,1248,2529491.788291819
2.5,1249,4203754.413599619
2.5,1250,2003502.1251333058
2.5,1251,723842.3971626684
2.5,1252,1314944.5852568233
2.5,1253,484972.87680000335
2.5,1254,4467716.039589286
2.5,1255,347004.33851587074
2.5,1256,211692.742767893
2.5,1257,1615548.896864447
2.5,1258,1020825.2899856925
2.5,1259,851492.5860623417
2.5,1260,874522.4321473993
2.5,1261,6511890.679222219
2.5,1262,1075207.6564247115
2.5,1263,905787.17233797
2.5,1264,1655850.6527691144
2.5,1265,3979603.789243752
2.5,1266,2578362.5897582164
2.5,1267,204238.1632308647
2.5,1268,4057577.8575378195
2.5,1269,861599.772919348
2.5,1270,3208515.8715447946
2.5,1271,3829604.394434931
2.5,1272,4674665.657855047
2.5,1273,3265966.4741133363
2.5,1274,1310843.2349440623
2.5,1275,634514.6293361402
2.5,1276,2823001.5257831663
2.5,1277,1287806.1032377386
2.5,1278,3211305.211988144
2.5,1279,1067980.8854158854
2.5,1280,1865085.5017709038
2.5,1281,1008965.7248611887
2.5,1282,2143389.571092367
2.5,1283,1383731.7888317057
2.5,1284,3633467.1739578
2.5,1285,857970.2915363729
2.5,1286,5223313.228317762
2.5,1287,1539276.018227979
2.5,1288,2158300.3309738077
2.5,1289,1450605.3430362628
2.5,1290,717154.677697307
2.5,1291,443591.26230112405
2.5,1292,891957.6795170535
2.5,1293,519632.05916086386
2.5,1294,1290755.8039885196
2.5,1295,1346082.633096592
2.5,1296,3099599.200520972
2.5,1297,3614740.299286915
2.5,1298,1833396.4454882676
2.5,1299,943727.3527858525
2.5,1300,840847.1451513371
2.5,1301,3278319.818018338
2.5,1302,1540346.356804748
2.5,1303,333875.553586717
2.5,1304,899834.4431757673
2.5,1305,3483795.495152248
2.5,1306,811320.9594547119
2.5,1307,2945343.8032315797
2.5,1308,1526134.51335234
2.5,1309,222270.7172700096
2.5,1310,103217.95231184977
2.5,1311,420044.91648780525
2.5,1312,825195.1659015546
2.5,1313,4092554.231956424
2.5,1314,3065035.1292724954
2.5,1315,3015037.8082678476
2.5,1316,4701702.535832095
2.5,1317,219570.71662948243
2.5,1318,470172.3506339157
2.5,1319,3465392.7339666146
2.5,1320,1564408.5365402522
2.5,1321,1218264.949501238
2.5,1322,801840.8084193583
2.5,1323,3359660.0771160796
2.5,1324,3411467.4954865007
2.5,1325,3075619.6245169532
2.5,1326,345398.71369391825
2.5,1327,2756317.2316467147
2.5,1328,1235211.118401359
2.5,1329,3890001.7520654565
2.5,1330,1510173.9522088622
2.5,1331,424041.6171774848
2.5,1332,4211181.2144587925
2.5,1333,2012637.4263189305
2.5,1334,4629237.7523354385
2.5,1335,1398270.3816357865
2.5,1336,1602471.032599707
2.5,1337,1375226.8901069865
2.5,1338,664621.0252961433
2.5,1339,4621156.236597984
2.5,1340,5195341.244382246
2.5,1341,528201.940874065
2.5,1342,5458796.630922077
2.5,1343,2738901.8994957632
2.5,1344,806964.9421544939
2.5,1345,1319100.7554349706
2.5,1346,1097012.6756537159
2.5,1347,360198.3629530891
2.5,1348,415611.5945339327
2.5,1349,582060.0303058384
2.5,1350,621432.7003450054
2.5,1351,5454806.503249205
2.5,1352,2309045.3839015295
2.5,1353,255737.8460321582
2.5,1354,818913.4381322908
2.5,1355,1530872.9511601063
2.5,1356,3101122.24319747
2.5,1357,2504190.522458262
2.5,1358,5523630.616686137
2.5,1359,376521.51475511724
2.5,1360,1897438.3853780744
2.5,1361,4049624.199782272
2.5,1362,2720881.886085851
2.5,1363,947024.9805638609
2.5,1364,3604595.0545092085
2.5,1365,1218248.569231246
2.5,1366,1810776.837665194
2.5,1367,1676492.812408918
2.5,1368,2183279.2139166635
2.5,1369,194235.32930393942
2.5,1370,3440679.3748976383
2.5,1371,1604269.7897984893
2.5,1372,4889599.619534783
2.5,1373,3242423.560529984
2.5,1374,1090604.5719772386
2.5,1375,429908.2824681705
2.5,1376,1516206.7476700055
2.5,1377,1743846.5386033598
2.5,1378,6949949.994466174
2.5,1379,6548199.137931264
2.5,1380,840639.9140778198
2.5,1381,610881.3585490208
2.5,1382,103119.75016056483
2.5,1383,2185849.898629306
2.5,1384,1496544.849855047
2.5,1385,953634.4724356064
2.5,1386,2690335.850594372
2.5,1387,486877.2841448815
2.5,1388,2251481.4982105494
2.5,1389,3636791.545282414
2.5,1390,477326.1113763281
2.5,1391,2064798.032921421
2.5,1392,150096.93688468143
2.5,1393,6009150.493633497
2.5,1394,1384557.6821241474
2.5,1395,1701309.0241068709
2.5,1396,449367.6503900536
2.5,1397,3254523.4327029157
2.5,1398,3466331.29646496
2.5,1399,163454.73377875992
2.5,1400,1771042.4894464258
2.5,1401,1887065.0312614965
2.5,1402,3694436.311102409
2.5,1403,168447.21428774163
2.5,1404,264409.5001276672
2.5,1405,1952521.8164377213
2.5,1406,2416226.201728699
2.5,1407,2105840.6683978355
2.5,1408,3392568.4245702773
2.5,1409,845273.6639862524
2.5,1410,2377912.6974262
2.5,1411,3537472.8878615033
2.5,1412,1616230.0417069308
2.5,1413,1614260.362110146
2.5,1414,3658179.7597430497
2.5,1415,930278.1089425947
2.5,1416,1523530.1958990002
2.5,1417,876780.3395485821
2.5,1418,103910.13051505922
2.5,1419,464105.67754631775
2.5,1420,1299566.2509196426
2.5,1421,1131883.348003712
2.5,1422,1375393.450275513
2.5,1423,103352.04977568497
2.5,1424,4425262.630536335
2.5,1425,4060075.7118091504
2.5,1426,6553490.277895248
2.5,1427,2479445.8457806734
2.5,1428,825069.6301681785
2.5,1429,2797779.3426440167
2.5,1430,148274.16257953423
2.5,1431,2112250.8736212165
2.5,1432,2414260.6406335197
2.5,1433,2197734.6250714157
2.5,1434,4820508.495517757
2.5,1435,129014.67742412999
2.5,1436,3859901.679306116
2.5,1437,2923933.761927159
2.5,1438,2096071.0667860175
2.5,1439,5600214.302930003
2.5,1440,3121383.6510901507
2.5,1441,442168.55370553595
2.5,1442,134847.0919138524
2.5,1443,7002490.09583173
2.5,1444,3648829.764531959
2.5,1445,2048041.8061963203
2.5,1446,8894615.495921288
2.5,1447,2669986.808186781
2.5,1448,2109284.0088936794
2.5,1449,2370673.981471712
2.5,1450,1875425.836574507
2.5,1451,2602978.046300915
2.5,1452,4931556.24554794
2.5,1453,1436578.9014250585
2.5,1454,2333179.740957221
2.5,1455,653296.9010524128
2.5,1456,1043766.0360183262
2.5,1457,3339274.9556871145
2.5,1458,199337.005286241
2.5,1459,980699.2984957669
2.5,1460,2024095.7909865077
2.5,1461,319665.14098186174
2.5,1462,3841842.277439381
2.5,1463,1816947.5011117382
2.5,1464,2239970.736012249
2.5,1465,7223149.353266286
2.5,1466,938710.4415386994
2.5,1467,1852856.513882158
2.5,1468,3554805.4867243166
2.5,1469,715264.4781258885
2.5,1470,550344.6832278444
2.5,1471,229905.6591775332
2.5,1472,1335579.4058739576
2.5,1473,5138523.587291416
2.5,1474,5527883.475119335
2.5,1475,216050.99830002917
2.5,1476,2164472.6131783514
2.5,1477,3416285.915918306
2.5,1478,2163615.896611666
2.5,1479,809231.5525313694
2.5,1480,5854235.041717585
2.5,1481,1215350.2032775385
2.5,1482,861030.6348931971
2.5,1483,814907.3697985945
2.5,1484,2925143.26244729
2.5,1485,161157.00316858836
2.5,1486,988863.021277335
2.5,1487,1403367.6940267733
2.5,1488,5614203.713058164
2.5,1489,1651953.216699708
2.5,1490,3112142.9669200154
2.5,1491,3456604.476019372
2.5,1492,458281.721623928
2.5,1493,1151092.3920721198
2.5,1494,1820611.9889785282
2.5,1495,3027629.850166495
2.5,1496,3458635.1886821515
2.5,1497,661120.0711857659
2.5,1498,234802.41524907213
2.5,1499,3363753.460022838
2.5,1500,1064276.5108162358
2.5,1501,3829569.9203293812
2.5,1502,7147757.203853011
2.5,1503,2048861.9252513153
2.5,1504,4781580.010016221
2.5,1505,102867.09968768843
2.5,1506,1704177.4563607648
2.5,1507,4554100.843879348
2.5,1508,1978202.1535458607
2.5,1509,4958937.773285203
2.5,1510,1946391.61905972
2.5,1511,538520.0259883365
2.5,1512,4383823.8096489655
2.5,1513,2173565.767907414
2.5,1514,103726.61621491458
2.5,1515,4024654.4587622886
2.5,1516,789090.1503829006
2.5,1517,260745.20947862303
2.5,1518,4970975.982823083
2.5,1519,1008377.0238539306
2.5,1520,1297752.2339787364
2.5,1521,607855.7960509859
2.5,1522,5035227.459679721
2.5,1523,919927.0614594967
2.5,1524,1114626.5999814454
2.5,1525,4708189.592477082
2.5,1526,499892.3767612737
2.5,1527,6240145.066830441
2.5,1528,1136061.1952163535
2.5,1529,5746081.442789646
2.5,1530,1016221.8855442335
2.5,1531,1885789.7528912849
2.5,1532,1503931.0533805504
2.5,1533,7077354.797302518
2.5,1534,4575572.4576330455
2.5,1535,3003716.485835413
2.5,1536,2674546.549717037
2.5,1537,5481867.937253341
2.5,1538,5040580.162040912
2.5,1539,1224732.1363557093
2.5,1540,2651583.2996641025
2.5,1541,645357.2292177224
2.5,1542,746283.5822251192
2.5,1543,1441250.5244292668
2.5,1544,1063191.75090017
2.5,1545,2662585.5526043028
2.5,1546,3370984.893121546
2.5,1547,6610517.237585403
2.5,1548,2251995.9647770002
2.5,1549,2408456.9292675117
2.5,1550,855921.7009881767
2.5,1551,6818846.526486053
2.5,1552,4151980.723470766
2.5,1553,3128244.346598174
2.5,1554,4656683.586558614
2.5,1555,103521.2151128587
2.5,1556,1738267.695596621
2.5,1557,983245.5047974994
2.5,1558,4550874.012859777
2.5,1559,671074.3260238254
2.5,1560,1015000.5883547596
2.5,1561,5283575.551651475
2.5,1562,1671008.4371952713
2.5,1563,1897088.834449437
2.5,1564,1614973.5863453362
2.5,1565,981672.1250556712
2.5,1566,1380287.774230014
2.5,1567,4305225.410370543
2.5,1568,1570048.9179891353
2.5,1569,2322921.5259950166
2.5,1570,3489071.744505377
2.5,1571,2698998.196225233
2.5,1572,4430329.287912473
2.5,1573,830025.3819980939
2.5,1574,3547322.0071268557
2.5,1575,4331161.09133171
2.5,1576,2666147.5306139234
2.5,1577,4701693.2039350225
2.5,1578,823902.6111139534
2.5,1579,413063.59957737976
2.5,1580,1260753.9975968436
2.5,1581,2872586.937417384
2.5,1582,618317.262542442
2.5,1583,4315299.892273042
2.5,1584,4089082.766541755
2.5,1585,641882.2510725423
2.5,1586,2335292.030645825
2.5,1587,2726551.702046741
2.5,1588,1076224.8733255975
2.5,1589,1882679.9832512247
2.5,1590,735357.9892255027
2.5,1591,2898999.8248329265
2.5,1592,569341.4608680877
2.5,1593,1468350.5816844977
2.5,1594,5044478.839431969
2.5,1595,4241061.926255894
2.5,1596,3814024.0106421863
2.5,1597,2734904.8768970347
2.5,1598,2568674.2902120934
2.5,1599,6092112.92110744
2.5,1600,559539.6661223817
2.5,1601,3959983.7833759366
2.5,1602,550375.4442533655
2.5,1603,3551223.2131998767
2.5,1604,1295699.5615649205
2.5,1605,2379671.6899133255
2.5,1606,1038439.8190266228
2.5,1607,671777.2017996792
2.5,1608,2310092.567323472
2.5,1609,1256047.9951560327
2.5,1610,1793449.331687652
2.5,1611,3785973.246869082
2.5,1612,474838.58286671544
2.5,1613,1965223.2854849491
2.5,1614,3008478.6032775757
2.5,1615,1331765.88680517
2.5,1616,535301.6002126369
2.5,1617,1238678.391958538
2.5,1618,784963.1716262506
2.5,1619,183635.30426947214
2.5,1620,549558.9912230227
2.5,1621,570497.5893278271
2.5,1622,4008770.7427130383
2.5,1623,1630275.8167100614
2.5,1624,1244224.2532188
2.5,1625,318023.4206163228
2.5,1626,3143348.5003430424
2.5,1627,1401460.1387317805
2.5,1628,2477821.076782388
2.5,1629,458155.79908387107
2.5,1630,2267421.3528647693
2.5,1631,804599.1925839027
2.5,1632,2790441.0956773
2.5,1633,1114831.8533241733
2.5,1634,510348.458532448
2.5,1635,2123179.0377108715
2.5,1636,2644697.624312285
2.5,1637,7151035.429404164
2.5,1638,3522657.826019479
2.5,1639,1615830.240608149
2.5,1640,2280556.1665632036
2.5,1641,4827219.11069863
2.5,1642,3327929.1232987945
2.5,1643,7014267.556062936
2.5,1644,4541290.696568752
2.5,1645,699775.5887549479
2.5,1646,1602551.292899826
2.5,1647,1024812.1800477083
2.5,1648,910980.8663254029
2.5,1649,2087038.786401324
2.5,1650,5128435.764925271
2.5,1651,4841856.842585437
2.5,1652,3456365.609111999
2.5,1653,1172558.2804568578
2.5,1654,3745629.9923723144
2.5,1655,468082.5688473418
2.5,1656,1130997.9586867238
2.5,1657,2835109.401291783
2.5,1658,2471143.136207724
2.5,1659,2734280.1822915245
2.5,1660,1691641.329318407
2.5,1661,787400.8748891527
2.5,1662,1108148.8527789256
2.5,1663,4023559.109549229
2.5,1664,5869482.297342876
2.5,1665,497041.14068912977
2.5,1666,5129615.163925257
2.5,1667,2125506.9050122947
2.5,1668,1193212.2877414054
2.5,1669,3395865.6327979555
2.5,1670,5442301.799640815
2.5,1671,1491893.6750398257
2.5,1672,1775624.3000691975
2.5,1673,5199995.422101199
2.5,1674,553152.0097296927
2.5,1675,3851191.5858296463
2.5,1676,3599447.2220739117
2.5,1677,1290803.2545423135
2.5,1678,705406.6999530556
2.5,1679,2969528.0188394226
2.5,1680,765528.7495208887
2.5,1681,5157152.51531675
2.5,1682,4144754.7078087176
2.5,1683,521407.7742281493
2.5,1684,338880.17386510136
2.5,1685,1511895.7066744545
2.5,1686,1818102.3187273396
2.5,1687,120895.13442553845
2.5,1688,916203.909760392
2.5,1689,1191454.7336516862
2.5,1690,3972437.932550069
2.5,1691,2985138.709101856
2.5,1692,2169618.3556512487
2.5,1693,2011772.6213933772
2.5,1694,5788696.103625661
2.5,1695,3610624.622408226
2.5,1696,2806164.6656644205
2.5,1697,853651.8496596955
2.5,1698,1082290.920595909
2.5,1699,2018594.5187821812
2.5,1700,1494261.705187702
2.5,1701,4821986.788554728
2.5,1702,872403.5554636488
2.5,1703,4439829.758113485
2.5,1704,2225165.7487998935
2.5,1705,1727114.5464522736
2.5,1706,3618787.5080337753
2.5,1707,3546939.7875472
2.5,1708,4319662.380929867
2.5,1709,1396412.7025865496
2.5,1710,4000518.9340734337
2.5,1711,1880065.962357183
2.5,1712,749441.5656015703
2.5,1713,3849749.1960424264
2.5,1714,2588266.8213800103
2.5,1715,2511056.0290149273
2.5,1716,1121443.8558528912
2.5,1717,2133427.3509485857
2.5,1718,3784261.2619986027
2.5,1719,3536257.277160954
2.5,1720,289134.8220313615
2.5,1721,1069588.4978415372
2.5,1722,1213954.1858512599
2.5,1723,5301531.304136436
2.5,1724,2342603.1528590964
2.5,1725,221322.74522165407
2.5,1726,4320145.285602197
2.5,1727,3226246.5470205974
2.5,1728,102727.33595299654
2.5,1729,587249.2210654338
2.5,1730,1521377.8541640507
2.5,1731,6374435.70339147
2.5,1732,3321298.3625240023
2.5,1733,148043.01518059586
2.5,1734,4863083.194170318
2.5,1735,2720128.218416258
2.5,1736,923059.6291913178
2.5,1737,5234559.967514124
2.5,1738,605300.453803346
2.5,1739,1059386.9720226286
2.5,1740,1131602.055277998
2.5,1741,3401272.2361976374
2.5,1742,4204174.165224455
2.5,1743,4766219.469247835
2.5,1744,3267825.657017391
2.5,1745,209427.5923755181
2.5,1746,1047729.1554434695
2.5,1747,317066.7317172044
2.5,1748,244194.70331094938
2.5,1749,5024847.102673305
2.5,1750,939346.3945493985
2.5,1751,2965566.8265184206
2.5,1752,1818109.8983598575
2.5,1753,2234596.120887569
2.5,1754,3058313.8579967823
2.5,1755,770303.878995419
2.5,1756,3307128.4371485068
2.5,1757,2632094.592010106
2.5,1758,1944306.827164045
2.5,1759,965959.4172305397
2.5,1760,2671198.119062456
2.5,1761,3734218.489813773
2.5,1762,6401457.021567145
2.5,1763,867153.0376295792
2.5,1764,3094827.414838453
2.5,1765,1915779.5582833355
2.5,1766,2106970.0996245355
2.5,1767,1253817.6140453748
2.5,1768,1486647.0554560144
2.5,1769,5201593.586654582
2.5,1770,3573841.870297258
2.5,1771,5953522.6585253235
2.5,1772,1165036.2027187545
2.5,1773,4174083.571711942
2.5,1774,3796555.0301256324
2.5,1775,3036641.28518793
2.5,1776,1425564.7415638007
2.5,1777,1431551.8293812766
2.5,1778,599129.7402288354
2.5,1779,751603.6347828691
2.5,1780,1213606.3104870147
2.5,1781,5164170.163386254
2.5,1782,994816.6754439719
2.5,1783,345020.514817843
2.5,1784,4927971.632233601
2.5,1785,901434.8449785132
2.5,1786,5349896.139955288
2.5,1787,1475511.0498493935
2.5,1788,3820831.5472659688
2.5,1789,1575998.40833018
2.5,1790,326643.8263559239
2.5,1791,1849460.3206084436
2.5,1792,2553207.867973416
2.5,1793,4787104.672515072
2.5,1794,6253054.820907662
2.5,1795,1556179.2369061662
2.5,1796,2909295.241416081
2.5,1797,3119905.9850341063
2.5,1798,1217483.343482635
2.5,1799,863070.0615511038
2.5,1800,4025741.983956901
2.5,1801,3703835.907514552
2.5,1802,4073173.5225867676
2.5,1803,3526854.694473854
2.5,1804,685241.791719574
2.5,1805,3096972.276712545
2.5,1806,478702.1396779705
2.5,1807,1595485.0361018605
2.5,1808,1141940.8558818197
2.5,1809,1655308.0738316511
2.5,1810,5591272.626963287
2.5,1811,2917367.1341200927
2.5,1812,3041418.100478313
2.5,1813,4252271.721038718
2.5,1814,7287956.205311936
2.5,1815,985367.5745410593
2.5,1816,3769287.8662426583
2.5,1817,2520280.5806499515
2.5,1818,833390.1012154393
2.5,1819,1983968.4249056634
2.5,1820,278446.02680331323
2.5,1821,6293547.668267504
2.5,1822,1309852.814074168
2.5,1823,1220292.2861261277
2.5,1824,279231.7104949609
2.5,1825,3223609.1975871655
2.5,1826,1610223.0596234743
2.5,1827,5406212.061741888
2.5,1828,2908516.0167248603
2.5,1829,4067070.3507330385
2.5,1830,177223.83081711514
2.5,1831,3466477.6600327585
2.5,1832,2155203.6564822835
2.5,1833,662081.2101653238
2.5,1834,1364477.742781345
2.5,1835,2661421.808665364
2.5,1836,3801737.7777878772
2.5,1837,5201024.613372993
2.5,1838,6362359.622650249
2.5,1839,4446303.985057111
2.5,1840,5388772.682754121
2.5,1841,1577598.5928797359
2.5,1842,4541788.065164663
2.5,1843,3055313.276697745
2.5,1844,4825462.196622476
2.5,1845,1074645.580867935
2.5,1846,807867.419523814
2.5,1847,985710.9264043776
2.5,1848,118460.29154857619
2.5,1849,7207902.341841007
2.5,1850,1212245.8387734387
2.5,1851,4406528.289383805
2.5,1852,1381373.1091527888
2.5,1853,414025.952623058
2.5,1854,156907.2873160653
2.5,1855,4456635.537220994
2.5,1856,1249330.4968582282
2.5,1857,3604483.43366473
2.5,1858,1009830.9218190074
2.5,1859,1007636.4808559623
2.5,1860,2049311.655811754
2.5,1861,6328778.557053551
2.5,1862,265865.29904179514
2.5,1863,2469548.2668234534
2.5,1864,943794.6507203635
2.5,1865,5701649.389227913
2.5,1866,2151723.8240464022
2.5,1867,1303669.6849165312
2.5,1868,4213730.6563705215
2.5,1869,7329429.498650924
2.5,1870,2668675.000595953
2.5,1871,1474639.4187976224
2.5,1872,1530482.124049543
2.5,1873,1269102.6201432692
2.5,1874,1932713.4716119515
2.5,1875,3397786.4689727016
2.5,1876,681046.5172246662
2.5,1877,2997746.7203154475
2.5,1878,1568194.2187612385
2.5,1879,260393.971628881
2.5,1880,749389.5182918544
2.5,1881,2211096.9702482
2.5,1882,1083735.8842981164
2.5,1883,150320.50600958275
2.5,1884,1224965.5551591022
2.5,1885,1794515.298629238
2.5,1886,1468128.0298978498
2.5,1887,1596797.0018528805
2.5,1888,5056116.646237759
2.5,1889,946018.3727914148
2.5,1890,879436.44846862
2.5,1891,2697000.528684113
2.5,1892,1099233.4580553207
2.5,1893,1111753.590952148
2.5,1894,1166899.4454145138
2.5,1895,3928229.031991159
2.5,1896,5903676.454715032
2.5,1897,1147292.9148331082
2.5,1898,3075938.9853960937
2.5,1899,3389064.3707075743
2.5,1900,799243.692469303
2.5,1901,1954579.788007964
2.5,1902,129638.52951810871
2.5,1903,475981.43875582406
2.5,1904,2145687.1094782874
2.5,1905,2522714.424304014
2.5,1906,720250.4838001856
2.5,1907,103408.81276005105
2.5,1908,3866202.464027823
2.5,1909,1379522.936064106
2.5,1910,2628793.0234364076
2.5,1911,1026209.8739671424
2.5,1912,1171678.9462319873
2.5,1913,2930886.839070228
2.5,1914,564764.0353111163
2.5,1915,3068698.793629615
2.5,1916,2994753.0866249152
2.5,1917,4562376.557579723
2.5,1918,1539711.4093320218
2.5,1919,584718.6596535859
2.5,1920,2816814.441550727
2.5,1921,1192132.3717560135
2.5,1922,2476631.4711084273
2.5,1923,2766398.7303253487
2.5,1924,510573.9954042712
2.5,1925,1165280.8886185754
2.5,1926,1553344.3186708034
2.5,1927,460252.095653548
2.5,1928,1309857.4008420685
2.5,1929,332651.53998882964
2.5,1930,4824367.358172556
2.5,1931,1928179.372336176
2.5,1932,7397289.697266283
2.5,1933,3480956.0288309683
2.5,1934,516447.8325593691
2.5,1935,5354415.990817525
2.5,1936,1568352.2430624785
2.5,1937,2582219.8368502427
2.5,1938,1011260.986773965
2.5,1939,4452158.431720504
2.5,1940,930746.6157686813
2.5,1941,1115245.1084879641
2.5,1942,2867755.0568550006
2.5,1943,1238201.6165377174
2.5,1944,4093040.6435953933
2.5,1945,4428757.316247433
2.5,1946,2441793.3546818444
2.5,1947,256738.8606996715
2.5,1948,402456.8090739477
2.5,1949,217031.8566793044
2.5,1950,2510504.3957208027
2.5,1951,3003641.789867994
2.5,1952,1068485.926134746
2.5,1953,6357010.7037429605
2.5,1954,3624193.035934072
2.5,1955,811414.2051609037
2.5,1956,134891.43286948386
2.5,1957,122371.48856363495
2.5,1958,4156352.187022143
2.5,1959,2916187.235261999
2.5,1960,669588.069107066
2.5,1961,5482560.526937508
2.5,1962,2438473.074197385
2.5,1963,160673.32878152496
2.5,1964,888983.0685158257
2.5,1965,483960.14195505425
2.5,1966,3741178.8320068414
2.5,1967,3942522.289168738
2.5,1968,3913259.5676420135
2.5,1969,4213051.424899448
2.5,1970,6064881.96775565
2.5,1971,1560837.1871347267
2.5,1972,3636178.854378404
2.5,1973,5085220.620546757
2.5,1974,903478.9835117911
2.5,1975,3323206.0490527176
2.5,1976,2297347.3588957232
2.5,1977,5469893.14286765
2.5,1978,4062684.0727677187
2.5,1979,1125129.6387505233
2.5,1980,1070317.0486597694
2.5,1981,640585.7258589347
2.5,1982,2768606.8204636606
2.5,1983,509766.148026707
2.5,1984,3131551.84805332
2.5,1985,6192373.135264467
2.5,1986,1979680.2402027051
2.5,1987,1365223.7734876447
2.5,1988,3655459.5683414927
2.5,1989,392603.03899096185
2.5,1990,962262.8653566575
2.5,1991,5441552.053992777
2.5,1992,3614247.398303768
2.5,1993,698086.18379647
2.5,1994,2325895.0039992216
2.5,1995,1903993.2238162477
2.5,1996,3743958.2119186004
2.5,1997,1371810.475339999
2.5,1998,1356936.6936171502
2.5,1999,2519233.9419278144
2.5,2000,5938626.92028816
2.5,2001,3599538.1408162285
2.5,2002,2398870.6323184
2.5,2003,2310567.88574765
2.5,2004,3891587.285674883
2.5,2005,1932259.0549048488
2.5,2006,1502730.3518694125
2.5,2007,1086361.681698939
2.5,2008,2828948.5974123534
2.5,2009,629366.3181832726
2.5,2010,2508839.3680958236
2.5,2011,518984.2971765172
2.5,2012,5120442.009575742
2.5,2013,1130834.8642005702
2.5,2014,2291944.009358541
2.5,2015,295645.4070245007
2.5,2016,2484916.3799316473
2.5,2017,1898718.433387738
2.5,2018,873075.3328634084
2.5,2019,487182.3325739638
2.5,2020,7343622.098379342
2.5,2021,5906704.639307752
2.5,2022,284843.2662804273
2.5,2023,389226.34035567084
2.5,2024,4320541.429535653
2.5,2025,1336055.6645836441
2.5,2026,1712970.8504406959
2.5,2027,455206.3027788369
2.5,2028,971767.3349879795
2.5,2029,4406854.03931449
2.5,2030,2774095.6079791463
2.5,2031,6862215.630736686
2.5,2032,5577403.59909106
2.5,2033,2011982.3511855784
2.5,2034,5423000.769176132
2.5,2035,3017274.3927194388
2.5,2036,1575323.9164354745
2.5,2037,295228.5481419214
2.5,2038,943805.3690622016
2.5,2039,3167561.6014809865
2.5,2040,1362164.4988078277
2.5,2041,2053109.9734899036
2.5,2042,533271.6370413654
2.5,2043,7629570.0185662
2.5,2044,846472.6269279777
2.5,2045,3385971.450090071
2.5,2046,1258234.5687488157
2.5,2047,2344126.0493161264
2.5,2048,1342399.504057756
2.5,2049,1755855.2500430476
2.5,2050,1831534.9266945585
2.5,2051,590286.7439978498
2.5,2052,3545336.591607929
2.5,2053,994943.9154808301
2.5,2054,2782980.9678694177
2.5,2055,1612200.0753017715
2.5,2056,2086817.1699074635
2.5,2057,5480328.115215346
2.5,2058,1134861.0313261065
2.5,2059,5574932.786806061
2.5,2060,1887435.0010540683
2.5,2061,4733708.907498717
2.5,2062,809645.4429468659
2.5,2063,1031686.897744341
2.5,2064,188703.52645043016
2.5,2065,625017.6767553107
2.5,2066,2327653.703016722
2.5,2067,4704663.484962288
2.5,2068,637328.3530425907
2.5,2069,3022286.764566725
2.5,2070,693083.5399099601
2.5,2071,1143118.5452602059
2.5,2072,4538528.057879739
2.5,2073,5810518.765619752
2.5,2074,1796414.6943774205
2.5,2075,355382.8978071417
2.5,2076,2393150.6215703837
2.5,2077,668594.3118959079
2.5,2078,520591.8119265044
2.5,2079,1775351.6069900119
2.5,2080,1727322.4508739794
2.5,2081,602591.3589582278
2.5,2082,6259620.298539612
2.5,2083,1162311.0245351281
2.5,2084,1672286.5224825172
2.5,2085,4124643.9135621944
2.5,2086,1256921.3077601558
2.5,2087,423685.9333924559
2.5,2088,3732815.960231174
2.5,2089,7083144.503846455
2.5,2090,1941691.0844126449
2.5,2091,4970852.543183084
2.5,2092,7397315.38422494
2.5,2093,5009694.810211856
2.5,2094,414932.6090318233
2.5,2095,992221.8768995346
2.5,2096,2762985.632710092
2.5,2097,2941057.001307731
2.5,2098,7121064.621678172
2.5,2099,1431358.604614361
2.5,2100,5763099.230699376
2.5,2101,662124.8882208408
2.5,2102,3662622.9251944106
2.5,2103,1045814.4579734749
2.5,2104,963672.0038906409
2.5,2105,2019147.7026633066
2.5,2106,5663015.46959916
2.5,2107,1740222.5849597424
2.5,2108,2962753.192990986
2.5,2109,1789714.5203054189
2.5,2110,490675.9450056573
2.5,2111,691430.2707283795
2.5,2112,658400.2146810258
2.5,2113,4896387.047441613
2.5,2114,3260341.7456648108
2.5,2115,4635699.417462104
2.5,2116,1232686.8556106698
2.5,2117,2796709.3627140173
2.5,2118,1911463.6118641184
2.5,2119,770825.0545855896
2.5,2120,137380.21543543405
2.5,2121,6846072.615796394
2.5,2122,146326.74557167722
2.5,2123,909990.3203562725
2.5,2124,2678481.574308982
2.5,2125,1351712.6520642072
2.5,2126,228206.3887573085
2.5,2127,896810.8192429704
2.5,2128,2534064.946586718
2.5,2129,404414.30301241286
2.5,2130,2048059.4762133807
2.5,2131,331667.7197216889
2.5,2132,445157.79097437154
2.5,2133,2324274.453201531
2.5,2134,3852844.804920101
2.5,2135,1524869.1411396684
2.5,2136,1430628.495950211
2.5,2137,6768027.498344825
2.5,2138,1541228.1504781507
2.5,2139,3367046.1506585097
2.5,2140,298066.58368979103
2.5,2141,912707.2716447487
2.5,2142,178762.83166584172
2.5,2143,1427524.3882629315
2.5,2144,269476.13417269354
2.5,2145,3199844.334539515
2.5,2146,1030409.8749770212
2.5,2147,3928167.371948958
2.5,2148,1209721.175766333
2.5,2149,1367650.0103649804
2.5,2150,1421430.0343777486
2.5,2151,1062930.45041491
2.5,2152,717470.9790361959
2.5,2153,5036931.605255734
2.5,2154,1283414.9901887435
2.5,2155,1001708.1947943403
2.5,2156,888207.9229759239
2.5,2157,1160730.7847555666
2.5,2158,2435583.56128465
2.5,2159,3189808.085848493
2.5,2160,676398.571929271
2.5,2161,647154.3699862445
2.5,2162,1389829.7095502524
2.5,2163,148619.58289078422
2.5,2164,3963555.292673611
2.5,2165,465537.28495478164
2.5,2166,3789416.91380568
2.5,2167,522554.3916060899
2.5,2168,1484164.1826218767
2.5,2169,4178716.6036373368
2.5,2170,3807988.2617341066
2.5,2171,891423.7551634756
2.5,2172,4415262.097030902
2.5,2173,1502134.4825574732
2.5,2174,2067328.8301834178
2.5,2175,449984.3058759038
2.5,2176,1919556.8696648902
2.5,2177,291499.04647401924
2.5,2178,609334.5200174148
2.5,2179,4333352.876358129
2.5,2180,387416.9054893969
2.5,2181,1733571.7677877233
2.5,2182,546854.0498740799
2.5,2183,238778.6253711682
2.5,2184,1332681.3601089565
2.5,2185,4253154.464494281
2.5,2186,3008223.754170969
2.5,2187,4398893.66934129
2.5,2188,2258827.673996797
2.5,2189,5774421.625625463
2.5,2190,6099993.353677897
2.5,2191,968101.9286178083
2.5,2192,1280938.801599702
2.5,2193,3968696.38960322
2.5,2194,3627128.109256883
2.5,2195,722493.3440491473
2.5,2196,563235.5141706263
2.5,2197,3920434.5237629116
2.5,2198,1307623.0058047809
2.5,2199,2993434.420643963
2.5,2200,3440111.5285642967
2.5,2201,249830.90421455106
2.5,2202,972512.2982896373
2.5,2203,3987971.9277165234
2.5,2204,198248.13693886355
2.5,2205,1603801.546751671
2.5,2206,3624364.7784121325
2.5,2207,1589202.495012419
2.5,2208,800141.2117254994
2.5,2209,1847760.8323537684
2.5,2210,919018.8912472937
2.5,2211,199048.69528652244
2.5,2212,608096.5830903479
2.5,2213,4919773.490474089
2.5,2214,1694582.6404591314
2.5,2215,676774.3784664493
2.5,2216,300048.53474833455
2.5,2217,1335763.2628086153
2.5,2218,285411.9743102642
2.5,2219,4302301.064702035
2.5,2220,4268737.7662358275
2.5,2221,1278808.3130146135
2.5,2222,658464.9207210753
2.5,2223,672915.2550181841
2.5,2224,2298613.483664175
2.5,2225,5338414.444374409
2.5,2226,104883.57208614725
2.5,2227,6578510.331976273
2.5,2228,7574718.60411366
2.5,2229,436769.5809256559
2.5,2230,628866.9424126006
2.5,2231,2634063.360931134
2.5,2232,2851726.455975892
2.5,2233,198579.43029759362
2.5,2234,977800.7058204846
2.5,2235,270952.78780433343
2.5,2236,1452991.6167402398
2.5,2237,4253967.383313409
2.5,2238,4893259.259401303
2.5,2239,1092464.7485974038
2.5,2240,862962.3226904254
2.5,2241,1969962.7363179815
2.5,2242,1216983.5110113753
2.5,2243,446495.180618019
2.5,2244,4806466.195168067
2.5,2245,4997230.1072103735
2.5,2246,1872012.140233525
2.5,2247,2206235.8136596205
2.5,2248,344989.31022967474
2.5,2249,2806368.677166912
2.5,2250,2571269.0672426373
2.5,2251,3907606.5464115124
2.5,2252,377209.66501303914
2.5,2253,3311732.781129924
2.5,2254,5499466.704075093
2.5,2255,2025020.154734251
2.5,2256,6009398.600901245
2.5,2257,5037985.113106651
2.5,2258,268521.3929090757
2.5,2259,1711391.1170716407
2.5,2260,665135.4615446047
2.5,2261,714342.5625545077
2.5,2262,1844535.1004096733
2.5,2263,834489.8064024668
2.5,2264,1079301.4744980086
2.5,2265,3679228.539448928
2.5,2266,2432616.4997770134
2.5,2267,3172000.543637296
2.5,2268,2048732.031114964
2.5,2269,683426.8536643238
2.5,2270,240481.3430255468
2.5,2271,2618445.55750713
2.5,2272,1899207.8862491513
2.5,2273,1143935.9601382792
2.5,2274,763081.0488406403
2.5,2275,538930.1772032811
2.5,2276,4973592.522164796
2.5,2277,6690566.2164719375
2.5,2278,1897778.74195801
2.5,2279,4199345.058690753
2.5,2280,733552.9744751768
2.5,2281,1433419.5833632324
2.5,2282,6347530.197390014
2.5,2283,4534882.5056374855
2.5,2284,410706.30947231955
2.5,2285,898976.8508449991
2.5,2286,1181096.6459228094
2.5,2287,1076209.0299040594
2.5,2288,329341.60708872834
2.5,2289,6862662.48832249
2.5,2290,495186.63107278623
2.5,2291,491918.3277634756
2.5,2292,5801292.165183765
2.5,2293,2838503.176802274
2.5,2294,2279402.95714449
2.5,2295,4406337.222356485
2.5,2296,1800916.2559042936
2.5,2297,1457667.9352931457
2.5,2298,7236324.427557187
2.5,2299,1163036.0888778293
2.5,2300,938932.8662516322
2.5,2301,4646065.294162568
2.5,2302,1157876.488707895
2.5,2303,8830751.714930257
2.5,2304,1071937.643447297
2.5,2305,4651283.526653178
2.5,2306,1124160.2885510097
2.5,2307,2583364.223148795
2.5,2308,6038620.290645928
2.5,2309,6333081.808426532
2.5,2310,1321107.0373705663
2.5,2311,571865.9214547229
2.5,2312,3305839.29662997
2.5,2313,4218819.003475822
2.5,2314,3527221.375592633
2.5,2315,814526.8480881397
2.5,2316,2490634.6954063918
2.5,2317,2831544.4166483087
2.5,2318,318859.212594325
2.5,2319,358119.5821002363
2.5,2320,6312595.973997148
2.5,2321,1673633.60173236
2.5,2322,1053581.247807769
2.5,2323,4496344.801980992
2.5,2324,2922288.232794638
2.5,2325,1093719.5974204428
2.5,2326,1865596.4166529917
2.5,2327,3373884.6574045415
2.5,2328,3712071.6875023535
2.5,2329,2182228.299817477
2.5,2330,125841.60622822383
2.5,2331,1929326.5878901556
2.5,2332,5605562.699949801
2.5,2333,1408742.0803985638
2.5,2334,329938.9931689162
2.5,2335,151640.80695998293
2.5,2336,2910553.933136285
2.5,2337,554689.4313585989
2.5,2338,2705818.1089434796
2.5,2339,2242239.718383266
2.5,2340,1998170.9063999492
2.5,2341,2821467.5186452414
2.5,2342,1351971.9519990426
2.5,2343,3710180.2711626426
2.5,2344,2305978.086063568
2.5,2345,1364241.709385724
2.5,2346,5734726.286014513
2.5,2347,1229020.0650794108
2.5,2348,2417499.7189456522
2.5,2349,980398.3724555045
2.5,2350,984420.5242193048
2.5,2351,4018931.095949524
2.5,2352,395353.08941942774
2.5,2353,427936.0022215033
2.5,2354,1129815.2165175255
2.5,2355,1268749.0575521155
2.5,2356,1249665.0249322185
2.5,2357,2164498.643199971
2.5,2358,933983.9181857838
2.5,2359,560142.5027098672
2.5,2360,2426855.647977576
2.5,2361,2819682.988378641
2.5,2362,362471.28943628236
2.5,2363,1201918.690045922
2.5,2364,5559817.780573179
2.5,2365,2122871.7419573283
2.5,2366,321976.6805813975
2.5,2367,602630.5602587797
2.5,2368,3607438.778243589
2.5,2369,5194059.284551161
2.5,2370,1311860.635503326
2.5,2371,243832.03338168288
2.5,2372,523005.3427091372
2.5,2373,1172447.822875693
2.5,2374,1770779.1786611255
2.5,2375,414310.7213495509
2.5,2376,1890837.5113968044
2.5,2377,3631041.5411048764
2.5,2378,2674860.55479505
2.5,2379,3648523.2866727402
2.5,2380,1845917.846262009
2.5,2381,4792233.141447676
2.5,2382,1244507.114766673
2.5,2383,481670.5189276401
2.5,2384,6743946.819663553
2.5,2385,7444741.459924727
2.5,2386,4506590.96178164
2.5,2387,5206876.964934148
2.5,2388,5435896.069825066
2.5,2389,1006398.1892347394
2.5,2390,1179452.3229482993
2.5,2391,762271.2365502998
2.5,2392,541940.7258904721
2.5,2393,1432460.2435324518
2.5,2394,301818.9901123594
2.5,2395,192924.12679941498
2.5,2396,1186330.4827837907
2.5,2397,2266279.796317066
2.5,2398,3133413.9048260776
2.5,2399,1880297.2499693157
2.5,2400,777444.1113422548
2.5,2401,5136616.51025618
2.5,2402,4559548.983301329
2.5,2403,4050940.01014602
2.5,2404,958768.9409422788
2.5,2405,2340033.1623052307
2.5,2406,3596958.557197557
2.5,2407,739775.8148986839
2.5,2408,109892.20246175375
2.5,2409,5807338.046833454
2.5,2410,1647517.6153278786
2.5,2411,1467002.959645878
2.5,2412,505844.9029889173
2.5,2413,4211695.608637927
2.5,2414,2546567.225653817
2.5,2415,483876.82107628806
2.5,2416,236970.25942126848
2.5,2417,2428282.3130770796
2.5,2418,5202179.89303471
2.5,2419,1409476.962398817
2.5,2420,446985.57144451013
2.5,2421,1107849.7799916316
2.5,2422,724049.60022558
2.5,2423,6859347.845639512
2.5,2424,597924.1507001482
2.5,2425,1137078.386186643
2.5,2426,599594.7352880867
2.5,2427,2667488.552052887
2.5,2428,4605273.770919084
2.5,2429,5133802.743203495
2.5,2430,848006.1430963879
2.5,2431,1448191.8190705287
2.5,2432,2240014.073521692
2.5,2433,363024.81498690817
2.5,2434,1086712.0545034555
2.5,2435,821665.7163617392
2.5,2436,4145380.0205751993
2.5,2437,1329803.9367720205
2.5,2438,1364907.577384336
2.5,2439,2676203.2034172667
2.5,2440,5128314.916262832
2.5,2441,1154795.7562943331
2.5,2442,3407502.7885069577
2.5,2443,919077.7211197705
2.5,2444,2591310.33037112
2.5,2445,4221551.697267853
2.5,2446,6574205.266456987
2.5,2447,150274.087047131
2.5,2448,2251691.522037518
2.5,2449,1833782.1925290856
2.5,2450,1008243.2334396788
2.5,2451,1133777.5216832147
2.5,2452,2840582.4245775836
2.5,2453,4674503.253669456
2.5,2454,7364861.009064351
2.5,2455,482338.6269925019
2.5,2456,520342.2804783092
2.5,2457,673800.9876119151
2.5,2458,4125677.511149909
2.5,2459,102761.73773448078
2.5,2460,3883954.1941380026
2.5,2461,859157.4217045346
2.5,2462,2669048.7933498863
2.5,2463,2346456.7988117645
2.5,2464,2733096.737362516
2.5,2465,452264.5795105727
2.5,2466,3066074.9421968875
2.5,2467,847387.0079929437
2.5,2468,688893.6872764009
2.5,2469,3033058.8734787228
2.5,2470,1022748.5994569624
2.5,2471,2721462.618945934
2.5,2472,241802.9338365268
2.5,2473,4334595.589628411
2.5,2474,3223027.1430889815
2.5,2475,362795.60867193877
2.5,2476,821361.0963047748
2.5,2477,2771218.843992466
2.5,2478,3205632.7449866654
2.5,2479,1097750.8397955687
2.5,2480,803840.7256634249
2.5,2481,4376029.703198282
2.5,2482,3271469.016747008
2.5,2483,1013828.371543025
2.5,2484,1304266.4337562264
2.5,2485,1937611.2826225176
2.5,2486,2308507.2288701753
2.5,2487,3381776.141595518
2.5,2488,1345513.7598791663
2.5,2489,4294349.257644825
2.5,2490,1174840.513262194
2.5,2491,642343.8865323653
2.5,2492,355113.7591895399
2.5,2493,3315128.514405538
2.5,2494,1061496.930262658
2.5,2495,2474139.9765236857
2.5,2496,4449892.860297398
2.5,2497,818569.8134207217
2.5,2498,141598.8301583477
2.5,2499,712918.4422194654
2.5,2500,1549053.4174403246
2.5,2501,1403981.838029569
2.5,2502,437428.1947231529
2.5,2503,2545707.0210674712
2.5,2504,5769465.82870481
2.5,2505,5713957.242993678
2.5,2506,850088.8722395416
2.5,2507,850832.6580135395
2.5,2508,859446.3092398839
2.5,2509,4168119.881744454
2.5,2510,1296732.7652352806
2.5,2511,5293213.750372078
2.5,2512,2710671.516084504
2.5,2513,5618028.355587441
2.5,2514,1072115.176560479
2.5,2515,1535824.9969480324
2.5,2516,4241468.189486489
2.5,2517,319317.7704756862
2.5,2518,3955668.817670783
2.5,2519,3931047.6013776497
2.5,2520,3452916.5000755317
2.5,2521,3857482.995853515
2.5,2522,2717244.1153963185
2.5,2523,996444.9822277378
2.5,2524,3397608.4610412717
2.5,2525,3862222.0676795086
2.5,2526,1262469.3967183675
2.5,2527,1245665.9167906605
2.5,2528,1269675.467324778
2.5,2529,3493015.8412438706
2.5,2530,1186974.8248991992
2.5,2531,107654.46485120771
2.5,2532,2321464.851452406
2.5,2533,1076493.302582905
2.5,2534,1800608.8408226338
2.5,2535,364621.1060637276
2.5,2536,1747984.8136289194
2.5,2537,658677.1145562318
2.5,2538,4089681.2329036603
2.5,2539,2980889.4237100114
2.5,2540,4554573.953774252
2.5,2541,4232295.840228073
2.5,2542,520647.1940030438
2.5,2543,5235019.115344852
2.5,2544,1772656.2448594756
2.5,2545,2907131.327639498
2.5,2546,3045947.8778803926
2.5,2547,4851178.623967949
2.5,2548,6632694.778529305
2.5,2549,787684.158426235
2.5,2550,1750114.6340217777
2.5,2551,243860.61913766357
2.5,2552,653552.028389196
2.5,2553,1038330.1696789747
2.5,2554,1602407.2036690763
2.5,2555,2673518.4214322325
2.5,2556,875119.3422197809
2.5,2557,3962761.7881858773
2.5,2558,2482806.365930804
2.5,2559,3476022.5331404964
2.5,2560,1478368.8007938948
2.5,2561,532166.7828475926
2.5,2562,1715416.364520925
2.5,2563,977099.995485793
2.5,2564,4587801.7345118
2.5,2565,4886137.56388402
2.5,2566,156131.80209030287
2.5,2567,131217.91568767626
2.5,2568,2397967.819013135
2.5,2569,727508.8772148297
2.5,2570,1129308.41597967
2.5,2571,319199.72787189647
2.5,2572,1656782.6746195182
2.5,2573,103550.63177643194
2.5,2574,188968.65726938265
2.5,2575,2810562.704544781
2.5,2576,2329769.4751103655
2.5,2577,6956775.243678957
2.5,2578,1168406.575887911
2.5,2579,5819715.4191175625
2.5,2580,2777767.30817011
2.5,2581,2058745.4908739591
2.5,2582,8088945.715995657
2.5,2583,1260614.4042556453
2.5,2584,3964462.8511207676
2.5,2585,441962.8215904102
2.5,2586,2769161.68214952
2.5,2587,3140211.538997802
2.5,2588,1921041.9674825962
2.5,2589,490889.6026216889
2.5,2590,4922525.494610799
2.5,2591,459040.0594988387
2.5,2592,3715855.346233641
2.5,2593,1889116.4558482105
2.5,2594,681179.6117461462
2.5,2595,2769779.653318723
2.5,2596,501859.25665145257
2.5,2597,4584845.002202284
2.5,2598,3016943.937646972
2.5,2599,2514897.375840775
2.5,2600,4393199.555356094
2.5,2601,3563027.588187601
2.5,2602,568668.4291761594
2.5,2603,1290610.970296648
2.5,2604,3090494.9781641583
2.5,2605,3126053.098979569
2.5,2606,671370.5836593681
2.5,2607,4546560.646511975
2.5,2608,1300706.9605004878
2.5,2609,351315.5686817321
2.5,2610,1250189.1132237762
2.5,2611,3324975.404344955
2.5,2612,1156203.157225901
2.5,2613,5610701.49492445
2.5,2614,3510366.3443187755
2.5,2615,1073429.3475939736
2.5,2616,2689039.374373974
2.5,2617,3932953.410953161
2.5,2618,7650865.360210216
2.5,2619,1332273.0372047971
2.5,2620,5435630.51359736
2.5,2621,6588159.182677515
2.5,2622,387045.4136018698
2.5,2623,349358.8663484942
2.5,2624,795898.5241052259
2.5,2625,5252625.773159068
2.5,2626,2180108.6536679235
2.5,2627,3427212.5947824307
2.5,2628,1977053.5675472426
2.5,2629,741399.6601231282
2.5,2630,2941142.849689753
2.5,2631,5374754.601823569
2.5,2632,1000758.1547601086
2.5,2633,806249.3357870805
2.5,2634,4419157.515013638
2.5,2635,577279.1801993832
2.5,2636,608957.5324158408
2.5,2637,2962351.7424688367
2.5,2638,2645240.953413626
2.5,2639,5381995.578256407
2.5,2640,1515865.181745098
2.5,2641,2847440.061889897
2.5,2642,5430880.127040335
2.5,2643,533263.2209934588
2.5,2644,293301.57916473463
2.5,2645,1457286.354718545
2.5,2646,872829.7526577305
2.5,2647,966925.2943883267
2.5,2648,845544.0404561643
2.5,2649,1143349.243779254
2.5,2650,2195769.248402438
2.5,2651,3102056.121371493
2.5,2652,1142255.9345648014
2.5,2653,1623471.8786110543
2.5,2654,1617236.403891293
2.5,2655,1362310.9941083607
2.5,2656,728590.8953814731
2.5,2657,3000214.218641381
2.5,2658,8186752.593152616
2.5,2659,2312104.255361449
2.5,2660,1454566.0209891342
2.5,2661,356875.5023826313
2.5,2662,1139948.544068261
2.5,2663,4304767.770063846
2.5,2664,772312.807666903
2.5,2665,4438257.547841209
2.5,2666,2037557.7051459025
2.5,2667,2735520.082615005
2.5,2668,1105980.6825683822
2.5,2669,233984.57789381742
2.5,2670,475872.1539587254
2.5,2671,268967.0727434163
2.5,2672,5013925.3295420315
2.5,2673,3242235.1878242022
2.5,2674,2290952.5556406416
2.5,2675,1335293.018189402
2.5,2676,4191520.1513288133
2.5,2677,1781741.3056522887
2.5,2678,459060.619747768
2.5,2679,8784618.560604144
2.5,2680,730300.0768948661
2.5,2681,326580.80120317644
2.5,2682,253813.05016156426
2.5,2683,1256266.285774562
2.5,2684,6179401.564895312
2.5,2685,5225771.228516629
2.5,2686,3044438.5151824765
2.5,2687,1594465.5121704862
2.5,2688,1649944.9531876084
2.5,2689,1542231.6256070975
2.5,2690,5740561.80834049
2.5,2691,1410822.124125527
2.5,2692,5698497.478922091
2.5,2693,913169.6412481002
2.5,2694,967144.5618354344
2.5,2695,5950932.357300038
2.5,2696,4788625.996266521
2.5,2697,1515091.9508936144
2.5,2698,1234921.871054517
2.5,2699,1665972.3145070793
2.5,2700,1784501.1950289737
2.5,2701,5668240.8355542505
2.5,2702,2279324.5398057313
2.5,2703,3715286.2117381208
2.5,2704,3326699.37797805
2.5,2705,4552807.123701486
2.5,2706,252653.3743714458
2.5,2707,984030.5291621297
2.5,2708,1762354.2697735003
2.5,2709,804932.7717428197
2.5,2710,4944425.297024661
2.5,2711,5802834.917056393
2.5,2712,1808203.0541131434
2.5,2713,2444920.755638108
2.5,2714,6256811.599191895
2.5,2715,425530.8185047468
2.5,2716,1319326.94190249
2.5,2717,491488.2988262778
2.5,2718,1795792.830410634
2.5,2719,2640535.1614882117
2.5,2720,4780005.067575882
2.5,2721,1909527.9046855464
2.5,2722,672759.3832815231
2.5,2723,4758904.525107802
2.5,2724,6022407.9052452305
2.5,2725,6076831.9041927485
2.5,2726,4345296.58452132
2.5,2727,364952.6125743605
2.5,2728,3084678.2940411465
2.5,2729,1668388.0253320206
2.5,2730,2838139.534623499
2.5,2731,3001382.7884503244
2.5,2732,381558.795064374
2.5,2733,4947328.753352279
2.5,2734,416460.9466484926
2.5,2735,3261246.9309547027
2.5,2736,713820.8366540935
2.5,2737,3791610.538322691
2.5,2738,6262696.662314168
2.5,2739,611496.0626740062
2.5,2740,970118.9847797467
2.5,2741,103328.82832542404
2.5,2742,3070807.5209903726
2.5,2743,5501246.754267704
2.5,2744,124754.96231771793
2.5,2745,988314.2845967622
2.5,2746,357292.87387780065
2.5,2747,242044.24285859193
2.5,2748,4827757.252175822
2.5,2749,796354.0266774275
2.5,2750,1819098.129491589
2.5,2751,1173576.8321684627
2.5,2752,1217159.8954883942
2.5,2753,1851357.6747220308
2.5,2754,549383.032207383
2.5,2755,3104494.358903063
2.5,2756,3830314.396649837
2.5,2757,5058508.873998395
2.5,2758,4205745.306482901
2.5,2759,1700639.8793011995
2.5,2760,2405176.7810993083
2.5,2761,277988.4754296465
2.5,2762,755364.5265490665
2.5,2763,208312.2566878632
2.5,2764,1256458.6724486812
2.5,2765,2955163.4101608014
2.5,2766,1046534.5623005248
2.5,2767,1865139.5247723837
2.5,2768,2438426.968324371
2.5,2769,595939.3221126497
2.5,2770,1587694.4955099626
2.5,2771,966005.1726696374
2.5,2772,5428639.460585931
2.5,2773,1363084.9474950444
2.5,2774,3697261.6723019383
2.5,2775,2426144.894523383
2.5,2776,5494630.8017902365
2.5,2777,1485236.6920690057
2.5,2778,2015659.3104413922
2.5,2779,2800208.500327827
2.5,2780,756043.1131451529
2.5,2781,3012161.8791453238
2.5,2782,3517457.5431002653
2.5,2783,7296722.691999044
2.5,2784,457429.1660043885
2.5,2785,3900436.566065264
2.5,2786,584165.6188668505
2.5,2787,4281830.55522074
2.5,2788,1166419.2967807793
2.5,2789,643912.8575893687
2.5,2790,3184573.8093880657
2.5,2791,5866000.286564028
2.5,2792,5082426.628805144
2.5,2793,819720.2081797105
2.5,2794,5181832.949714619
2.5,2795,578335.3009373728
2.5,2796,3600608.665823469
2.5,2797,4609905.10913295
2.5,2798,1959426.2853025715
2.5,2799,730150.836732125
2.5,2800,4120824.5965389907
2.5,2801,3142122.63750178
2.5,2802,3855780.196024053
2.5,2803,2470644.3805216965
2.5,2804,3599561.7902021254
2.5,2805,5885513.919357709
2.5,2806,313641.1941637647
2.5,2807,1356602.8923494879
2.5,2808,5689095.596628771
2.5,2809,888522.9013607345
2.5,2810,838698.7496046141
2.5,2811,1109482.278369182
2.5,2812,1388541.0209838839
2.5,2813,3633649.852507974
2.5,2814,469424.45328717306
2.5,2815,1382911.6833488622
2.5,2816,2686653.5837205797
2.5,2817,2264799.7381277117
2.5,2818,1564986.4473529104
2.5,2819,960810.6749672303
2.5,2820,1065982.5499505438
2.5,2821,823825.9867134242
2.5,2822,2815718.055107101
2.5,2823,4103277.1041117897
2.5,2824,489189.22657959
2.5,2825,4251588.999894109
2.5,2826,6794766.468035857
2.5,2827,1862517.852672564
2.5,2828,306445.64990834636
2.5,2829,3133946.745900144
2.5,2830,511811.7536295283
2.5,2831,1604978.2142859898
2.5,2832,1424172.3337471634
2.5,2833,1389959.603444213
2.5,2834,1278606.0590105313
2.5,2835,6538834.090713874
2.5,2836,6650791.286261636
2.5,2837,413987.2898116394
2.5,2838,5547754.759373883
2.5,2839,174104.38394604714
2.5,2840,5302284.790713018
2.5,2841,427502.1216210995
2.5,2842,1614692.96373389
2.5,2843,2002679.7656131606
2.5,2844,912440.3745216315
2.5,2845,2976995.70772346
2.5,2846,873262.5078234522
2.5,2847,1912052.228646078
2.5,2848,3839792.264130193
2.5,2849,289616.4720216834
2.5,2850,1076475.2125086235
2.5,2851,806073.6911544758
2.5,2852,445742.1048360568
2.5,2853,2343112.901999605
2.5,2854,394910.2396009705
2.5,2855,3436857.2078506732
2.5,2856,1888379.2045859175
2.5,2857,3047372.8451262335
2.5,2858,4687315.445575772
2.5,2859,717024.7395106493
2.5,2860,584846.5932245927
2.5,2861,306147.35052541224
2.5,2862,1470038.625199336
2.5,2863,3433544.7579266327
2.5,2864,620611.0276648186
2.5,2865,227590.7406358149
2.5,2866,3449514.1787274587
2.5,2867,4777763.945882695
2.5,2868,3993454.427056306
2.5,2869,182543.06263067308
2.5,2870,1209776.1872331111
2.5,2871,1533666.9861101387
2.5,2872,2142513.64292037
2.5,2873,4324041.355498757
2.5,2874,6171558.263862945
2.5,2875,4287761.836775823
2.5,2876,1016289.15601743
2.5,2877,4460233.538912637
2.5,2878,2805643.828030853
2.5,2879,3699908.56560809
2.5,2880,318566.5738852205
2.5,2881,3901792.2491807514
2.5,2882,6270285.579356244
2.5,2883,4161873.935319898
2.5,2884,1521121.7995678366
2.5,2885,233476.45851755774
2.5,2886,789954.5473167765
2.5,2887,2847650.851672237
2.5,2888,371528.02334354725
2.5,2889,3535728.889596235
2.5,2890,975145.5966595183
2.5,2891,5548267.806407074
2.5,2892,2782114.7232346544
2.5,2893,946861.9295863422
2.5,2894,5989646.805939071
2.5,2895,978078.8293609024
2.5,2896,1265021.842104806
2.5,2897,576347.2628860174
2.5,2898,1033158.0290856594
2.5,2899,941904.3156803233
2.5,2900,3669901.1831016866
2.5,2901,3756384.352216878
2.5,2902,3178444.299462445
2.5,2903,3108818.5945308222
2.5,2904,658530.050204924
2.5,2905,622205.3762090481
2.5,2906,2475449.5834318902
2.5,2907,4517773.180606433
2.5,2908,613376.6479427911
2.5,2909,1421336.0201505115
2.5,2910,857495.3900256047
2.5,2911,3945621.554750498
2.5,2912,177469.43301503695
2.5,2913,1971724.6701658317
2.5,2914,3024020.201257627
2.5,2915,751460.8396725301
2.5,2916,2370358.5463445904
2.5,2917,1841337.9279713738
2.5,2918,210109.17933629607
2.5,2919,810430.0508754507
2.5,2920,1580879.147944908
2.5,2921,495542.0231498699
2.5,2922,956810.2562902675
2.5,2923,3026511.6715796287
2.5,2924,2075064.3559645158
2.5,2925,264146.4363451565
2.5,2926,1663966.8351880303
2.5,2927,1191963.25908279
2.5,2928,3143076.701755778
2.5,2929,207868.37503043737
2.5,2930,218838.2505556266
2.5,2931,967027.4102257355
2.5,2932,408147.95011084306
2.5,2933,3269134.208004678
2.5,2934,1619694.3128594696
2.5,2935,2534185.9521707166
2.5,2936,6278077.7703433875
2.5,2937,1156026.8395808667
2.5,2938,5409612.961276157
2.5,2939,2395439.7023583697
2.5,2940,5778306.275127931
2.5,2941,2244869.005920947
2.5,2942,2267224.0838412726
2.5,2943,418064.71056382224
2.5,2944,1161558.642423461
2.5,2945,5230054.998520952
2.5,2946,994022.5704963497
2.5,2947,103796.63605608375
2.5,2948,1734137.6921086102
2.5,2949,2272192.6241537216
2.5,2950,2637757.088928931
2.5,2951,1817555.350009928
2.5,2952,2560299.7977011744
2.5,2953,1141204.8904608681
2.5,2954,2550800.1839320892
2.5,2955,1381757.130031137
2.5,2956,739428.269590059
2.5,2957,745971.4437545498
2.5,2958,3958114.5216919594
2.5,2959,105504.21742677066
2.5,2960,2228728.578396589
2.5,2961,985501.6111861147
2.5,2962,2930124.795002099
2.5,2963,1120050.1368794637
2.5,2964,147470.37464291093
2.5,2965,2909201.062914227
2.5,2966,3094156.6674574963
2.5,2967,2274323.20932879
2.5,2968,1691434.6739429908
2.5,2969,714633.6815752874
2.5,2970,811119.1566343734
2.5,2971,184339.11456665397
2.5,2972,2714959.5839769826
2.5,2973,4869370.935996261
2.5,2974,1756218.7743499214
2.5,2975,811770.9135721505
2.5,2976,608211.1190786713
2.5,2977,798931.5381599334
2.5,2978,1445522.3780821087
2.5,2979,2695138.9005960883
2.5,2980,3454884.749593864
2.5,2981,574573.6606120479
2.5,2982,6543883.704334195
2.5,2983,860234.1337331816
2.5,2984,890355.2245056614
2.5,2985,4664548.1336179525
2.5,2986,1240864.4287190097
2.5,2987,2157553.0152816805
2.5,2988,4123423.780973359
2.5,2989,3178821.462783411
2.5,2990,5031537.377631262
2.5,2991,404511.8114565105
2.5,2992,419343.0040968259
2.5,2993,832381.7752661335
2.5,2994,1664361.0215355228
2.5,2995,4540276.177684195
2.5,2996,2550887.30036043
2.5,2997,3307527.572820659
2.5,2998,4383893.204573063
2.5,2999,4857522.671876934
2.5,3000,186242.51713501842
2.5,3001,3951349.574821539
2.5,3002,350933.02822283516
2.5,3003,4583878.328493662
2.5,3004,3764632.0739793233
2.5,3005,2014077.2973306617
2.5,3006,2820564.27742502
2.5,3007,251157.92557907986
2.5,3008,479618.86960337195
2.5,3009,1009012.1921708396
2.5,3010,4685653.728929105
2.5,3011,3515305.4783765986
2.5,3012,2837467.2654722566
2.5,3013,1434851.677861123
2.5,3014,4668321.823407053
2.5,3015,360923.6578412087
2.5,3016,720304.5153118533
2.5,3017,1503094.2365614518
2.5,3018,8875530.96252027
2.5,3019,1090916.9167249026
2.5,3020,4574510.542273746
2.5,3021,2257249.044302113
2.5,3022,1187924.083553864
2.5,3023,818365.2833827252
2.5,3024,554021.4676782405
2.5,3025,1274952.4483640548
2.5,3026,2658062.5734810713
2.5,3027,2926401.7192997104
2.5,3028,361087.8519785296
2.5,3029,1033755.1983114766
2.5,3030,536152.6385343935
2.5,3031,8679521.942480063
2.5,3032,3273090.1181817786
2.5,3033,3316390.1067930833
2.5,3034,758235.1968556128
2.5,3035,376162.9099675291
2.5,3036,6738639.410989416
2.5,3037,5277496.114794104
2.5,3038,2122305.6742923064
2.5,3039,381365.12109405384
2.5,3040,1295392.7818287027
2.5,3041,1894406.2807024983
2.5,3042,2177341.787042322
2.5,3043,3480911.5766970925
2.5,3044,8562514.025827289
2.5,3045,1034167.0751500058
2.5,3046,1516457.3460179768
2.5,3047,131588.0258070192
2.5,3048,1780503.245230164
2.5,3049,405808.7830496126
2.5,3050,1783641.6176009234
2.5,3051,279370.2319829497
2.5,3052,3194859.626292429
2.5,3053,694787.7680543124
2.5,3054,1272250.097157565
2.5,3055,627161.5799077583
2.5,3056,302979.6301458894
2.5,3057,5525990.481206967
2.5,3058,1416199.0080039508
2.5,3059,3385510.6389396605
2.5,3060,2859166.348059003
2.5,3061,614616.1102916508
2.5,3062,4500895.226846529
2.5,3063,902842.470365342
2.5,3064,3875181.847224396
2.5,3065,2531747.2837222433
2.5,3066,5426699.911249584
2.5,3067,6210984.205133382
2.5,3068,1475608.4120915441
2.5,3069,1103858.324656229
2.5,3070,6633878.9422101
2.5,3071,3350263.2847821456
2.5,3072,2593532.050995306
2.5,3073,919706.854428434
2.5,3074,334632.8770338096
2.5,3075,1733930.245585658
2.5,3076,786886.6601433896
2.5,3077,133600.0388828698
2.5,3078,3087605.983904683
2.5,3079,2483384.8933790196
2.5,3080,1963859.1007743634
2.5,3081,1161260.7698750214
2.5,3082,3926332.0324181616
2.5,3083,1693542.657367224
2.5,3084,4173502.742466164
2.5,3085,5058216.969911702
2.5,3086,4509194.268784892
2.5,3087,6728313.632507144
2.5,3088,1579515.578746258
2.5,3089,1054724.5783607473
2.5,3090,619155.385921707
2.5,3091,574254.7507048345
2.5,3092,2952632.4897638834
2.5,3093,548013.5887739363
2.5,3094,4147831.229260785
2.5,3095,1082721.635783352
2.5,3096,2157033.557502699
2.5,3097,940184.30544451
2.5,3098,129880.0648701599
2.5,3099,1081443.6680470866
2.5,3100,284569.6930358207
2.5,3101,3361835.4940709122
2.5,3102,4761673.053981688
2.5,3103,1218863.4552006866
2.5,3104,972150.048693652
2.5,3105,6304108.963872072
2.5,3106,2880341.046243958
2.5,3107,1165063.751342497
2.5,3108,1818845.6027529363
2.5,3109,2462510.1392734437
2.5,3110,3452534.4022590257
2.5,3111,181614.70132554957
2.5,3112,3684016.18491154
2.5,3113,1328172.3255848368
2.5,3114,103601.01704190523
2.5,3115,343918.7789222394
2.5,3116,3107209.8899585246
2.5,3117,5942212.092560001
2.5,3118,658734.4342351303
2.5,3119,1004810.0741554926
2.5,3120,228365.0572575953
2.5,3121,2945102.0017562024
2.5,3122,2498134.1291597527
2.5,3123,4972463.690313676
2.5,3124,4830605.285277821
2.5,3125,5495760.945577984
2.5,3126,1134164.2762907848
2.5,3127,1312323.1808615313
2.5,3128,5067934.83839489
2.5,3129,1415173.647437618
2.5,3130,4913248.2850076
2.5,3131,1246737.5309552378
2.5,3132,4850815.682427629
2.5,3133,611770.6039288563
2.5,3134,1687069.674707522
2.5,3135,1343147.5495817224
2.5,3136,4446926.409716863
2.5,3137,2303776.9492343115
2.5,3138,177732.87538619837
2.5,3139,550895.1197706974
2.5,3140,157811.09512750173
2.5,3141,4067132.6739578894
2.5,3142,6402778.335841183
2.5,3143,1174925.0868876204
2.5,3144,1829192.4534080576
2.5,3145,1142303.577961431
2.5,3146,787429.0010683102
2.5,3147,335536.47131520964
2.5,3148,4017164.11613028
2.5,3149,2625784.5669100364
2.5,3150,5964609.866305719
2.5,3151,181548.00619041332
2.5,3152,2315005.1615892653
2.5,3153,2591482.309541177
2.5,3154,188165.7919537617
2.5,3155,3030309.2431653654
2.5,3156,919337.9151754922
2.5,3157,3692232.00858462
2.5,3158,774641.8635683084
2.5,3159,456585.33892535215
2.5,3160,3873157.007320643
2.5,3161,1485443.55842463
2.5,3162,1612453.1802221222
2.5,3163,3135349.7583326893
2.5,3164,2285468.2708625994
2.5,3165,1446893.2546837889
2.5,3166,2270721.516005889
2.5,3167,1229952.3481949023
2.5,3168,983000.8608308281
2.5,3169,679732.9570759793
2.5,3170,1010092.9886539569
2.5,3171,272759.1303617881
2.5,3172,4723162.730676009
2.5,3173,469673.1596702698
2.5,3174,6265044.08107295
2.5,3175,1007724.4762142866
2.5,3176,1590017.6950753636
2.5,3177,4644380.143287514
2.5,3178,932966.7650526803
2.5,3179,1256169.1247611768
2.5,3180,2450152.9240373713
2.5,3181,573088.9658397126
2.5,3182,748316.4642405747
2.5,3183,5646060.2637843825
2.5,3184,2095805.316476871
2.5,3185,5252489.4946277775
2.5,3186,2277229.5212962786
2.5,3187,4066197.1771691926
2.5,3188,5300302.84668608
2.5,3189,2524821.7946759523
2.5,3190,4556062.538737368
2.5,3191,1240355.5204850154
2.5,3192,1798134.326942531
2.5,3193,3599642.693401453
2.5,3194,3628029.656117636
2.5,3195,846631.1822896799
2.5,3196,157611.38701917595
2.5,3197,850890.0669954811
2.5,3198,1364013.1661322017
2.5,3199,798988.6677063489
2.5,3200,876372.3728210204
2.5,3201,1341651.303035238
2.5,3202,3282336.4104419323
2.5,3203,1133199.9143322003
2.5,3204,351927.7225694201
2.5,3205,349732.99042277725
2.5,3206,3305702.8105802694
2.5,3207,3691643.3853480746
2.5,3208,459354.57031779963
2.5,3209,1003715.45860634
2.5,3210,4359824.447732176
2.5,3211,3601845.6589722517
2.5,3212,1497289.2524994765
2.5,3213,4589533.590450924
2.5,3214,268212.2793374162
2.5,3215,4267279.864728688
2.5,3216,864248.1446300481
2.5,3217,492184.9139429204
2.5,3218,1293178.0319310105
2.5,3219,1413465.968014115
2.5,3220,3552399.598279627
2.5,3221,576510.3124841494
2.5,3222,1445945.288809333
2.5,3223,957496.307864042
2.5,3224,5292229.7024281155
2.5,3225,451247.58940610324
2.5,3226,2692752.0785471178
2.5,3227,1853455.1199747191
2.5,3228,4152024.600250804
2.5,3229,5042028.334726842
2.5,3230,1290952.8923773335
2.5,3231,4558141.888630392
2.5,3232,3669063.0268084304
2.5,3233,4681134.753129711
2.5,3234,6325838.5173201095
2.5,3235,910082.6017239923
2.5,3236,415490.3532644782
2.5,3237,2366170.630700458
2.5,3238,1690668.4547848492
2.5,3239,779729.2425936732
2.5,3240,4454260.551094085
2.5,3241,2581027.438345176
2.5,3242,5250355.162209431
2.5,3243,3442964.5022369646
2.5,3244,4916662.793576731
2.5,3245,5507148.1534756385
2.5,3246,5397201.64852194
2.5,3247,1390507.3271100596
2.5,3248,4967661.4178656675
2.5,3249,792238.3681800858
2.5,3250,648168.3232006393
2.5,3251,2285613.234543596
2.5,3252,4916507.432528465
2.5,3253,1521220.221808305
2.5,3254,920789.9618555303
2.5,3255,369243.9409475967
2.5,3256,4720550.176716914
2.5,3257,577925.0251827273
2.5,3258,102802.70817800176
2.5,3259,1569267.3328600577
2.5,3260,1518425.143271711
2.5,3261,2140036.0991438464
2.5,3262,4305865.06979566
2.5,3263,1390575.295269669
2.5,3264,2354771.8439106997
2.5,3265,1227430.2717666847
2.5,3266,281164.3721577325
2.5,3267,1752201.8180450108
2.5,3268,5222385.028596747
2.5,3269,7381629.151789224
2.5,3270,3659799.282019727
2.5,3271,2100380.889681603
2.5,3272,4479340.4611723125
2.5,3273,2310670.016641901
2.5,3274,3015719.295264347
2.5,3275,4819594.663438745
2.5,3276,2543058.5872572903
2.5,3277,2656734.475015454
2.5,3278,560742.8935118237
2.5,3279,4581148.439658824
2.5,3280,588915.2575151881
2.5,3281,1051207.6883775631
2.5,3282,7462969.545302522
2.5,3283,4210355.415134777
2.5,3284,4147184.9115989753
2.5,3285,429644.69778001803
2.5,3286,167004.25227625223
2.5,3287,5136610.645821848
2.5,3288,1698103.4451906444
2.5,3289,3266850.1142441044
2.5,3290,2418400.2454531663
2.5,3291,1084993.3718663198
2.5,3292,5947365.3474028185
2.5,3293,1173188.4262524105
2.5,3294,456016.95674073463
2.5,3295,216978.495171059
2.5,3296,1265070.5755428816
2.5,3297,426186.26780759345
2.5,3298,994642.6959722596
2.5,3299,2982484.974157533
2.5,3300,581672.3289706535
2.5,3301,2099862.6347385356
2.5,3302,666174.367041743
2.5,3303,1107206.698812706
2.5,3304,2482061.647685758
2.5,3305,1011898.9277586763
2.5,3306,4763045.199290959
2.5,3307,227654.77367745026
2.5,3308,420820.07928922103
2.5,3309,610308.0270120748
2.5,3310,1465874.618195751
2.5,3311,2581722.569443564
2.5,3312,112191.7158024111
2.5,3313,1519673.759604245
2.5,3314,1378803.2418388417
2.5,3315,1354102.182319844
2.5,3316,2978637.537814093
2.5,3317,1457307.4871245206
2.5,3318,5764221.141755206
2.5,3319,537914.0173934153
2.5,3320,3043052.305955411
2.5,3321,5372314.561425772
2.5,3322,3572750.6309880475
2.5,3323,2387800.3554261276
2.5,3324,6594682.139151515
2.5,3325,7285506.583075658
2.5,3326,3615728.471599356
2.5,3327,688975.383516478
2.5,3328,2002449.0680130005
2.5,3329,5988105.397405732
2.5,3330,3417496.8496691575
2.5,3331,169803.810366051
2.5,3332,1140108.274774419
2.5,3333,902692.4285638779
2.5,3334,394278.000856397
2.5,3335,1736151.2907392264
2.5,3336,4847110.053719359
2.5,3337,999792.266947462
2.5,3338,294874.9152696955
2.5,3339,2536283.4158534254
2.5,3340,4855116.887005144
2.5,3341,1138046.44407272
2.5,3342,1482177.8560143139
2.5,3343,944015.3683218675
2.5,3344,348968.3918620275
2.5,3345,399233.68286581343
2.5,3346,5972718.051115388
2.5,3347,807931.376430347
2.5,3348,3573659.132665935
2.5,3349,2622947.9938871055
2.5,3350,1855279.1994679663
2.5,3351,1113001.3681238028
2.5,3352,286163.9964976912
2.5,3353,2155154.9150550654
2.5,3354,1028357.093250114
2.5,3355,1055913.445546735
2.5,3356,3779784.5802310486
2.5,3357,380917.80840047816
2.5,3358,4100271.1537756273
2.5,3359,1404821.9460516274
2.5,3360,110534.14691005027
2.5,3361,854790.4995429823
2.5,3362,6404616.754231167
2.5,3363,3460867.4274244094
2.5,3364,396487.3808479348
2.5,3365,4580817.210595984
2.5,3366,1505268.9988367544
2.5,3367,956913.8000021204
2.5,3368,4953013.651327201
2.5,3369,5955070.9221769925
2.5,3370,4736946.463666385
2.5,3371,638794.9681067412
2.5,3372,2900470.752957075
2.5,3373,1016944.6754452282
2.5,3374,2782869.8231788212
2.5,3375,4040107.6012701583
2.5,3376,856370.106846346
2.5,3377,6550686.506720836
2.5,3378,2942778.189730471
2.5,3379,649355.8684764925
2.5,3380,220874.5755063414
2.5,3381,137251.34986842345
2.5,3382,973672.7560012343
2.5,3383,3267792.0987160434
2.5,3384,1930672.0000929933
2.5,3385,2079294.673671736
2.5,3386,1853894.4372939162
2.5,3387,3348340.923474654
2.5,3388,2031095.890873556
2.5,3389,3851637.16877465
2.5,3390,765342.468539359
2.5,3391,2204724.2424768396
2.5,3392,2796640.2350299433
2.5,3393,718179.2137471823
2.5,3394,793422.4070140878
2.5,3395,1289259.7502938248
2.5,3396,1609916.8549611522
2.5,3397,1875368.9890721366
2.5,3398,2000460.7928635767
2.5,3399,747733.2925233798
2.5,3400,502099.2174662757
2.5,3401,620148.3689159986
2.5,3402,1814805.9806196706
2.5,3403,4515270.608113058
2.5,3404,3127193.7842535744
2.5,3405,3501419.046730192
2.5,3406,405839.5548302028
2.5,3407,1916258.2119104057
2.5,3408,1488394.0419386732
2.5,3409,705571.0772341738
2.5,3410,4995959.086388087
2.5,3411,448624.89592510316
2.5,3412,4524055.059019331
2.5,3413,3076406.6594122094
2.5,3414,3145692.595199164
2.5,3415,778886.1929393037
2.5,3416,836909.3426091858
2.5,3417,749729.4450247798
2.5,3418,614445.2051769919
2.5,3419,1370614.4925159328
2.5,3420,1194714.1122264867
2.5,3421,655422.6925785594
2.5,3422,6419478.117828171
2.5,3423,603692.606121187
2.5,3424,1242627.124469
2.5,3425,2026247.164179817
2.5,3426,210754.25124294317
2.5,3427,1541989.103812147
2.5,3428,1094717.7811165624
2.5,3429,4717275.949859481
2.5,3430,3386395.5622463645
2.5,3431,2854844.6526964456
2.5,3432,455725.0436069587
2.5,3433,2668620.6771008144
2.5,3434,1668514.788690955
2.5,3435,2206880.731827531
2.5,3436,796996.8333462763
2.5,3437,2701800.515922056
2.5,3438,454503.3756124576
2.5,3439,2572898.525752651
2.5,3440,5344500.2365459185
2.5,3441,1397356.1726369995
2.5,3442,4060582.0341774216
2.5,3443,1373154.0017610686
2.5,3444,264946.8438690351
2.5,3445,581051.787483003
2.5,3446,5461966.515597252
2.5,3447,1133331.061048718
2.5,3448,2346924.7831639647
2.5,3449,120034.10031782724
2.5,3450,3331908.1441948577
2.5,3451,7802702.960201722
2.5,3452,1273402.103358921
2.5,3453,550235.2771433108
2.5,3454,915251.7234504147
2.5,3455,729974.1887617426
2.5,3456,1895433.4921392247
2.5,3457,4000821.9305179585
2.5,3458,309983.3267807975
2.5,3459,424666.2193470696
2.5,3460,5162293.759457324
2.5,3461,160849.59853557387
2.5,3462,814446.6780769462
2.5,3463,926471.8123806374
2.5,3464,1063227.6625726544
2.5,3465,667615.1843871643
2.5,3466,187249.25611253362
2.5,3467,4286518.958459553
2.5,3468,722613.7321906165
2.5,3469,581283.9718519042
2.5,3470,1739127.3185432556
2.5,3471,377434.4506122349
2.5,3472,2489866.5760113895
2.5,3473,6036735.798527504
2.5,3474,1956160.9608074748
2.5,3475,877846.5562986968
2.5,3476,1004298.3298361211
2.5,3477,274521.1331370501
2.5,3478,1339283.885936919
2.5,3479,1807458.698917262
2.5,3480,1676674.1254624985
2.5,3481,925672.015283105
2.5,3482,450629.683872167
2.5,3483,846549.4554363405
2.5,3484,1544203.9407064288
2.5,3485,948716.2324286171
2.5,3486,4162051.626893447
2.5,3487,1134701.937896777
2.5,3488,1903645.9819933695
2.5,3489,4441858.450175263
2.5,3490,2296862.4294440565
2.5,3491,1133890.2454197088
2.5,3492,1237260.674076449
2.5,3493,2816158.999929959
2.5,3494,1356788.498474509
2.5,3495,2582344.7911672653
2.5,3496,6231188.027989092
2.5,3497,4377837.175458773
2.5,3498,7834592.530737102
2.5,3499,718826.9700068602
2.5,3500,744762.4719390431
2.5,3501,401923.6972492135
2.5,3502,1126106.9940140438
2.5,3503,1242914.12104889
2.5,3504,2826500.2262180964
2.5,3505,382214.3813067782
2.5,3506,2266398.827724162
2.5,3507,7842260.422159023
2.5,3508,1922931.1310216426
2.5,3509,833785.3250867018
2.5,3510,3027498.632012247
2.5,3511,246830.25717175828
2.5,3512,4921617.255598582
2.5,3513,316321.54662950133
2.5,3514,681783.6705378264
2.5,3515,624300.8569339559
2.5,3516,4950385.505960704
2.5,3517,6227369.881710533
2.5,3518,1256346.3260049482
2.5,3519,801330.1755388752
2.5,3520,5270827.357670302
2.5,3521,3528114.1522857673
2.5,3522,1205369.3402601616
2.5,3523,1276182.4946702966
2.5,3524,3953413.878693112
2.5,3525,440444.9129212559
2.5,3526,1713952.7111713856
2.5,3527,3252018.760039026
2.5,3528,641105.5438579541
2.5,3529,3887641.517429632
2.5,3530,1077353.8468761013
2.5,3531,3092241.949176415
2.5,3532,5620655.681374095
2.5,3533,1264717.2699508895
2.5,3534,619414.2601092934
2.5,3535,1374818.6112913585
2.5,3536,2507329.506699639
2.5,3537,1116077.51179129
2.5,3538,3036774.1768317083
2.5,3539,221750.54282693137
2.5,3540,884210.5196514793
2.5,3541,738100.4140810692
2.5,3542,116634.86327684154
2.5,3543,3219144.603549691
2.5,3544,3860042.209887379
2.5,3545,6508104.130252938
2.5,3546,890895.9576118491
2.5,3547,363355.874044162
2.5,3548,4579041.894011579
2.5,3549,3907899.3440784165
2.5,3550,445329.4424554916
2.5,3551,3167417.8100439846
2.5,3552,656330.1166591732
2.5,3553,3687503.250122465
2.5,3554,854887.5267960952
2.5,3555,2985028.9183159666
2.5,3556,2665952.56841755
2.5,3557,532450.1648548893
2.5,3558,3899734.035606038
2.5,3559,1232201.6414105385
2.5,3560,132370.02271075002
2.5,3561,808044.7298441924
2.5,3562,694095.2948182157
2.5,3563,1010952.4051131476
2.5,3564,3484191.415807424
2.5,3565,1004527.7458778643
2.5,3566,3979288.203284249
2.5,3567,1320786.4443575053
2.5,3568,3854996.099504141
2.5,3569,3760191.5698623024
2.5,3570,1188016.232138776
2.5,3571,1345403.9803844201
2.5,3572,5613223.361628447
2.5,3573,1244718.8850880929
2.5,3574,1962292.2383636134
2.5,3575,5708479.661297289
2.5,3576,446051.32025247085
2.5,3577,2156324.728832426
2.5,3578,496619.5127298035
2.5,3579,1880330.807587521
2.5,3580,4075329.7543707467
2.5,3581,243460.65752360754
2.5,3582,1884592.2466700668
2.5,3583,4294809.634234829
2.5,3584,303150.33155223273
2.5,3585,937775.8017201996
2.5,3586,2076655.6998284026
2.5,3587,3291760.7279795553
2.5,3588,2195882.120916713
2.5,3589,5690131.790298951
2.5,3590,4497313.473317243
2.5,3591,421973.5789853208
2.5,3592,612141.1324507132
2.5,3593,116719.32516320585
2.5,3594,1390917.6872310743
2.5,3595,3202847.114259847
2.5,3596,1890410.5704632637
2.5,3597,2512227.856232623
2.5,3598,929546.3821890124
2.5,3599,3408056.5765542067
2.5,3600,4947199.627576487
2.5,3601,4502838.923987229
2.5,3602,4645912.593413658
2.5,3603,906882.8367562125
2.5,3604,3715420.5892019076
2.5,3605,653326.158810747
2.5,3606,294148.3008844543
2.5,3607,1496437.763528816
2.5,3608,731345.1332815918
2.5,3609,814112.4540314376
2.5,3610,3851316.1814023335
2.5,3611,767925.3427393071
2.5,3612,920409.368062448
2.5,3613,926423.0105793197
2.5,3614,1876376.911363314
2.5,3615,1016270.7485362428
2.5,3616,1723360.8290954297
2.5,3617,4909007.9822304705
2.5,3618,2725816.4524389133
2.5,3619,276102.10046066134
2.5,3620,2201896.0347878276
2.5,3621,833739.8806442305
2.5,3622,833155.2594563242
2.5,3623,5911274.531184126
2.5,3624,547961.0419708114
2.5,3625,3067251.3180114822
2.5,3626,3764589.0743848486
2.5,3627,2777245.114475021
2.5,3628,515200.73593011266
2.5,3629,4919110.279685216
2.5,3630,1515844.4213971542
2.5,3631,2423619.5652416353
2.5,3632,1789593.195735596
2.5,3633,993954.246620524
2.5,3634,903102.4109347946
2.5,3635,434760.9325667619
2.5,3636,4036872.2214086503
2.5,3637,865174.9472930961
2.5,3638,3149704.6905573383
2.5,3639,5846759.436369429
2.5,3640,1056913.2191142044
2.5,3641,4310210.501677329
2.5,3642,1430392.9605266592
2.5,3643,6111657.049299568
2.5,3644,2897696.623254725
2.5,3645,3125399.6344249025
2.5,3646,1082269.6786562009
2.5,3647,2083463.3722806755
2.5,3648,1639628.6295271844
2.5,3649,1772750.349931449
2.5,3650,1292758.5722566054
2.5,3651,1200621.6948688868
2.5,3652,3053100.3274298003
2.5,3653,1949598.188171661
2.5,3654,1431758.9557359088
2.5,3655,1140228.9568477452
2.5,3656,2431115.006016747
2.5,3657,675199.3320359808
2.5,3658,914470.3420734205
2.5,3659,5536873.003407262
2.5,3660,501985.23362935946
2.5,3661,1177660.9172715547
2.5,3662,6330287.716408748
2.5,3663,1335822.0370684797
2.5,3664,7447397.75622501
2.5,3665,711000.8008123044
2.5,3666,7199659.725620836
2.5,3667,3978301.6726130615
2.5,3668,4994100.080767878
2.5,3669,2833002.889208689
2.5,3670,7332450.853702077
2.5,3671,683050.4227847392
2.5,3672,740600.8312435192
2.5,3673,140916.68921138832
2.5,3674,3840471.872920649
2.5,3675,944890.8837205613
2.5,3676,2946874.9287637197
2.5,3677,4516722.597664692
2.5,3678,3334645.0270943874
2.5,3679,4992745.542068485
2.5,3680,2323220.6723805913
2.5,3681,1622537.7501343535
2.5,3682,2445950.5880385134
2.5,3683,3123473.770781773
2.5,3684,2262009.75071964
2.5,3685,628844.011569878
2.5,3686,393266.47718936147
2.5,3687,130015.04931124525
2.5,3688,323933.543746644
2.5,3689,929566.4586832506
2.5,3690,2946843.1033687503
2.5,3691,2619946.8777092732
2.5,3692,800322.1557802936
2.5,3693,109967.20049113588
2.5,3694,1064443.4201996317
2.5,3695,4322218.515196131
2.5,3696,4462466.919251574
2.5,3697,855376.712550149
2.5,3698,762379.9794806819
2.5,3699,4328843.875348379
2.5,3700,675573.8757128782
2.5,3701,3496637.2651098673
2.5,3702,3077234.1601874577
2.5,3703,3519866.857192613
2.5,3704,718277.9145627901
2.5,3705,403445.46616282867
2.5,3706,1014180.5379226453
2.5,3707,1368180.4415442236
2.5,3708,3387500.4828627626
2.5,3709,2119619.7261045133
2.5,3710,612738.7234162698
2.5,3711,1447115.1396192603
2.5,3712,6711815.4084137725
2.5,3713,3744593.011257933
2.5,3714,790425.693166661
2.5,3715,3745609.0418390236
2.5,3716,675330.9261195684
2.5,3717,4713640.059105452
2.5,3718,752507.6104165283
2.5,3719,871190.8057061988
2.5,3720,747574.2290590906
2.5,3721,1549017.1038422014
2.5,3722,646355.983467226
2.5,3723,2089093.3611341584
2.5,3724,596141.9957641828
2.5,3725,1385400.670825053
2.5,3726,7483286.154190411
2.5,3727,791760.5357184464
2.5,3728,1375173.0311281276
2.5,3729,1118042.6694900496
2.5,3730,1591648.890711531
2.5,3731,1202189.806014235
2.5,3732,824592.4857662966
2.5,3733,6722586.62115047
2.5,3734,1220665.5315879849
2.5,3735,1699955.0537330157
2.5,3736,803809.0215730808
2.5,3737,560267.9917596055
2.5,3738,5250195.492151193
2.5,3739,3355052.165058614
2.5,3740,929456.7895643819
2.5,3741,2119768.40242572
2.5,3742,1189055.0202066468
2.5,3743,2050254.4657551171
2.5,3744,479802.4649465082
2.5,3745,1084092.889733946
2.5,3746,2319332.0225607203
2.5,3747,1050682.6583132807
2.5,3748,466526.697465474
2.5,3749,4071562.8492302047
2.5,3750,1005810.2277843556
2.5,3751,1211434.2136478457
2.5,3752,858389.9038819403
2.5,3753,1485510.9478176823
2.5,3754,2282594.472701731
2.5,3755,2876056.6356258946
2.5,3756,3737428.6457243892
2.5,3757,4560791.610956439
2.5,3758,287457.9568912104
2.5,3759,5146623.111391981
2.5,3760,2837160.9117221856
2.5,3761,6930774.5535791535
2.5,3762,3870917.93550158
2.5,3763,487938.5691875862
2.5,3764,993256.2833140852
2.5,3765,669523.2638352101
2.5,3766,2955148.7388203326
2.5,3767,3087884.952649245
2.5,3768,1737209.068155754
2.5,3769,2213857.1373616955
2.5,3770,4537997.19653835
2.5,3771,1185352.3739606533
2.5,3772,1584388.1620808137
2.5,3773,429311.4509990666
2.5,3774,3922149.676626347
2.5,3775,256624.2059696583
2.5,3776,3564909.669882961
2.5,3777,1372670.46615118
2.5,3778,5038914.483819831
2.5,3779,1117054.9031822188
2.5,3780,1101430.595053617
2.5,3781,2001113.8042777635
2.5,3782,676240.5747874266
2.5,3783,2107684.6439785017
2.5,3784,793563.1147724908
2.5,3785,4710677.969809115
2.5,3786,1636579.2513642246
2.5,3787,1690757.3323881794
2.5,3788,2003676.5495902724
2.5,3789,3130517.1997939087
2.5,3790,302637.15959267935
2.5,3791,351779.8362237395
2.5,3792,3203507.8039674647
2.5,3793,2583019.039250371
2.5,3794,938042.226631107
2.5,3795,1195592.4641776402
2.5,3796,935836.029819686
2.5,3797,4228192.113434627
2.5,3798,7607637.543819396
2.5,3799,209577.55795055977
2.5,3800,5879269.179284209
2.5,3801,713879.0692658285
2.5,3802,1644783.8226188752
2.5,3803,5813470.231617696
2.5,3804,657534.5950476637
2.5,3805,5826280.886248239
2.5,3806,1995637.4356491773
2.5,3807,740757.2517263823
2.5,3808,2161557.843327598
2.5,3809,282867.1078345066
2.5,3810,510417.4325999042
2.5,3811,3985898.9591396917
2.5,3812,1284547.354125461
2.5,3813,3365676.335625953
2.5,3814,2792968.797315536
2.5,3815,102750.35446134541
2.5,3816,1017571.0670849134
2.5,3817,1167657.8435626992
2.5,3818,571098.0120995977
2.5,3819,1987488.7508190419
2.5,3820,7414530.811969158
2.5,3821,5272570.7077006865
2.5,3822,331483.43857214955
2.5,3823,4898722.426485034
2.5,3824,3486518.726417982
2.5,3825,582964.284906665
2.5,3826,2130807.037175332
2.5,3827,2631157.0460248385
2.5,3828,5207560.304625604
2.5,3829,4641861.901266691
2.5,3830,1518870.9240279905
2.5,3831,5698110.135023846
2.5,3832,493728.01024483424
2.5,3833,6522309.648897115
2.5,3834,1024077.9301564144
2.5,3835,1097670.249492357
2.5,3836,4533138.753602637
2.5,3837,1306483.074769546
2.5,3838,4423304.40271429
2.5,3839,1370837.4758869591
2.5,3840,1925361.0630388646
2.5,3841,793362.2446169978
2.5,3842,2245553.6989196823
2.5,3843,1261278.6958369755
2.5,3844,1679632.505455573
2.5,3845,1960143.2210474946
2.5,3846,2174452.941791812
2.5,3847,908833.501572173
2.5,3848,1528982.0766661775
2.5,3849,3225773.8419100996
2.5,3850,3468858.1131394757
2.5,3851,1084446.0530173285
2.5,3852,1145482.019949772
2.5,3853,3726622.3341719997
2.5,3854,384159.43324067397
2.5,3855,3532008.2610604498
2.5,3856,1258312.0115848405
2.5,3857,1232274.3349700808
2.5,3858,1531488.0376114324
2.5,3859,1199063.6742711565
2.5,3860,5504145.800379486
2.5,3861,2828319.3220299417
2.5,3862,899660.0527073619
2.5,3863,2622438.605615958
2.5,3864,1141104.5064796458
2.5,3865,649210.3052955027
2.5,3866,4521264.911899759
2.5,3867,1591128.3952133423
2.5,3868,1910336.6012597815
2.5,3869,2677848.8703791755
2.5,3870,732651.9678539804
2.5,3871,219064.6834298117
2.5,3872,3916130.873967929
2.5,3873,2669571.951039532
2.5,3874,4157597.193435346
2.5,3875,2130308.202250418
2.5,3876,866982.8790191881
2.5,3877,3590279.5066812336
2.5,3878,1123665.0141307232
2.5,3879,102640.1625759418
2.5,3880,774028.2820183362
2.5,3881,1342629.9191605113
2.5,3882,2437328.3368603108
2.5,3883,6615363.93789312
2.5,3884,1383413.3154700885
2.5,3885,993330.3630462204
2.5,3886,675999.7013898902
2.5,3887,1923508.818873383
2.5,3888,665858.4961890191
2.5,3889,2847467.4763525864
2.5,3890,1985331.0219371968
2.5,3891,137853.38706655998
2.5,3892,2711872.794248209
2.5,3893,7565301.944612944
2.5,3894,4919399.996541121
2.5,3895,964162.1767601117
2.5,3896,1463773.2461189944
2.5,3897,3845609.610159129
2.5,3898,2720219.5965190893
2.5,3899,5126427.734551765
2.5,3900,5400642.311990379
2.5,3901,3613284.3615235016
2.5,3902,6475842.705453602
2.5,3903,2323572.5854152963
2.5,3904,1304277.156177523
2.5,3905,1603139.7427643419
2.5,3906,1193689.9569656542
2.5,3907,2662377.713337869
2.5,3908,1327665.9891289428
2.5,3909,4303738.571872773
2.5,3910,1542464.578057867
2.5,3911,3817723.0110971644
2.5,3912,2698773.933400221
2.5,3913,3893685.8971564886
2.5,3914,883550.1096012965
2.5,3915,3872114.320977309
2.5,3916,665987.341207477
2.5,3917,423480.40410008834
2.5,3918,6126778.272501006
2.5,3919,6298549.461670097
2.5,3920,1723995.9640687644
2.5,3921,127517.16517713718
2.5,3922,2187794.242019493
2.5,3923,944528.8715659729
2.5,3924,1697351.170302243
2.5,3925,2977795.781475386
2.5,3926,6703994.665416264
2.5,3927,2495820.496119217
2.5,3928,1413396.4973048193
2.5,3929,997613.1286536938
2.5,3930,1049707.7380639238
2.5,3931,1195180.4250835415
2.5,3932,337439.9821861125
2.5,3933,910003.1897438723
2.5,3934,3792169.3411215246
2.5,3935,608144.5165965678
2.5,3936,1525026.2738835316
2.5,3937,757291.3232311985
2.5,3938,1158676.0972300605
2.5,3939,3472947.494554268
2.5,3940,658830.5026402399
2.5,3941,5895469.455487278
2.5,3942,791040.5532926404
2.5,3943,1999676.190643894
2.5,3944,463434.2945041603
2.5,3945,1842140.2875087874
2.5,3946,4672864.076482064
2.5,3947,908425.645415514
2.5,3948,994591.1359575032
2.5,3949,3495726.4430229617
2.5,3950,2310959.5204916634
2.5,3951,1578668.9128517446
2.5,3952,1745049.5346874949
2.5,3953,859821.8575072375
2.5,3954,2028917.8443782195
2.5,3955,4715027.520858331
2.5,3956,6509254.951797282
2.5,3957,384852.0016935528
2.5,3958,616695.316490377
2.5,3959,3923131.189979213
2.5,3960,1115129.8691360676
2.5,3961,1047933.8138632486
2.5,3962,1465732.864944566
2.5,3963,6361702.63942772
2.5,3964,952872.6600001005
2.5,3965,1119028.836880798
2.5,3966,643622.0158424889
2.5,3967,5071716.2275497215
2.5,3968,207647.28442700685
2.5,3969,2358923.1168898107
2.5,3970,1451991.1765578366
2.5,3971,1719529.992811428
2.5,3972,590128.4389414153
2.5,3973,829945.5489808229
2.5,3974,414416.84013696824
2.5,3975,2063988.760101478
2.5,3976,4071485.239366216
2.5,3977,3447295.4973054426
2.5,3978,238876.66576921658
2.5,3979,1465417.0837536715
2.5,3980,3540399.7178563257
2.5,3981,5131142.538670928
2.5,3982,2609421.1253422145
2.5,3983,4123517.840566585
2.5,3984,1594643.5428418773
2.5,3985,4349451.538426932
2.5,3986,1997805.4249068093
2.5,3987,3672299.2032990474
2.5,3988,4959015.756351315
2.5,3989,2219123.1812532335
2.5,3990,572280.4773082918
2.5,3991,388219.35602902604
2.5,3992,1224930.997158616
2.5,3993,885329.345863263
2.5,3994,2802010.1908110906
2.5,3995,343670.00287598674
2.5,3996,2980401.949661707
2.5,3997,5559796.296870913
2.5,3998,2118424.0126768695
2.5,3999,3623232.7122385153
2.5,4000,1804695.016712491
2.5,4001,709050.9349873516
2.5,4002,6511933.823300214
2.5,4003,930960.3060267837
2.5,4004,1587378.7372081024
2.5,4005,474562.4650804629
2.5,4006,1060709.814596043
2.5,4007,1449724.3173169272
2.5,4008,861738.7404920566
2.5,4009,1226985.5049745212
2.5,4010,636932.7521339566
2.5,4011,611153.70257098
2.5,4012,2702453.7599398713
2.5,4013,2013302.502004647
2.5,4014,727810.5744316381
2.5,4015,1385319.9361563935
2.5,4016,389755.707907384
2.5,4017,3217507.972587998
2.5,4018,1116277.928051807
2.5,4019,1469091.5501849926
2.5,4020,967879.1373597987
2.5,4021,2796881.2699998873
2.5,4022,4463217.792642349
2.5,4023,497328.3389999415
2.5,4024,2779764.0838597864
2.5,4025,1165488.9262166815
2.5,4026,235627.767386237
2.5,4027,4081703.4908806975
2.5,4028,2283867.5984883555
2.5,4029,1664951.354210721
2.5,4030,683425.3616697997
2.5,4031,1287300.392736345
2.5,4032,737755.5623144665
2.5,4033,1375058.6654745543
2.5,4034,1548220.9493020389
2.5,4035,4869135.9154590815
2.5,4036,4902297.688929628
2.5,4037,1427653.8246541345
2.5,4038,654702.7132302369
2.5,4039,3390449.952011451
2.5,4040,4952524.619087095
2.5,4041,854107.6714937119
2.5,4042,3807855.1514620776
2.5,4043,7752035.607755735
2.5,4044,3455560.4065274787
2.5,4045,2871051.8042424205
2.5,4046,5345900.40544759
2.5,4047,2837497.976768215
2.5,4048,5475332.391718342
2.5,4049,4731398.099529075
2.5,4050,1719324.9988624754
2.5,4051,152077.6321861764
2.5,4052,936003.0638234778
2.5,4053,5416173.3956590155
2.5,4054,692207.5738186797
2.5,4055,789664.9730362362
2.5,4056,805409.1733758326
2.5,4057,902937.7118244154
2.5,4058,113837.32336568245
2.5,4059,2729386.9972410034
2.5,4060,4026420.382042014
2.5,4061,1492331.113570194
2.5,4062,2194908.817668071
2.5,4063,2028711.4372158605
2.5,4064,2982489.4715301455
2.5,4065,184157.83511220696
2.5,4066,3782854.302423384
2.5,4067,2858319.975423253
2.5,4068,5115899.390663216
2.5,4069,3356727.1518591344
2.5,4070,1776350.615688182
2.5,4071,5983562.99159438
2.5,4072,2631237.8515164605
2.5,4073,4011263.7199803246
2.5,4074,722961.4090245881
2.5,4075,846626.2708091652
2.5,4076,514552.1351846833
2.5,4077,6329040.565481283
2.5,4078,5331555.345420796
2.5,4079,1762574.03069983
2.5,4080,941217.5789817866
2.5,4081,979426.3066563616
2.5,4082,2716036.0007177936
2.5,4083,750207.2268238657
2.5,4084,1703345.4660472376
2.5,4085,1661103.400433125
2.5,4086,925340.3616344132
2.5,4087,296665.1321070384
2.5,4088,6066454.139044296
2.5,4089,5414864.731588518
2.5,4090,3899702.0273292884
2.5,4091,1295568.4565985254
2.5,4092,1633886.9019544888
2.5,4093,3871402.2579868147
2.5,4094,4219445.3401127225
2.5,4095,1959792.1286615105
2.5,4096,4342524.867608375
2.5,4097,3300971.678322112
2.5,4098,560267.9590440276
2.5,4099,3845515.591348355
2.5,4100,795624.5364710927
2.5,4101,627776.0011963368
2.5,4102,3110477.5522491443
2.5,4103,3492069.9683634727
2.5,4104,2148056.0528773884
2.5,4105,329049.95029036497
2.5,4106,3660293.19841303
2.5,4107,2140382.3363127923
2.5,4108,1271068.671110285
2.5,4109,1004638.3239446543
2.5,4110,362659.20442568185
2.5,4111,3520994.462824586
2.5,4112,5547895.196804601
2.5,4113,759950.0471871952
2.5,4114,170523.48898939064
2.5,4115,2890101.6995045627
2.5,4116,125676.66042306453
2.5,4117,7016420.96824567
2.5,4118,2567737.3574518515
2.5,4119,6083191.88465906
2.5,4120,2164699.641245854
2.5,4121,172693.4622721327
2.5,4122,1173724.8425928897
2.5,4123,150962.24257435524
2.5,4124,2454083.484858567
2.5,4125,3085788.925055007
2.5,4126,879809.7110077908
2.5,4127,2005763.9438602442
2.5,4128,1305919.2498717667
2.5,4129,778385.1207980505
2.5,4130,4843913.394000046
2.5,4131,4515052.347604943
2.5,4132,1359281.5395853089
2.5,4133,973389.3890163216
2.5,4134,2402540.2841817522
2.5,4135,500024.0627468203
2.5,4136,4999504.4087959025
2.5,4137,924216.4545636654
2.5,4138,1909697.6171951022
2.5,4139,1728121.0452215394
2.5,4140,1120175.6237200084
2.5,4141,1211591.6320561704
2.5,4142,3572114.8487997884
2.5,4143,1652388.6466408605
2.5,4144,447026.4879483097
2.5,4145,287908.35580586886
2.5,4146,1052508.8488488307
2.5,4147,1558492.0488131815
2.5,4148,2119247.0447752173
2.5,4149,995043.5643876961
2.5,4150,6564568.137759585
2.5,4151,597690.6673382785
2.5,4152,1479213.131512167
2.5,4153,1652701.3386613298
2.5,4154,1871976.9892774338
2.5,4155,1082951.2403673853
2.5,4156,773745.4957820574
2.5,4157,3397720.0756190363
2.5,4158,5186519.290222121
2.5,4159,4597062.231762761
2.5,4160,455301.00665977295
2.5,4161,3610800.5854750723
2.5,4162,1855521.7940926447
2.5,4163,7243384.821882931
2.5,4164,4078565.2305332487
2.5,4165,1197208.0653709236
2.5,4166,2828413.9980228767
2.5,4167,5656839.304016415
2.5,4168,136120.4972089072
2.5,4169,2266384.6369639817
2.5,4170,661491.3706382796
2.5,4171,5219482.508137602
2.5,4172,3015651.5557390805
2.5,4173,737595.873677816
2.5,4174,4919994.476291362
2.5,4175,248844.92568052572
2.5,4176,530819.7166791667
2.5,4177,138134.8827436195
2.5,4178,2813362.1610505795
2.5,4179,5462554.709320964
2.5,4180,137294.66425082722
2.5,4181,1986554.4224561336
2.5,4182,172998.49901166002
2.5,4183,1253432.3568067038
2.5,4184,2256646.0830486543
2.5,4185,2389777.2473920668
2.5,4186,503463.7499966192
2.5,4187,3720380.1762310825
2.5,4188,696541.578070474
2.5,4189,1510899.246260347
2.5,4190,2521732.804513067
2.5,4191,109803.28557880793
2.5,4192,1034763.6479070536
2.5,4193,4962985.149186581
2.5,4194,704635.0824429145
2.5,4195,1323995.0026997307
2.5,4196,312626.4815231508
2.5,4197,3418342.151420782
2.5,4198,720309.671541868
2.5,4199,2324777.4794723145
2.5,4200,3565062.505358968
2.5,4201,2330839.5053127967
2.5,4202,1056906.16959305
2.5,4203,3509859.155723464
2.5,4204,2282212.472409843
2.5,4205,2760571.3328252155
2.5,4206,227060.62027031087
2.5,4207,1024184.7577112141
2.5,4208,409712.28749949543
2.5,4209,1235775.6601161375
2.5,4210,738428.6415772673
2.5,4211,5135871.368161353
2.5,4212,2752998.6894952185
2.5,4213,845392.5525656331
2.5,4214,873334.147204116
2.5,4215,2471403.153536937
2.5,4216,6708404.347067774
2.5,4217,3478387.661024486
2.5,4218,298327.35133748513
2.5,4219,146174.87883903246
2.5,4220,575750.6144948616
2.5,4221,4303881.112112166
2.5,4222,2556629.0823606695
2.5,4223,4812412.91801881
2.5,4224,2553247.887788097
2.5,4225,1641817.05297272
2.5,4226,929613.1448496312
2.5,4227,4954874.97125932
2.5,4228,138215.5656893859
2.5,4229,4426010.296078572
2.5,4230,1410876.0495680298
2.5,4231,1336607.479723052
2.5,4232,2970957.154836391
2.5,4233,1680180.7429376408
2.5,4234,271725.6917711538
2.5,4235,1360488.7431353093
2.5,4236,7131140.0193022825
2.5,4237,684808.1006351268
2.5,4238,3263000.9035319705
2.5,4239,201718.03465846513
2.5,4240,1744440.0766523336
2.5,4241,349929.1912728948
2.5,4242,4346300.456019899
2.5,4243,448796.8285384452
2.5,4244,744662.3122032554
2.5,4245,750428.2820206118
2.5,4246,918315.7277215973
2.5,4247,1384519.858902487
2.5,4248,5856250.60649243
2.5,4249,1008622.3765282778
2.5,4250,4178091.1099986015
2.5,4251,3593702.1312380317
2.5,4252,198297.24925409514
2.5,4253,2372836.332895495
2.5,4254,669615.1532654379
2.5,4255,418528.4947123227
2.5,4256,122554.18351089496
2.5,4257,2368482.240112343
2.5,4258,1403935.4753051484
2.5,4259,2507835.3772523124
2.5,4260,617299.4327224953
2.5,4261,898898.8145899794
2.5,4262,3735220.5123541905
2.5,4263,817838.5610159158
2.5,4264,1258323.7574097952
2.5,4265,1189953.1253267038
2.5,4266,1759042.9434854917
2.5,4267,726218.2738191044
2.5,4268,3519301.148008088
2.5,4269,3513115.2819885085
2.5,4270,1658006.1113580568
2.5,4271,168475.5128442531
2.5,4272,1081737.4541133502
2.5,4273,2527679.1275868625
2.5,4274,1756155.2891286062
2.5,4275,4039679.8038773644
2.5,4276,2568779.443269961
2.5,4277,3767688.7168687745
2.5,4278,6714893.95437815
2.5,4279,321922.1121446461
2.5,4280,2141368.4056235207
2.5,4281,5015097.882179047
2.5,4282,5073158.394151274
2.5,4283,1635813.1668696087
2.5,4284,1483974.2711514484
2.5,4285,3313768.0506946775
2.5,4286,4601495.031890576
2.5,4287,5321766.154716431
2.5,4288,378317.4777446414
2.5,4289,1758561.2942236224
2.5,4290,2154672.8136701537
2.5,4291,273824.36053354427
2.5,4292,1096370.076977971
2.5,4293,4840105.048358588
2.5,4294,4050736.72324215
2.5,4295,2983964.303177012
2.5,4296,4192137.210032722
2.5,4297,5846503.573721334
2.5,4298,2704546.290908878
2.5,4299,583782.737668905
2.5,4300,2527670.008255474
2.5,4301,657619.5531335768
2.5,4302,4368220.611409653
2.5,4303,1274363.9797915698
2.5,4304,2389945.127212093
2.5,4305,1613609.065823177
2.5,4306,4481837.934832653
2.5,4307,1556195.128535187
2.5,4308,2808650.9342029504
2.5,4309,5526067.000029732
2.5,4310,1179972.2308861928
2.5,4311,2769562.722687953
2.5,4312,4311701.997509746
2.5,4313,4453311.750675025
2.5,4314,1094439.0204751226
2.5,4315,1581159.6370638118
2.5,4316,1419046.0651796306
2.5,4317,620248.9072821101
2.5,4318,598480.2933262276
2.5,4319,120689.83147704822
2.5,4320,3354710.5019238037
2.5,4321,912525.3814828903
2.5,4322,311676.49977473076
2.5,4323,2055332.8823724731
2.5,4324,711926.8432819261
2.5,4325,1183687.9005448744
2.5,4326,5457156.801857624
2.5,4327,1193136.6358305465
2.5,4328,1185649.340054784
2.5,4329,5792738.075915577
2.5,4330,1908766.9938180125
2.5,4331,2591246.309987386
2.5,4332,1165005.7037531103
2.5,4333,2534672.6829078435
2.5,4334,803718.5581545278
2.5,4335,1259235.9926103398
2.5,4336,176369.74631598982
2.5,4337,341210.8274525799
2.5,4338,4865032.899619846
2.5,4339,6745680.114029644
2.5,4340,1898409.6593858309
2.5,4341,4643433.027695269
2.5,4342,975454.9746269956
2.5,4343,6547072.554519562
2.5,4344,5087172.030049931
2.5,4345,1156427.6526884658
2.5,4346,450179.2796533798
2.5,4347,866937.2291386529
2.5,4348,1382481.0086561788
2.5,4349,723747.7115422506
2.5,4350,3986012.3944463967
2.5,4351,4468776.703841969
2.5,4352,685577.3021870587
2.5,4353,4384403.107434637
2.5,4354,1281433.6091033136
2.5,4355,2982532.51622838
2.5,4356,7533127.110363453
2.5,4357,2651178.871465262
2.5,4358,3679958.03059762
2.5,4359,5125255.726223936
2.5,4360,4485065.438220611
2.5,4361,271171.4745798546
2.5,4362,594011.9321910725
2.5,4363,148553.30070493458
2.5,4364,7067725.229153908
2.5,4365,763491.9170698933
2.5,4366,512311.4295779299
2.5,4367,736833.7320420713
2.5,4368,4108098.2444379837
2.5,4369,1218937.5806697188
2.5,4370,686816.7329128372
2.5,4371,1611091.2158222122
2.5,4372,334494.82843604556
2.5,4373,645773.957383271
2.5,4374,4176163.9884898653
2.5,4375,1929137.7583122407
2.5,4376,577310.9348096104
2.5,4377,2460700.7116311276
2.5,4378,4333892.24760122
2.5,4379,877960.9664758765
2.5,4380,431873.09714195726
2.5,4381,2261775.979746642
2.5,4382,2382564.9195433306
2.5,4383,1720934.393216334
2.5,4384,2603160.363454033
2.5,4385,2241372.685619287
2.5,4386,923513.5369209886
2.5,4387,5802145.409930745
2.5,4388,937070.4360578096
2.5,4389,2743288.35382814
2.5,4390,5415082.076613506
2.5,4391,1328752.7191733643
2.5,4392,4714792.423742802
2.5,4393,1086159.621530761
2.5,4394,474270.25708694174
2.5,4395,1096026.4348833635
2.5,4396,1585309.1589558853
2.5,4397,1466081.9048663096
2.5,4398,2226379.356178424
2.5,4399,4519246.981473738
2.5,4400,6021201.26591835
2.5,4401,1181512.0100852603
2.5,4402,145937.90850816923
2.5,4403,188338.18375107588
2.5,4404,336442.68074146507
2.5,4405,8304149.486059387
2.5,4406,105704.02123650048
2.5,4407,2129316.869429927
2.5,4408,3960360.4281054027
2.5,4409,4349900.693113237
2.5,4410,2922148.7503974596
2.5,4411,563515.8483246716
2.5,4412,1582798.6136542303
2.5,4413,1705477.690911809
2.5,4414,2994848.3651674837
2.5,4415,2502583.8723890986
2.5,4416,1520384.9277995713
2.5,4417,1994588.2064758465
2.5,4418,203881.4418533999
2.5,4419,4226673.1898103
2.5,4420,1016595.0181765519
2.5,4421,4370656.564741646
2.5,4422,740224.8458957061
2.5,4423,726769.2607284995
2.5,4424,1525089.8782020237
2.5,4425,4986094.97352712
2.5,4426,1135475.1911373686
2.5,4427,4126235.480497401
2.5,4428,302617.2221758998
2.5,4429,1023734.5185095312
2.5,4430,1899320.0423924774
2.5,4431,1166163.4345084361
2.5,4432,780809.3475000595
2.5,4433,1022670.6811419084
2.5,4434,845152.6067368772
2.5,4435,4629183.909309811
2.5,4436,3847612.120534105
2.5,4437,3332735.6135337544
2.5,4438,1347264.8587030845
2.5,4439,358593.92261049594
2.5,4440,5228778.002068367
2.5,4441,1963728.7646766899
2.5,4442,595879.0257831882
2.5,4443,5053587.012096695
2.5,4444,2576184.6798589826
2.5,4445,2708708.647227559
2.5,4446,1917961.084114781
2.5,4447,971734.9919090053
2.5,4448,6328773.031680251
2.5,4449,2448625.474677344
2.5,4450,5499525.222147331
2.5,4451,845069.7563178429
2.5,4452,4251281.955439227
2.5,4453,1237428.925298814
2.5,4454,4089790.912278546
2.5,4455,122122.95161541263
2.5,4456,342873.46038746997
2.5,4457,3315965.6011442197
2.5,4458,1385596.8239031117
2.5,4459,282929.08000383934
2.5,4460,2389827.0948457
2.5,4461,4862774.074881366
2.5,4462,995480.186928021
2.5,4463,5887425.869883364
2.5,4464,4431238.080560341
2.5,4465,840122.8020528008
2.5,4466,5160627.673783682
2.5,4467,414157.057230957
2.5,4468,349075.55308612355
2.5,4469,324161.9328645306
2.5,4470,2557118.375105407
2.5,4471,488575.18088050815
2.5,4472,3517125.9383898713
2.5,4473,1195327.9852191822
2.5,4474,690635.0883152453
2.5,4475,1678682.3484587045
2.5,4476,2376999.3741400396
2.5,4477,1401765.2899691511
2.5,4478,4761703.321766751
2.5,4479,1687354.8856536257
2.5,4480,1943862.2622259068
2.5,4481,763003.0191786014
2.5,4482,3172169.6783537725
2.5,4483,1162198.5255204712
2.5,4484,267446.0483740824
2.5,4485,205537.50897902725
2.5,4486,721765.4169726651
2.5,4487,3665238.224547903
2.5,4488,2378567.874905725
2.5,4489,2763120.6606966173
2.5,4490,3023801.167134684
2.5,4491,5611451.994016461
2.5,4492,211797.41718081417
2.5,4493,3208524.6551416796
2.5,4494,384573.80558591255
2.5,4495,4957442.100528283
2.5,4496,2156080.8873521965
2.5,4497,2257092.9207333853
2.5,4498,524548.5129145866
2.5,4499,896271.667625956
2.5,4500,1033845.1027138068
2.5,4501,3390815.8544312236
2.5,4502,712577.3017094675
2.5,4503,839252.5318525983
2.5,4504,2293541.8548390837
2.5,4505,1040073.0508316031
2.5,4506,3403630.3624260426
2.5,4507,3822763.829061856
2.5,4508,7434456.31714732
2.5,4509,894153.951930936
2.5,4510,518255.75705348304
2.5,4511,363927.93058411
2.5,4512,3318994.53041795
2.5,4513,403705.44795329147
2.5,4514,1015738.9154152038
2.5,4515,2584821.528124349
2.5,4516,1106766.358201924
2.5,4517,184830.00132411812
2.5,4518,3689984.228047233
2.5,4519,2715122.9618100873
2.5,4520,3656887.9522289042
2.5,4521,2252512.2812645547
2.5,4522,6432517.99831349
2.5,4523,4323171.42660051
2.5,4524,4642415.177115165
2.5,4525,619756.580849968
2.5,4526,462631.31645029713
2.5,4527,2604796.5647204276
2.5,4528,1284395.9919092099
2.5,4529,2785404.0349650146
2.5,4530,1717477.5961410122
2.5,4531,808838.9181168108
2.5,4532,1657253.2964032074
2.5,4533,628687.8142211703
2.5,4534,2254817.48695523
2.5,4535,2809720.0224235207
2.5,4536,2906790.9509665268
2.5,4537,5361452.738348848
2.5,4538,334836.35263965174
2.5,4539,968737.7824857595
2.5,4540,1442031.8230186768
2.5,4541,3518951.8402812146
2.5,4542,3810494.342142335
2.5,4543,186310.59286369683
2.5,4544,946126.3764195464
2.5,4545,1415352.0322900654
2.5,4546,1800242.9992087185
2.5,4547,2799025.405218769
2.5,4548,1408867.2300397628
2.5,4549,1746966.8003340971
2.5,4550,813077.2602986087
2.5,4551,2509491.162589647
2.5,4552,3743004.688115415
2.5,4553,6969673.184943824
2.5,4554,706742.7295280036
2.5,4555,1761020.3512555044
2.5,4556,506817.50502442365
2.5,4557,2160783.076166709
2.5,4558,623675.2553922902
2.5,4559,3690362.840103411
2.5,4560,1035970.9537272064
2.5,4561,1132453.8349613855
2.5,4562,2944316.099915822
2.5,4563,4455544.167787285
2.5,4564,310774.5230504808
2.5,4565,1439649.4369826657
2.5,4566,4496535.398436456
2.5,4567,709428.2648948174
2.5,4568,1123762.8927663576
2.5,4569,3656929.351362763
2.5,4570,493784.9046649748
2.5,4571,2818367.3841406326
2.5,4572,4981558.640513353
2.5,4573,507255.66654663003
2.5,4574,205254.26957724986
2.5,4575,4408992.101834089
2.5,4576,5494920.403334795
2.5,4577,1575504.7045825168
2.5,4578,2681266.07576844
2.5,4579,1007967.4439957254
2.5,4580,7778580.641715146
2.5,4581,676068.0172604746
2.5,4582,705396.7040684252
2.5,4583,3578893.3418392697
2.5,4584,2432882.4909729883
2.5,4585,1622965.8930215682
2.5,4586,886930.6631723613
2.5,4587,4423367.519322909
2.5,4588,4756252.130895352
2.5,4589,2236225.0017870967
2.5,4590,243637.29905096392
2.5,4591,1476590.3735478246
2.5,4592,320941.8783374608
2.5,4593,2167491.233552549
2.5,4594,2238650.808516269
2.5,4595,2429830.9764258633
2.5,4596,1211119.8180865098
2.5,4597,945428.1644500054
2.5,4598,5259598.686120553
2.5,4599,4395645.084522254
2.5,4600,1760878.1670711609
2.5,4601,4552237.261533987
2.5,4602,1813549.8838675404
2.5,4603,2773371.2449565567
2.5,4604,727944.3116817992
2.5,4605,455659.1255873197
2.5,4606,4205916.961319163
2.5,4607,1932743.1947347764
2.5,4608,970117.8868108271
2.5,4609,4970897.4280230515
2.5,4610,2325442.571090622
2.5,4611,848332.1073332656
2.5,4612,1970939.4270500136
2.5,4613,2129824.899112713
2.5,4614,630890.371941073
2.5,4615,368113.0323827656
2.5,4616,447759.1967189071
2.5,4617,535489.5186611138
2.5,4618,647317.9034484436
2.5,4619,1343358.5856320509
2.5,4620,4451088.981208503
2.5,4621,833326.110539404
2.5,4622,1577602.2581798164
2.5,4623,2640954.9084726227
2.5,4624,4663343.237031499
2.5,4625,825373.3083860851
2.5,4626,5702113.521813696
2.5,4627,1275153.5359334175
2.5,4628,787313.1248765866
2.5,4629,4112316.033846988
2.5,4630,543860.3366380834
2.5,4631,198441.85279273894
2.5,4632,493160.17965030624
2.5,4633,1465836.2214334607
2.5,4634,1597061.817939585
2.5,4635,3854988.320049335
2.5,4636,4769511.905655293
2.5,4637,5055916.044086261
2.5,4638,867443.2128509695
2.5,4639,910613.5375190971
2.5,4640,577432.5892258647
2.5,4641,5621599.386316391
2.5,4642,3511096.203373678
2.5,4643,3425798.515064245
2.5,4644,3584005.6912531117
2.5,4645,2708467.0606310987
2.5,4646,2145843.16021461
2.5,4647,426842.907146121
2.5,4648,719920.479968017
2.5,4649,3693248.162996446
2.5,4650,3840190.1246220986
2.5,4651,504513.72268525034
2.5,4652,643368.0522405201
2.5,4653,630681.7280756009
2.5,4654,663687.4165349321
2.5,4655,2277020.091581392
2.5,4656,5115440.094325906
2.5,4657,3438417.6868260605
2.5,4658,1135860.8811403492
2.5,4659,1539404.0930864587
2.5,4660,901383.9441104417
2.5,4661,108782.926308809
2.5,4662,4028466.7365231873
2.5,4663,789888.8880636148
2.5,4664,3247278.710510995
2.5,4665,745119.1822913096
2.5,4666,1588261.5437973924
2.5,4667,802426.8118680209
2.5,4668,817599.7387093215
2.5,4669,2537417.417987245
2.5,4670,2573337.2378557217
2.5,4671,1449393.4705008422
2.5,4672,799119.5656624434
2.5,4673,2207464.5752438167
2.5,4674,2954413.622049323
2.5,4675,3285756.048369717
2.5,4676,1096492.2781695805
2.5,4677,4641788.105520055
2.5,4678,5030867.939890215
2.5,4679,1512952.6421012573
2.5,4680,1256842.1717913172
2.5,4681,962003.2097811582
2.5,4682,809124.4646281687
2.5,4683,7361096.499362502
2.5,4684,1012032.3740273315
2.5,4685,5699414.567798719
2.5,4686,6288966.525372911
2.5,4687,2336326.9069745913
2.5,4688,5411763.843512684
2.5,4689,1031364.3781575523
2.5,4690,865370.1126115345
2.5,4691,1440725.5383680223
2.5,4692,813971.6896298467
2.5,4693,1461624.7410608404
2.5,4694,1724046.8510859974
2.5,4695,2064081.1188608913
2.5,4696,4061306.4753751615
2.5,4697,3519130.705048578
2.5,4698,5488057.728382711
2.5,4699,4458801.126058782
2.5,4700,786237.1954378199
2.5,4701,4611191.1454247255
2.5,4702,2760867.952840538
2.5,4703,1530681.2188259833
2.5,4704,471752.24364560674
2.5,4705,2961221.5257341
2.5,4706,215667.25224999845
2.5,4707,5201114.585832774
2.5,4708,5305732.248748873
2.5,4709,323942.0221107543
2.5,4710,4500527.784367699
2.5,4711,891743.2424556698
2.5,4712,1063127.4613988658
2.5,4713,245324.36466207905
2.5,4714,220545.14724746783
2.5,4715,1921133.2939918153
2.5,4716,1668793.672753848
2.5,4717,2240856.6331697344
2.5,4718,6389214.213302237
2.5,4719,3480298.7794942735
2.5,4720,1014947.3875238185
2.5,4721,746542.6871073506
2.5,4722,4776463.400715114
2.5,4723,6742074.3701091325
2.5,4724,664254.9513092285
2.5,4725,6802682.895159041
2.5,4726,3707908.8475156208
2.5,4727,5840576.7211756855
2.5,4728,4789604.427933686
2.5,4729,2461819.611558727
2.5,4730,5868575.101558613
2.5,4731,1546815.7167553585
2.5,4732,1683307.2110616087
2.5,4733,1278962.7165527365
2.5,4734,1998989.4003133688
2.5,4735,5796266.13811425
2.5,4736,4504705.95143586
2.5,4737,585849.8814253585
2.5,4738,2710872.0667671906
2.5,4739,188235.4861092701
2.5,4740,756248.9370173663
2.5,4741,104484.50991058518
2.5,4742,6350934.221284678
2.5,4743,1140771.822333685
2.5,4744,1133532.6704151558
2.5,4745,768946.8871309886
2.5,4746,4120303.9532160964
2.5,4747,1496237.187506203
2.5,4748,4260671.742238645
2.5,4749,819119.2612904964
2.5,4750,1695727.8817997687
2.5,4751,2774929.336953955
2.5,4752,1461001.7427829728
2.5,4753,519383.1085781761
2.5,4754,8055835.754988493
2.5,4755,796322.2006062396
2.5,4756,5051268.441357145
2.5,4757,655904.3188525368
2.5,4758,512940.0827342369
2.5,4759,3199731.362934471
2.5,4760,582344.2197537709
2.5,4761,1498100.0119480398
2.5,4762,4614553.614531849
2.5,4763,4254347.793543378
2.5,4764,838221.8663489062
2.5,4765,3182836.759242776
2.5,4766,1515982.2175250743
2.5,4767,4890438.924833365
2.5,4768,2164408.955462797
2.5,4769,3246069.377514206
2.5,4770,2802726.1002784213
2.5,4771,3683607.2649421953
2.5,4772,5498670.158902657
2.5,4773,287359.01137156796
2.5,4774,1722546.216916289
2.5,4775,680719.9826873484
2.5,4776,1369603.7131685931
2.5,4777,674203.1006477667
2.5,4778,849231.2879487752
2.5,4779,1319595.5118606114
2.5,4780,4090906.1493346095
2.5,4781,967858.3155116808
2.5,4782,949130.0467375147
2.5,4783,4222179.14991868
2.5,4784,6367392.584847375
2.5,4785,236405.8819202387
2.5,4786,1058821.392343988
2.5,4787,1871794.2382936412
2.5,4788,2067868.6221883595
2.5,4789,515795.97536851006
2.5,4790,846012.345519303
2.5,4791,1528520.823601951
2.5,4792,5091561.789900392
2.5,4793,821525.9995371699
2.5,4794,2934353.63287586
2.5,4795,621440.2470729535
2.5,4796,2195727.165227731
2.5,4797,1460788.2811888757
2.5,4798,2132398.698061275
2.5,4799,3834892.5749647836
2.5,4800,1095303.6028920084
2.5,4801,103341.04984669683
2.5,4802,168567.6196862027
2.5,4803,1614862.6953732022
2.5,4804,2529642.6659637582
2.5,4805,651147.9446186007
2.5,4806,530483.6132539096
2.5,4807,4675520.994046672
2.5,4808,3065206.951858034
2.5,4809,3517086.300377344
2.5,4810,830529.1376635407
2.5,4811,5600698.045146534
2.5,4812,1385701.3562180987
2.5,4813,3482321.0989221763
2.5,4814,5404183.176604648
2.5,4815,1517606.5408292448
2.5,4816,1332841.1778739283
2.5,4817,1198808.6124046987
2.5,4818,1838064.8402592826
2.5,4819,1282780.721478337
2.5,4820,6149435.353020307
2.5,4821,3284220.996115472
2.5,4822,1781746.5568929436
2.5,4823,2774716.3333944497
2.5,4824,1670579.6780189113
2.5,4825,3192098.8383816388
2.5,4826,282053.8651324412
2.5,4827,2728042.0837755855
2.5,4828,812862.9918585571
2.5,4829,402519.82543668465
2.5,4830,3640773.5114249107
2.5,4831,784545.86966572
2.5,4832,794833.533985997
2.5,4833,4419794.33688258
2.5,4834,213298.5230834634
2.5,4835,4015274.0869369525
2.5,4836,4437836.71907145
2.5,4837,1347741.1421517348
2.5,4838,1027529.1442406254
2.5,4839,3414893.873403964
2.5,4840,1714574.5994024253
2.5,4841,3185786.6244478556
2.5,4842,1624686.937604652
2.5,4843,1809416.4900437174
2.5,4844,4901739.739276405
2.5,4845,2736219.653132354
2.5,4846,3616387.667520968
2.5,4847,4999512.252093437
2.5,4848,2646148.208589048
2.5,4849,686263.5355872418
2.5,4850,216020.39983907298
2.5,4851,3977728.45772635
2.5,4852,247764.54808487772
2.5,4853,3818210.0305674174
2.5,4854,2737126.0587911047
2.5,4855,1199125.186546645
2.5,4856,2236805.4554514494
2.5,4857,5023220.620924213
2.5,4858,334476.2843197904
2.5,4859,3914975.638519831
2.5,4860,2622565.7399038007
2.5,4861,1628359.1205034473
2.5,4862,214854.4051680542
2.5,4863,574008.0081079977
2.5,4864,1307022.9532138752
2.5,4865,874414.6508657489
2.5,4866,553004.9573821995
2.5,4867,1024207.6543584809
2.5,4868,4456398.776177079
2.5,4869,2754412.8016213146
2.5,4870,1372016.576851949
2.5,4871,2391666.7058040183
2.5,4872,2245667.2129591545
2.5,4873,2343652.3769033593
2.5,4874,4916017.700661035
2.5,4875,2150111.015784465
2.5,4876,3365156.2024801895
2.5,4877,1809078.477284776
2.5,4878,5135484.854221951
2.5,4879,6042807.978537275
2.5,4880,4397585.843150701
2.5,4881,479641.7943155634
2.5,4882,739654.9487335868
2.5,4883,1445190.9382462176
2.5,4884,1122846.588638233
2.5,4885,1726022.7369514522
2.5,4886,2208834.3282528003
2.5,4887,5313420.414946981
2.5,4888,586752.2154262781
2.5,4889,1235832.9609644169
2.5,4890,1076490.1997225168
2.5,4891,3450048.707666989
2.5,4892,103566.48874394454
2.5,4893,2954596.69252047
2.5,4894,1537174.1589859943
2.5,4895,1639361.4007932239
2.5,4896,2671640.9180415887
2.5,4897,2077220.649764871
2.5,4898,2243124.550950988
2.5,4899,857223.371763503
2.5,4900,1513160.9981629653
2.5,4901,2385194.191371996
2.5,4902,525889.3075117103
2.5,4903,838957.5520537539
2.5,4904,2288322.3440333763
2.5,4905,329671.479995785
2.5,4906,4084787.6798164444
2.5,4907,326981.3353323253
2.5,4908,1275704.169497069
2.5,4909,5384933.424705111
2.5,4910,1480248.1288737052
2.5,4911,1170385.1712568002
2.5,4912,5833874.912980182
2.5,4913,1502598.2920422733
2.5,4914,869844.679676241
2.5,4915,7153094.022779267
2.5,4916,1062830.2742365762
2.5,4917,1385197.376178457
2.5,4918,919271.0465780203
2.5,4919,2284699.008009336
2.5,4920,2795695.0180077436
2.5,4921,4535956.608102978
2.5,4922,1993733.5787510371
2.5,4923,7845595.197982564
2.5,4924,2584536.263631019
2.5,4925,584719.2134843623
2.5,4926,1076551.1031379444
2.5,4927,722901.0430707091
2.5,4928,390951.2990509877
2.5,4929,743798.2750617949
2.5,4930,387832.1672971327
2.5,4931,3355292.0217843177
2.5,4932,4007055.3898038357
2.5,4933,1403639.9638042287
2.5,4934,605603.7678674061
2.5,4935,781351.4793645451
2.5,4936,2981553.3618865297
2.5,4937,420526.658697559
2.5,4938,2473124.4638503464
2.5,4939,2071890.9073830072
2.5,4940,934554.7557789572
2.5,4941,3359192.8024389367
2.5,4942,1358474.8155195755
2.5,4943,3948953.6032335577
2.5,4944,2938260.9447925473
2.5,4945,5045661.747380371
2.5,4946,1790937.0517232134
2.5,4947,1787089.5679074174
2.5,4948,4769061.714804871
2.5,4949,1840794.7770773328
2.5,4950,1775026.434925621
2.5,4951,5209202.639244326
2.5,4952,2024253.1308534504
2.5,4953,102600.41556545816
2.5,4954,948357.3509443654
2.5,4955,2112431.1090526213
2.5,4956,2136492.8187898844
2.5,4957,5000621.869250915
2.5,4958,3541900.4189798776
2.5,4959,236166.2174989709
2.5,4960,3215358.462006476
2.5,4961,2943841.59564132
2.5,4962,567838.3095426534
2.5,4963,2740113.6591478065
2.5,4964,4131299.2322537787
2.5,4965,6046652.973653782
2.5,4966,1463943.3926128014
2.5,4967,1567826.099949432
2.5,4968,2910530.5860830154
2.5,4969,4180329.612190223
2.5,4970,1164263.5953270257
2.5,4971,1592140.9666510073
2.5,4972,385880.29510455823
2.5,4973,4108573.6732694283
2.5,4974,1080733.153659571
2.5,4975,534182.6064040674
2.5,4976,5968492.695832522
2.5,4977,243793.39261637817
2.5,4978,445959.5016105221
2.5,4979,2478071.1148728756
2.5,4980,2881208.8251133254
2.5,4981,901838.3652056975
2.5,4982,772893.2291332633
2.5,4983,2107163.2312806807
2.5,4984,4272945.1011766335
2.5,4985,5301717.528436777
2.5,4986,3482419.9417884573
2.5,4987,6560737.999481518
2.5,4988,739766.9673828811
2.5,4989,3263895.540172581
2.5,4990,680537.0479625928
2.5,4991,1064957.9619491424
2.5,4992,3141278.507351379
2.5,4993,1850743.4151467846
2.5,4994,427236.56170367496
2.5,4995,2313192.456566114
2.5,4996,1139106.3816558025
2.5,4997,1361593.564519098
2.5,4998,1501685.3911319738
2.5,4999,1008620.9122359869
2.5,5000,1442226.4495579593
2.5,5001,3174567.0830708724
2.5,5002,918456.5812613318
2.5,5003,5596719.935770631
2.5,5004,1333080.1376712564
2.5,5005,3359208.5761605543
2.5,5006,3353384.2544483948
2.5,5007,423748.3510134745
2.5,5008,5102037.500245448
2.5,5009,3869459.651854479
2.5,5010,566755.5995871825
2.5,5011,325725.77237835823
2.5,5012,3912789.385813236
2.5,5013,3057322.3754487108
2.5,5014,2051381.5750513985
2.5,5015,2115813.2486462146
2.5,5016,564238.180870682
2.5,5017,518397.5605144995
2.5,5018,4682322.900877288
2.5,5019,6906763.423675568
2.5,5020,3380219.426197368
2.5,5021,468799.4465162724
2.5,5022,4463954.103223875
2.5,5023,2345364.4959486085
2.5,5024,8062552.454128348
2.5,5025,6804440.150304136
2.5,5026,5238806.579701945
2.5,5027,1067393.8033516456
2.5,5028,4571607.1195621835
2.5,5029,1697380.4349695153
2.5,5030,2372095.9983766153
2.5,5031,2840663.193573202
2.5,5032,763470.5256207706
2.5,5033,6502462.801277526
2.5,5034,3602538.362927058
2.5,5035,1931422.9762163227
2.5,5036,1549212.0280207386
2.5,5037,926175.089709326
2.5,5038,4057450.0756225428
2.5,5039,4905264.359894028
2.5,5040,953620.599454989
2.5,5041,1692006.3184899094
2.5,5042,645098.3336533249
2.5,5043,4772481.90388959
2.5,5044,1549462.388828048
2.5,5045,1473892.9274205673
2.5,5046,3303635.6519265603
2.5,5047,577023.7745934748
2.5,5048,5334064.026968112
2.5,5049,1042062.9330757316
2.5,5050,2925410.2313403375
2.5,5051,4077477.1359622204
2.5,5052,2363970.6046611723
2.5,5053,1702895.7957912567
2.5,5054,591846.4585955874
2.5,5055,1767719.9102876491
2.5,5056,1775099.1521314133
2.5,5057,4424865.841751452
2.5,5058,1039669.6018679037
2.5,5059,4928088.9617249295
2.5,5060,2163224.2131372807
2.5,5061,5758762.045647661
2.5,5062,3257832.929840072
2.5,5063,1176802.0364051224
2.5,5064,4122486.831768736
2.5,5065,3195653.6730537275
2.5,5066,215664.7236495464
2.5,5067,1068289.2434736977
2.5,5068,3867360.658929526
2.5,5069,689805.6027057907
2.5,5070,1903827.0194654805
2.5,5071,727775.7454918693
2.5,5072,621108.7272954077
2.5,5073,3886928.3446840495
2.5,5074,906701.482614979
2.5,5075,293456.370690695
2.5,5076,1593545.4348224062
2.5,5077,3922578.1976737515
2.5,5078,4440281.9597092215
2.5,5079,2307166.1537880767
2.5,5080,535906.4690241943
2.5,5081,1271998.89602371
2.5,5082,1590138.2118081069
2.5,5083,1873610.8947770575
2.5,5084,3422852.3236431964
2.5,5085,4608529.412897729
2.5,5086,1258197.3095641213
2.5,5087,4767210.451139643
2.5,5088,2186057.422186734
2.5,5089,4899397.665273141
2.5,5090,2804105.113234342
2.5,5091,5776504.196250906
2.5,5092,2476758.05853738
2.5,5093,1569099.6509590338
2.5,5094,1598550.7130885895
2.5,5095,794774.951541591
2.5,5096,279495.68661795167
2.5,5097,1194909.28053534
2.5,5098,3303018.829383372
2.5,5099,845612.5037407423
2.5,5100,2059601.2021659177
2.5,5101,1667128.388609539
2.5,5102,1446449.5965950065
2.5,5103,3669425.937237891
2.5,5104,3491550.6161115626
2.5,5105,159030.35124937148
2.5,5106,777500.5919504383
2.5,5107,1137099.4578742166
2.5,5108,549405.8825714757
2.5,5109,933767.000033258
2.5,5110,4632184.020387059
2.5,5111,1495933.2645895206
2.5,5112,2647889.4861522126
2.5,5113,2192546.846399236
2.5,5114,4767700.1119368775
2.5,5115,1203540.5413200855
2.5,5116,2873690.455561918
2.5,5117,1104183.650278866
2.5,5118,956877.4295767219
2.5,5119,6299393.531222059
2.5,5120,1984229.7991120203
2.5,5121,2778615.4486510777
2.5,5122,4540318.816432864
2.5,5123,8000107.069291998
2.5,5124,1406660.9736070486
2.5,5125,751276.9156334074
2.5,5126,3742401.9335845374
2.5,5127,898597.4157032572
2.5,5128,1688250.3097889447
2.5,5129,3895893.8137744186
2.5,5130,1138256.2243943096
2.5,5131,6573961.789396282
2.5,5132,1770744.8387769987
2.5,5133,5358494.369337102
2.5,5134,2493398.344265224
2.5,5135,1674545.1566467504
2.5,5136,3400155.0294900807
2.5,5137,3184065.101601593
2.5,5138,3399377.5846999018
2.5,5139,2394602.9447723646
2.5,5140,3088439.9802282774
2.5,5141,1355011.1111913668
2.5,5142,3456599.4659963525
2.5,5143,4946930.008038741
2.5,5144,1073234.6860478274
2.5,5145,2346649.85985225
2.5,5146,668153.0875230115
2.5,5147,510743.47619801195
2.5,5148,1499369.079287062
2.5,5149,1511078.4934882326
2.5,5150,7307487.690399676
2.5,5151,4508402.760516267
2.5,5152,3052545.7882568464
2.5,5153,4423543.932933979
2.5,5154,3991712.3516026856
2.5,5155,986898.9702537423
2.5,5156,2848594.740181173
2.5,5157,4404813.772051759
2.5,5158,1518268.361434744
2.5,5159,1849697.4036186566
2.5,5160,347481.8012307765
2.5,5161,2088488.794812436
2.5,5162,2680920.928664718
2.5,5163,3003305.1035276935
2.5,5164,1068704.3570223423
2.5,5165,1724265.4472921004
2.5,5166,3061962.001705404
2.5,5167,587475.5880611782
2.5,5168,372139.4758387229
2.5,5169,5529467.577209432
2.5,5170,4537532.625279277
2.5,5171,1823921.6201993162
2.5,5172,3381408.645437446
2.5,5173,1211282.841214542
2.5,5174,113844.30996082051
2.5,5175,1637058.3944255272
2.5,5176,2697978.0526547767
2.5,5177,5607101.865311255
2.5,5178,2245463.241926752
2.5,5179,2004467.1365256119
2.5,5180,1079374.6735260794
2.5,5181,410266.06459432706
2.5,5182,1863266.398023828
2.5,5183,1652735.1380662667
2.5,5184,5299083.263504441
2.5,5185,4444867.165285586
2.5,5186,103571.79469432765
2.5,5187,4240852.104266444
2.5,5188,660386.6661253672
2.5,5189,3638223.9193030493
2.5,5190,1991973.1838669744
2.5,5191,1240879.7860369803
2.5,5192,1875422.8935421898
2.5,5193,2127938.918764905
2.5,5194,2659308.288763814
2.5,5195,582023.1741378882
2.5,5196,4696761.100789912
2.5,5197,3123227.836942751
2.5,5198,4290213.548082551
2.5,5199,1503613.9094475533
2.5,5200,1203786.349773453
2.5,5201,127498.7884182825
2.5,5202,3842657.162539701
2.5,5203,2154303.0074557695
2.5,5204,242070.08717835412
2.5,5205,1131680.3289464267
2.5,5206,1290216.071436282
2.5,5207,680649.741358013
2.5,5208,623753.1932708787
2.5,5209,5227229.5077713225
2.5,5210,1762274.2007932663
2.5,5211,1074900.1172972247
2.5,5212,2096707.0950505151
2.5,5213,1292414.0783556476
2.5,5214,597100.4797913483
2.5,5215,719998.39695198
2.5,5216,2512217.741052336
2.5,5217,1200672.1813369342
2.5,5218,851288.4206385021
2.5,5219,1715126.2659630596
2.5,5220,2894117.546847885
2.5,5221,1495205.6096683077
2.5,5222,346380.209340808
2.5,5223,518633.06986814766
2.5,5224,3591779.988229665
2.5,5225,1381364.588788529
2.5,5226,5477830.653987195
2.5,5227,5147315.82438607
2.5,5228,4104679.3584237355
2.5,5229,1684381.338190889
2.5,5230,1096191.1426560115
2.5,5231,2476119.597968501
2.5,5232,3571696.0684193918
2.5,5233,1277356.2359566323
2.5,5234,1162537.5731578625
2.5,5235,2585724.613363579
2.5,5236,938706.3289544343
2.5,5237,393792.8744656899
2.5,5238,3115379.624997148
2.5,5239,889845.3710555149
2.5,5240,223951.48769013822
2.5,5241,614889.0126499583
2.5,5242,3019645.3023207625
2.5,5243,3065368.695587622
2.5,5244,2320469.3553829817
2.5,5245,508408.0324523905
2.5,5246,700502.4441006391
2.5,5247,1994774.462259971
2.5,5248,5317072.139997849
2.5,5249,503155.04927657516
2.5,5250,994036.5656421483
2.5,5251,1721576.2163942647
2.5,5252,965897.7957042502
2.5,5253,1249831.7925891501
2.5,5254,2484709.8970209733
2.5,5255,2765952.684746318
2.5,5256,5108990.2794965245
2.5,5257,1279382.5350095727
2.5,5258,391711.5592071535
2.5,5259,1226416.9698463778
2.5,5260,4722176.382696092
2.5,5261,2680015.3063371186
2.5,5262,1735458.6986835802
2.5,5263,3795482.5402707914
2.5,5264,390765.6350685497
2.5,5265,2331917.917332033
2.5,5266,1262514.7496823221
2.5,5267,727515.6942438716
2.5,5268,1815782.6311757779
2.5,5269,2107026.578291162
2.5,5270,1086262.4825207447
2.5,5271,2930188.3326800205
2.5,5272,2100620.057591335
2.5,5273,6751420.979693064
2.5,5274,520876.796322631
2.5,5275,2623576.8554633884
2.5,5276,5728164.2497973675
2.5,5277,5456423.870102871
2.5,5278,3902834.708970998
2.5,5279,556723.8450241563
2.5,5280,692569.0905993247
2.5,5281,1971639.7573238232
2.5,5282,1830386.6052806587
2.5,5283,328654.17874689284
2.5,5284,710693.3971700358
2.5,5285,1330188.513903542
2.5,5286,684689.7750216548
2.5,5287,1896020.762574979
2.5,5288,983542.3401368993
2.5,5289,3036630.3452625233
2.5,5290,3744163.5039148666
2.5,5291,1653284.802093821
2.5,5292,866186.3510122501
2.5,5293,5218358.595838187
2.5,5294,1325749.1700044647
2.5,5295,2012979.8443056077
2.5,5296,2877540.374322453
2.5,5297,1396002.8434848655
2.5,5298,1732456.7861857507
2.5,5299,725146.4242162484
2.5,5300,2377895.9092937103
2.5,5301,1206800.422281255
2.5,5302,4589742.563661842
2.5,5303,517303.48760363116
2.5,5304,2740050.404204984
2.5,5305,927399.095237687
2.5,5306,431877.0186188759
2.5,5307,3051159.3322220217
2.5,5308,1456358.8468176867
2.5,5309,5882338.336631886
2.5,5310,820829.7882802994
2.5,5311,1166435.1887892922
2.5,5312,3111345.386046606
2.5,5313,5420589.169930912
2.5,5314,3777134.671914559
2.5,5315,2515549.5933924317
2.5,5316,2159120.4032241646
2.5,5317,3391039.6546588605
2.5,5318,447221.5052407326
2.5,5319,2388277.7881553117
2.5,5320,4150965.455966823
2.5,5321,4586375.843415438
2.5,5322,3429499.45745521
2.5,5323,602810.4164994551
2.5,5324,1671676.4590966837
2.5,5325,116771.34162955581
2.5,5326,744597.2545486218
2.5,5327,657735.5103798114
2.5,5328,2940918.24798093
2.5,5329,2105405.657992
2.5,5330,2341676.892217992
2.5,5331,4707576.900734744
2.5,5332,1453886.642142972
2.5,5333,3504590.8727466245
2.5,5334,1798211.8951606594
2.5,5335,1069579.8396607186
2.5,5336,2726293.328076514
2.5,5337,3954416.121163486
2.5,5338,3852252.998755471
2.5,5339,5477121.116032595
2.5,5340,6902721.467285619
2.5,5341,1818581.0697458144
2.5,5342,257444.2385451447
2.5,5343,490355.37594483746
2.5,5344,1302615.1359927047
2.5,5345,1149368.2221792042
2.5,5346,7296011.916231394
2.5,5347,1498929.228622247
2.5,5348,836666.3279362959
2.5,5349,717765.3924237426
2.5,5350,958132.8659605169
2.5,5351,1377788.9957069587
2.5,5352,1495807.753270921
2.5,5353,3197306.3314926103
2.5,5354,912483.3676120611
2.5,5355,1056826.6428590599
2.5,5356,673780.2172287813
2.5,5357,1522601.9358230978
2.5,5358,1898299.8235686913
2.5,5359,778726.4637198411
2.5,5360,5275759.898734327
2.5,5361,4573987.616473205
2.5,5362,516126.2777744873
2.5,5363,2837716.0573734315
2.5,5364,841054.2658274409
2.5,5365,138070.85278042837
2.5,5366,2150181.124219437
2.5,5367,4471777.483201497
2.5,5368,2876564.2865037587
2.5,5369,1500735.6978595085
2.5,5370,2476122.4630062105
2.5,5371,343351.1647051339
2.5,5372,531416.9889938501
2.5,5373,1980657.3437646136
2.5,5374,6234041.950406878
2.5,5375,5052638.798595269
2.5,5376,3943488.9944113465
2.5,5377,6433343.840841804
2.5,5378,5490360.838176174
2.5,5379,2618996.906719986
2.5,5380,7194253.082477898
2.5,5381,5047995.412653241
2.5,5382,1878885.3317971237
2.5,5383,2236634.4239479383
2.5,5384,786543.611884262
2.5,5385,1418994.4758486797
2.5,5386,666380.3275897041
2.5,5387,1620713.969576071
2.5,5388,533563.5632056693
2.5,5389,3110804.825915724
2.5,5390,6375292.763436553
2.5,5391,1040557.4159195968
2.5,5392,3122498.9998612753
2.5,5393,3775181.522932623
2.5,5394,3099695.6207210133
2.5,5395,8482918.832418734
2.5,5396,1760325.3228434725
2.5,5397,908211.2061544864
2.5,5398,4001189.3215476763
2.5,5399,1789752.7239847605
2.5,5400,583623.1275322863
2.5,5401,1605597.9484609049
2.5,5402,3647585.70374507
2.5,5403,2276009.590050519
2.5,5404,3127821.6086818674
2.5,5405,2219507.3326541362
2.5,5406,1481687.8421976597
2.5,5407,5452437.689540306
2.5,5408,647918.0988875143
2.5,5409,1417742.1700231442
2.5,5410,4089366.478282797
2.5,5411,680395.760561793
2.5,5412,833942.0295659564
2.5,5413,1056049.5948296397
2.5,5414,3085455.7491868744
2.5,5415,1876291.982780718
2.5,5416,2060710.1476152185
2.5,5417,4809683.994338159
2.5,5418,1459120.5487645278
2.5,5419,1004564.4591982102
2.5,5420,977642.1782296541
2.5,5421,885598.8168149405
2.5,5422,1850895.9769858508
2.5,5423,495824.7808627164
2.5,5424,2642935.603415639
2.5,5425,4549884.164172143
2.5,5426,1430189.636057302
2.5,5427,483366.924934868
2.5,5428,644773.1134113208
2.5,5429,1273277.107027635
2.5,5430,693471.6969351075
2.5,5431,1443359.1681382644
2.5,5432,983105.4675228352
2.5,5433,2736250.696195679
2.5,5434,1025757.676421591
2.5,5435,273908.36869348167
2.5,5436,103215.61869047969
2.5,5437,4084683.6429858305
2.5,5438,1136548.7723855025
2.5,5439,5397982.745764567
2.5,5440,2389161.6920215823
2.5,5441,6461195.675377215
2.5,5442,221645.73919527652
2.5,5443,127904.60783759247
2.5,5444,646414.6814318151
2.5,5445,871052.8696329374
2.5,5446,110050.81980569875
2.5,5447,1153541.6820268463
2.5,5448,823097.7100433512
2.5,5449,4152373.912445415
2.5,5450,6569844.069509776
2.5,5451,459994.00123007654
2.5,5452,1986351.4721099865
2.5,5453,4627853.444158083
2.5,5454,1992677.7475523693
2.5,5455,1673969.8708788527
2.5,5456,1757977.2563574323
2.5,5457,8551357.010339605
2.5,5458,2178296.9551417828
2.5,5459,252152.4466415277
2.5,5460,417136.34958243923
2.5,5461,4218077.087103235
2.5,5462,3142855.828179265
2.5,5463,1682544.581306708
2.5,5464,1875302.5166411223
2.5,5465,1183821.4045707732
2.5,5466,3329844.18790091
2.5,5467,1252103.7239255856
2.5,5468,880376.8824921277
2.5,5469,831985.4578033376
2.5,5470,1469523.1002627232
2.5,5471,3719198.551772346
2.5,5472,2083708.5231356244
2.5,5473,117656.13292095187
2.5,5474,1029618.1653418818
2.5,5475,3483525.360885061
2.5,5476,4314717.780252816
2.5,5477,3242883.9803032908
2.5,5478,3453300.438150905
2.5,5479,5809990.285975401
2.5,5480,271488.7599507542
2.5,5481,2187161.7619860256
2.5,5482,769951.569569238
2.5,5483,5394901.357816428
2.5,5484,3692079.344764014
2.5,5485,5376362.464685196
2.5,5486,375045.37082203495
2.5,5487,3121882.498327753
2.5,5488,2747340.397828484
2.5,5489,244776.14589908833
2.5,5490,3578023.5442299135
2.5,5491,2901172.2231172123
2.5,5492,1217871.5811334606
2.5,5493,622082.6176982648
2.5,5494,1541294.3124757365
2.5,5495,2272422.7260191394
2.5,5496,1266091.926745891
2.5,5497,2706336.1755168918
2.5,5498,459964.84022345324
2.5,5499,1832960.866542623
2.5,5500,3331708.939799823
2.5,5501,4645422.5745371
2.5,5502,1184056.8027310737
2.5,5503,1132330.8297964553
2.5,5504,6090053.083448302
2.5,5505,616238.7529506974
2.5,5506,783161.01440859
2.5,5507,985677.2737425596
2.5,5508,1035472.726938465
2.5,5509,1690118.677086382
2.5,5510,3670019.5291721816
2.5,5511,2789938.0864350507
2.5,5512,4493334.4660571925
2.5,5513,1514321.3254596577
2.5,5514,1711790.515151714
2.5,5515,3051958.862678783
2.5,5516,6498903.56898744
2.5,5517,5681939.09048873
2.5,5518,1247345.447335193
2.5,5519,674379.6794356456
2.5,5520,482284.1445105502
2.5,5521,903483.6285677523
2.5,5522,4905310.051015631
2.5,5523,4902299.460038153
2.5,5524,1293003.013994399
2.5,5525,1227803.9579437152
2.5,5526,4678400.298130018
2.5,5527,1057766.1545143593
2.5,5528,1265550.0126036932
2.5,5529,2744274.968741281
2.5,5530,105261.60976612233
2.5,5531,5691366.507951926
2.5,5532,3819648.7316176333
2.5,5533,2398947.309036074
2.5,5534,701955.1689467538
2.5,5535,1659811.469187543
2.5,5536,3779198.680719307
2.5,5537,1937920.082993957
2.5,5538,6725693.676675018
2.5,5539,502610.37219025055
2.5,5540,5241320.887044155
2.5,5541,4413454.192715809
2.5,5542,790763.6384954927
2.5,5543,1792924.9341363339
2.5,5544,447610.4119381488
2.5,5545,5620410.817257184
2.5,5546,2124576.4471347076
2.5,5547,1415008.900752541
2.5,5548,5671038.066222915
2.5,5549,569844.9038750344
2.5,5550,5389186.493721796
2.5,5551,850515.8537091843
2.5,5552,495640.4411683562
2.5,5553,459933.80064493296
2.5,5554,3058302.6470735245
2.5,5555,697868.5416922732
2.5,5556,1750517.913201916
2.5,5557,984150.0045005092
2.5,5558,2561534.459013933
2.5,5559,896967.2450214447
2.5,5560,1612757.9978253844
2.5,5561,3437451.6211286415
2.5,5562,1077858.234443881
2.5,5563,769952.4903491633
2.5,5564,681842.1211767867
2.5,5565,6221597.18644386
2.5,5566,4723283.88155323
2.5,5567,567346.1033636387
2.5,5568,784330.2319751299
2.5,5569,3148299.8799742917
2.5,5570,5408855.740110655
2.5,5571,2216139.7952109748
2.5,5572,461235.394836364
2.5,5573,358094.52788351895
2.5,5574,7876988.031554553
2.5,5575,2905600.337137772
2.5,5576,4621105.304802204
2.5,5577,2111087.90256594
2.5,5578,1568139.2689578065
2.5,5579,199083.08951736876
2.5,5580,1160689.0604068076
2.5,5581,1667747.8986685716
2.5,5582,4219186.141966766
2.5,5583,5531529.566757077
2.5,5584,143899.879375669
2.5,5585,4306144.617174206
2.5,5586,3257010.0634039845
2.5,5587,1846240.2628164627
2.5,5588,5147607.593232686
2.5,5589,3244355.5258632274
2.5,5590,5339926.614557813
2.5,5591,7193705.322089566
2.5,5592,1381669.6958418954
2.5,5593,5476365.280730066
2.5,5594,2344987.448915513
2.5,5595,1102981.060128561
2.5,5596,299421.55019361345
2.5,5597,1421147.102997583
2.5,5598,885401.9234844355
2.5,5599,5119034.739026491
2.5,5600,2385156.0546339494
2.5,5601,1009332.527342441
2.5,5602,443997.8562291537
2.5,5603,984627.6609726072
2.5,5604,359483.8013681353
2.5,5605,949061.9667623343
2.5,5606,1271624.7415381877
2.5,5607,6640388.991065414
2.5,5608,225727.75907857541
2.5,5609,6651300.66500704
2.5,5610,4078370.1232811664
2.5,5611,566632.0902340779
2.5,5612,978978.0413332217
2.5,5613,896754.6636391219
2.5,5614,992931.7701573223
2.5,5615,694784.2399104043
2.5,5616,1151867.3559866943
2.5,5617,1466596.1631069744
2.5,5618,1410615.3399905607
2.5,5619,1337701.6320761943
2.5,5620,4487503.7634211
2.5,5621,3085930.045604254
2.5,5622,729140.5766818089
2.5,5623,4195259.564242898
2.5,5624,359412.0229562172
2.5,5625,103292.8433433768
2.5,5626,2051056.6022416302
2.5,5627,545299.9060060633
2.5,5628,5161751.654112611
2.5,5629,3597753.2551920107
2.5,5630,600167.5082837509
2.5,5631,1068384.710086518
2.5,5632,2042814.2558859852
2.5,5633,1618031.619875851
2.5,5634,1019934.1717551476
2.5,5635,555559.8777282411
2.5,5636,776508.2464793136
2.5,5637,191801.5084189596
2.5,5638,3582604.997715906
2.5,5639,1769135.904095347
2.5,5640,143943.92179402607
2.5,5641,1233817.1228176649
2.5,5642,1510410.0137041488
2.5,5643,1195729.5069898926
2.5,5644,929087.2137614544
2.5,5645,3248174.1159769646
2.5,5646,1252772.207317272
2.5,5647,1080615.9906230597
2.5,5648,522246.04344262125
2.5,5649,5941644.874101374
2.5,5650,4630059.625133154
2.5,5651,564238.672912079
2.5,5652,318427.4802829279
2.5,5653,954209.2367334908
2.5,5654,418860.7137017128
2.5,5655,2764852.129070889
2.5,5656,377481.1430056704
2.5,5657,1512031.91643294
2.5,5658,2484594.382201076
2.5,5659,3634069.04853448
2.5,5660,1178527.5519577325
2.5,5661,1900128.820105134
2.5,5662,2725398.2893416425
2.5,5663,189297.0360685642
2.5,5664,103379.90964860233
2.5,5665,307438.474877491
2.5,5666,510200.29601930187
2.5,5667,2578415.358480236
2.5,5668,624829.7849348073
2.5,5669,1193140.3387576053
2.5,5670,989350.5623217705
2.5,5671,4672783.811087968
2.5,5672,7165087.764248795
2.5,5673,3990245.0122931227
2.5,5674,1712590.7255578428
2.5,5675,4780051.428333237
2.5,5676,1233596.7726311483
2.5,5677,1396037.3938063036
2.5,5678,3094139.9456544714
2.5,5679,6483408.595760867
2.5,5680,519010.34099734336
2.5,5681,637127.283455299
2.5,5682,1146588.568197282
2.5,5683,793759.0037514305
2.5,5684,2214296.1838727547
2.5,5685,396823.86374173115
2.5,5686,401781.81114126183
2.5,5687,1917326.0234187432
2.5,5688,1385805.5546255463
2.5,5689,816223.2101623504
2.5,5690,646931.734930095
2.5,5691,4717868.506020188
2.5,5692,3493107.2561749616
2.5,5693,1408822.978693853
2.5,5694,1891933.7212824095
2.5,5695,2192412.481732891
2.5,5696,618311.4255423453
2.5,5697,846294.4959289351
2.5,5698,2437489.9086523103
2.5,5699,776570.2172707713
2.5,5700,559415.5552763749
2.5,5701,119205.74279870422
2.5,5702,127579.46621654238
2.5,5703,1564728.751083406
2.5,5704,216476.05764562596
2.5,5705,273897.2535907238
2.5,5706,454046.8956547618
2.5,5707,320573.95504597214
2.5,5708,3555129.546884098
2.5,5709,3519876.4314415287
2.5,5710,3676398.310968433
2.5,5711,790772.0620767139
2.5,5712,1147245.8829653205
2.5,5713,1331842.9017228233
2.5,5714,1748888.3773514163
2.5,5715,7264119.171277853
2.5,5716,3290675.8308922085
2.5,5717,3765001.962646179
2.5,5718,247330.63681419613
2.5,5719,2774908.2861452186
2.5,5720,2164988.4773543496
2.5,5721,946717.841487276
2.5,5722,3656612.1971511915
2.5,5723,207275.7662301183
2.5,5724,4946431.746731357
2.5,5725,1195959.518524312
2.5,5726,3612839.3582279608
2.5,5727,1161274.5054135285
2.5,5728,737794.9528709928
2.5,5729,1046706.1935937731
2.5,5730,1244205.3904638584
2.5,5731,5260615.954125156
2.5,5732,923089.3567177278
2.5,5733,2119328.0397618865
2.5,5734,1475059.7338227918
2.5,5735,580782.9451239296
2.5,5736,3001650.653412497
2.5,5737,943298.6563482035
2.5,5738,467756.4635310106
2.5,5739,5505721.205332104
2.5,5740,816418.3857415224
2.5,5741,1277078.723041927
2.5,5742,5586746.692021107
2.5,5743,909132.8085903202
2.5,5744,2655827.6213697335
2.5,5745,1423822.3259678446
2.5,5746,2686840.19668325
2.5,5747,1237677.4278352424
2.5,5748,6337106.253880471
2.5,5749,6775804.29156768
2.5,5750,1512220.37694926
2.5,5751,2343278.4483870976
2.5,5752,3801860.6749152625
2.5,5753,3776344.7129598265
2.5,5754,2562705.829851647
2.5,5755,1085019.6117233257
2.5,5756,1151672.2095341673
2.5,5757,105821.7038244237
2.5,5758,935261.4114939085
2.5,5759,1492626.0461388452
2.5,5760,203461.13944901456
2.5,5761,250693.44545572274
2.5,5762,104223.89636738283
2.5,5763,2787427.174666361
2.5,5764,5120084.7376775285
2.5,5765,1279886.7478470127
2.5,5766,644646.2128980589
2.5,5767,1176495.3265280793
2.5,5768,6872665.186865221
2.5,5769,4257914.888943508
2.5,5770,3352294.512162254
2.5,5771,983622.3770270693
2.5,5772,2924581.665577793
2.5,5773,554343.6840411448
2.5,5774,1325593.8654548076
2.5,5775,3869772.3722473723
2.5,5776,4074831.5183690987
2.5,5777,3048045.3710400676
2.5,5778,318292.3352142608
2.5,5779,3224693.9658182883
2.5,5780,3124798.6046401868
2.5,5781,2999954.2391926292
2.5,5782,233891.35722785984
2.5,5783,2359048.27693488
2.5,5784,3945095.441191389
2.5,5785,1760436.0615479276
2.5,5786,453686.0167232668
2.5,5787,1794616.5119135922
2.5,5788,2766996.412036526
2.5,5789,1725943.9246698692
2.5,5790,229279.78355620522
2.5,5791,345455.4883505764
2.5,5792,1836114.05014215
2.5,5793,1643524.9582500025
2.5,5794,1245086.0806285036
2.5,5795,4927211.779292206
2.5,5796,387029.8709075842
2.5,5797,248386.98157859177
2.5,5798,5274160.239232775
2.5,5799,1768233.0886641939
2.5,5800,349884.8989281301
2.5,5801,1477420.5018832842
2.5,5802,4148296.810328931
2.5,5803,3565435.7520950376
2.5,5804,924081.8432504154
2.5,5805,3282066.2564098546
2.5,5806,1071254.5123995382
2.5,5807,3418519.205842121
2.5,5808,1223087.4924207497
2.5,5809,4271030.739741964
2.5,5810,3274623.3235117276
2.5,5811,3151270.0086708292
2.5,5812,3635604.9091671063
2.5,5813,614422.1649429009
2.5,5814,2613013.1903163632
2.5,5815,3469181.528272156
2.5,5816,1238363.3817811157
2.5,5817,1018638.4309419843
2.5,5818,4766742.256200819
2.5,5819,4532186.276892234
2.5,5820,5720582.567190526
2.5,5821,2139666.285933896
2.5,5822,1527728.0805927685
2.5,5823,2408604.8565007644
2.5,5824,4777410.925429006
2.5,5825,520104.57088049554
2.5,5826,2161667.379338624
2.5,5827,3171978.054392169
2.5,5828,2568272.6240140093
2.5,5829,4285926.164600469
2.5,5830,4108362.0871630367
2.5,5831,486332.12764265167
2.5,5832,132666.77623868478
2.5,5833,1198629.3666837332
2.5,5834,964768.9023609632
2.5,5835,2203187.2879342237
2.5,5836,462878.3290442828
2.5,5837,811679.9028053307
2.5,5838,209721.91246329015
2.5,5839,3384634.505786698
2.5,5840,1506107.5937063482
2.5,5841,2418758.988093299
2.5,5842,6212951.994649793
2.5,5843,702205.4810197008
2.5,5844,546226.9643759147
2.5,5845,3513360.4756125025
2.5,5846,3788736.456012237
2.5,5847,1203439.8625597018
2.5,5848,6194514.285347905
2.5,5849,4877877.083521735
2.5,5850,1057587.365131073
2.5,5851,2926405.5552216684
2.5,5852,777307.2833569329
2.5,5853,2597492.8001030055
2.5,5854,2993421.5751875886
2.5,5855,2188828.485321877
2.5,5856,902380.7738868225
2.5,5857,5866676.589787574
2.5,5858,272185.3684774166
2.5,5859,988186.2211593055
2.5,5860,119735.18512878806
2.5,5861,940262.8393852632
2.5,5862,3228712.726039484
2.5,5863,867114.8599869941
2.5,5864,221729.61156756722
2.5,5865,238269.22872467624
2.5,5866,4200602.10343933
2.5,5867,876535.9152894197
2.5,5868,716211.3188295406
2.5,5869,3152126.0794262653
2.5,5870,1847874.178966304
2.5,5871,2792170.86866307
2.5,5872,6246408.631963246
2.5,5873,3899449.500438498
2.5,5874,1547769.5511050804
2.5,5875,1104578.7885874107
2.5,5876,222961.91352915412
2.5,5877,4262210.51436773
2.5,5878,1544397.408336138
2.5,5879,574637.6296615945
2.5,5880,5812401.8081040615
2.5,5881,2893333.978806815
2.5,5882,2297268.0465697437
2.5,5883,4401851.878051084
2.5,5884,3658194.837118829
2.5,5885,708072.7403335519
2.5,5886,952381.6905104793
2.5,5887,396544.09957276686
2.5,5888,454386.07960096246
2.5,5889,1119566.7520833928
2.5,5890,1018518.3878112001
2.5,5891,494184.15361363726
2.5,5892,2843757.5875680884
2.5,5893,7031456.694372308
2.5,5894,5008883.247174172
2.5,5895,4672578.462963946
2.5,5896,1902871.9400357858
2.5,5897,5427501.407306341
2.5,5898,3816316.5755786304
2.5,5899,3849089.1234445884
2.5,5900,5491960.595449831
2.5,5901,1551070.5450581016
2.5,5902,2277499.4315973995
2.5,5903,1305492.1708740937
2.5,5904,1683382.8779895953
2.5,5905,263458.15437233506
2.5,5906,1125070.3444166572
2.5,5907,4017804.5092201536
2.5,5908,792533.4394338964
2.5,5909,1747775.7849829241
2.5,5910,596749.4600354987
2.5,5911,698654.0525166295
2.5,5912,3531049.9478653283
2.5,5913,4410608.120356416
2.5,5914,499258.3557800279
2.5,5915,5949315.877161322
2.5,5916,3663997.7893271097
2.5,5917,6560755.558443179
2.5,5918,2470789.402148828
2.5,5919,483547.45916644874
2.5,5920,1136663.8970706137
2.5,5921,4330441.327090326
2.5,5922,3367032.462305592
2.5,5923,3358303.509304259
2.5,5924,1200713.5947293856
2.5,5925,3672146.0230083484
2.5,5926,1851363.5768254574
2.5,5927,3598772.079851704
2.5,5928,4201346.74729826
2.5,5929,2736285.4452867825
2.5,5930,767382.6960687906
2.5,5931,887564.5586470044
2.5,5932,2973564.233570512
2.5,5933,251999.83567673998
2.5,5934,1400832.3213530856
2.5,5935,2540068.202067399
2.5,5936,612714.978851473
2.5,5937,3057057.5555706434
2.5,5938,975703.9159750924
2.5,5939,961037.9723179879
2.5,5940,1163073.437958565
2.5,5941,338332.98997143353
2.5,5942,1368353.4430618542
2.5,5943,322596.8707261268
2.5,5944,498535.7093643361
2.5,5945,3452522.3574583367
2.5,5946,2552122.7087831716
2.5,5947,5890686.517232967
2.5,5948,920140.7946235125
2.5,5949,6334087.239356689
2.5,5950,507068.33017210994
2.5,5951,1316522.5535589429
2.5,5952,961566.1047957019
2.5,5953,824585.3468702848
2.5,5954,6011373.947565152
2.5,5955,138098.77157586283
2.5,5956,1477420.0040427635
2.5,5957,6535167.170414198
2.5,5958,236796.17651555102
2.5,5959,958914.1188155205
2.5,5960,1147362.73426941
2.5,5961,5073705.281931382
2.5,5962,2532330.6569755934
2.5,5963,1426877.732321622
2.5,5964,5919113.701640881
2.5,5965,3627046.5984184365
2.5,5966,580423.767443168
2.5,5967,2553379.4601405663
2.5,5968,1311834.9536230627
2.5,5969,115152.4578155062
2.5,5970,213305.7812368647
2.5,5971,412515.27492476266
2.5,5972,5363678.151540814
2.5,5973,1879104.4220914557
2.5,5974,887298.461928629
2.5,5975,294844.427254224
2.5,5976,1282890.838627352
2.5,5977,3034655.67510601
2.5,5978,877395.9233555067
2.5,5979,2333222.0585011025
2.5,5980,1170563.935258284
2.5,5981,751003.2823798824
2.5,5982,498918.915878103
2.5,5983,2748087.461100253
2.5,5984,102852.06505458205
2.5,5985,1936908.9613204417
2.5,5986,3117486.608977961
2.5,5987,1163565.2204516486
2.5,5988,2212459.9120359113
2.5,5989,5652834.151674065
2.5,5990,4193729.459981855
2.5,5991,2408684.8493533125
2.5,5992,642665.2191110032
2.5,5993,1526853.8719247805
2.5,5994,464192.7562396889
2.5,5995,935548.7220701196
2.5,5996,395384.56707438943
2.5,5997,3242894.9886349803
2.5,5998,4559905.031891285
2.5,5999,3130540.5945662465
2.5,6000,694159.2354280483
2.5,6001,1183350.4558658046
2.5,6002,6948067.776677415
2.5,6003,1542159.7973932473
2.5,6004,2467210.74382301
2.5,6005,4048794.852105208
2.5,6006,5972592.971391397
2.5,6007,1426392.0196338985
2.5,6008,3551606.709297121
2.5,6009,527334.4483547573
2.5,6010,3201952.686578502
2.5,6011,601050.8726908718
2.5,6012,114978.88270229958
2.5,6013,3618767.233067125
2.5,6014,2127241.188492508
2.5,6015,2674388.0710190246
2.5,6016,891202.4507734242
2.5,6017,2025208.8567026884
2.5,6018,989255.3210494895
2.5,6019,960022.7437360672
2.5,6020,5549767.52493331
2.5,6021,3395779.3497585184
2.5,6022,1122610.91036757
2.5,6023,3539865.0841420665
2.5,6024,343425.5230234772
2.5,6025,1552519.3182284094
2.5,6026,1201225.05570809
2.5,6027,438597.0887262729
2.5,6028,3093771.898074309
2.5,6029,2798296.6625902695
2.5,6030,4682598.301959001
2.5,6031,1991302.8795791236
2.5,6032,888604.503969487
2.5,6033,1074055.4913240115
2.5,6034,8081666.396650267
2.5,6035,1893609.6686927364
2.5,6036,796789.9570777691
2.5,6037,2265819.9966593455
2.5,6038,5070058.756889887
2.5,6039,817758.0072708607
2.5,6040,884330.1743622243
2.5,6041,2349690.3063548417
2.5,6042,3651389.8952395017
2.5,6043,3213220.5219420064
2.5,6044,416904.22373316775
2.5,6045,5043647.571149619
2.5,6046,1471177.2888981204
2.5,6047,540715.3270768025
2.5,6048,1521287.931989943
2.5,6049,1066305.0235384996
2.5,6050,6633789.18337125
2.5,6051,822002.2068872973
2.5,6052,3298447.493073251
2.5,6053,2778005.965212902
2.5,6054,1090381.12049941
2.5,6055,347994.29585801304
2.5,6056,873236.4477019338
2.5,6057,1418363.8822470042
2.5,6058,1593932.4225373731
2.5,6059,306879.4149473401
2.5,6060,5101358.290630642
2.5,6061,2969813.000128017
2.5,6062,4843799.331331008
2.5,6063,3462265.724930544
2.5,6064,814526.4242668578
2.5,6065,4570119.337168702
2.5,6066,4148704.1479224153
2.5,6067,3475135.21907997
2.5,6068,816770.6808983848
2.5,6069,6981372.124150725
2.5,6070,1126371.1858850587
2.5,6071,2769027.0325765326
2.5,6072,4131165.220694929
2.5,6073,743549.7985338939
2.5,6074,3625457.278787256
2.5,6075,2932666.8765300177
2.5,6076,2024841.1974123516
2.5,6077,6652553.686770373
2.5,6078,848462.0985972821
2.5,6079,476896.92085081566
2.5,6080,6331994.24219741
2.5,6081,787555.6344106474
2.5,6082,1142510.3742135228
2.5,6083,1166062.2217375543
2.5,6084,1249733.579007079
2.5,6085,4406870.420452803
2.5,6086,341642.84209766594
2.5,6087,4672290.662430457
2.5,6088,1682937.097441316
2.5,6089,4078128.4630200495
2.5,6090,7855809.894657533
2.5,6091,3843088.843445751
2.5,6092,5972951.335593642
2.5,6093,385260.1715375656
2.5,6094,3083329.451867573
2.5,6095,4169759.6891875034
2.5,6096,7577053.262353412
2.5,6097,1043115.8625949621
2.5,6098,3181919.2651851987
2.5,6099,983530.1438782093
2.5,6100,4590682.957535564
2.5,6101,3974894.6353487996
2.5,6102,2468338.8531241557
2.5,6103,531344.0026684746
2.5,6104,2654621.9917753465
2.5,6105,2031150.3331614872
2.5,6106,3909323.033921087
2.5,6107,3110234.2588209966
2.5,6108,5397607.19037429
2.5,6109,5534979.391681401
2.5,6110,819820.2264813483
2.5,6111,3527805.103624584
2.5,6112,1152463.144275318
2.5,6113,2632234.6590574323
2.5,6114,2042193.8061917308
2.5,6115,2573519.08404079
2.5,6116,4285362.390380828
2.5,6117,2942932.884406576
2.5,6118,2530189.6924771033
2.5,6119,4848726.188448686
2.5,6120,4782692.825241152
2.5,6121,2812330.733212589
2.5,6122,1023414.8928517733
2.5,6123,1095375.1106095016
2.5,6124,3036138.8476709696
2.5,6125,1145868.7470383218
2.5,6126,1916547.8921252312
2.5,6127,476273.4602909615
2.5,6128,8676541.170784965
2.5,6129,184723.788291974
2.5,6130,2618727.253263416
2.5,6131,1386865.4396465858
2.5,6132,3495161.7953823474
2.5,6133,5393329.499806256
2.5,6134,3181261.7851473684
2.5,6135,6289834.1002929015
2.5,6136,2544435.8325804914
2.5,6137,2434503.754705758
2.5,6138,554683.7985503604
2.5,6139,474870.001426627
2.5,6140,2812471.0840730052
2.5,6141,488442.6368132493
2.5,6142,1281977.886261914
2.5,6143,6857073.102862419
2.5,6144,4341786.42568217
2.5,6145,1383265.7526555113
2.5,6146,305122.17977952445
2.5,6147,1170398.4933114802
2.5,6148,6929929.6915483745
2.5,6149,3781191.0824844036
2.5,6150,1069705.7013791671
2.5,6151,3415730.5670011155
2.5,6152,302282.9028751524
2.5,6153,4283732.923615605
2.5,6154,2491689.0200249534
2.5,6155,214658.35881796945
2.5,6156,446273.99593765795
2.5,6157,828557.2308567099
2.5,6158,541816.2787572311
2.5,6159,313264.56628814375
2.5,6160,4886415.398196312
2.5,6161,2781762.840481944
2.5,6162,828055.5466680586
2.5,6163,107843.13215356578
2.5,6164,4153421.807679319
2.5,6165,157237.8510382999
2.5,6166,639775.4035607118
2.5,6167,201109.9837095999
2.5,6168,299055.3190053973
2.5,6169,1686783.0545598546
2.5,6170,167614.0003532214
2.5,6171,368092.56878689345
2.5,6172,440556.5473835272
2.5,6173,758805.9110209212
2.5,6174,3190680.187598943
2.5,6175,6099241.392123367
2.5,6176,2011391.5656443906
2.5,6177,348165.7805345487
2.5,6178,6126041.855009297
2.5,6179,983555.6028762916
2.5,6180,1290932.132880579
2.5,6181,1419824.1356356218
2.5,6182,3190786.6714173863
2.5,6183,3403413.382129333
2.5,6184,1379943.5962668112
2.5,6185,4100492.164462167
2.5,6186,777951.1143573237
2.5,6187,380395.8470395901
2.5,6188,3654613.8617144693
2.5,6189,2555718.0098870923
2.5,6190,4134623.784678747
2.5,6191,3406607.2101610815
2.5,6192,457877.9631336562
2.5,6193,839639.7516425528
2.5,6194,762267.782563979
2.5,6195,1423665.9350455806
2.5,6196,1361716.0327788664
2.5,6197,5964589.776497222
2.5,6198,2864287.1627267855
2.5,6199,1453830.7083851134
2.5,6200,2709695.740807623
2.5,6201,3118922.442226033
2.5,6202,404502.57829041994
2.5,6203,1027874.4221770907
2.5,6204,3128024.4931402137
2.5,6205,2464417.6215191
2.5,6206,2740943.0961466096
2.5,6207,2754746.167701724
2.5,6208,701879.1121885054
2.5,6209,3625969.0286149415
2.5,6210,5979197.867271898
2.5,6211,3687779.1911467416
2.5,6212,6303671.363170892
2.5,6213,470274.99665628595
2.5,6214,1593117.4556035264
2.5,6215,3464527.7895254493
2.5,6216,696482.2970891134
2.5,6217,219076.65879975396
2.5,6218,995092.2629344825
2.5,6219,6131423.520763334
2.5,6220,852509.7404827072
2.5,6221,4651476.019216019
2.5,6222,1390328.1893655905
2.5,6223,131786.86996542843
2.5,6224,1447205.9557473853
2.5,6225,2926704.0337712443
2.5,6226,2423927.7198630427
2.5,6227,1612323.9178816136
2.5,6228,286683.93705935153
2.5,6229,5381892.565426922
2.5,6230,2744938.193749589
2.5,6231,1761130.4869667694
2.5,6232,1361734.6416735065
2.5,6233,807150.7388855579
2.5,6234,999001.5786297111
2.5,6235,1790768.27513858
2.5,6236,3052005.5328653925
2.5,6237,2540655.6990182805
2.5,6238,1580756.908066695
2.5,6239,396139.47016693256
2.5,6240,461387.516653696
2.5,6241,707157.5124051224
2.5,6242,1388069.306073913
2.5,6243,2635998.8273019106
2.5,6244,1585416.9704163696
2.5,6245,1067942.4339450838
2.5,6246,3751301.467518052
2.5,6247,6481953.2806486115
2.5,6248,832311.8037517233
2.5,6249,741253.2394300947
2.5,6250,4574328.6623813575
2.5,6251,4700695.975018432
2.5,6252,1187902.1893431894
2.5,6253,3991186.109480659
2.5,6254,460503.0254637456
2.5,6255,2376122.277776323
2.5,6256,2392668.1981719723
2.5,6257,2336799.180225497
2.5,6258,775626.2483112701
2.5,6259,2419539.687411333
2.5,6260,966712.876291155
2.5,6261,1311524.189996203
2.5,6262,4709120.768245274
2.5,6263,1359676.902994722
2.5,6264,4978380.806470463
2.5,6265,2416576.952471263
2.5,6266,1409966.6581418863
2.5,6267,146020.4901344726
2.5,6268,1910038.2488609185
2.5,6269,2209370.875070326
2.5,6270,4723658.004699938
2.5,6271,2443813.1197399595
2.5,6272,3142376.2190753464
2.5,6273,2949913.913842504
2.5,6274,1690099.970068005
2.5,6275,834843.933785088
2.5,6276,4749269.993588662
2.5,6277,507754.71163906413
2.5,6278,3510321.6200405275
2.5,6279,5708357.069250597
2.5,6280,1141855.3055111817
2.5,6281,391860.62274578697
2.5,6282,2232104.0145948916
2.5,6283,1904185.1978993418
2.5,6284,465384.16992801335
2.5,6285,2055278.2406685627
2.5,6286,482843.1337586364
2.5,6287,3709756.696763858
2.5,6288,1629129.7756183373
2.5,6289,1306120.6219553845
2.5,6290,3554085.930571666
2.5,6291,4414108.278592163
2.5,6292,1531061.924148592
2.5,6293,1179260.1002873704
2.5,6294,5366126.153886757
2.5,6295,1318809.5796154104
2.5,6296,514380.3227983143
2.5,6297,1062543.5653068402
2.5,6298,2049712.512072659
2.5,6299,5152657.051348732
2.5,6300,1321862.3500917214
2.5,6301,1342365.0178236207
2.5,6302,482592.92401391227
2.5,6303,2519656.205080568
2.5,6304,529588.982063456
2.5,6305,1657893.0513814867
2.5,6306,1859942.6355315286
2.5,6307,3854984.9198634643
2.5,6308,4006951.8032506714
2.5,6309,629111.9712975492
2.5,6310,1555254.716388306
2.5,6311,2615258.548687394
2.5,6312,644341.0678092698
2.5,6313,3759918.843035135
2.5,6314,1425284.9726584824
2.5,6315,1662848.5867317137
2.5,6316,2143043.4088316867
2.5,6317,2921565.8357287208
2.5,6318,1808706.1730835391
2.5,6319,1806125.1066782253
2.5,6320,468001.96999929816
2.5,6321,1947977.5356397317
2.5,6322,636983.83561781
2.5,6323,1599923.309968715
2.5,6324,5123124.4950900655
2.5,6325,3063865.038849521
2.5,6326,1288750.644573616
2.5,6327,3736667.753083746
2.5,6328,2626565.653794852
2.5,6329,399521.2933164302
2.5,6330,592674.0484953644
2.5,6331,1836673.9471728974
2.5,6332,4559905.35404715
2.5,6333,1690607.3105243049
2.5,6334,2685877.2414961476
2.5,6335,1119604.2439010325
2.5,6336,3637539.144266597
2.5,6337,3755212.193181242
2.5,6338,1896852.9928938784
2.5,6339,381634.70200111787
2.5,6340,2550721.012601981
2.5,6341,478702.84874353284
2.5,6342,1811751.0880459747
2.5,6343,3992258.986329141
2.5,6344,3788703.951331822
2.5,6345,1390643.610157556
2.5,6346,489783.69058027066
2.5,6347,4597958.176150904
2.5,6348,5839116.503951461
2.5,6349,1750421.8139894062
2.5,6350,1001882.7047940441
2.5,6351,5423255.367059082
2.5,6352,5890730.511110205
2.5,6353,3644623.4085697187
2.5,6354,157391.3610825584
2.5,6355,1499784.174878717
2.5,6356,1730655.3549425146
2.5,6357,2361974.8663706463
2.5,6358,3286724.875829921
2.5,6359,5537930.167792736
2.5,6360,1203640.6861134944
2.5,6361,836804.1376844224
2.5,6362,413222.79952725844
2.5,6363,2484637.7543917107
2.5,6364,5090637.733895619
2.5,6365,856965.0387286141
2.5,6366,6224360.815208221
2.5,6367,1291441.8441390423
2.5,6368,686231.2641657536
2.5,6369,1345007.4406174794
2.5,6370,263572.95453191997
2.5,6371,3528333.2505247006
2.5,6372,1234571.6573122689
2.5,6373,3949701.6474354714
2.5,6374,2571778.188682539
2.5,6375,2074804.4934349267
2.5,6376,1203708.78399174
2.5,6377,4017830.465221349
2.5,6378,404906.0466537797
2.5,6379,589975.7290949202
2.5,6380,6328347.381556779
2.5,6381,364073.9834931317
2.5,6382,6753481.4601058625
2.5,6383,3757522.5391948638
2.5,6384,1587673.2786413035
2.5,6385,1218333.4192627657
2.5,6386,2867721.2304722806
2.5,6387,6726876.776586826
2.5,6388,191255.1851981816
2.5,6389,7205856.652742898
2.5,6390,5117266.884022918
2.5,6391,2361075.668885177
2.5,6392,1429899.4068259317
2.5,6393,280990.4401640663
2.5,6394,673461.1677809722
2.5,6395,179031.82489924596
2.5,6396,1294667.8099406702
2.5,6397,3334532.7410052926
2.5,6398,1619980.745800815
2.5,6399,527768.6361281032
2.5,6400,1595002.0145942583
2.5,6401,163609.4547086813
2.5,6402,844644.2638917726
2.5,6403,7674962.131913523
2.5,6404,2474702.854971788
2.5,6405,1249020.8026732323
2.5,6406,3639589.6079713413
2.5,6407,3432590.8385037635
2.5,6408,1414144.2578577022
2.5,6409,4699664.643934675
2.5,6410,494691.3251605204
2.5,6411,6946906.482000474
2.5,6412,7469110.068481895
2.5,6413,452392.1770593578
2.5,6414,1676027.0004975458
2.5,6415,390229.3694997518
2.5,6416,1274259.1516579732
2.5,6417,741935.2717272459
2.5,6418,2421841.6015539714
2.5,6419,499708.2315513669
2.5,6420,2202679.610744739
2.5,6421,297452.89115266077
2.5,6422,975271.0790366438
2.5,6423,885105.1157415077
2.5,6424,144003.53571522387
2.5,6425,564807.0025470952
2.5,6426,240172.47310996347
2.5,6427,5559939.305531641
2.5,6428,1290522.8076445293
2.5,6429,1738674.1159669005
2.5,6430,869440.6060420915
2.5,6431,885119.4308327619
2.5,6432,3162331.679437913
2.5,6433,1241479.776423155
2.5,6434,2474209.4709145264
2.5,6435,3568887.365526316
2.5,6436,2894994.795429568
2.5,6437,378430.27650319645
2.5,6438,3043624.519442092
2.5,6439,5550143.072703551
2.5,6440,459851.49906388717
2.5,6441,116937.54550129248
2.5,6442,1535026.9212097826
2.5,6443,1682015.9652982599
2.5,6444,999868.0500745708
2.5,6445,6018108.438604178
2.5,6446,1349074.3624662657
2.5,6447,1973368.0678499513
2.5,6448,5915259.02983399
2.5,6449,1665365.6493887026
2.5,6450,1215535.2343556988
2.5,6451,2690723.1946306196
2.5,6452,1643747.368334171
2.5,6453,693018.0006315585
2.5,6454,1084560.5964670435
2.5,6455,2839911.58864719
2.5,6456,1056642.2833499284
2.5,6457,1332285.306238038
2.5,6458,161815.47983382503
2.5,6459,373043.38174994144
2.5,6460,1927937.1849911644
2.5,6461,772579.9812422125
2.5,6462,4133455.6231915816
2.5,6463,4812333.839870861
2.5,6464,3811525.126038024
2.5,6465,3868649.4070208855
2.5,6466,1598208.0482067233
2.5,6467,4370630.715039662
2.5,6468,2088133.2885296352
2.5,6469,861181.3198876932
2.5,6470,2640564.505927294
2.5,6471,472986.6508159907
2.5,6472,3483877.7796365093
2.5,6473,4093606.7581949686
2.5,6474,5261151.595904327
2.5,6475,1145402.2911300827
2.5,6476,2140175.079194061
2.5,6477,7381690.468999239
2.5,6478,4831095.480422315
2.5,6479,3087157.8553603897
2.5,6480,1569549.7396532889
2.5,6481,607067.0330150935
2.5,6482,460650.3316971169
2.5,6483,989756.9081929544
2.5,6484,1391169.831699989
2.5,6485,2483070.150968286
2.5,6486,783718.8602781014
2.5,6487,765815.8644339193
2.5,6488,5454355.43992693
2.5,6489,4892018.398022615
2.5,6490,1504275.7591474068
2.5,6491,503204.90215290856
2.5,6492,685106.5360329901
2.5,6493,4343511.139997276
2.5,6494,1529489.1189729597
2.5,6495,1098812.024825299
2.5,6496,2343083.101283881
2.5,6497,3374628.745390297
2.5,6498,212261.7479309676
2.5,6499,1995285.7029172499
2.5,6500,1437578.153157067
2.5,6501,3376809.6991217607
2.5,6502,1893932.0955201427
2.5,6503,5359046.624011563
2.5,6504,671134.6877844185
2.5,6505,1917177.2257613223
2.5,6506,194160.20255915172
2.5,6507,5531640.498682451
2.5,6508,4135413.9037969047
2.5,6509,3416337.5669834367
2.5,6510,4122369.925222169
2.5,6511,2709439.9311262732
2.5,6512,4713218.245976248
2.5,6513,460651.36730818736
2.5,6514,9108485.479640339
2.5,6515,974593.7121109136
2.5,6516,989868.4459674046
2.5,6517,2754069.5122148115
2.5,6518,527376.7010371196
2.5,6519,6494799.720878781
2.5,6520,509994.46223041066
2.5,6521,1023544.127610369
2.5,6522,3899150.512384448
2.5,6523,1152279.6771611192
2.5,6524,5081080.373356414
2.5,6525,3288848.77520614
2.5,6526,257851.99395294304
2.5,6527,274952.0021802051
2.5,6528,803408.0394798414
2.5,6529,1428840.4248973606
2.5,6530,586976.7985657114
2.5,6531,1891127.6168837557
2.5,6532,610370.9806631329
2.5,6533,666895.7263139163
2.5,6534,1373157.117038556
2.5,6535,410281.010829566
2.5,6536,1098990.760092321
2.5,6537,3583184.699200988
2.5,6538,453034.15193887986
2.5,6539,1938770.5128599762
2.5,6540,2490811.360967189
2.5,6541,567549.6286068811
2.5,6542,1827759.5024208347
2.5,6543,1420369.252705962
2.5,6544,839360.1526985248
2.5,6545,2768933.8251014557
2.5,6546,1404828.1460226276
2.5,6547,811892.2412769302
2.5,6548,3126466.6125470973
2.5,6549,168264.7759373058
2.5,6550,601993.885350433
2.5,6551,789423.6371797377
2.5,6552,6284334.4596528355
2.5,6553,1582528.0789575675
2.5,6554,1238730.5848581484
2.5,6555,4523935.264604083
2.5,6556,1663193.2407431926
2.5,6557,1528803.8998036024
2.5,6558,2065503.4098705421
2.5,6559,952639.2722350972
2.5,6560,425859.48165188933
2.5,6561,4017816.493397262
2.5,6562,1220965.1240969002
2.5,6563,567821.4131125889
2.5,6564,5303210.384830398
2.5,6565,4297331.344368055
2.5,6566,2774975.814016318
2.5,6567,2137038.9426774215
2.5,6568,4532085.480886284
2.5,6569,3238433.188830207
2.5,6570,857467.0715163534
2.5,6571,6260121.231687445
2.5,6572,929588.3993980945
2.5,6573,5569104.912682387
2.5,6574,1466092.7823052197
2.5,6575,893903.3491195508
2.5,6576,3117120.7893717294
2.5,6577,391990.9283687279
2.5,6578,821300.0968044401
2.5,6579,411530.2446835527
2.5,6580,3920530.4288589177
2.5,6581,1982931.2127997996
2.5,6582,2269258.6009171973
2.5,6583,3026788.991217814
2.5,6584,726804.6680616394
2.5,6585,3081084.3115675244
2.5,6586,6769835.54241273
2.5,6587,4650094.741969008
2.5,6588,766896.9457568701
2.5,6589,323408.7564482522
2.5,6590,4723433.762648115
2.5,6591,1841705.724925017
2.5,6592,1951690.723098244
2.5,6593,103354.74039468565
2.5,6594,3716780.11043147
2.5,6595,5489805.118381528
2.5,6596,2986182.4220982455
2.5,6597,2961677.4991918155
2.5,6598,5404871.182815117
2.5,6599,4290466.561959108
2.5,6600,717187.9664399597
2.5,6601,4715304.296930343
2.5,6602,1274472.9183576524
2.5,6603,545133.5862558439
2.5,6604,1082288.8846717994
2.5,6605,3686641.002716122
2.5,6606,3340873.2584553724
2.5,6607,3266416.9833303313
2.5,6608,1117836.7002845816
2.5,6609,1447330.6784757487
2.5,6610,2088662.7833737575
2.5,6611,5008465.662264199
2.5,6612,6064080.567172897
2.5,6613,1348796.8246202976
2.5,6614,3021758.248116203
2.5,6615,4237025.816974867
2.5,6616,920509.1876290987
2.5,6617,1243188.8241031412
2.5,6618,4144714.7414211836
2.5,6619,2582826.809010304
2.5,6620,3809287.3023124267
2.5,6621,4563633.669209856
2.5,6622,1190369.672327626
2.5,6623,1505985.604312087
2.5,6624,4025622.8467492517
2.5,6625,477484.77466562367
2.5,6626,3026561.055463654
2.5,6627,862827.5591114543
2.5,6628,7523343.795350479
2.5,6629,2489067.2008907907
2.5,6630,5365088.218630826
2.5,6631,1350711.4026383786
2.5,6632,2108740.7871704698
2.5,6633,2089436.0493052495
2.5,6634,4012485.375512539
2.5,6635,900588.9495295963
2.5,6636,4657393.816020924
2.5,6637,110500.5282962528
2.5,6638,531912.630337954
2.5,6639,2091020.850155557
2.5,6640,483423.74966472853
2.5,6641,836060.3984220708
2.5,6642,1404320.4163799896
2.5,6643,996603.0413177165
2.5,6644,622636.9999839551
2.5,6645,2512343.816951557
2.5,6646,4213501.039926569
2.5,6647,1055113.3982227135
2.5,6648,3791127.9865935044
2.5,6649,6688745.063423405
2.5,6650,2558834.401941608
2.5,6651,2122948.773041288
2.5,6652,5147427.39565296
2.5,6653,5474048.277045614
2.5,6654,3708730.601876049
2.5,6655,1461687.2684813573
2.5,6656,6940451.12759381
2.5,6657,151051.75873013143
2.5,6658,818774.0317454392
2.5,6659,885964.4129394571
2.5,6660,1181306.9040169134
2.5,6661,3173609.7846756508
2.5,6662,4262753.169696215
2.5,6663,6371592.600752482
2.5,6664,2755727.903970462
2.5,6665,1147274.4398456328
2.5,6666,1118420.105098757
2.5,6667,213240.71031390785
2.5,6668,740985.4073830312
2.5,6669,5701746.5159261115
2.5,6670,2075850.3418180272
2.5,6671,1391379.698131715
2.5,6672,2901419.0185825545
2.5,6673,526854.7168539506
2.5,6674,1526533.029548217
2.5,6675,2021401.4352872374
2.5,6676,1450552.4213531115
2.5,6677,2442450.0016959314
2.5,6678,804704.6409702883
2.5,6679,308155.12576669763
2.5,6680,847120.4032632865
2.5,6681,642366.9472212639
2.5,6682,1979058.5561733083
2.5,6683,7183696.651467487
2.5,6684,452625.9065716824
2.5,6685,3085378.7611447102
2.5,6686,1194717.5838998945
2.5,6687,1350593.6870496955
2.5,6688,1957355.691755066
2.5,6689,220481.85264471866
2.5,6690,552997.204227762
2.5,6691,3013646.1102824304
2.5,6692,714769.4397828897
2.5,6693,4318306.93135419
2.5,6694,1561921.6882831124
2.5,6695,492411.3721289396
2.5,6696,2444323.6383772898
2.5,6697,3669320.107542357
2.5,6698,879545.5781123496
2.5,6699,6484718.802284208
2.5,6700,932531.8363532784
2.5,6701,994867.7337367153
2.5,6702,3895045.032861105
2.5,6703,2100513.413038696
2.5,6704,938209.8744873082
2.5,6705,6840533.573680081
2.5,6706,3500397.8841764475
2.5,6707,774578.0547267969
2.5,6708,1726197.3567026802
2.5,6709,1272385.747079805
2.5,6710,4156126.8693406796
2.5,6711,2633178.436819599
2.5,6712,3552756.801018524
2.5,6713,1626448.7080212892
2.5,6714,1338770.0843968038
2.5,6715,5355186.853126392
2.5,6716,7813486.87215879
2.5,6717,325965.68992076465
2.5,6718,287825.3133655246
2.5,6719,2154167.829726707
2.5,6720,3003634.375993484
2.5,6721,1279078.2242197315
2.5,6722,335171.5155519484
2.5,6723,1328526.111644866
2.5,6724,546349.4919932701
2.5,6725,6222562.389574772
2.5,6726,372738.74252149306
2.5,6727,5945112.249818465
2.5,6728,6149445.758110727
2.5,6729,952142.1919338176
2.5,6730,1629741.4681032044
2.5,6731,3264399.022644998
2.5,6732,2457730.572477795
2.5,6733,4701975.297131933
2.5,6734,1140870.0961573583
2.5,6735,1546829.2593194318
2.5,6736,623411.2084674527
2.5,6737,4834135.29553381
2.5,6738,4403417.954889347
2.5,6739,4528903.161511604
2.5,6740,3006795.8437721715
2.5,6741,1272035.1509866042
2.5,6742,4460111.884915277
2.5,6743,614955.321994547
2.5,6744,1806072.0961812302
2.5,6745,1053151.0858006892
2.5,6746,1486833.6868959682
2.5,6747,4647315.526769936
2.5,6748,479649.85256574216
2.5,6749,2024038.6057516322
2.5,6750,167626.5645884484
2.5,6751,623176.4497780569
2.5,6752,4634799.289738426
2.5,6753,3397133.6514475998
2.5,6754,4423110.562466764
2.5,6755,916500.8945155513
2.5,6756,4023222.589437946
2.5,6757,2727984.761857674
2.5,6758,1801463.0717429658
2.5,6759,379758.58894028486
2.5,6760,603965.214432488
2.5,6761,540229.4532585108
2.5,6762,1765234.3575372752
2.5,6763,948219.3613962044
2.5,6764,3508097.125349905
2.5,6765,2192506.3183150003
2.5,6766,588129.4941362708
2.5,6767,1284370.6863838332
2.5,6768,341192.1208556276
2.5,6769,2994319.3458893043
2.5,6770,3634067.4705074616
2.5,6771,3889268.319861946
2.5,6772,1141586.9645466122
2.5,6773,2209763.4109303234
2.5,6774,571637.8225239
2.5,6775,545094.7285456145
2.5,6776,936372.8087756843
2.5,6777,3471658.1729073618
2.5,6778,2103664.8136794115
2.5,6779,5974536.531159762
2.5,6780,520212.7591002494
2.5,6781,3495936.0853497116
2.5,6782,6178926.454287821
2.5,6783,171045.25400069077
2.5,6784,1383745.069174544
2.5,6785,1980231.5469358037
2.5,6786,411560.64373406087
2.5,6787,384611.46462172596
2.5,6788,379535.01096260396
2.5,6789,1996559.6133074933
2.5,6790,674922.8677760621
2.5,6791,949048.0991663709
2.5,6792,243339.8833059113
2.5,6793,3543174.674980695
2.5,6794,1710705.2129111425
2.5,6795,3043187.296015313
2.5,6796,648782.1134771148
2.5,6797,2831199.0655633924
2.5,6798,907411.9022601837
2.5,6799,872477.1565015529
2.5,6800,4814955.71608054
2.5,6801,2990544.6234092196
2.5,6802,6705862.694041555
2.5,6803,1893276.6872275998
2.5,6804,915108.585045504
2.5,6805,223264.52132024066
2.5,6806,3937115.3025055923
2.5,6807,820235.7572976734
2.5,6808,1632370.2875759145
2.5,6809,4348433.693670258
2.5,6810,1288162.0785750425
2.5,6811,141636.93207755868
2.5,6812,457299.3392453033
2.5,6813,3179363.75772872
2.5,6814,370108.7787551382
2.5,6815,2138748.4824498845
2.5,6816,436657.2192030585
2.5,6817,1252934.897182084
2.5,6818,2823204.405390256
2.5,6819,4151275.6605367376
2.5,6820,2114876.388564272
2.5,6821,3178052.9820727375
2.5,6822,1270755.8489655661
2.5,6823,472455.7935744213
2.5,6824,872883.9317928167
2.5,6825,487886.07674379705
2.5,6826,1771704.6600977741
2.5,6827,2062254.8217235915
2.5,6828,1389518.1794622208
2.5,6829,4592107.146782977
2.5,6830,1282422.473259394
2.5,6831,813672.4310488822
2.5,6832,1941711.7551074452
2.5,6833,188770.24026507454
2.5,6834,2604029.086177205
2.5,6835,103223.65835964565
2.5,6836,1441564.1195336408
2.5,6837,509093.0197822056
2.5,6838,1653567.2625712089
2.5,6839,382493.7759208407
2.5,6840,311125.83595645305
2.5,6841,5061309.465314546
2.5,6842,1360909.6559539933
2.5,6843,1270860.9564755969
2.5,6844,1694299.404046921
2.5,6845,6551572.195132252
2.5,6846,4178894.3003030885
2.5,6847,3260106.946412456
2.5,6848,2599626.371677668
2.5,6849,700627.7148954252
2.5,6850,808464.7474739053
2.5,6851,980415.7110692488
2.5,6852,3354259.638702242
2.5,6853,5495528.180861767
2.5,6854,3430221.6027629385
2.5,6855,1413570.5521362873
2.5,6856,4608037.544293454
2.5,6857,1924936.4099791122
2.5,6858,1471979.7228163634
2.5,6859,148701.52440219375
2.5,6860,2755644.40544177
2.5,6861,371126.3663082254
2.5,6862,4303261.969349429
2.5,6863,2805897.8325772416
2.5,6864,2232219.0784401246
2.5,6865,2447336.898398435
2.5,6866,172997.51450488204
2.5,6867,2445561.1568917497
2.5,6868,855066.6825348715
2.5,6869,6443968.057514686
2.5,6870,2637682.4789849184
2.5,6871,753283.9846469793
2.5,6872,263949.2283764647
2.5,6873,131520.31170576415
2.5,6874,2409741.48774053
2.5,6875,3048304.93049341
2.5,6876,4203618.092328947
2.5,6877,2993377.2553594345
2.5,6878,1080260.6144781567
2.5,6879,1125194.2684314377
2.5,6880,4150322.7970619733
2.5,6881,1415290.9215501065
2.5,6882,1435683.2856259313
2.5,6883,3023722.215571009
2.5,6884,5043748.961551181
2.5,6885,2513457.923115579
2.5,6886,418662.1147123557
2.5,6887,985456.635370127
2.5,6888,3977193.829090195
2.5,6889,4844471.680440992
2.5,6890,4514994.505504165
2.5,6891,947292.6027899791
2.5,6892,1315608.9650416977
2.5,6893,1050543.6677647969
2.5,6894,670230.7025745632
2.5,6895,500084.16138704563
2.5,6896,2205309.8773665004
2.5,6897,599368.5419762447
2.5,6898,1950326.4203177749
2.5,6899,3704333.451280847
2.5,6900,3723617.2546234876
2.5,6901,4329462.173080912
2.5,6902,3557136.601605777
2.5,6903,125304.42925730313
2.5,6904,698505.0223946042
2.5,6905,373445.69693676644
2.5,6906,1930914.2789579285
2.5,6907,3632682.4190086005
2.5,6908,5352884.26942409
2.5,6909,1511915.5764364097
2.5,6910,1498198.2388404566
2.5,6911,3101410.215182392
2.5,6912,3445699.3225495936
2.5,6913,481247.0935831593
2.5,6914,1138528.681579774
2.5,6915,996670.4387758647
2.5,6916,1408789.6528299244
2.5,6917,1167933.7829983612
2.5,6918,4191336.0847604303
2.5,6919,5846023.736528242
2.5,6920,4593986.733108271
2.5,6921,1419608.106720368
2.5,6922,8002797.843221975
2.5,6923,357799.5322517601
2.5,6924,1092750.4272365286
2.5,6925,1275772.5795226006
2.5,6926,2684406.518871815
2.5,6927,288095.9465461566
2.5,6928,3262104.8376648985
2.5,6929,2218351.772483232
2.5,6930,224384.4831669575
2.5,6931,3991192.435914712
2.5,6932,4464585.542664223
2.5,6933,766719.2117345623
2.5,6934,3568964.0451896084
2.5,6935,4713299.688063079
2.5,6936,3858903.331388559
2.5,6937,1481892.3054226902
2.5,6938,1957919.5137199906
2.5,6939,5101483.840868023
2.5,6940,1913160.313326088
2.5,6941,7201821.38765748
2.5,6942,6297090.062518249
2.5,6943,1452801.674945325
2.5,6944,1117128.826243182
2.5,6945,2688215.1828640685
2.5,6946,5259948.452930966
2.5,6947,614490.0941626977
2.5,6948,2080639.78522124
2.5,6949,3169672.890253681
2.5,6950,935116.5866884214
2.5,6951,2090657.8083561212
2.5,6952,4778229.080201438
2.5,6953,758394.4657922632
2.5,6954,1248457.179862869
2.5,6955,1791860.4684373795
2.5,6956,4974972.627005204
2.5,6957,1147991.311701136
2.5,6958,1904001.558768054
2.5,6959,647388.5887642886
2.5,6960,4291388.720329554
2.5,6961,438123.60288395523
2.5,6962,111494.60629320117
2.5,6963,568857.3730503335
2.5,6964,958534.0538090867
2.5,6965,2754813.934950112
2.5,6966,893104.8519632781
2.5,6967,698896.335327437
2.5,6968,3674946.930356906
2.5,6969,772719.6094452369
2.5,6970,1030823.0944742382
2.5,6971,2306018.506448098
2.5,6972,1343940.0019412232
2.5,6973,1189071.4835560059
2.5,6974,1002241.6824406123
2.5,6975,1680502.6329550315
2.5,6976,6824010.306840618
2.5,6977,6290958.796411175
2.5,6978,7281108.2354925
2.5,6979,7956530.848391978
2.5,6980,3154643.29391552
2.5,6981,3625032.6003150246
2.5,6982,1082396.3965921185
2.5,6983,1599851.6917210433
2.5,6984,1108128.0241396036
2.5,6985,5762505.440713325
2.5,6986,983706.8623851847
2.5,6987,4351435.67592422
2.5,6988,2719545.131826893
2.5,6989,1062251.47866611
2.5,6990,2318465.582667338
2.5,6991,163343.4522497767
2.5,6992,4434389.834906088
2.5,6993,3633782.424404345
2.5,6994,1269223.0924794008
2.5,6995,1291952.7098229006
2.5,6996,1136220.7682155846
2.5,6997,2538503.936925951
2.5,6998,2481396.5542091825
2.5,6999,1411604.978101525
2.5,7000,1757014.7038703822
2.5,7001,3222632.942197626
2.5,7002,547253.7617980528
2.5,7003,1787988.8533388376
2.5,7004,1941871.657677637
2.5,7005,442103.93409028044
2.5,7006,4941277.175701944
2.5,7007,642283.6375826471
2.5,7008,197394.65539147568
2.5,7009,1018407.9463153684
2.5,7010,3818621.8352158586
2.5,7011,415015.03421822615
2.5,7012,146442.98287863235
2.5,7013,4790598.039141243
2.5,7014,3229487.257278781
2.5,7015,125174.26186911516
2.5,7016,3337603.329861848
2.5,7017,970475.8957748219
2.5,7018,1317929.8060387312
2.5,7019,4132884.5710393563
2.5,7020,5164093.1338937385
2.5,7021,2422200.1689101323
2.5,7022,3926187.755155584
2.5,7023,2340031.1885083355
2.5,7024,5647718.593675776
2.5,7025,384696.43161697837
2.5,7026,978041.6524821715
2.5,7027,2124342.7428155066
2.5,7028,131072.21022024375
2.5,7029,2524635.7845472232
2.5,7030,797491.6611685801
2.5,7031,1277620.1030224892
2.5,7032,4360484.924574873
2.5,7033,4779332.6611771425
2.5,7034,592571.5851181055
2.5,7035,2464926.447014065
2.5,7036,1788728.880035292
2.5,7037,126979.09780973288
2.5,7038,2839730.265781107
2.5,7039,4687680.893861059
2.5,7040,3615648.402491489
2.5,7041,2353596.846465511
2.5,7042,103384.05951688836
2.5,7043,4165548.438594754
2.5,7044,692874.5930594093
2.5,7045,240596.0529349479
2.5,7046,1367702.9326573343
2.5,7047,1373623.4843102046
2.5,7048,2464457.6729509574
2.5,7049,3549532.237728963
2.5,7050,2433848.532981761
2.5,7051,2910370.587030094
2.5,7052,2172733.3945853068
2.5,7053,7532482.472396691
2.5,7054,702513.7878825024
2.5,7055,508996.32593983324
2.5,7056,3096492.317649061
2.5,7057,3040186.8319869065
2.5,7058,1365103.4820089294
2.5,7059,4278575.169919007
2.5,7060,1471508.370753556
2.5,7061,286074.2295696655
2.5,7062,2513262.259453622
2.5,7063,2484918.8919151677
2.5,7064,2198697.890227634
2.5,7065,4879525.533222627
2.5,7066,919722.3275389416
2.5,7067,882368.7083317552
2.5,7068,1140176.2521666777
2.5,7069,5253866.343905999
2.5,7070,5633470.156083187
2.5,7071,4952134.447381298
2.5,7072,1081818.0199939003
2.5,7073,504171.4496765509
2.5,7074,158137.56939241395
2.5,7075,984853.228032198
2.5,7076,1242382.2091274841
2.5,7077,1782043.6604353432
2.5,7078,161569.15183324442
2.5,7079,532003.6914686095
2.5,7080,1036829.4786876265
2.5,7081,3841049.3550783535
2.5,7082,2013563.1568979425
2.5,7083,305674.66797113424
2.5,7084,4949458.190812129
2.5,7085,4169189.500576918
2.5,7086,1262360.7046970627
2.5,7087,349189.2183687844
2.5,7088,3643200.1349510513
2.5,7089,1262537.52755219
2.5,7090,784578.091942652
2.5,7091,1576262.8811878464
2.5,7092,2221166.65612793
2.5,7093,338896.9386765628
2.5,7094,895589.0814146849
2.5,7095,1457620.8094109092
2.5,7096,5773704.7789129745
2.5,7097,5080344.746266785
2.5,7098,1927796.3708569156
2.5,7099,2164577.3995008124
2.5,7100,625499.444858261
2.5,7101,3037108.394116412
2.5,7102,3234912.448117712
2.5,7103,2790026.257206073
2.5,7104,1367856.766693132
2.5,7105,793529.1215454361
2.5,7106,3516388.6490348703
2.5,7107,1868696.6569579707
2.5,7108,2581626.435117094
2.5,7109,1187923.7387437893
2.5,7110,3871846.2346723815
2.5,7111,1938167.812674407
2.5,7112,1568231.0113060353
2.5,7113,1562781.819723762
2.5,7114,1713139.0983040927
2.5,7115,1363772.877353661
2.5,7116,1455702.9650677158
2.5,7117,1748120.5341115918
2.5,7118,227917.09764981514
2.5,7119,6330831.724201313
2.5,7120,806325.4301652922
2.5,7121,951588.8910030231
2.5,7122,2168459.0867395853
2.5,7123,2080718.4331391999
2.5,7124,354440.4899163357
2.5,7125,1392325.7735125078
2.5,7126,556529.0979570354
2.5,7127,3677620.486260663
2.5,7128,260096.63551978525
2.5,7129,1313642.2305889137
2.5,7130,2863495.8530056486
2.5,7131,608333.1556054058
2.5,7132,1800936.947718982
2.5,7133,808721.0098993132
2.5,7134,2308879.498364128
2.5,7135,1998911.0801235184
2.5,7136,172252.99945957403
2.5,7137,415493.5638248634
2.5,7138,2452988.402027048
2.5,7139,4217572.9854222825
2.5,7140,1329940.8689182552
2.5,7141,2849839.5503461957
2.5,7142,1026947.615308684
2.5,7143,1393265.0215380709
2.5,7144,2851424.3925184305
2.5,7145,2205331.13909099
2.5,7146,315727.4819941141
2.5,7147,2651935.1834453186
2.5,7148,1794125.1083568896
2.5,7149,576912.4150734528
2.5,7150,4676497.236718394
2.5,7151,3639750.1823257077
2.5,7152,912481.5550884022
2.5,7153,1139923.8866327582
2.5,7154,1417975.4470385346
2.5,7155,4293135.796716389
2.5,7156,5269128.251490843
2.5,7157,1186052.1759398154
2.5,7158,3538511.3701127646
2.5,7159,6098621.22514636
2.5,7160,3431173.085394469
2.5,7161,3075650.9175676643
2.5,7162,1278377.948315632
2.5,7163,392937.33993465797
2.5,7164,3740600.018229151
2.5,7165,2056712.4233946963
2.5,7166,2382301.174265011
2.5,7167,3739745.194111057
2.5,7168,4131641.6967342948
2.5,7169,3166237.209167421
2.5,7170,1393337.1597115535
2.5,7171,2954416.962233473
2.5,7172,1526690.5805326216
2.5,7173,1481534.9045856367
2.5,7174,303966.37106440717
2.5,7175,1544190.0045432458
2.5,7176,3601961.0042517437
2.5,7177,1511964.541389358
2.5,7178,4302305.832771852
2.5,7179,3414794.5331589864
2.5,7180,1935681.3883518525
2.5,7181,2154135.153955301
2.5,7182,2737208.8690314377
2.5,7183,5572085.066231513
2.5,7184,7337937.849314943
2.5,7185,1132954.067542488
2.5,7186,1522841.8983696483
2.5,7187,1031646.4683761445
2.5,7188,835912.6283372842
2.5,7189,344884.6735731885
2.5,7190,2710705.48909727
2.5,7191,2815558.8841585545
2.5,7192,5169294.464327103
2.5,7193,4861858.2564617535
2.5,7194,2303402.4170757104
2.5,7195,6884158.636428317
2.5,7196,1821138.8953371136
2.5,7197,680765.5144915641
2.5,7198,1876111.414641211
2.5,7199,1157796.2503082382
2.5,7200,187926.58672306698
2.5,7201,6634317.103499069
2.5,7202,4662296.253669694
2.5,7203,1726343.7025079897
2.5,7204,2424134.280977906
2.5,7205,3170096.889337414
2.5,7206,1514307.1184678627
2.5,7207,5394008.347752398
2.5,7208,1018100.0669413836
2.5,7209,2209546.9728518752
2.5,7210,3757472.0560798524
2.5,7211,1833618.023241222
2.5,7212,3575416.390647463
2.5,7213,970125.3965147194
2.5,7214,4514507.648785117
2.5,7215,680464.1837799149
2.5,7216,1486596.342288652
2.5,7217,1397190.753142173
2.5,7218,3070269.2520678234
2.5,7219,1768304.3484209506
2.5,7220,2462104.8665327607
2.5,7221,1069317.8236141605
2.5,7222,4727048.446774911
2.5,7223,1998336.3896235218
2.5,7224,2671218.692764546
2.5,7225,4309226.110399684
2.5,7226,710477.6865536699
2.5,7227,551930.9285156982
2.5,7228,6615504.10653301
2.5,7229,1586887.3276628682
2.5,7230,1547881.1337452147
2.5,7231,1983038.8267942886
2.5,7232,2254156.0593276923
2.5,7233,459201.9567505471
2.5,7234,692692.6082984753
2.5,7235,497502.7545621827
2.5,7236,232819.6917846052
2.5,7237,1311225.9697054932
2.5,7238,1231689.2948076015
2.5,7239,482490.3626065869
2.5,7240,2585768.8525945707
2.5,7241,2495778.3377579525
2.5,7242,3670623.9244217984
2.5,7243,1893468.7389730841
2.5,7244,2350901.5543185933
2.5,7245,549922.6653557612
2.5,7246,553428.5580136477
2.5,7247,3115697.7548987623
2.5,7248,1460417.7318791419
2.5,7249,1132848.3518569272
2.5,7250,2002425.6900131293
2.5,7251,1209463.9248544883
2.5,7252,1300875.816608964
2.5,7253,3152201.8980784104
2.5,7254,1725901.4057124
2.5,7255,2122309.7111857324
2.5,7256,2066309.5522306662
2.5,7257,1135910.4873064333
2.5,7258,2449837.5317493724
2.5,7259,3678658.734843882
2.5,7260,1106966.7419690753
2.5,7261,2910398.9273096025
2.5,7262,459982.47243668867
2.5,7263,2689486.5027965475
2.5,7264,1560687.8719702363
2.5,7265,1644722.0941332332
2.5,7266,1580027.8435065597
2.5,7267,3485684.3261147225
2.5,7268,339630.1085248852
2.5,7269,7478686.534941215
2.5,7270,799139.9154058096
2.5,7271,1171234.3293519337
2.5,7272,908352.873010122
2.5,7273,454202.32807368546
2.5,7274,3077384.45686543
2.5,7275,2749243.104531355
2.5,7276,4895894.666059998
2.5,7277,2211801.014251751
2.5,7278,769875.6293377649
2.5,7279,5298631.592550434
2.5,7280,4664632.865341538
2.5,7281,1311384.6411576828
2.5,7282,1367148.6069519576
2.5,7283,879112.7114970598
2.5,7284,765626.871154883
2.5,7285,1411501.8737158384
2.5,7286,1348494.3764082151
2.5,7287,4451243.9463945
2.5,7288,2712236.1843322627
2.5,7289,542278.0410599972
2.5,7290,3142813.943770634
2.5,7291,600500.9081270801
2.5,7292,3438001.9098557597
2.5,7293,4015151.7141544963
2.5,7294,1815216.040569765
2.5,7295,6031393.974177053
2.5,7296,2091040.5863260955
2.5,7297,202314.54256000792
2.5,7298,937378.4841569746
2.5,7299,462558.71223898814
2.5,7300,503343.0602901031
2.5,7301,847016.8242492994
2.5,7302,2415940.2966139684
2.5,7303,2411495.306168859
2.5,7304,2037035.0403779203
2.5,7305,6638769.604998871
2.5,7306,710550.657534846
2.5,7307,412695.32225424633
2.5,7308,2097205.564392983
2.5,7309,1579777.0162848653
2.5,7310,5047050.095844529
2.5,7311,5272417.263707836
2.5,7312,705299.0324918109
2.5,7313,2709295.3982617906
2.5,7314,1518709.742545227
2.5,7315,2690483.9883498624
2.5,7316,5335852.629106216
2.5,7317,1689443.3532308657
2.5,7318,4147441.328136664
2.5,7319,5812373.671159155
2.5,7320,3958334.4333240218
2.5,7321,1155686.9965573105
2.5,7322,2161859.1281773536
2.5,7323,2374298.67333163
2.5,7324,5133840.366785978
2.5,7325,6284082.7974008685
2.5,7326,406137.2470951306
2.5,7327,4316501.638134349
2.5,7328,1158107.9856890542
2.5,7329,646856.953443748
2.5,7330,947397.2117347859
2.5,7331,179300.0675261237
2.5,7332,4460298.588379777
2.5,7333,2187839.920595202
2.5,7334,409824.93314645824
2.5,7335,2238136.7515801606
2.5,7336,2334197.515029629
2.5,7337,4015376.1874307906
2.5,7338,1747888.015317148
2.5,7339,450013.1399418215
2.5,7340,2386931.404720339
2.5,7341,127502.91673237123
2.5,7342,1221919.9733246735
2.5,7343,4028822.4843192957
2.5,7344,3852089.2050495916
2.5,7345,1778008.763558597
2.5,7346,1142695.769017122
2.5,7347,3149230.0484260437
2.5,7348,1019079.5896720919
2.5,7349,3939576.3439724403
2.5,7350,7227502.265067486
2.5,7351,2255212.53043577
2.5,7352,4896459.717381113
2.5,7353,5421241.52883096
2.5,7354,207217.46622646687
2.5,7355,311995.04869455134
2.5,7356,1971151.760123736
2.5,7357,928049.8045851105
2.5,7358,1569950.6640469031
2.5,7359,1265578.1565086106
2.5,7360,419060.76595804497
2.5,7361,707789.6901285651
2.5,7362,1194762.6966379485
2.5,7363,5430034.112019808
2.5,7364,2328116.5615812615
2.5,7365,4508125.140858515
2.5,7366,2886796.867654988
2.5,7367,4364646.4059370635
2.5,7368,6956341.931436686
2.5,7369,3044019.8004613454
2.5,7370,1132302.5635428242
2.5,7371,4058349.453193331
2.5,7372,2515873.437125751
2.5,7373,1582234.0962459068
2.5,7374,1433217.3888576196
2.5,7375,408751.89728548686
2.5,7376,4780864.684877629
2.5,7377,746074.4239238538
2.5,7378,1088075.6448564029
2.5,7379,6529615.105698634
2.5,7380,4481704.620707014
2.5,7381,3662506.173981698
2.5,7382,900742.5420009346
2.5,7383,1178637.9765975985
2.5,7384,3447644.2846988067
2.5,7385,2647529.3925081566
2.5,7386,115661.19010946978
2.5,7387,440090.48922261567
2.5,7388,1461121.4720843965
2.5,7389,3165308.630122749
2.5,7390,4474234.633531761
2.5,7391,2362091.8343798057
2.5,7392,848929.7175779017
2.5,7393,2864852.5716861254
2.5,7394,2188809.173154962
2.5,7395,533685.646832765
2.5,7396,1431728.821949268
2.5,7397,3947739.3385994136
2.5,7398,7712910.118452183
2.5,7399,2159191.057735488
2.5,7400,195259.40192532915
2.5,7401,1444733.289191543
2.5,7402,3311727.714840076
2.5,7403,5788546.496424232
2.5,7404,2045533.0032342589
2.5,7405,4922645.41941396
2.5,7406,142629.12063685892
2.5,7407,4235374.878570621
2.5,7408,473681.4781408951
2.5,7409,5349615.292560156
2.5,7410,350358.4306767849
2.5,7411,2325255.071480965
2.5,7412,2399754.544322979
2.5,7413,993151.1637173473
2.5,7414,583274.350975108
2.5,7415,317710.3285183332
2.5,7416,3619937.624853435
2.5,7417,3261508.0190747646
2.5,7418,4077049.0365531556
2.5,7419,4289053.6216908805
2.5,7420,4331303.355848777
2.5,7421,505787.8904098765
2.5,7422,1314204.0527768794
2.5,7423,3019184.731916963
2.5,7424,1392189.737414679
2.5,7425,315992.5208897487
2.5,7426,434095.9942521474
2.5,7427,3250064.042072322
2.5,7428,193164.30066188937
2.5,7429,2220851.6253016777
2.5,7430,2926714.9680646346
2.5,7431,4905964.210727587
2.5,7432,103717.98008650642
2.5,7433,4950523.833736267
2.5,7434,4476481.091336519
2.5,7435,4325868.628305727
2.5,7436,1074247.9108641546
2.5,7437,3126818.375528694
2.5,7438,843133.5349731438
2.5,7439,509689.29088672873
2.5,7440,4074472.9574045623
2.5,7441,6719275.468497187
2.5,7442,1262573.1198303958
2.5,7443,4013761.2984952843
2.5,7444,5207398.300791452
2.5,7445,4859651.816328965
2.5,7446,509027.4683812702
2.5,7447,6468810.604644457
2.5,7448,3263624.5951357875
2.5,7449,1645527.3208733841
2.5,7450,1417416.2385706238
2.5,7451,6898611.80552848
2.5,7452,3708250.6235116576
2.5,7453,1477188.3023919442
2.5,7454,1380543.1939278056
2.5,7455,4062200.867708787
2.5,7456,1422813.3242982435
2.5,7457,1440413.4331492386
2.5,7458,1586750.9797541958
2.5,7459,6922523.858336179
2.5,7460,2878163.795452369
2.5,7461,1704854.578392392
2.5,7462,969594.1814797439
2.5,7463,5143663.636548043
2.5,7464,1678473.8298626202
2.5,7465,272795.3652432208
2.5,7466,7766074.801679637
2.5,7467,1932775.9672187162
2.5,7468,2821150.759013078
2.5,7469,4088594.051170911
2.5,7470,4334943.963986924
2.5,7471,391913.5699777142
2.5,7472,683312.0044841669
2.5,7473,1241984.2355637886
2.5,7474,1155079.537508846
2.5,7475,262954.6363287333
2.5,7476,4540723.019534889
2.5,7477,4501039.850227944
2.5,7478,1672566.6463190066
2.5,7479,2427789.216296111
2.5,7480,3838941.2820479353
2.5,7481,103275.63064295538
2.5,7482,1046806.2734938102
2.5,7483,828854.9938260369
2.5,7484,804899.2459087925
2.5,7485,2312601.2853510124
2.5,7486,4188790.120479837
2.5,7487,7772931.01658305
2.5,7488,1263824.1183059807
2.5,7489,699128.1064097089
2.5,7490,923765.1116567303
2.5,7491,999362.0758283552
2.5,7492,3101408.2108775396
2.5,7493,3873726.0536557264
2.5,7494,663680.9739290557
2.5,7495,4787870.518352665
2.5,7496,577299.4368211254
2.5,7497,2081535.1983664688
2.5,7498,1239126.645465813
2.5,7499,2182501.2069873656
2.5,7500,1003209.2442988262
2.5,7501,2646213.592756048
2.5,7502,4632016.148275614
2.5,7503,4383258.8904777095
2.5,7504,470069.74896255974
2.5,7505,2113200.0226545036
2.5,7506,6928641.626187621
2.5,7507,6192161.20343297
2.5,7508,4833164.44452427
2.5,7509,153217.7143834478
2.5,7510,747536.8746669227
2.5,7511,304740.1695165087
2.5,7512,1576671.2422281152
2.5,7513,1473220.1498923316
2.5,7514,2472371.037967002
2.5,7515,3650366.9725901056
2.5,7516,4044491.6635746807
2.5,7517,3308708.1628421694
2.5,7518,2913663.8265684284
2.5,7519,807517.0305392249
2.5,7520,1416868.670607546
2.5,7521,526764.5163534574
2.5,7522,3319574.5168069554
2.5,7523,2043943.278905985
2.5,7524,865728.8900419022
2.5,7525,6108526.063824248
2.5,7526,3422076.8504159376
2.5,7527,1533432.3224915988
2.5,7528,3396171.509714835
2.5,7529,117647.44695129714
2.5,7530,561775.7615757431
2.5,7531,1364012.6991408896
2.5,7532,857857.4768396029
2.5,7533,3028379.5984317227
2.5,7534,103881.42956153196
2.5,7535,1193365.0121416654
2.5,7536,1249494.6771484022
2.5,7537,923407.9717344078
2.5,7538,3933235.6978035886
2.5,7539,2183433.904593591
2.5,7540,3540192.358433065
2.5,7541,2518735.9886932275
2.5,7542,2042717.3390469323
2.5,7543,2391401.132354159
2.5,7544,3575322.1888279794
2.5,7545,1619564.3985175067
2.5,7546,4366128.892521951
2.5,7547,993943.7931619585
2.5,7548,104527.47154558451
2.5,7549,4927935.600470852
2.5,7550,2612239.7359134834
2.5,7551,4343092.888219604
2.5,7552,638503.7609358666
2.5,7553,196723.2383265513
2.5,7554,2832322.560569669
2.5,7555,728292.2601603556
2.5,7556,4636629.294720532
2.5,7557,3269000.112551821
2.5,7558,365511.1379022813
2.5,7559,2060302.5330209814
2.5,7560,499496.76722566574
2.5,7561,1229561.5114300465
2.5,7562,420457.02832846716
2.5,7563,3049892.307281593
2.5,7564,797587.4844915437
2.5,7565,1332525.7399672058
2.5,7566,1081777.6044504768
2.5,7567,2056353.9274848683
2.5,7568,629599.3512842369
2.5,7569,1196840.5462969025
2.5,7570,270980.1455682276
2.5,7571,5011126.439768977
2.5,7572,1585796.4235848433
2.5,7573,485051.3869110041
2.5,7574,6686335.40746903
2.5,7575,1526905.3039121493
2.5,7576,6991548.741452422
2.5,7577,1086290.563088107
2.5,7578,3504944.2848664126
2.5,7579,6030728.621972068
2.5,7580,293608.2416692861
2.5,7581,1490634.6848403574
2.5,7582,5203771.609267453
2.5,7583,449933.75084378617
2.5,7584,4728087.292920372
2.5,7585,860884.2721550504
2.5,7586,1631681.2841580797
2.5,7587,2515136.8345822534
2.5,7588,235042.0866824796
2.5,7589,6333132.374221226
2.5,7590,7323996.360151896
2.5,7591,1940819.0355512518
2.5,7592,534632.427695364
2.5,7593,2111017.9400267815
2.5,7594,693520.008606708
2.5,7595,1172925.6017882016
2.5,7596,2454121.4934026524
2.5,7597,2719854.3521325123
2.5,7598,103439.30410884251
2.5,7599,273596.8447108061
2.5,7600,5612198.90486223
2.5,7601,511770.78282304725
2.5,7602,4293795.743123699
2.5,7603,883454.8285951471
2.5,7604,1043219.6826484122
2.5,7605,1943161.0697257959
2.5,7606,422095.21608719375
2.5,7607,527989.2226004989
2.5,7608,596418.8471963566
2.5,7609,2199886.1187761617
2.5,7610,1200358.9670551321
2.5,7611,659610.1831461281
2.5,7612,2052186.2149932273
2.5,7613,4113720.252950881
2.5,7614,5564160.854544075
2.5,7615,1053851.6370144465
2.5,7616,259465.36265658512
2.5,7617,692434.5767843284
2.5,7618,3019130.5742302015
2.5,7619,538449.2417673796
2.5,7620,976760.34569923
2.5,7621,835627.4437689721
2.5,7622,4136031.5251752725
2.5,7623,6483048.554526162
2.5,7624,464633.4705347555
2.5,7625,403789.4070440042
2.5,7626,422417.6436268773
2.5,7627,2740155.004083956
2.5,7628,1903917.2091828734
2.5,7629,3832735.1873787106
2.5,7630,2725219.275845647
2.5,7631,2524704.216368066
2.5,7632,607514.402548567
2.5,7633,4579991.711454577
2.5,7634,4229681.049771855
2.5,7635,1057284.8477669957
2.5,7636,756345.3369399192
2.5,7637,1331806.5045741587
2.5,7638,5283450.409839654
2.5,7639,2687668.953086322
2.5,7640,1123010.508012062
2.5,7641,1099809.441500445
2.5,7642,4240384.97890751
2.5,7643,1460875.9387646155
2.5,7644,1585657.8993060794
2.5,7645,4349862.112038112
2.5,7646,1989834.9805154307
2.5,7647,2960442.788764988
2.5,7648,869500.0258443871
2.5,7649,1437037.3344019747
2.5,7650,921561.0222841501
2.5,7651,1125593.0764112782
2.5,7652,275143.6665001665
2.5,7653,584343.44535733
2.5,7654,223276.34461772756
2.5,7655,1701932.775792576
2.5,7656,2584231.328184778
2.5,7657,1443067.9930147263
2.5,7658,1438819.750866775
2.5,7659,1251522.0965007297
2.5,7660,2395554.82679401
2.5,7661,2069497.1074855314
2.5,7662,2323377.378962009
2.5,7663,677056.9568502513
2.5,7664,1300098.6165606766
2.5,7665,1422858.9755546008
2.5,7666,4678959.376977131
2.5,7667,3818050.965458548
2.5,7668,647148.4594168923
2.5,7669,5717994.888485564
2.5,7670,824664.3380384606
2.5,7671,3528458.448768329
2.5,7672,596193.4456725
2.5,7673,6917193.881123653
2.5,7674,4242621.030950077
2.5,7675,957471.1233803928
2.5,7676,836893.6745187476
2.5,7677,679451.712101755
2.5,7678,3547394.255466387
2.5,7679,3165043.2689504316
2.5,7680,408903.3326137688
2.5,7681,4926158.946679936
2.5,7682,2011267.837223929
2.5,7683,165074.22999028087
2.5,7684,990766.5834636824
2.5,7685,1524265.2136797803
2.5,7686,3244449.451509213
2.5,7687,112962.71998586299
2.5,7688,6508749.66205863
2.5,7689,1319711.3747158763
2.5,7690,2562095.0221863557
2.5,7691,981379.6666487932
2.5,7692,4115368.3687954303
2.5,7693,5408606.915132132
2.5,7694,944085.1973726188
2.5,7695,2939224.2204870796
2.5,7696,238239.0055428211
2.5,7697,126289.62341041844
2.5,7698,462369.65462920605
2.5,7699,1081776.7991788415
2.5,7700,3820211.7108173636
2.5,7701,885989.6333205529
2.5,7702,2081385.594454414
2.5,7703,2981070.5189803042
2.5,7704,580396.9450803967
2.5,7705,1070416.4470192902
2.5,7706,7951792.546544036
2.5,7707,966153.2875467264
2.5,7708,4221872.009336062
2.5,7709,992919.4589783561
2.5,7710,1880369.2154972304
2.5,7711,1028093.6566769723
2.5,7712,1592743.2793725724
2.5,7713,4592246.651555309
2.5,7714,3810796.7699807053
2.5,7715,1637292.1622196212
2.5,7716,4357113.330304511
2.5,7717,1483729.172548355
2.5,7718,1484167.2239744668
2.5,7719,2792487.543053072
2.5,7720,563242.7153047
2.5,7721,4070191.059626922
2.5,7722,1379903.5819316462
2.5,7723,539983.4016763442
2.5,7724,169368.9416557998
2.5,7725,1835277.706771058
2.5,7726,688659.3762162757
2.5,7727,2267731.090861476
2.5,7728,7128354.457765148
2.5,7729,1271696.6729587526
2.5,7730,492540.36770396633
2.5,7731,562014.0870329576
2.5,7732,4285069.481773824
2.5,7733,5624222.509971432
2.5,7734,122096.32944864032
2.5,7735,197057.78736027138
2.5,7736,4741839.406123346
2.5,7737,1661420.4653104814
2.5,7738,4613278.919561157
2.5,7739,1455828.2252928754
2.5,7740,5476643.1511085
2.5,7741,2547480.9157365263
2.5,7742,800859.7947648362
2.5,7743,6263016.568225108
2.5,7744,762579.5787038397
2.5,7745,5858608.814457029
2.5,7746,3038492.333358779
2.5,7747,899516.651940498
2.5,7748,782421.3048668271
2.5,7749,990603.7182426268
2.5,7750,4785971.140065654
2.5,7751,4360125.312918548
2.5,7752,6741840.035929197
2.5,7753,1150145.72415028
2.5,7754,774930.4062701374
2.5,7755,2980893.463017713
2.5,7756,922714.915553309
2.5,7757,1318881.0548529995
2.5,7758,1201433.264019794
2.5,7759,148281.68710060432
2.5,7760,4605191.75378273
2.5,7761,3021701.2940706676
2.5,7762,4814746.625937773
2.5,7763,1145759.0447151375
2.5,7764,266111.2172954179
2.5,7765,5876393.972648008
2.5,7766,1317841.0710078257
2.5,7767,1672635.5857682195
2.5,7768,957744.5670020154
2.5,7769,7011594.505987345
2.5,7770,4376777.870797677
2.5,7771,1382499.8165411172
2.5,7772,7534683.549728518
2.5,7773,1501460.2199220546
2.5,7774,842366.0309615261
2.5,7775,1702429.747632932
2.5,7776,2133887.7991103255
2.5,7777,1901669.8391764862
2.5,7778,1217941.6117792418
2.5,7779,4721613.375451541
2.5,7780,2069745.3691195897
2.5,7781,1506513.5802611983
2.5,7782,2361931.9855018877
2.5,7783,580837.0975648969
2.5,7784,627578.098577504
2.5,7785,983729.88006995
2.5,7786,447559.3022711982
2.5,7787,8030270.699914455
2.5,7788,2020483.5602677795
2.5,7789,520106.5823243623
2.5,7790,4926201.960151798
2.5,7791,363127.892421119
2.5,7792,4051392.468533934
2.5,7793,705490.4952005149
2.5,7794,902085.4768790428
2.5,7795,473865.37129350833
2.5,7796,4981164.170162947
2.5,7797,1099286.4375205734
2.5,7798,1392231.7438813164
2.5,7799,2145396.613973255
2.5,7800,904427.7446775674
2.5,7801,518224.1926896105
2.5,7802,1605340.9079417216
2.5,7803,3054322.770543487
2.5,7804,323515.9099294748
2.5,7805,6038910.876623314
2.5,7806,1031149.3399774628
2.5,7807,554690.1839634693
2.5,7808,4092491.4780933307
2.5,7809,1354589.6160353539
2.5,7810,660354.288722631
2.5,7811,2180830.372464741
2.5,7812,1967167.5534623903
2.5,7813,2389753.202153555
2.5,7814,2848201.7270002034
2.5,7815,751371.3186538965
2.5,7816,130745.15121341808
2.5,7817,1262816.9152809433
2.5,7818,4596307.555635228
2.5,7819,1500670.1093944907
2.5,7820,2969966.8299387814
2.5,7821,1608886.9528644767
2.5,7822,3800046.930803508
2.5,7823,757908.5063537562
2.5,7824,5621081.6816817755
2.5,7825,102764.98590615852
2.5,7826,5242673.623764574
2.5,7827,4047301.583100578
2.5,7828,485367.8769183859
2.5,7829,4097515.9289159426
2.5,7830,3024195.9033850995
2.5,7831,379150.73336569837
2.5,7832,376927.30608514714
2.5,7833,342917.79515417595
2.5,7834,1092869.6668397132
2.5,7835,1021278.106114042
2.5,7836,1350503.0142175306
2.5,7837,566312.1369685191
2.5,7838,103387.92457949546
2.5,7839,4438061.663881141
2.5,7840,948140.5257510878
2.5,7841,3680236.413433445
2.5,7842,3587570.1252419534
2.5,7843,1719170.0930195847
2.5,7844,2611698.1978698717
2.5,7845,319395.51589178294
2.5,7846,1167621.2011524162
2.5,7847,4875857.5322063705
2.5,7848,2061432.9183612464
2.5,7849,1613827.7663283655
2.5,7850,337291.8009903687
2.5,7851,5053358.875916812
2.5,7852,104421.83123316965
2.5,7853,6811283.543196651
2.5,7854,1636554.3615687778
2.5,7855,568216.2416349173
2.5,7856,826163.5007933133
2.5,7857,1472301.7650951843
2.5,7858,3971689.317819817
2.5,7859,759328.9864984899
2.5,7860,2627192.9241428548
2.5,7861,954159.120609777
2.5,7862,4437577.181966303
2.5,7863,581390.4567213678
2.5,7864,346611.88105233235
2.5,7865,2656480.148196957
2.5,7866,1266173.7100897366
2.5,7867,3648518.61413629
2.5,7868,6198643.313756922
2.5,7869,244422.19190499818
2.5,7870,1053153.0265012025
2.5,7871,6325056.878493125
2.5,7872,3024339.8723845147
2.5,7873,974920.369079559
2.5,7874,1042369.2929181925
2.5,7875,1247190.3890804641
2.5,7876,3443818.120052063
2.5,7877,2304727.5549378656
2.5,7878,648652.5428593495
2.5,7879,382650.9704725523
2.5,7880,4373952.640745071
2.5,7881,974403.5719881183
2.5,7882,4056003.463484877
2.5,7883,3653158.040110345
2.5,7884,2005647.7344491766
2.5,7885,4452509.8868422285
2.5,7886,872608.0727569704
2.5,7887,2370987.9146971027
2.5,7888,473616.9895605235
2.5,7889,104512.64464855005
2.5,7890,3810276.5287041417
2.5,7891,2338950.0196462804
2.5,7892,1059850.4296558653
2.5,7893,726523.6143080618
2.5,7894,905783.7141630993
2.5,7895,1228290.6318071447
2.5,7896,559671.6794030207
2.5,7897,1137437.441677282
2.5,7898,131722.7655157464
2.5,7899,2104539.5843655034
2.5,7900,233282.59817154464
2.5,7901,1085241.4241333476
2.5,7902,795409.263396015
2.5,7903,4607914.28792356
2.5,7904,1129356.7937098856
2.5,7905,557251.684169569
2.5,7906,670052.938275784
2.5,7907,591850.7977478956
2.5,7908,983820.640705136
2.5,7909,598245.3093495166
2.5,7910,4357718.769475774
2.5,7911,6086977.734859335
2.5,7912,851486.7963014956
2.5,7913,1485606.4525639191
2.5,7914,1132976.325195253
2.5,7915,4576715.172151462
2.5,7916,1634001.8215590995
2.5,7917,6254832.260775667
2.5,7918,5783012.041965681
2.5,7919,779964.3123138978
2.5,7920,2156791.993278642
2.5,7921,4614632.659105585
2.5,7922,4295910.1421555625
2.5,7923,4913067.444680979
2.5,7924,1169776.4543967785
2.5,7925,2241959.153307961
2.5,7926,3357979.657280524
2.5,7927,590972.8428254566
2.5,7928,4238018.845850461
2.5,7929,2460861.6408740613
2.5,7930,2285376.0705908244
2.5,7931,1408363.3594795913
2.5,7932,2261501.212667591
2.5,7933,2124345.6694760364
2.5,7934,1482550.925621886
2.5,7935,1089612.7473419358
2.5,7936,2329663.084753758
2.5,7937,2029214.1672917788
2.5,7938,1219628.5137877937
2.5,7939,2187156.422176199
2.5,7940,502650.0631830484
2.5,7941,4922811.286026323
2.5,7942,5349456.605171659
2.5,7943,549790.4865220087
2.5,7944,2352358.065841988
2.5,7945,5212463.033715441
2.5,7946,1059850.2541910415
2.5,7947,2514666.8470509807
2.5,7948,682821.3184414626
2.5,7949,4090489.1591061577
2.5,7950,4251741.244584542
2.5,7951,2258891.1067700954
2.5,7952,4219761.12843094
2.5,7953,2412962.7814781414
2.5,7954,1173941.488229786
2.5,7955,114245.22677385775
2.5,7956,5292604.394977552
2.5,7957,3591184.046360712
2.5,7958,926411.24417018
2.5,7959,364981.0381858403
2.5,7960,3559940.8812605073
2.5,7961,2809799.3664162583
2.5,7962,2397185.5572313545
2.5,7963,104646.19993610821
2.5,7964,1950284.5406519468
2.5,7965,238118.4483910695
2.5,7966,6146582.8476490695
2.5,7967,2510074.048431401
2.5,7968,1186415.3649617387
2.5,7969,1808909.3716174583
2.5,7970,5349296.4883448705
2.5,7971,988233.049351003
2.5,7972,6002275.651560277
2.5,7973,4129093.2639757204
2.5,7974,2055663.9353247038
2.5,7975,1353447.5675134833
2.5,7976,1134381.0116835549
2.5,7977,796856.3184920272
2.5,7978,2215534.716360051
2.5,7979,7726854.257638117
2.5,7980,3848863.154200071
2.5,7981,439318.1824165071
2.5,7982,1494325.2557625927
2.5,7983,759925.4994545407
2.5,7984,1773106.5399804723
2.5,7985,4395955.980497088
2.5,7986,3683699.289489748
2.5,7987,3763632.938568041
2.5,7988,5978577.784748368
2.5,7989,977333.2228404997
2.5,7990,795707.333374674
2.5,7991,4441835.808551229
2.5,7992,1980770.4952163107
2.5,7993,1482411.0924497263
2.5,7994,5574838.214778953
2.5,7995,1790554.1952649397
2.5,7996,1063542.2749827567
2.5,7997,3283774.09635373
2.5,7998,987681.061298478
2.5,7999,675839.0807483654
2.5,8000,723071.3072579036
2.5,8001,1595289.9071863152
2.5,8002,1755432.6866355038
2.5,8003,2251719.1047495957
2.5,8004,223420.03458078063
2.5,8005,780459.1253346956
2.5,8006,1645545.4952219904
2.5,8007,2844297.4698349545
2.5,8008,1325751.8054277524
2.5,8009,225134.1218652834
2.5,8010,2548729.3797034486
2.5,8011,877042.7739008457
2.5,8012,1984908.071500485
2.5,8013,5946020.347818102
2.5,8014,4688996.885016079
2.5,8015,2014229.4417393052
2.5,8016,419448.4846706904
2.5,8017,367253.82628148864
2.5,8018,1163975.3641331855
2.5,8019,811527.5679946129
2.5,8020,486627.1182326979
2.5,8021,1921327.2973725516
2.5,8022,1202944.4640656975
2.5,8023,469328.27840958675
2.5,8024,3860156.3497138545
2.5,8025,2111996.388418835
2.5,8026,1369956.0064747191
2.5,8027,6668004.540030793
2.5,8028,2645826.7615757124
2.5,8029,5161679.668705856
2.5,8030,714180.69462759
2.5,8031,7296673.914731725
2.5,8032,318302.78916953166
2.5,8033,104731.95148700624
2.5,8034,6062827.704101384
2.5,8035,6444260.3157651555
2.5,8036,903231.3421127519
2.5,8037,502116.19535192114
2.5,8038,2817265.3001974393
2.5,8039,768455.0555169941
2.5,8040,2629625.473543426
2.5,8041,4654695.789712018
2.5,8042,1494262.9413525169
2.5,8043,1836222.3862026695
2.5,8044,895894.981913738
2.5,8045,1354798.0918872682
2.5,8046,958566.2345381171
2.5,8047,1399158.4805080506
2.5,8048,7276224.146610021
2.5,8049,4971097.1951911
2.5,8050,1152520.009036452
2.5,8051,2998890.891150565
2.5,8052,3242403.295859849
2.5,8053,4201298.667293453
2.5,8054,343065.1983865063
2.5,8055,1738191.1811906635
2.5,8056,4848105.831478693
2.5,8057,5331908.921322703
2.5,8058,699814.174044053
2.5,8059,655932.7378183381
2.5,8060,861633.0267020451
2.5,8061,5976511.539039452
2.5,8062,739816.7686001672
2.5,8063,649660.9164485589
2.5,8064,1698728.887936473
2.5,8065,1482308.4201971074
2.5,8066,600577.9071678964
2.5,8067,978320.7025299277
2.5,8068,6489184.866767961
2.5,8069,1591321.307014033
2.5,8070,4179545.288153816
2.5,8071,932775.883905934
2.5,8072,892921.2708525271
2.5,8073,694654.381178146
2.5,8074,1965074.0302606623
2.5,8075,559276.754230049
2.5,8076,4469451.546743482
2.5,8077,252854.78808645334
2.5,8078,5909858.699518603
2.5,8079,3401743.511203377
2.5,8080,131368.43169176648
2.5,8081,205151.98255730444
2.5,8082,2248681.095168363
2.5,8083,1906821.776164863
2.5,8084,6131016.894015398
2.5,8085,3797833.3380595217
2.5,8086,1366187.8050300677
2.5,8087,821435.4112625242
2.5,8088,1857318.6900534346
2.5,8089,2593017.6081479285
2.5,8090,481171.5067385471
2.5,8091,1456955.3481752814
2.5,8092,285021.5530610589
2.5,8093,5846398.059889397
2.5,8094,4597047.633607314
2.5,8095,5667204.090516584
2.5,8096,1124984.614886462
2.5,8097,2131175.6885096254
2.5,8098,520645.0754866624
2.5,8099,1119409.2195508326
2.5,8100,1003222.7635006733
2.5,8101,4925818.0927947415
2.5,8102,1507770.9131974904
2.5,8103,6001114.69015666
2.5,8104,1091012.562226175
2.5,8105,4580947.565452797
2.5,8106,215261.18244427422
2.5,8107,3459566.1952717872
2.5,8108,3799779.8539730404
2.5,8109,2600968.383968426
2.5,8110,5798047.628426436
2.5,8111,5001571.812966745
2.5,8112,668621.8218330513
2.5,8113,960187.4491380586
2.5,8114,3960434.0750463796
2.5,8115,1471614.7914476225
2.5,8116,3113151.498824116
2.5,8117,437426.315359818
2.5,8118,317149.13068381284
2.5,8119,2701518.5941835702
2.5,8120,1612438.0571399669
2.5,8121,2349439.713487868
2.5,8122,2328320.1328357477
2.5,8123,4607139.525199366
2.5,8124,1545430.552799485
2.5,8125,2560922.6618168717
2.5,8126,808110.4543238824
2.5,8127,1654023.8879891555
2.5,8128,307732.8410425832
2.5,8129,4646701.105994198
2.5,8130,1290887.3323795067
2.5,8131,628612.1477753707
2.5,8132,411411.9879652969
2.5,8133,4102435.6378032495
2.5,8134,1069632.9639938385
2.5,8135,633291.9570500357
2.5,8136,421457.9042106035
2.5,8137,998354.1618617098
2.5,8138,2352935.3089502277
2.5,8139,508625.82313536847
2.5,8140,3480514.982386663
2.5,8141,1449438.7239226887
2.5,8142,6906172.113079636
2.5,8143,1209571.9708024112
2.5,8144,6440033.555792166
2.5,8145,686742.7537492999
2.5,8146,3370917.270970622
2.5,8147,2483827.5040400233
2.5,8148,767212.7791205157
2.5,8149,3727838.242773647
2.5,8150,877464.0514262305
2.5,8151,3482715.112575621
2.5,8152,1909848.2846189183
2.5,8153,2226828.9901763825
2.5,8154,386287.06740457145
2.5,8155,3586618.8493034323
2.5,8156,1705990.7109515255
2.5,8157,4412797.063489068
2.5,8158,1041584.5722100637
2.5,8159,2024711.2856423794
2.5,8160,1083177.618037189
2.5,8161,3163255.474635063
2.5,8162,4993015.834596429
2.5,8163,808837.0439136988
2.5,8164,1507192.5793849682
2.5,8165,2510235.497863305
2.5,8166,694910.4789449119
2.5,8167,5347157.597358336
2.5,8168,900892.9702265132
2.5,8169,5863601.784104731
2.5,8170,2280317.3814979466
2.5,8171,2078230.9158962667
2.5,8172,5551206.696819947
2.5,8173,1149644.1616483245
2.5,8174,2077781.4776204284
2.5,8175,1778214.9393548742
2.5,8176,1456494.1130334928
2.5,8177,4173837.391561596
2.5,8178,1526528.8146416966
2.5,8179,5719146.129927328
2.5,8180,1149970.8859882865
2.5,8181,2312987.342570267
2.5,8182,1656605.7592362755
2.5,8183,4135380.5742651084
2.5,8184,1995715.3674673336
2.5,8185,3624725.703671962
2.5,8186,453173.1532911534
2.5,8187,457885.3712430141
2.5,8188,1690959.786076
2.5,8189,4666038.4789913
2.5,8190,696141.979009131
2.5,8191,880556.3680366029
2.5,8192,1061827.988303787
2.5,8193,1179332.275386841
2.5,8194,5151248.653646414
2.5,8195,639335.1747254974
2.5,8196,601549.9914664964
2.5,8197,2843622.3336314643
2.5,8198,191620.16685085578
2.5,8199,1785383.7604129566
2.5,8200,403187.59397239913
2.5,8201,542638.2659500643
2.5,8202,1182869.4601546838
2.5,8203,968300.8349363033
2.5,8204,929699.2133369185
2.5,8205,597175.8223388577
2.5,8206,471275.8140891766
2.5,8207,5322291.7081945855
2.5,8208,2238733.0854192865
2.5,8209,4074435.9108132096
2.5,8210,575509.5685665874
2.5,8211,840178.1948839468
2.5,8212,139919.99904549876
2.5,8213,408307.3320710708
2.5,8214,3740609.6358417333
2.5,8215,462193.39816398505
2.5,8216,1123654.2798249228
2.5,8217,6490373.458733972
2.5,8218,1495768.2426455612
2.5,8219,4319114.101625456
2.5,8220,633077.2328496538
2.5,8221,3641790.15570607
2.5,8222,487243.9413960277
2.5,8223,4676450.537387905
2.5,8224,980775.9089878271
2.5,8225,4198664.930537234
2.5,8226,2474749.161660324
2.5,8227,1455968.6652200182
2.5,8228,1070405.1795385953
2.5,8229,4508094.119304074
2.5,8230,789538.8720645258
2.5,8231,2368722.9400385716
2.5,8232,2552417.61484556
2.5,8233,153712.6608085919
2.5,8234,1329212.2255389737
2.5,8235,757078.7963778672
2.5,8236,1625523.9845043216
2.5,8237,103307.19811674382
2.5,8238,3416841.0706624463
2.5,8239,1210409.9748431677
2.5,8240,1056908.6158807576
2.5,8241,6459032.747186389
2.5,8242,3575800.432601993
2.5,8243,109150.44571772519
2.5,8244,2951744.1334404233
2.5,8245,1255648.242872164
2.5,8246,5107980.45715014
2.5,8247,582256.9346340509
2.5,8248,439765.25812515133
2.5,8249,3043524.964784885
2.5,8250,2296794.1132979887
2.5,8251,1413608.2597755676
2.5,8252,1516958.020498265
2.5,8253,5465507.082295199
2.5,8254,745899.9759400325
2.5,8255,4256092.057931105
2.5,8256,2323526.7158692176
2.5,8257,2954962.027021601
2.5,8258,102873.83348332386
2.5,8259,1778905.7905507013
2.5,8260,989657.5869331288
2.5,8261,374823.0951578101
2.5,8262,1839247.3290390156
2.5,8263,3326739.0621187445
2.5,8264,1593479.8633346595
2.5,8265,828449.0681698081
2.5,8266,7021113.082144244
2.5,8267,219898.33384604545
2.5,8268,2644594.400490591
2.5,8269,5136282.833245501
2.5,8270,2855691.929411818
2.5,8271,5386807.746547414
2.5,8272,270666.408072941
2.5,8273,6246352.749267083
2.5,8274,1744616.8184677125
2.5,8275,2715836.053918803
2.5,8276,4833915.885760953
2.5,8277,875349.1730057324
2.5,8278,3571700.5441292226
2.5,8279,1135647.9239658765
2.5,8280,863038.5117442091
2.5,8281,3191940.482885948
2.5,8282,2308238.5139985434
2.5,8283,1676054.4381629173
2.5,8284,111711.04719123329
2.5,8285,3542318.5730106006
2.5,8286,982548.8638484693
2.5,8287,837330.230850406
2.5,8288,4810808.699638483
2.5,8289,136386.739393704
2.5,8290,350309.2813434199
2.5,8291,854331.81844823
2.5,8292,2526883.5368035194
2.5,8293,1257219.8276620149
2.5,8294,346866.29965029954
2.5,8295,369354.25487759727
2.5,8296,457764.9197767678
2.5,8297,1092110.971427893
2.5,8298,741886.0540942032
2.5,8299,1262279.2842291244
2.5,8300,3566315.819352474
2.5,8301,1838725.219177869
2.5,8302,1096797.7525378824
2.5,8303,1117795.6148575165
2.5,8304,3135190.0924984487
2.5,8305,698327.8315018052
2.5,8306,1022065.0038889499
2.5,8307,1833789.684886914
2.5,8308,2012769.6983440164
2.5,8309,2156499.8430473567
2.5,8310,5172930.506109646
2.5,8311,2149796.8644467425
2.5,8312,2154523.560126619
2.5,8313,689862.5381116597
2.5,8314,487119.45014780527
2.5,8315,1139798.9144326632
2.5,8316,2218950.627857603
2.5,8317,2575059.915591248
2.5,8318,2450100.173567667
2.5,8319,2957104.991272826
2.5,8320,1311168.9376407927
2.5,8321,1471429.840229774
2.5,8322,1563546.8257629385
2.5,8323,3879308.6906453245
2.5,8324,2842228.5269741886
2.5,8325,1488315.0160465806
2.5,8326,3129144.426382565
2.5,8327,1201809.5488201422
2.5,8328,750103.568048508
2.5,8329,5968368.414812339
2.5,8330,2687576.097903382
2.5,8331,5090563.844701315
2.5,8332,996572.8151710699
2.5,8333,3596894.443949867
2.5,8334,6374746.574978262
2.5,8335,3048870.554896406
2.5,8336,2050357.1614582539
2.5,8337,917028.1909560816
2.5,8338,1963656.5222256314
2.5,8339,2959769.17255379
2.5,8340,573701.9292575892
2.5,8341,650352.7628848394
2.5,8342,4092850.0190569693
2.5,8343,1374052.613305896
2.5,8344,1790039.4321274213
2.5,8345,2284067.2784649245
2.5,8346,1945844.0675261617
2.5,8347,551162.2271009921
2.5,8348,4924465.628017791
2.5,8349,4691553.606800549
2.5,8350,4775106.455072873
2.5,8351,1243697.2979216026
2.5,8352,5830660.811578939
2.5,8353,1405491.4487046339
2.5,8354,397676.4185424362
2.5,8355,1590174.7439711895
2.5,8356,3422451.314681218
2.5,8357,355796.6114940671
2.5,8358,4846384.27971792
2.5,8359,854216.3303770851
2.5,8360,2827408.1597323674
2.5,8361,4573584.707080401
2.5,8362,7286014.666548161
2.5,8363,1313343.1088039072
2.5,8364,1179676.3263632783
2.5,8365,2048742.452737541
2.5,8366,858551.9338868295
2.5,8367,3987438.748424102
2.5,8368,854764.3929847159
2.5,8369,6538727.603832376
2.5,8370,2642335.6978144036
2.5,8371,2147877.260378522
2.5,8372,983595.734244014
2.5,8373,588693.7188143944
2.5,8374,5484864.360734636
2.5,8375,4816019.689104013
2.5,8376,1298197.3171847677
2.5,8377,504451.1060021918
2.5,8378,210986.7227502562
2.5,8379,3501848.247752541
2.5,8380,3531334.983278822
2.5,8381,4748877.290391462
2.5,8382,1713969.6161943327
2.5,8383,556602.100033066
2.5,8384,1557102.684998359
2.5,8385,1553496.201564594
2.5,8386,4528933.479062077
2.5,8387,637338.996270576
2.5,8388,4685166.686054148
2.5,8389,1426901.306355685
2.5,8390,4829538.461412635
2.5,8391,1884339.0002438459
2.5,8392,737323.0261891118
2.5,8393,249511.96485226785
2.5,8394,1038924.2707366778
2.5,8395,2212286.8149512615
2.5,8396,3821471.003607607
2.5,8397,503345.2648730324
2.5,8398,5506902.658131149
2.5,8399,103483.90458791149
2.5,8400,1427648.7380514715
2.5,8401,519183.2127497844
2.5,8402,1392640.8281630427
2.5,8403,1435113.7606379818
2.5,8404,2715036.8684986783
2.5,8405,581311.0828033192
2.5,8406,1038970.9326063561
2.5,8407,836065.2189465166
2.5,8408,444873.08895367285
2.5,8409,634334.7167360858
2.5,8410,2906340.6723782644
2.5,8411,1890624.5017644214
2.5,8412,748420.7733720065
2.5,8413,1784358.8142072707
2.5,8414,3507987.6666779146
2.5,8415,1493612.4232174132
2.5,8416,3257494.1066452046
2.5,8417,730298.2846053903
2.5,8418,705762.5410210302
2.5,8419,1100685.8964104538
2.5,8420,3403296.1233234797
2.5,8421,6961880.931999581
2.5,8422,1829474.089849665
2.5,8423,4932783.084202765
2.5,8424,2755739.407809812
2.5,8425,2190568.6451281123
2.5,8426,4774268.836433242
2.5,8427,698591.0059296697
2.5,8428,2573431.0254290174
2.5,8429,3095066.921339025
2.5,8430,3862692.6297903904
2.5,8431,2372372.436213936
2.5,8432,1788901.0615571197
2.5,8433,259702.21096003673
2.5,8434,697099.0662710186
2.5,8435,1067634.190429815
2.5,8436,1058906.118190927
2.5,8437,969203.3112109927
2.5,8438,4301241.086743738
2.5,8439,319706.5582546951
2.5,8440,384554.1209318073
2.5,8441,3551809.530102516
2.5,8442,5631153.048333613
2.5,8443,777365.4892670813
2.5,8444,1761970.1470037494
2.5,8445,6094800.524175915
2.5,8446,2746569.37414878
2.5,8447,5043184.1700155195
2.5,8448,231045.14235251694
2.5,8449,235490.80086210353
2.5,8450,2474268.080694369
2.5,8451,5823237.698136803
2.5,8452,5487039.770664045
2.5,8453,4268339.062920657
2.5,8454,4046167.858247186
2.5,8455,3970231.189147589
2.5,8456,2985681.0698904167
2.5,8457,933768.5969245712
2.5,8458,685903.2387096793
2.5,8459,276693.00511274266
2.5,8460,747250.2943022066
2.5,8461,1786620.537273196
2.5,8462,4584423.356910077
2.5,8463,702437.157429901
2.5,8464,3268833.4072884005
2.5,8465,3824523.7787469635
2.5,8466,5789887.5070870705
2.5,8467,1763940.042015836
2.5,8468,1355605.0833794135
2.5,8469,873337.246105271
2.5,8470,625287.4529963403
2.5,8471,2813683.18009906
2.5,8472,2041112.1952102971
2.5,8473,1862315.9894712837
2.5,8474,4287147.887478386
2.5,8475,1074372.827249343
2.5,8476,902092.9392871547
2.5,8477,4330406.205273606
2.5,8478,1271875.2368493148
2.5,8479,4918908.530625707
2.5,8480,1879486.1039355204
2.5,8481,722977.5942915592
2.5,8482,515715.7670630247
2.5,8483,3499268.2684906023
2.5,8484,930216.8834815511
2.5,8485,1100476.3987801834
2.5,8486,1342915.420841164
2.5,8487,1007135.0815486393
2.5,8488,3457374.566377532
2.5,8489,6196886.785259666
2.5,8490,4765381.80494503
2.5,8491,2587644.5512675275
2.5,8492,6102384.455325145
2.5,8493,2244621.9149414757
2.5,8494,3792807.478197882
2.5,8495,6827801.613564349
2.5,8496,5410084.429470486
2.5,8497,3062136.3604493025
2.5,8498,6256475.559561423
2.5,8499,512816.62950030284
2.5,8500,6850495.80061397
2.5,8501,5300318.491366806
2.5,8502,5378186.240802953
2.5,8503,3266918.853132949
2.5,8504,1268090.2991496492
2.5,8505,526905.2105980763
2.5,8506,3565235.30158094
2.5,8507,2038472.003416341
2.5,8508,3982495.721141349
2.5,8509,2235843.8350754967
2.5,8510,606082.6785800189
2.5,8511,219642.89333880765
2.5,8512,558931.4539312639
2.5,8513,1159693.151881037
2.5,8514,2332932.6475686748
2.5,8515,2593673.7832758464
2.5,8516,851314.8217314401
2.5,8517,1240671.3657799214
2.5,8518,128291.47389183435
2.5,8519,466877.53173963085
2.5,8520,1741066.563671933
2.5,8521,776114.839961845
2.5,8522,410606.68771514215
2.5,8523,3563009.8414070513
2.5,8524,4703290.368416514
2.5,8525,344060.2049185542
2.5,8526,3979116.242000692
2.5,8527,912863.7539585843
2.5,8528,1832189.3334880914
2.5,8529,2259207.1366042616
2.5,8530,1107206.897168779
2.5,8531,1955857.0317108096
2.5,8532,2260540.4221854983
2.5,8533,1205336.0929351025
2.5,8534,368403.58053276927
2.5,8535,4460256.028286936
2.5,8536,4716169.362887277
2.5,8537,639661.6572657782
2.5,8538,2531485.297577722
2.5,8539,5826028.17120293
2.5,8540,1326305.9598039542
2.5,8541,3573816.6047345786
2.5,8542,732581.1136181111
2.5,8543,1770013.530324915
2.5,8544,3701960.6312611066
2.5,8545,1789632.2080190177
2.5,8546,408819.05773119663
2.5,8547,3158494.8681589775
2.5,8548,1011660.5270041951
2.5,8549,503597.0851178014
2.5,8550,1866921.822389243
2.5,8551,347355.5663854778
2.5,8552,748433.173042341
2.5,8553,3795726.555965244
2.5,8554,1425378.603401803
2.5,8555,1452234.0918555341
2.5,8556,729782.5083570993
2.5,8557,3736930.5381325595
2.5,8558,5422989.605876253
2.5,8559,3701669.1024847394
2.5,8560,638355.5276469955
2.5,8561,2224968.1407450424
2.5,8562,1117127.9199062616
2.5,8563,4767044.7782701645
2.5,8564,2311974.203736793
2.5,8565,518644.17378467426
2.5,8566,823488.1386311562
2.5,8567,3494151.799220697
2.5,8568,3510575.475501015
2.5,8569,948745.3618271482
2.5,8570,1202193.403486729
2.5,8571,1830117.7813582993
2.5,8572,6090793.089143655
2.5,8573,447839.8661769121
2.5,8574,1823758.6958767436
2.5,8575,831511.4644776986
2.5,8576,108197.04472993377
2.5,8577,2141099.8798257653
2.5,8578,3584926.2793579483
2.5,8579,1821305.228831368
2.5,8580,3807186.2110199947
2.5,8581,681421.0936216234
2.5,8582,2894117.874779289
2.5,8583,1390182.3510382045
2.5,8584,1269500.4173205795
2.5,8585,1246224.0273455926
2.5,8586,670950.4648858239
2.5,8587,2677456.005045676
2.5,8588,829704.5170202154
2.5,8589,106444.92030226196
2.5,8590,6003974.425708599
2.5,8591,186355.7273810828
2.5,8592,958748.2928537317
2.5,8593,6088652.445544094
2.5,8594,6573133.604314167
2.5,8595,1689684.383431661
2.5,8596,5401774.482665316
2.5,8597,2426177.5630121254
2.5,8598,2019555.8623946735
2.5,8599,195126.50832748492
2.5,8600,1385205.7921881676
2.5,8601,1608955.0079486356
2.5,8602,1277953.308995151
2.5,8603,1191756.238942503
2.5,8604,2690505.1798764085
2.5,8605,5159518.265131175
2.5,8606,1593707.4579789613
2.5,8607,1640195.767769474
2.5,8608,2641477.9346940354
2.5,8609,3914191.560620338
2.5,8610,757295.3999600075
2.5,8611,251168.83276683898
2.5,8612,393456.0144500058
2.5,8613,2082239.2309087624
2.5,8614,3242517.4679813776
2.5,8615,411214.4586116319
2.5,8616,283413.01762775145
2.5,8617,1206702.7056308903
2.5,8618,2362361.1493342617
2.5,8619,806574.6963652427
2.5,8620,2613029.74258622
2.5,8621,211167.4189823154
2.5,8622,2415759.1742251837
2.5,8623,769620.3324294019
2.5,8624,394860.98865383153
2.5,8625,647782.6086164429
2.5,8626,1177037.2156748471
2.5,8627,259980.29888380424
2.5,8628,2744861.958298216
2.5,8629,4078150.8546912917
2.5,8630,5622347.076670697
2.5,8631,2405838.8845433835
2.5,8632,5079350.324064255
2.5,8633,3860992.2344701034
2.5,8634,4119136.477189561
2.5,8635,2127059.4386780844
2.5,8636,3548631.234438562
2.5,8637,1702942.8251480262
2.5,8638,113005.83611155284
2.5,8639,1196468.5466205103
2.5,8640,5583006.074471978
2.5,8641,613147.5734256414
2.5,8642,1082696.7400543403
2.5,8643,5856784.644034091
2.5,8644,383076.497453521
2.5,8645,1122420.7474531753
2.5,8646,2016702.9904471815
2.5,8647,3342969.6692178217
2.5,8648,3751033.0055113463
2.5,8649,4083031.900971836
2.5,8650,484583.7489733849
2.5,8651,1273376.856334861
2.5,8652,4250887.501628417
2.5,8653,1504668.682588447
2.5,8654,4071576.612455737
2.5,8655,2209496.5390406735
2.5,8656,336537.6165446625
2.5,8657,1056446.7166916148
2.5,8658,240755.58515586593
2.5,8659,1118251.0371921887
2.5,8660,184094.113839801
2.5,8661,696846.0178321946
2.5,8662,1478040.6938267294
2.5,8663,2470894.303175794
2.5,8664,1321622.415633826
2.5,8665,1971285.7678947672
2.5,8666,3130296.526172129
2.5,8667,4839720.318435437
2.5,8668,647173.5416084463
2.5,8669,1732796.5755074113
2.5,8670,958554.0608157652
2.5,8671,5868979.965668891
2.5,8672,2391111.5289249234
2.5,8673,1802290.427326126
2.5,8674,4178025.875569322
2.5,8675,6693710.341173863
2.5,8676,972066.2350872726
2.5,8677,372997.59051947424
2.5,8678,720428.867700905
2.5,8679,3876486.1266328488
2.5,8680,2457410.485117667
2.5,8681,2125745.3090680107
2.5,8682,3237625.82326213
2.5,8683,4027295.47550697
2.5,8684,2129648.7110971203
2.5,8685,3491540.2813010435
2.5,8686,2512618.790702585
2.5,8687,916938.0089045021
2.5,8688,4269936.760441719
2.5,8689,2599170.4140686104
2.5,8690,4641172.593657235
2.5,8691,4592297.369386593
2.5,8692,527845.4678941767
2.5,8693,374397.44948413543
2.5,8694,3005713.7136839107
2.5,8695,6044159.348167522
2.5,8696,955463.1752594537
2.5,8697,457199.69852509926
2.5,8698,386584.6180369177
2.5,8699,4181906.344403722
2.5,8700,1212723.5601241565
2.5,8701,507605.77164829086
2.5,8702,1915496.674915087
2.5,8703,1104123.018307212
2.5,8704,958778.6142281384
2.5,8705,1333940.1685167865
2.5,8706,1412448.702300626
2.5,8707,5270769.506697199
2.5,8708,462364.1198508105
2.5,8709,1332405.1962972984
2.5,8710,917819.7473910488
2.5,8711,399749.290715956
2.5,8712,1439179.3576591157
2.5,8713,5705107.100414517
2.5,8714,613664.7088725234
2.5,8715,878041.586760015
2.5,8716,1167845.164742822
2.5,8717,2224372.541178575
2.5,8718,290286.8090669535
2.5,8719,3675766.8218813417
2.5,8720,6354639.999458236
2.5,8721,862561.6338791399
2.5,8722,1598055.0596553558
2.5,8723,709287.8755350349
2.5,8724,4121661.109062332
2.5,8725,3408523.5972681493
2.5,8726,2708143.9092111923
2.5,8727,4537146.822611244
2.5,8728,599053.572868078
2.5,8729,4338944.29650677
2.5,8730,2085480.93996515
2.5,8731,4914663.38645448
2.5,8732,2645906.8219269505
2.5,8733,333213.1779707162
2.5,8734,3496153.3220965704
2.5,8735,2864730.250685322
2.5,8736,8534932.982611945
2.5,8737,645148.0211577108
2.5,8738,3067172.3944768542
2.5,8739,6432177.59267015
2.5,8740,1829422.2807563425
2.5,8741,622314.547075118
2.5,8742,3017708.544218379
2.5,8743,651290.1080001852
2.5,8744,1895026.021435595
2.5,8745,2131977.8124590483
2.5,8746,5189080.055085633
2.5,8747,3433282.059149014
2.5,8748,3480179.272580098
2.5,8749,1322660.5068165194
2.5,8750,870360.8358870011
2.5,8751,2905882.9119251086
2.5,8752,7265546.921776622
2.5,8753,1125210.8323210564
2.5,8754,2800861.445210524
2.5,8755,6239767.694109422
2.5,8756,3588028.4588022768
2.5,8757,1559546.8370632427
2.5,8758,240677.26252341204
2.5,8759,248335.77743486865
2.5,8760,5107027.272386145
2.5,8761,2538901.660145097
2.5,8762,614577.2171615192
2.5,8763,3084850.542970917
2.5,8764,1865154.9900108469
2.5,8765,1073017.1893768616
2.5,8766,1315747.3686922344
2.5,8767,4402826.85482882
2.5,8768,4908803.58984756
2.5,8769,5124204.636494689
2.5,8770,273974.6189011247
2.5,8771,6076166.514022184
2.5,8772,215389.16854845546
2.5,8773,1868076.518425594
2.5,8774,1476578.4764506035
2.5,8775,1209524.7871625738
2.5,8776,3231108.279296352
2.5,8777,2534991.276375207
2.5,8778,2390253.0807425464
2.5,8779,1092307.6764870859
2.5,8780,1108335.765825339
2.5,8781,2502695.3555313395
2.5,8782,269623.64353112667
2.5,8783,1400342.476948195
2.5,8784,3770649.794547974
2.5,8785,1189857.5087008618
2.5,8786,5784816.675646738
2.5,8787,1287428.4134790152
2.5,8788,900369.9975850367
2.5,8789,421284.48695333884
2.5,8790,2653215.283627712
2.5,8791,3079106.545725143
2.5,8792,6064596.537315433
2.5,8793,1970601.36441202
2.5,8794,5210783.990736719
2.5,8795,4877123.075866103
2.5,8796,4800586.519838622
2.5,8797,3649601.7760965982
2.5,8798,2617499.2179162
2.5,8799,1665376.8332179138
2.5,8800,2543413.6300319363
2.5,8801,730769.9263332819
2.5,8802,752518.7008453956
2.5,8803,1233918.6975994182
2.5,8804,1510975.9184023929
2.5,8805,923088.8460871584
2.5,8806,2329297.870692796
2.5,8807,2136743.041212995
2.5,8808,3237085.771404654
2.5,8809,1828179.2514522243
2.5,8810,1652274.0352343488
2.5,8811,2210203.5447206064
2.5,8812,941464.8309921771
2.5,8813,4896030.911681858
2.5,8814,412486.7213960574
2.5,8815,242463.68723146792
2.5,8816,4308851.798993081
2.5,8817,1716229.488918266
2.5,8818,5574920.039205053
2.5,8819,4122803.3459579423
2.5,8820,457159.9314595676
2.5,8821,654965.0043678412
2.5,8822,601046.6940835484
2.5,8823,865457.1285404832
2.5,8824,2461332.149566179
2.5,8825,657405.2348238458
2.5,8826,2238420.748779902
2.5,8827,4264489.763559976
2.5,8828,2774905.192504403
2.5,8829,5638014.007998729
2.5,8830,735422.4180599634
2.5,8831,4626843.1835375875
2.5,8832,5684094.032351324
2.5,8833,316375.12899060687
2.5,8834,1739882.2033443027
2.5,8835,4056604.380794191
2.5,8836,341968.9563463975
2.5,8837,2455958.3989320025
2.5,8838,2619473.617254737
2.5,8839,3043227.05230402
2.5,8840,237464.87120589358
2.5,8841,1451776.330799589
2.5,8842,1062375.2923978218
2.5,8843,2068165.7368851968
2.5,8844,717650.0648419127
2.5,8845,3492448.9251781497
2.5,8846,5625405.260622462
2.5,8847,1078390.342947626
2.5,8848,116932.16524083995
2.5,8849,2440067.596524311
2.5,8850,896083.5723980233
2.5,8851,2684779.750183827
2.5,8852,5423452.443842554
2.5,8853,604632.790766816
2.5,8854,4804821.523312194
2.5,8855,3570473.0842917757
2.5,8856,4131783.6636608853
2.5,8857,3101380.135193764
2.5,8858,1287390.9047776929
2.5,8859,1149253.2353687144
2.5,8860,1177524.79795223
2.5,8861,1458261.688717119
2.5,8862,1210024.7161253702
2.5,8863,5696949.081200984
2.5,8864,4189733.912346251
2.5,8865,1630111.3207805706
2.5,8866,1337404.562405649
2.5,8867,4715932.22360944
2.5,8868,2794578.193051533
2.5,8869,165958.1237648296
2.5,8870,4357858.40479828
2.5,8871,333205.48547195643
2.5,8872,999154.0527508878
2.5,8873,5488980.975127119
2.5,8874,679596.2953800536
2.5,8875,359513.39379513555
2.5,8876,3327109.1476657633
2.5,8877,851763.2390040966
2.5,8878,2403194.593274401
2.5,8879,4530076.202387132
2.5,8880,3929471.1557364827
2.5,8881,772210.2660996802
2.5,8882,5935086.3108172985
2.5,8883,2288057.060432228
2.5,8884,1001580.3064811437
2.5,8885,2075117.0035183942
2.5,8886,4007701.8952319464
2.5,8887,765144.2459194697
2.5,8888,1120274.7858098368
2.5,8889,1734521.8684544286
2.5,8890,540173.7187176866
2.5,8891,690808.1592562374
2.5,8892,521857.00469585747
2.5,8893,4887517.667431993
2.5,8894,303248.3773529849
2.5,8895,6319552.21096248
2.5,8896,1370479.7827095229
2.5,8897,1224659.2061445052
2.5,8898,635426.0013052498
2.5,8899,912885.964491971
2.5,8900,770734.6676292476
2.5,8901,2695325.073706774
2.5,8902,2382051.304035745
2.5,8903,3995266.0503448183
2.5,8904,783141.4402973906
2.5,8905,677594.2639712979
2.5,8906,3797718.106162003
2.5,8907,765980.0657129923
2.5,8908,2051438.5245919582
2.5,8909,4483662.976801239
2.5,8910,3581441.2025777856
2.5,8911,2017286.3453254746
2.5,8912,1221373.2885062872
2.5,8913,5971571.301365767
2.5,8914,4766501.39551157
2.5,8915,211187.84385758793
2.5,8916,4493823.952477732
2.5,8917,393862.1617277581
2.5,8918,195402.72262121495
2.5,8919,6905139.223180726
2.5,8920,5891739.7656796565
2.5,8921,3609636.695236667
2.5,8922,517225.0510060471
2.5,8923,214086.6319926825
2.5,8924,538217.9184257616
2.5,8925,3069837.353959582
2.5,8926,4321207.937462801
2.5,8927,4869314.39419467
2.5,8928,424095.33437820245
2.5,8929,249550.05521444403
2.5,8930,7459050.215952484
2.5,8931,6283208.683614663
2.5,8932,3497015.2660037223
2.5,8933,506898.7110260894
2.5,8934,642915.2902017159
2.5,8935,1559106.519714351
2.5,8936,363986.39381505473
2.5,8937,624913.1174832958
2.5,8938,3436925.5855104034
2.5,8939,103289.96095304251
2.5,8940,744536.8406250447
2.5,8941,2875580.740301328
2.5,8942,1015468.3481048167
2.5,8943,6444226.76053118
2.5,8944,8146079.961302476
2.5,8945,244222.0260986401
2.5,8946,2016826.099283886
2.5,8947,2266801.765026165
2.5,8948,3509970.6809175024
2.5,8949,6396111.221156533
2.5,8950,3198611.167033156
2.5,8951,1110025.4496100433
2.5,8952,798616.6359493502
2.5,8953,2324134.8540317356
2.5,8954,2682244.093569342
2.5,8955,884608.0468372849
2.5,8956,4110642.6413097354
2.5,8957,2064989.6130339685
2.5,8958,358012.29039385705
2.5,8959,864126.1140883175
2.5,8960,228637.94198789433
2.5,8961,4596366.2066902425
2.5,8962,888165.8278079305
2.5,8963,901319.4763043805
2.5,8964,560037.6494435371
2.5,8965,614262.6668879113
2.5,8966,2616621.9542118046
2.5,8967,562712.0195553834
2.5,8968,3780050.8986305324
2.5,8969,5405752.445914569
2.5,8970,1205689.1261315516
2.5,8971,4357743.099859284
2.5,8972,517320.7707911741
2.5,8973,3624327.517214075
2.5,8974,433552.2161678313
2.5,8975,111736.1255148213
2.5,8976,177210.43505398932
2.5,8977,3078501.1092731548
2.5,8978,233587.51008179752
2.5,8979,1107803.8824528109
2.5,8980,3733495.4013136136
2.5,8981,1045688.7139246557
2.5,8982,651604.8186107245
2.5,8983,2943940.95272608
2.5,8984,2943073.2410371345
2.5,8985,4742954.85894499
2.5,8986,4309781.392786705
2.5,8987,1610541.0675426535
2.5,8988,4297956.8591288
2.5,8989,2465358.888346509
2.5,8990,1859233.5386935691
2.5,8991,3115124.3300540643
2.5,8992,733624.1805740485
2.5,8993,3846549.784871071
2.5,8994,720447.5688941086
2.5,8995,4563042.550177281
2.5,8996,879353.8177462092
2.5,8997,266532.82524874614
2.5,8998,3666816.4034748906
2.5,8999,575687.7809972836
2.5,9000,5414142.338347597
2.5,9001,2265459.2177619105
2.5,9002,936919.6044095256
2.5,9003,6839918.646154107
2.5,9004,4940523.121312307
2.5,9005,2703106.5267569665
2.5,9006,1763234.1868300764
2.5,9007,2847782.30870809
2.5,9008,3122789.4201365826
2.5,9009,445588.4340460211
2.5,9010,1630616.0452056073
2.5,9011,4801509.378411656
2.5,9012,5003487.332833651
2.5,9013,3302558.7059919434
2.5,9014,645545.2026045453
2.5,9015,1015047.3951248906
2.5,9016,4051775.5009238045
2.5,9017,4145592.1963328896
2.5,9018,1068095.3673550724
2.5,9019,4845124.714311083
2.5,9020,1113937.454943816
2.5,9021,819561.965892196
2.5,9022,2103984.1331525194
2.5,9023,3880906.7583369836
2.5,9024,2812233.1167994505
2.5,9025,2893782.6469974164
2.5,9026,2769992.274562157
2.5,9027,879228.8937829819
2.5,9028,2119791.569554717
2.5,9029,4099984.640269285
2.5,9030,3776852.3757006787
2.5,9031,2751632.5980751403
2.5,9032,1240127.0351985276
2.5,9033,911023.8150933458
2.5,9034,3980296.2636926267
2.5,9035,5785170.794749159
2.5,9036,1193413.9755839326
2.5,9037,2998969.252221951
2.5,9038,720775.5722291743
2.5,9039,1576032.3655461443
2.5,9040,1852686.370781215
2.5,9041,3017610.1220890703
2.5,9042,898851.4255633516
2.5,9043,472806.35150310793
2.5,9044,2975910.929829796
2.5,9045,449828.0898213716
2.5,9046,2306329.693019448
2.5,9047,1052491.5167452372
2.5,9048,1346799.6996095723
2.5,9049,722941.5754598367
2.5,9050,283307.56795528065
2.5,9051,1079162.9418539112
2.5,9052,2826808.607389036
2.5,9053,238650.03223024035
2.5,9054,2757374.3610405335
2.5,9055,303501.06215599226
2.5,9056,1131130.2816832352
2.5,9057,628158.4084130313
2.5,9058,556552.6461197594
2.5,9059,5277399.954370548
2.5,9060,1740285.5393860338
2.5,9061,2464266.07258784
2.5,9062,1080520.870765868
2.5,9063,1833859.7605179297
2.5,9064,2856074.1384705054
2.5,9065,5122078.078023071
2.5,9066,2662109.248404562
2.5,9067,261271.9238098575
2.5,9068,623730.6258921071
2.5,9069,3791374.3079875577
2.5,9070,165315.903263353
2.5,9071,544933.3318418683
2.5,9072,1415740.6297623597
2.5,9073,1199641.1783785445
2.5,9074,6096217.4796099635
2.5,9075,6704043.006520551
2.5,9076,569595.1463484549
2.5,9077,635281.338127079
2.5,9078,2853031.2423156407
2.5,9079,5155313.501522897
2.5,9080,2527281.3624722115
2.5,9081,1620847.5321880016
2.5,9082,2501927.3189371144
2.5,9083,6929706.237418456
2.5,9084,3687494.3484752653
2.5,9085,3006516.0720991367
2.5,9086,777099.1578029504
2.5,9087,314604.40341805655
2.5,9088,2225287.633761095
2.5,9089,5698278.414110227
2.5,9090,2016930.584668628
2.5,9091,160151.1570299039
2.5,9092,248216.6336456788
2.5,9093,1888517.8858127228
2.5,9094,1168526.1384977591
2.5,9095,1086458.1778639918
2.5,9096,2445583.2859324515
2.5,9097,876070.9656823009
2.5,9098,4081752.3151156763
2.5,9099,591398.8622350686
2.5,9100,3943480.217621093
2.5,9101,4220502.119842356
2.5,9102,305803.5339922975
2.5,9103,4735872.512720468
2.5,9104,2896361.840048465
2.5,9105,1075484.8553377595
2.5,9106,1583804.4081987173
2.5,9107,2617282.9355935184
2.5,9108,6126725.867512965
2.5,9109,2600200.802055738
2.5,9110,1495358.7011713476
2.5,9111,3641838.269396128
2.5,9112,3139563.2002113755
2.5,9113,3486982.513416121
2.5,9114,2542254.7486002976
2.5,9115,1977409.875563233
2.5,9116,1519807.4965990009
2.5,9117,228750.7388482143
2.5,9118,5959806.795542313
2.5,9119,742251.2039133128
2.5,9120,1802211.880959945
2.5,9121,885618.8189869028
2.5,9122,4681533.08546148
2.5,9123,654921.2147596574
2.5,9124,1730721.8170715915
2.5,9125,1291039.0195896863
2.5,9126,1541215.4580331151
2.5,9127,442022.44947515836
2.5,9128,1462616.8570536692
2.5,9129,469241.4506968574
2.5,9130,4310477.541655689
2.5,9131,2832956.1887634723
2.5,9132,3540450.6879406124
2.5,9133,577734.4845165259
2.5,9134,969843.0936729716
2.5,9135,2421058.4594012666
2.5,9136,3823400.272705958
2.5,9137,1078391.593279011
2.5,9138,1146852.571365371
2.5,9139,853862.937892114
2.5,9140,3568692.663173305
2.5,9141,752166.9408165897
2.5,9142,1331066.0259349998
2.5,9143,872044.2149460659
2.5,9144,5559077.041684446
2.5,9145,1100621.3222204465
2.5,9146,397448.23309844313
2.5,9147,1186989.7124322392
2.5,9148,1322894.6605712874
2.5,9149,6983457.996685816
2.5,9150,2005592.274865393
2.5,9151,7054543.051733726
2.5,9152,1440868.6668206546
2.5,9153,503531.7885568968
2.5,9154,7194818.3749177605
2.5,9155,1697190.6298588687
2.5,9156,750504.0145827769
2.5,9157,4837248.545075851
2.5,9158,322044.5617965058
2.5,9159,886591.0034071247
2.5,9160,620450.4637013477
2.5,9161,846980.4620366739
2.5,9162,943579.7031907387
2.5,9163,7220508.420911519
2.5,9164,3316858.2667717375
2.5,9165,1135954.581689878
2.5,9166,1617239.658499473
2.5,9167,1842600.502208186
2.5,9168,3901896.946362637
2.5,9169,2338211.8535213415
2.5,9170,1693039.7181200816
2.5,9171,861854.7082117068
2.5,9172,3629453.496159341
2.5,9173,5055601.456794133
2.5,9174,564560.1859727157
2.5,9175,2488020.528053798
2.5,9176,1545582.6742471657
2.5,9177,2668813.4166307296
2.5,9178,4603036.808486736
2.5,9179,4673390.094218486
2.5,9180,1207607.619793495
2.5,9181,1080893.251183286
2.5,9182,2758020.6886201818
2.5,9183,708010.1231644633
2.5,9184,2629955.5532139996
2.5,9185,3793626.1047191625
2.5,9186,1773854.5022660547
2.5,9187,474471.3486439336
2.5,9188,1433626.1530880118
2.5,9189,924383.2355079155
2.5,9190,789081.2423959156
2.5,9191,3456335.0883024577
2.5,9192,1353765.140496316
2.5,9193,1122752.2814906617
2.5,9194,962209.2996257485
2.5,9195,1839110.9590918003
2.5,9196,804834.001098342
2.5,9197,596867.2048565362
2.5,9198,6511202.322802402
2.5,9199,3274428.8388875034
2.5,9200,2672031.953720992
2.5,9201,4097131.549534277
2.5,9202,1284495.677965044
2.5,9203,4931340.846611777
2.5,9204,1151288.8065903303
2.5,9205,712910.5630964059
2.5,9206,6139585.95761967
2.5,9207,1247779.0437024825
2.5,9208,2696462.896163676
2.5,9209,1875486.291474927
2.5,9210,2311726.2895398913
2.5,9211,4313261.887737192
2.5,9212,405911.16716882074
2.5,9213,1015491.8246242367
2.5,9214,1695235.6858262192
2.5,9215,651839.0921330187
2.5,9216,1213378.686224946
2.5,9217,2518404.5728568034
2.5,9218,425683.37887059886
2.5,9219,1528787.7271119314
2.5,9220,211694.5079251253
2.5,9221,1633383.274240266
2.5,9222,1722130.0000391495
2.5,9223,975868.038618704
2.5,9224,2020059.6109170094
2.5,9225,2275396.9348139525
2.5,9226,134892.42467719963
2.5,9227,4019727.0755453026
2.5,9228,3827413.302582356
2.5,9229,4643226.022884376
2.5,9230,8296996.862868221
2.5,9231,4999822.378806872
2.5,9232,1317294.8303444409
2.5,9233,178480.38417965014
2.5,9234,3989200.059135954
2.5,9235,931429.7238216515
2.5,9236,1261399.4724591877
2.5,9237,2916145.3873778004
2.5,9238,4240292.411202525
2.5,9239,815382.5842876534
2.5,9240,5362488.028075529
2.5,9241,526820.1477591739
2.5,9242,7832896.5586065445
2.5,9243,290538.8496311539
2.5,9244,3059900.4463753277
2.5,9245,989853.3972518147
2.5,9246,5699121.417821452
2.5,9247,950040.2770817004
2.5,9248,4611935.040054369
2.5,9249,6118865.753889311
2.5,9250,2881500.003093995
2.5,9251,1542233.3940651536
2.5,9252,3688631.511988256
2.5,9253,1146953.0246389078
2.5,9254,1661114.811221067
2.5,9255,4806843.81547273
2.5,9256,1916833.2322367204
2.5,9257,1569542.2072226293
2.5,9258,2320278.994800214
2.5,9259,5172832.7915192265
2.5,9260,872065.2464943347
2.5,9261,931082.660793443
2.5,9262,3164328.1959339026
2.5,9263,826379.7637482093
2.5,9264,699156.1103836191
2.5,9265,5266726.213008437
2.5,9266,1888158.069669399
2.5,9267,5940623.970112509
2.5,9268,6565373.443022088
2.5,9269,165647.9556676765
2.5,9270,2192496.996477823
2.5,9271,1063066.5615602178
2.5,9272,2008312.9557722034
2.5,9273,5098555.422107364
2.5,9274,2102913.5447880705
2.5,9275,1151041.7934988637
2.5,9276,2230597.4523190823
2.5,9277,2878541.7570216334
2.5,9278,1949246.12051771
2.5,9279,2453976.3737170473
2.5,9280,311647.22051727667
2.5,9281,1189710.8768945814
2.5,9282,2366305.041886233
2.5,9283,1592100.1141727953
2.5,9284,5656127.028998556
2.5,9285,999241.3866444576
2.5,9286,3714520.5703705046
2.5,9287,449831.7700660017
2.5,9288,811791.6157385143
2.5,9289,397086.7385548748
2.5,9290,2617641.427420579
2.5,9291,548185.5500048418
2.5,9292,982341.1093689217
2.5,9293,204687.8165168538
2.5,9294,3221583.5718222326
2.5,9295,632420.8848349679
2.5,9296,2304987.3109971485
2.5,9297,4750322.6092365775
2.5,9298,369487.4135067072
2.5,9299,414318.6937180969
2.5,9300,948985.718895114
2.5,9301,1118379.0354995916
2.5,9302,213632.8554145809
2.5,9303,3284952.8869915577
2.5,9304,2481945.774600229
2.5,9305,3918192.9512644475
2.5,9306,3956235.6111860476
2.5,9307,4790428.849808324
2.5,9308,1069433.1718150927
2.5,9309,5704533.729268957
2.5,9310,1618266.9359834064
2.5,9311,5164365.727945054
2.5,9312,843177.7302563344
2.5,9313,5058993.179940101
2.5,9314,291836.9247874634
2.5,9315,7120128.617682029
2.5,9316,2250698.7788137193
2.5,9317,3500189.0461898446
2.5,9318,1041527.2827718337
2.5,9319,494278.9981608417
2.5,9320,2750431.7945468854
2.5,9321,730604.0603596239
2.5,9322,1386631.2943394661
2.5,9323,1387292.6900441141
2.5,9324,1974694.3247175533
2.5,9325,3099940.535496976
2.5,9326,5578760.025559988
2.5,9327,671791.6051595745
2.5,9328,4770714.748064334
2.5,9329,3394258.7860005004
2.5,9330,1410013.1171909012
2.5,9331,3076101.824397651
2.5,9332,2047917.0963780694
2.5,9333,309468.69192579755
2.5,9334,217292.32619715785
2.5,9335,1124483.276252919
2.5,9336,1155603.6647387391
2.5,9337,561274.5177580403
2.5,9338,3569356.7342193373
2.5,9339,423955.7984502977
2.5,9340,1787397.8263241113
2.5,9341,1500973.9419714066
2.5,9342,544561.2588571071
2.5,9343,3373244.4904239215
2.5,9344,4448527.964126988
2.5,9345,4068910.149449457
2.5,9346,6830010.917228276
2.5,9347,1173458.1149342838
2.5,9348,2335280.838947318
2.5,9349,1476476.6789844683
2.5,9350,3807730.590836075
2.5,9351,1051761.7694163104
2.5,9352,3161266.810732981
2.5,9353,359048.0421370974
2.5,9354,2311203.3084155926
2.5,9355,1838309.4983570187
2.5,9356,311711.3159667342
2.5,9357,1197766.2480163963
2.5,9358,612636.4429313448
2.5,9359,3621893.4954320234
2.5,9360,2723369.056182094
2.5,9361,1475509.9857464998
2.5,9362,215855.55925468536
2.5,9363,5841613.259574435
2.5,9364,412498.5241976641
2.5,9365,2802119.5783682633
2.5,9366,1163883.0553068544
2.5,9367,3060796.6279515154
2.5,9368,904857.9029215381
2.5,9369,4135443.66264046
2.5,9370,2424521.0944962604
2.5,9371,749758.5509294252
2.5,9372,539226.7174295139
2.5,9373,4213547.582393519
2.5,9374,2196694.1835875986
2.5,9375,2183821.2004526053
2.5,9376,2903113.619367436
2.5,9377,3197398.2114477563
2.5,9378,303965.63207130803
2.5,9379,314040.61817143165
2.5,9380,666042.4691961207
2.5,9381,2914749.5953780552
2.5,9382,1380701.3235042086
2.5,9383,1414415.3279146894
2.5,9384,3396040.575352573
2.5,9385,1020214.0359829715
2.5,9386,2791550.56714012
2.5,9387,1161303.5380827659
2.5,9388,3870785.816147388
2.5,9389,738232.1809204658
2.5,9390,907974.0929059426
2.5,9391,6211158.661301523
2.5,9392,935724.0992573649
2.5,9393,394980.0693601504
2.5,9394,4213623.182436375
2.5,9395,4636165.05522902
2.5,9396,5436850.046003945
2.5,9397,3643899.839122596
2.5,9398,2823000.0377448313
2.5,9399,262918.06049313146
2.5,9400,5132965.92979054
2.5,9401,573446.3452177305
2.5,9402,3065249.807321336
2.5,9403,1364769.8296531208
2.5,9404,2627520.6077284412
2.5,9405,1037349.1800920402
2.5,9406,1147830.433055118
2.5,9407,681963.155958202
2.5,9408,1697831.7939755174
2.5,9409,874063.0902648941
2.5,9410,4727376.9053324135
2.5,9411,475101.0434873818
2.5,9412,5399044.713562336
2.5,9413,5617119.9481595745
2.5,9414,1574391.610210621
2.5,9415,2043064.189931991
2.5,9416,672858.0111987449
2.5,9417,528855.6640858417
2.5,9418,1172916.273773254
2.5,9419,1163626.6050087253
2.5,9420,1416705.988422465
2.5,9421,2125248.727507135
2.5,9422,974328.0155612191
2.5,9423,1268444.3079057361
2.5,9424,1320628.847668323
2.5,9425,1115594.1969315787
2.5,9426,517465.82149530714
2.5,9427,2654781.624260484
2.5,9428,797363.1640227342
2.5,9429,2512697.0398917235
2.5,9430,2823411.191857746
2.5,9431,438072.26746485685
2.5,9432,1986085.9397172676
2.5,9433,491139.21449729893
2.5,9434,4649467.351197756
2.5,9435,489423.19294968405
2.5,9436,3082379.5018677483
2.5,9437,1020916.9296607656
2.5,9438,6604234.045633098
2.5,9439,1434957.679067492
2.5,9440,3994350.811534802
2.5,9441,534210.7414799713
2.5,9442,5277744.019639244
2.5,9443,2038715.8834278698
2.5,9444,1113955.0272738142
2.5,9445,575187.7336762128
2.5,9446,4060868.0050283833
2.5,9447,983120.6965033261
2.5,9448,235161.12911920168
2.5,9449,2812781.1440891847
2.5,9450,3455444.4637977276
2.5,9451,3189254.306393315
2.5,9452,1678722.6140194158
2.5,9453,815447.0061576416
2.5,9454,1746581.5167813627
2.5,9455,773755.9136758433
2.5,9456,5343661.449351641
2.5,9457,942954.2724465793
2.5,9458,3210953.9572090236
2.5,9459,408736.82505545364
2.5,9460,1360484.5406270945
2.5,9461,3812968.4686814016
2.5,9462,705607.9296573366
2.5,9463,1205689.9064132476
2.5,9464,7248070.598983854
2.5,9465,1951949.8878386219
2.5,9466,1578704.6754127052
2.5,9467,895718.9498562287
2.5,9468,1014414.2950012124
2.5,9469,1090596.1274213712
2.5,9470,2187017.5974236317
2.5,9471,779437.5645682821
2.5,9472,1330333.6911807016
2.5,9473,748332.4308299498
2.5,9474,5480957.864733409
2.5,9475,3276985.731946645
2.5,9476,716249.6453432203
2.5,9477,5031706.807673784
2.5,9478,2469179.730426733
2.5,9479,4376989.712511449
2.5,9480,4437335.880540341
2.5,9481,308408.92224575684
2.5,9482,7479472.6575710885
2.5,9483,2808751.2301202775
2.5,9484,3807720.028554421
2.5,9485,807184.0919182359
2.5,9486,2098802.5529467757
2.5,9487,1787034.3252404833
2.5,9488,2347293.129957948
2.5,9489,1187186.7810963725
2.5,9490,895244.4747144434
2.5,9491,506428.6849771278
2.5,9492,5092713.064485609
2.5,9493,499873.3643250155
2.5,9494,4574467.6928013945
2.5,9495,5434769.121428369
2.5,9496,1457826.102999917
2.5,9497,598180.9172709715
2.5,9498,1802041.6746073524
2.5,9499,348802.66582606087
2.5,9500,3400012.452780852
2.5,9501,1780930.5156581271
2.5,9502,274038.6937350174
2.5,9503,5703876.143929166
2.5,9504,2343058.7486307756
2.5,9505,2481362.6122673303
2.5,9506,2685456.62314202
2.5,9507,5133844.45635817
2.5,9508,4818802.577495342
2.5,9509,1095804.7615846589
2.5,9510,946060.198363406
2.5,9511,4225942.467595969
2.5,9512,2829097.1083232006
2.5,9513,4022125.282725762
2.5,9514,1258912.6923185647
2.5,9515,873866.7203138388
2.5,9516,1116731.4873971702
2.5,9517,3591354.5650234465
2.5,9518,5000232.903734362
2.5,9519,1060779.6903244758
2.5,9520,209812.5788216407
2.5,9521,1500534.9657054162
2.5,9522,6151594.864782251
2.5,9523,3473680.1170891905
2.5,9524,3086114.755745493
2.5,9525,6637686.737964431
2.5,9526,3062022.0112243937
2.5,9527,647699.168095587
2.5,9528,1152256.0385465177
2.5,9529,4697054.723145697
2.5,9530,635122.1282423905
2.5,9531,780319.1548738077
2.5,9532,6425288.630988257
2.5,9533,5811558.023941555
2.5,9534,5654811.600612308
2.5,9535,2269901.589181603
2.5,9536,2030084.6789857124
2.5,9537,156203.81397680187
2.5,9538,2178582.983528121
2.5,9539,2777497.421861209
2.5,9540,5765304.655567324
2.5,9541,4266499.241450428
2.5,9542,1144874.8755238636
2.5,9543,773966.1226671272
2.5,9544,2500150.4509317065
2.5,9545,154387.01474423753
2.5,9546,165391.64582369692
2.5,9547,5938265.394982162
2.5,9548,1126153.7739142156
2.5,9549,4723481.00065771
2.5,9550,4419291.44771607
2.5,9551,749520.375130828
2.5,9552,4094157.9553926755
2.5,9553,5675635.576596627
2.5,9554,2548688.27581199
2.5,9555,4140184.3139052
2.5,9556,1289688.6011269214
2.5,9557,755051.7013843842
2.5,9558,2588512.492880036
2.5,9559,277986.4021034154
2.5,9560,1117864.7328571344
2.5,9561,4154536.4516252466
2.5,9562,497352.0399406222
2.5,9563,5697784.941646399
2.5,9564,1160238.3675483156
2.5,9565,2408075.6520232586
2.5,9566,672698.8330439851
2.5,9567,701179.6465797101
2.5,9568,723961.734459912
2.5,9569,697009.9819104264
2.5,9570,177057.446696605
2.5,9571,3339398.128710345
2.5,9572,2804695.9387958534
2.5,9573,2340212.01114197
2.5,9574,1779947.5479979827
2.5,9575,4252152.657180913
2.5,9576,3659463.294935613
2.5,9577,620353.0373335106
2.5,9578,882284.8174337795
2.5,9579,2740391.7686943715
2.5,9580,1601519.8269434455
2.5,9581,2279365.282797502
2.5,9582,574507.442973641
2.5,9583,1052564.652370735
2.5,9584,3950121.1258259676
2.5,9585,789770.9870952553
2.5,9586,1250190.659950707
2.5,9587,289714.9073860756
2.5,9588,2181799.458503736
2.5,9589,2690005.0095942495
2.5,9590,3125794.7239264995
2.5,9591,2874270.717732905
2.5,9592,4760639.027853613
2.5,9593,5026913.354802066
2.5,9594,685842.6131025769
2.5,9595,3232640.3561617583
2.5,9596,1101364.9617233574
2.5,9597,2706500.696523497
2.5,9598,2438844.784968124
2.5,9599,199885.6598872968
2.5,9600,1694769.7625229529
2.5,9601,2210320.2978137834
2.5,9602,337446.8330387635
2.5,9603,1489390.1357488339
2.5,9604,1344045.5761183102
2.5,9605,3421370.2371174786
2.5,9606,724703.384725434
2.5,9607,430242.6500350421
2.5,9608,1230162.575965791
2.5,9609,532962.3382711799
2.5,9610,703814.6080373732
2.5,9611,995646.4023376007
2.5,9612,1544710.878514045
2.5,9613,588347.7865046831
2.5,9614,995347.912272929
2.5,9615,679056.6800202075
2.5,9616,3371088.281746207
2.5,9617,416924.87650347047
2.5,9618,3519173.2015234465
2.5,9619,1102029.0040709586
2.5,9620,6752637.260870273
2.5,9621,5680525.986225476
2.5,9622,2740219.7500849715
2.5,9623,1531514.9274392773
2.5,9624,1071450.8153178226
2.5,9625,739166.8639283024
2.5,9626,372288.0130280818
2.5,9627,3544164.7986759073
2.5,9628,5405128.425713216
2.5,9629,2757385.6584799713
2.5,9630,1913741.9665610336
2.5,9631,638055.9159486878
2.5,9632,834482.5475846878
2.5,9633,3874603.323579036
2.5,9634,1041098.5512394342
2.5,9635,457707.2267607126
2.5,9636,1246812.268629107
2.5,9637,268013.62653618556
2.5,9638,472482.20138451364
2.5,9639,4632347.735577935
2.5,9640,516917.95236949535
2.5,9641,908080.2631405408
2.5,9642,469203.32899307075
2.5,9643,1984245.9908845637
2.5,9644,319877.7082596474
2.5,9645,1821172.6588769797
2.5,9646,2328118.914709287
2.5,9647,3046453.4836963452
2.5,9648,1450355.517404142
2.5,9649,6453069.992005642
2.5,9650,1175008.0997690784
2.5,9651,955872.0890320082
2.5,9652,627337.9387228598
2.5,9653,1210523.7339483895
2.5,9654,555105.9507114775
2.5,9655,1418241.7630200225
2.5,9656,3664577.2281802665
2.5,9657,2873350.957458103
2.5,9658,1069800.9575778155
2.5,9659,1545085.151502939
2.5,9660,1655859.8313693213
2.5,9661,1557327.1168949073
2.5,9662,191240.50127612273
2.5,9663,1582511.8520299615
2.5,9664,5522999.952030197
2.5,9665,3066269.419692863
2.5,9666,983246.5262188334
2.5,9667,4695072.27744093
2.5,9668,2631867.06090554
2.5,9669,891461.6577571911
2.5,9670,796413.0425213866
2.5,9671,692615.4924822379
2.5,9672,6050168.532196552
2.5,9673,845596.600980963
2.5,9674,4632925.958492079
2.5,9675,2700740.2531847176
2.5,9676,2371994.666322965
2.5,9677,5365204.331074243
2.5,9678,5675496.283686775
2.5,9679,1358712.314664856
2.5,9680,2665930.27363141
2.5,9681,3971502.626004318
2.5,9682,1253150.8540781501
2.5,9683,1005620.9530790654
2.5,9684,382454.5281787338
2.5,9685,366144.5963688693
2.5,9686,867591.8079426691
2.5,9687,388025.2723244032
2.5,9688,5249411.906203929
2.5,9689,2286259.0852896036
2.5,9690,7381175.255117279
2.5,9691,2256103.083856968
2.5,9692,4885149.294669537
2.5,9693,620804.7182186618
2.5,9694,603419.1073851944
2.5,9695,5865065.467446481
2.5,9696,1663097.687288276
2.5,9697,5703952.101911355
2.5,9698,972405.1190345094
2.5,9699,4234452.256196291
2.5,9700,1022998.3309931533
2.5,9701,2295944.260527368
2.5,9702,731847.5427476029
2.5,9703,243446.8248929354
2.5,9704,322603.4585386456
2.5,9705,8166947.662491911
2.5,9706,1097108.7698649925
2.5,9707,4819589.887750024
2.5,9708,319216.4818321958
2.5,9709,834715.7808303445
2.5,9710,1271449.0489482016
2.5,9711,1460748.325387589
2.5,9712,898645.6525611136
2.5,9713,838804.8054021787
2.5,9714,5729057.724942648
2.5,9715,2065497.885405895
2.5,9716,844757.9391413238
2.5,9717,827992.891838499
2.5,9718,6929810.755515682
2.5,9719,7203570.611656579
2.5,9720,1286113.445539777
2.5,9721,719998.6279941273
2.5,9722,4613485.222616766
2.5,9723,1461424.7606885124
2.5,9724,1351333.775478411
2.5,9725,2706796.494752583
2.5,9726,1352572.25931056
2.5,9727,3780214.4268881637
2.5,9728,718386.8892681567
2.5,9729,1822155.1498022608
2.5,9730,315060.1506460671
2.5,9731,1768653.0693910515
2.5,9732,4363540.042122839
2.5,9733,1574564.7103701713
2.5,9734,5046213.866124951
2.5,9735,1116926.274062477
2.5,9736,250586.4322032684
2.5,9737,449605.94795630703
2.5,9738,1271662.0355844893
2.5,9739,3119481.26421939
2.5,9740,7986621.866704336
2.5,9741,1152109.4449590885
2.5,9742,531031.697431497
2.5,9743,7529888.6375270635
2.5,9744,5185888.998955147
2.5,9745,1408714.783565902
2.5,9746,294797.0563825166
2.5,9747,864137.0033598231
2.5,9748,2197109.7433041837
2.5,9749,1368267.8390313978
2.5,9750,3893042.8590162783
2.5,9751,1386044.7558888146
2.5,9752,5652876.179902008
2.5,9753,1445603.8816301376
2.5,9754,1544841.521527731
2.5,9755,4109409.581940688
2.5,9756,1911053.5631151884
2.5,9757,302270.6156494088
2.5,9758,1230328.8091844127
2.5,9759,3480416.195573453
2.5,9760,147292.01912787155
2.5,9761,2874864.194553528
2.5,9762,1050283.4281568525
2.5,9763,5846479.589503265
2.5,9764,1878038.087317733
2.5,9765,1113513.6951042772
2.5,9766,913293.0979499281
2.5,9767,1096591.4138844141
2.5,9768,524773.6001686956
2.5,9769,3012151.876904826
2.5,9770,502652.5317527654
2.5,9771,934685.0088252521
2.5,9772,601278.1977528603
2.5,9773,725432.5905112732
2.5,9774,1457736.2059733192
2.5,9775,2091535.5765021956
2.5,9776,105873.73961955457
2.5,9777,1557363.7313245484
2.5,9778,262457.5905270269
2.5,9779,4832981.153327152
2.5,9780,1690991.5683865729
2.5,9781,489118.5594935577
2.5,9782,1423224.6408146827
2.5,9783,2454515.297640628
2.5,9784,3282033.2348511997
2.5,9785,4201110.622514937
2.5,9786,3497092.6795729706
2.5,9787,1135251.3722396963
2.5,9788,439295.4863113699
2.5,9789,4118895.586027762
2.5,9790,3391660.658743823
2.5,9791,835441.4053160201
2.5,9792,1908396.9977895615
2.5,9793,3362665.9461992336
2.5,9794,3880065.2582738632
2.5,9795,1835560.6406553842
2.5,9796,455707.46739459666
2.5,9797,1295972.0418176276
2.5,9798,4832913.351857429
2.5,9799,1149478.918471682
2.5,9800,4143757.2243659776
2.5,9801,1040444.6160899908
2.5,9802,3981214.695413368
2.5,9803,530631.5806737508
2.5,9804,4796534.770164702
2.5,9805,586851.3756421801
2.5,9806,1868381.9772466044
2.5,9807,655135.0157993301
2.5,9808,468719.6737690712
2.5,9809,502219.917805791
2.5,9810,2380807.638395682
2.5,9811,5345254.308662979
2.5,9812,1625016.0032046332
2.5,9813,1980950.210539638
2.5,9814,396867.22741551255
2.5,9815,2134163.6839151084
2.5,9816,2366985.338404268
2.5,9817,396150.49601213913
2.5,9818,4671332.519312184
2.5,9819,691479.3982460145
2.5,9820,1726870.8753915196
2.5,9821,3205535.4128914163
2.5,9822,5709264.937797989
2.5,9823,3814666.0724205207
2.5,9824,690150.5160874063
2.5,9825,2110186.0247107595
2.5,9826,1821907.869427153
2.5,9827,1049099.8415054965
2.5,9828,3695547.5066537964
2.5,9829,771749.6075686333
2.5,9830,4063221.828362156
2.5,9831,1973552.6434504467
2.5,9832,3912452.3162147095
2.5,9833,2978548.917253451
2.5,9834,425707.29607516254
2.5,9835,810335.6146459307
2.5,9836,3864370.083504664
2.5,9837,559413.1678746118
2.5,9838,2518467.9282107423
2.5,9839,1014676.4153726344
2.5,9840,3321036.267073771
2.5,9841,4681095.315768263
2.5,9842,1461706.0899596917
2.5,9843,405843.47160931217
2.5,9844,1099978.5354131833
2.5,9845,383834.5496127778
2.5,9846,1059114.8193475655
2.5,9847,3188857.415495461
2.5,9848,273742.1564184173
2.5,9849,1665317.9286443454
2.5,9850,423708.90534547897
2.5,9851,725003.4867661702
2.5,9852,837183.0881953668
2.5,9853,296503.373638473
2.5,9854,1644329.9948573236
2.5,9855,228437.10143857083
2.5,9856,3966062.780223257
2.5,9857,798133.4753704867
2.5,9858,562507.856767438
2.5,9859,2962405.2665489153
2.5,9860,421467.4187665114
2.5,9861,2104581.8713177177
2.5,9862,724323.8966540983
2.5,9863,3812263.036737499
2.5,9864,4742083.579175139
2.5,9865,1667342.0605167688
2.5,9866,4620511.4767756555
2.5,9867,369384.0987345354
2.5,9868,1489631.3986994247
2.5,9869,1974664.0224348751
2.5,9870,1126375.258997846
2.5,9871,2799318.696878725
2.5,9872,669608.7666750359
2.5,9873,797669.3608806649
2.5,9874,4624484.8872743165
2.5,9875,3366446.2966644545
2.5,9876,2571397.0001188233
2.5,9877,1107570.0407043714
2.5,9878,1578068.0651025863
2.5,9879,1122468.3245961135
2.5,9880,737239.0551038873
2.5,9881,1150121.5778530517
2.5,9882,798237.6148754231
2.5,9883,4121901.0803865227
2.5,9884,567008.9934090051
2.5,9885,1168150.6316714545
2.5,9886,6327565.713929957
2.5,9887,2401881.5377614982
2.5,9888,1293049.3156206156
2.5,9889,4135742.598740025
2.5,9890,1007704.401311466
2.5,9891,8411962.099224463
2.5,9892,550691.1424277272
2.5,9893,1266992.2071423004
2.5,9894,381840.0811074384
2.5,9895,3130513.5278104264
2.5,9896,3108724.840241437
2.5,9897,158485.5026618054
2.5,9898,4949859.938766753
2.5,9899,1199678.7864419417
2.5,9900,2910712.9976481325
2.5,9901,2141562.694074459
2.5,9902,371076.4029810976
2.5,9903,274634.87233202544
2.5,9904,1602270.8468084978
2.5,9905,2438492.181477107
2.5,9906,1017103.465633708
2.5,9907,2375690.0334773296
2.5,9908,4017546.112233438
2.5,9909,1485102.7320118188
2.5,9910,807838.4256411332
2.5,9911,4759154.193995648
2.5,9912,103485.71427642115
2.5,9913,225093.2431104827
2.5,9914,5716002.706710635
2.5,9915,748993.7738929774
2.5,9916,733902.6185785215
2.5,9917,4820751.306283999
2.5,9918,1501916.407875001
2.5,9919,1792398.9928695606
2.5,9920,1116295.9420943882
2.5,9921,5177322.528908921
2.5,9922,102878.2861389807
2.5,9923,1950498.2219298042
2.5,9924,556721.0169609595
2.5,9925,4485457.58892466
2.5,9926,941449.3760974939
2.5,9927,3983512.5750778685
2.5,9928,1048153.3208360194
2.5,9929,421863.86576235364
2.5,9930,2120505.3205445935
2.5,9931,6588370.318944002
2.5,9932,989787.7212359969
2.5,9933,6328808.686657767
2.5,9934,2080966.6845179645
2.5,9935,2747510.6082142955
2.5,9936,3111093.9062117776
2.5,9937,248163.0076958233
2.5,9938,2899325.1807566364
2.5,9939,476939.03834375564
2.5,9940,2840745.658034947
2.5,9941,402156.34315052914
2.5,9942,546136.7916933518
2.5,9943,5483790.0214332
2.5,9944,1955939.2027688122
2.5,9945,135187.11923530948
2.5,9946,3809666.465618967
2.5,9947,255125.87718270288
2.5,9948,523441.39167372196
2.5,9949,5364364.153966586
2.5,9950,2566883.6895361226
2.5,9951,2038887.290229467
2.5,9952,1123469.1276868472
2.5,9953,1479976.0899134139
2.5,9954,4987322.746532911
2.5,9955,2232331.300556448
2.5,9956,489338.8854379894
2.5,9957,3563097.1691311244
2.5,9958,2090589.8100464519
2.5,9959,4650065.026968246
2.5,9960,1694680.9528476552
2.5,9961,2265062.3846346727
2.5,9962,1884570.1199948296
2.5,9963,2860459.019933895
2.5,9964,2981851.5599641223
2.5,9965,4931683.503747807
2.5,9966,174303.82597978262
2.5,9967,386306.1219203682
2.5,9968,3847473.8283550115
2.5,9969,2799154.531606463
2.5,9970,870631.4957421061
2.5,9971,242587.00453195776
2.5,9972,685922.7556574182
2.5,9973,3522635.4850830417
2.5,9974,2426065.047133184
2.5,9975,3039709.2094731564
2.5,9976,274427.2800563841
2.5,9977,1062295.294010775
2.5,9978,6299304.923591384
2.5,9979,7657182.3166399915
2.5,9980,4091276.077108877
2.5,9981,580848.3998620409
2.5,9982,2384000.9147618017
2.5,9983,3241096.049755737
2.5,9984,530491.8314088213
2.5,9985,1036047.4545397349
2.5,9986,341699.50000103225
2.5,9987,5749108.253975131
2.5,9988,5268554.609757369
2.5,9989,669498.9282439487
2.5,9990,2808539.957708289
2.5,9991,1140448.021854141
2.5,9992,7167843.174170388
2.5,9993,4739092.243495423
2.5,9994,2855601.710948633
2.5,9995,5083785.88680369
2.5,9996,1890008.7333993083
2.5,9997,5536198.344491886
2.5,9998,430579.70591954916
2.5,9999,2864126.3641240676
3.75,0,508356.57310920325
3.75,1,368873.8162332103
3.75,2,477935.22774185834
3.75,3,178698.7137659717
3.75,4,391297.3667747552
3.75,5,223788.9048276903
3.75,6,1435942.1305487973
3.75,7,2638927.5072113117
3.75,8,620125.9486436164
3.75,9,639930.1329794091
3.75,10,154064.3452939472
3.75,11,419035.48436201253
3.75,12,291086.36463582725
3.75,13,3407337.6223602975
3.75,14,639709.6909242689
3.75,15,227797.4321406548
3.75,16,410699.4831844446
3.75,17,527300.364485294
3.75,18,296367.46558902756
3.75,19,360630.7678490425
3.75,20,1105442.7968972127
3.75,21,900776.6296488586
3.75,22,3744049.668310563
3.75,23,1252503.3198407136
3.75,24,2130101.1293489924
3.75,25,317633.41832263535
3.75,26,134535.1332384376
3.75,27,246606.99420679527
3.75,28,745605.1851657556
3.75,29,2538104.5833491967
3.75,30,317603.59132530494
3.75,31,379645.5844634054
3.75,32,1067490.3446944577
3.75,33,285672.20781992015
3.75,34,264699.19855029334
3.75,35,249009.79409898992
3.75,36,1518295.8844045238
3.75,37,630820.1564639304
3.75,38,221715.43609047218
3.75,39,380926.539830511
3.75,40,228070.94720935478
3.75,41,786118.6481820217
3.75,42,597608.4152305253
3.75,43,581911.6625508685
3.75,44,279989.7129840138
3.75,45,1432680.3934822208
3.75,46,787570.3236213687
3.75,47,284322.97241650335
3.75,48,1560605.6698385598
3.75,49,1161453.0191861587
3.75,50,1472946.4371475345
3.75,51,1387446.955596649
3.75,52,601725.8105858134
3.75,53,800457.8269689294
3.75,54,1601616.849528641
3.75,55,346337.26893703366
3.75,56,310327.47996848327
3.75,57,1184425.8059602694
3.75,58,468486.79774356703
3.75,59,625608.9187776092
3.75,60,464543.7821653323
3.75,61,140859.90151323169
3.75,62,1393183.7430561185
3.75,63,1343440.304653523
3.75,64,97321.2730360972
3.75,65,406547.25870905124
3.75,66,457914.5465165628
3.75,67,1381235.9925780408
3.75,68,426552.1480128487
3.75,69,382765.23931430053
3.75,70,718163.6424725032
3.75,71,795553.274427159
3.75,72,183075.6137364345
3.75,73,860443.3394662412
3.75,74,472056.75853270426
3.75,75,202257.8079189181
3.75,76,172867.37889250185
3.75,77,505393.06018696376
3.75,78,310363.25172535493
3.75,79,596778.1834611074
3.75,80,188948.4734611796
3.75,81,127198.91981560622
3.75,82,139806.68888690145
3.75,83,474913.5427465373
3.75,84,127714.90752993914
3.75,85,711394.3332126301
3.75,86,2791688.349538159
3.75,87,558248.8843365397
3.75,88,397990.0617293478
3.75,89,444205.7275214592
3.75,90,134651.34202908957
3.75,91,563401.5410685211
3.75,92,873985.0592623854
3.75,93,579395.675184991
3.75,94,3075754.0222316817
3.75,95,438054.57382288255
3.75,96,261851.8534894554
3.75,97,434425.965917912
3.75,98,1092553.1085908874
3.75,99,318410.20655912405
3.75,100,255207.02933079842
3.75,101,505471.8510793985
3.75,102,295032.01296111365
3.75,103,310829.9625366215
3.75,104,1872863.1107321773
3.75,105,372963.4234095497
3.75,106,336951.8909829036
3.75,107,522645.31466809346
3.75,108,132834.15641361332
3.75,109,402063.0628055806
3.75,110,2093594.7054328378
3.75,111,761076.0742031647
3.75,112,837224.5707534058
3.75,113,878820.4525579364
3.75,114,2697816.2622664887
3.75,115,1632901.825860455
3.75,116,419529.6010524571
3.75,117,378823.28006838495
3.75,118,855008.3475694609
3.75,119,315921.7724809288
3.75,120,604174.9566168711
3.75,121,1525143.8706908799
3.75,122,330378.95740044507
3.75,123,437436.21388409176
3.75,124,2069382.741155747
3.75,125,1413050.4454655224
3.75,126,558237.809474857
3.75,127,339251.2956444566
3.75,128,328999.7836677285
3.75,129,846734.747055648
3.75,130,947145.7629519929
3.75,131,181514.55855986153
3.75,132,667165.2054488014
3.75,133,1150419.256879147
3.75,134,108226.45057036687
3.75,135,482537.2819605569
3.75,136,121669.57079421503
3.75,137,466956.59508736443
3.75,138,390680.7205628138
3.75,139,1482475.3383936393
3.75,140,578858.190866352
3.75,141,927407.2767855951
3.75,142,976195.3853358222
3.75,143,373040.4140152499
3.75,144,114683.23811146549
3.75,145,685149.5104429395
3.75,146,1302900.0552650918
3.75,147,246032.39852500462
3.75,148,101837.53855939468
3.75,149,445117.2351072857
3.75,150,906812.0812953587
3.75,151,388769.75185293064
3.75,152,828748.9633263868
3.75,153,1039398.2761148042
3.75,154,1425524.3921958304
3.75,155,1430522.3981994134
3.75,156,397603.83900308644
3.75,157,203221.1347488072
3.75,158,138775.47783972643
3.75,159,117857.45320287811
3.75,160,1144060.2773820565
3.75,161,216497.79359055933
3.75,162,272151.0712736233
3.75,163,737037.98719574
3.75,164,655791.9793174039
3.75,165,413140.33542835776
3.75,166,463659.64530196897
3.75,167,1019708.5369166281
3.75,168,365289.19162139884
3.75,169,1463219.7140408307
3.75,170,1261675.7643201328
3.75,171,800883.2504187773
3.75,172,421776.74397105817
3.75,173,450645.2578707552
3.75,174,146095.80946713107
3.75,175,821645.581674455
3.75,176,716317.3959045976
3.75,177,1000713.0754702034
3.75,178,382516.65905548044
3.75,179,278851.3651858513
3.75,180,291817.2458081783
3.75,181,565687.4922085925
3.75,182,509048.5458724647
3.75,183,3367869.7543561105
3.75,184,148758.87156778344
3.75,185,403169.3584883078
3.75,186,110247.38424645102
3.75,187,208688.64180722396
3.75,188,821658.799659366
3.75,189,146712.98445309105
3.75,190,730086.3275642365
3.75,191,1115421.661513717
3.75,192,168466.06897988476
3.75,193,472395.3953380958
3.75,194,984993.3471584388
3.75,195,394098.30875040905
3.75,196,1125367.6904483642
3.75,197,856270.0729673239
3.75,198,131708.7526288674
3.75,199,540682.2984804835
3.75,200,685205.9953853695
3.75,201,313431.8574731299
3.75,202,1409043.9326919832
3.75,203,532600.1630676399
3.75,204,1854994.5929700239
3.75,205,657010.762765176
3.75,206,523580.0839035312
3.75,207,118267.00745754913
3.75,208,418647.99120668595
3.75,209,97287.0615211266
3.75,210,430927.1461212838
3.75,211,486396.97093860153
3.75,212,257113.43721043112
3.75,213,298439.58535090723
3.75,214,1784896.6376001672
3.75,215,357475.3832886374
3.75,216,1269247.0577297567
3.75,217,208435.87996320688
3.75,218,834943.8346222279
3.75,219,325508.1441496316
3.75,220,125519.29937537704
3.75,221,422368.0299272639
3.75,222,532658.1514472626
3.75,223,766958.9547787725
3.75,224,247376.61396462272
3.75,225,696698.6131090032
3.75,226,500419.0171186067
3.75,227,874987.2475764839
3.75,228,804422.6496855645
3.75,229,2151961.0263388236
3.75,230,333831.37414686487
3.75,231,1174215.6758959151
3.75,232,1273387.5460466868
3.75,233,109108.87224100697
3.75,234,1003505.8403416935
3.75,235,239396.15498235755
3.75,236,688055.4235755579
3.75,237,1695690.7989129615
3.75,238,1059021.6285005612
3.75,239,773963.8729702499
3.75,240,843530.8037144983
3.75,241,471564.21762637986
3.75,242,678545.2900301091
3.75,243,396095.16340046946
3.75,244,679626.6982604496
3.75,245,212217.36694994802
3.75,246,413137.81167593074
3.75,247,210084.0664050193
3.75,248,376351.4549909554
3.75,249,334140.2194948931
3.75,250,246207.78170074965
3.75,251,536433.7659957211
3.75,252,677159.2659725376
3.75,253,1780799.9864041186
3.75,254,313939.2885011932
3.75,255,1135626.0392832353
3.75,256,969470.8247136566
3.75,257,1534111.0238180247
3.75,258,435338.71994828474
3.75,259,549360.2768971561
3.75,260,941829.7147005197
3.75,261,1181969.1871483768
3.75,262,927895.6344395336
3.75,263,300988.2599849523
3.75,264,595374.8642080631
3.75,265,192765.4673331055
3.75,266,1806438.9973758506
3.75,267,263483.8552849539
3.75,268,151870.15921237067
3.75,269,1594022.1474099844
3.75,270,1217437.4253036655
3.75,271,783679.2532856843
3.75,272,1064999.2644717235
3.75,273,267672.7482356051
3.75,274,795750.742514737
3.75,275,359705.6815080447
3.75,276,578090.081123963
3.75,277,369560.47963565664
3.75,278,161784.15388567597
3.75,279,373967.66352434136
3.75,280,710970.0395555967
3.75,281,154413.8261210787
3.75,282,1181978.9350762735
3.75,283,249757.8622829999
3.75,284,816338.0598513142
3.75,285,114442.47860874189
3.75,286,1008334.3550087418
3.75,287,388691.65041618556
3.75,288,185895.7791968041
3.75,289,490576.34092869615
3.75,290,122376.31447104769
3.75,291,102440.18779024034
3.75,292,221441.27595632029
3.75,293,378810.7829077969
3.75,294,155313.65897081594
3.75,295,647707.4542931993
3.75,296,335870.10750703304
3.75,297,145455.36772802222
3.75,298,1077556.524001934
3.75,299,292313.0180430537
3.75,300,2442421.3456659676
3.75,301,1002189.5643343967
3.75,302,909334.446356031
3.75,303,119994.01630534818
3.75,304,922525.9008948586
3.75,305,1020750.2839713192
3.75,306,188016.17815782412
3.75,307,695800.0914530546
3.75,308,922781.6886827061
3.75,309,1717780.0906480753
3.75,310,455435.33525581076
3.75,311,440862.36313461786
3.75,312,338150.66516801814
3.75,313,161818.5917198395
3.75,314,860866.5844246645
3.75,315,880849.4087651414
3.75,316,2824662.362861491
3.75,317,272895.1519463194
3.75,318,658852.0972154
3.75,319,740103.5093961253
3.75,320,1341498.7227611672
3.75,321,848859.265165108
3.75,322,538672.9885427918
3.75,323,958041.8987620098
3.75,324,502598.50122335897
3.75,325,165681.73116581686
3.75,326,276530.9072520282
3.75,327,445852.0454023306
3.75,328,5690602.412841384
3.75,329,555564.632689565
3.75,330,593866.9400675459
3.75,331,1893252.2117095587
3.75,332,590264.9860096929
3.75,333,179397.99441314302
3.75,334,1160093.6789411234
3.75,335,515272.17752225546
3.75,336,336490.65860720363
3.75,337,163023.94503236172
3.75,338,311133.6682484847
3.75,339,959400.1028527988
3.75,340,112378.8930989711
3.75,341,822183.386189377
3.75,342,1086441.4136183874
3.75,343,2398440.4436771125
3.75,344,613912.7790744306
3.75,345,354443.85457653133
3.75,346,169696.500671131
3.75,347,458131.2410981422
3.75,348,305264.6587691271
3.75,349,1287274.998290164
3.75,350,174852.40403639147
3.75,351,561627.7141050968
3.75,352,657833.8130557
3.75,353,576594.1322628802
3.75,354,883736.9895690914
3.75,355,1428608.1748671876
3.75,356,191582.62370140606
3.75,357,330082.65793485794
3.75,358,453696.22630804963
3.75,359,386224.2816385883
3.75,360,116236.97387870523
3.75,361,916891.081617682
3.75,362,918470.2271064357
3.75,363,2042092.9351737406
3.75,364,412025.53555396927
3.75,365,239966.72749756114
3.75,366,438737.0797323002
3.75,367,1217592.1211884597
3.75,368,531326.5244197819
3.75,369,133358.41839292747
3.75,370,621729.274242967
3.75,371,617912.8341561574
3.75,372,319515.02680398565
3.75,373,1560036.243537778
3.75,374,1053751.0101443883
3.75,375,119875.58150134553
3.75,376,3498900.330059655
3.75,377,146640.15646075475
3.75,378,137194.46989647276
3.75,379,353670.8711917053
3.75,380,1323573.3285785413
3.75,381,250598.7002233348
3.75,382,1489029.706353996
3.75,383,228314.34478416343
3.75,384,214473.72855888866
3.75,385,1423759.8616267676
3.75,386,251503.21808019537
3.75,387,1617669.253489168
3.75,388,806624.3356243668
3.75,389,2266447.4343581656
3.75,390,177677.48108567248
3.75,391,2120580.0988609763
3.75,392,1269318.606225932
3.75,393,239191.24895820182
3.75,394,225281.45774985722
3.75,395,468434.1974597318
3.75,396,480606.4366716013
3.75,397,403864.7235070758
3.75,398,150447.05103299563
3.75,399,393716.6307367368
3.75,400,412863.1167154162
3.75,401,340319.8167087256
3.75,402,268095.3125377503
3.75,403,480688.7259770695
3.75,404,753227.024591967
3.75,405,607964.2024745669
3.75,406,310215.41204567265
3.75,407,522186.0251976293
3.75,408,752520.5651227551
3.75,409,387887.6280550631
3.75,410,1261906.086236021
3.75,411,362327.20923722145
3.75,412,631571.2690767772
3.75,413,469142.7050912498
3.75,414,516757.30981215637
3.75,415,581767.512820576
3.75,416,517747.22701269406
3.75,417,263388.66000265774
3.75,418,307903.47767643275
3.75,419,306832.98353108123
3.75,420,459068.3736167017
3.75,421,1037639.2971161052
3.75,422,113265.86623191333
3.75,423,630761.6271501196
3.75,424,442611.41938668187
3.75,425,1576599.643517009
3.75,426,1837469.5307259688
3.75,427,480887.9713915987
3.75,428,139240.56029364417
3.75,429,348160.27790802554
3.75,430,351468.7780623993
3.75,431,997421.950543764
3.75,432,832195.1483120166
3.75,433,152959.4179422099
3.75,434,352218.47808597365
3.75,435,130970.89953809092
3.75,436,3256696.5420596297
3.75,437,363412.1617366801
3.75,438,552570.1389929941
3.75,439,892357.1667015997
3.75,440,1031577.0993777978
3.75,441,1879942.3057399779
3.75,442,1016586.8849015242
3.75,443,210691.24916061055
3.75,444,225904.87432327447
3.75,445,457392.10368641646
3.75,446,469136.769433324
3.75,447,1807121.5624112054
3.75,448,513878.6150024352
3.75,449,1197883.528821072
3.75,450,158245.65369281397
3.75,451,196180.53579299216
3.75,452,1711083.8938692468
3.75,453,323669.66126900003
3.75,454,670895.3765648007
3.75,455,731890.9800269835
3.75,456,616365.1894406443
3.75,457,482920.33709155244
3.75,458,1118583.1973886043
3.75,459,528517.5311423095
3.75,460,643788.2910809116
3.75,461,1142485.6178528876
3.75,462,400465.3248598416
3.75,463,2632780.5334593183
3.75,464,527052.2169423308
3.75,465,235320.0048617299
3.75,466,791323.5069371323
3.75,467,168903.30913176545
3.75,468,506873.780230444
3.75,469,1079013.177115132
3.75,470,1233334.6464743111
3.75,471,182910.62040030403
3.75,472,5215765.48783688
3.75,473,921168.5950531597
3.75,474,712501.0161622611
3.75,475,594900.3154925467
3.75,476,775762.7159775815
3.75,477,601071.0935942928
3.75,478,788918.0942560905
3.75,479,259893.9979765047
3.75,480,158418.21729329688
3.75,481,1933034.8290573554
3.75,482,164307.2652756694
3.75,483,604923.8915339644
3.75,484,564351.6865298136
3.75,485,1044139.6272377777
3.75,486,524826.8850907605
3.75,487,827981.2419896438
3.75,488,442803.65657468926
3.75,489,174301.63252222416
3.75,490,280536.0349253261
3.75,491,139402.2262668774
3.75,492,370459.55629292276
3.75,493,191465.09726517796
3.75,494,884501.5645961402
3.75,495,913558.0222332267
3.75,496,696544.1148084903
3.75,497,402380.82725399884
3.75,498,116592.84058488075
3.75,499,403221.8697662457
3.75,500,873018.2299969835
3.75,501,2119638.71418479
3.75,502,98050.65295913268
3.75,503,189810.85849928804
3.75,504,236303.04347370227
3.75,505,414722.5279186656
3.75,506,3268899.8204183746
3.75,507,829849.2525416886
3.75,508,439282.7113272418
3.75,509,1158773.452925406
3.75,510,158254.2000978411
3.75,511,423733.2486738233
3.75,512,710551.6015112825
3.75,513,312635.3310277935
3.75,514,1002126.0680917104
3.75,515,322469.37274092704
3.75,516,250762.22768103034
3.75,517,136196.57770931692
3.75,518,1089020.940470715
3.75,519,551100.1978148025
3.75,520,262715.79027991847
3.75,521,315403.80286358716
3.75,522,1674265.4012218008
3.75,523,265377.2719948133
3.75,524,315901.506833548
3.75,525,394430.15223875194
3.75,526,807032.7032932295
3.75,527,541471.0524740132
3.75,528,107345.77759428238
3.75,529,190586.9308923204
3.75,530,207489.23886483003
3.75,531,172344.30820087553
3.75,532,332869.1193058711
3.75,533,639650.0108608294
3.75,534,158981.61855132759
3.75,535,295005.26866185403
3.75,536,1859703.9907714815
3.75,537,1076934.1833075802
3.75,538,453955.46670154633
3.75,539,2320461.5034328955
3.75,540,323765.1788320035
3.75,541,7622784.979447925
3.75,542,453387.10728635977
3.75,543,565936.1541440397
3.75,544,167786.77245692263
3.75,545,194798.70474282888
3.75,546,918282.9932627716
3.75,547,1524744.0396656739
3.75,548,2162269.6346089826
3.75,549,975268.3027353653
3.75,550,851688.2749732626
3.75,551,2059435.1566367322
3.75,552,418006.39387550217
3.75,553,261519.00633816991
3.75,554,480991.8323038194
3.75,555,1489515.8543418057
3.75,556,2244415.681440993
3.75,557,1455545.1176536905
3.75,558,1060190.9547824217
3.75,559,726461.668680224
3.75,560,580760.71825704
3.75,561,1290401.2876869952
3.75,562,145483.01408322458
3.75,563,661169.7142559555
3.75,564,385924.955005836
3.75,565,1062908.8098412158
3.75,566,279697.6305159314
3.75,567,866044.1234232549
3.75,568,267538.6923374537
3.75,569,408116.0552079263
3.75,570,101651.72149240981
3.75,571,758157.3803135045
3.75,572,365901.2714437221
3.75,573,789085.6280863198
3.75,574,538961.5580172269
3.75,575,434924.50902645
3.75,576,465362.2215114286
3.75,577,229974.02150089914
3.75,578,217759.55418329412
3.75,579,817458.0052855582
3.75,580,528418.6380170208
3.75,581,156356.97387416795
3.75,582,920104.2100290472
3.75,583,508233.41052469274
3.75,584,462127.0384963763
3.75,585,571681.5852928872
3.75,586,614269.2225346747
3.75,587,1042409.7564920639
3.75,588,740137.707851728
3.75,589,2521796.7590845474
3.75,590,140382.67517698987
3.75,591,166022.1496524004
3.75,592,1288411.6201873946
3.75,593,581531.7399816406
3.75,594,107984.77607087325
3.75,595,421630.24843243277
3.75,596,737139.693140856
3.75,597,658549.2631917348
3.75,598,155716.09048529097
3.75,599,404666.16998522193
3.75,600,984357.7617592955
3.75,601,205693.5546095795
3.75,602,945184.9365841219
3.75,603,298039.54171012837
3.75,604,349284.96337375074
3.75,605,848809.2344867906
3.75,606,1681066.0538386875
3.75,607,209401.7185085746
3.75,608,941240.816346477
3.75,609,360654.0239784592
3.75,610,135197.4389267537
3.75,611,169796.94946217816
3.75,612,107480.49525889341
3.75,613,553829.8907121483
3.75,614,805583.7470362034
3.75,615,879555.2564008374
3.75,616,471118.60299117543
3.75,617,1230675.2682506582
3.75,618,512864.57867544127
3.75,619,199514.97329847302
3.75,620,212607.17169423203
3.75,621,557231.5816350828
3.75,622,1125218.768743373
3.75,623,206363.36397520156
3.75,624,147100.81503531398
3.75,625,414673.32773917227
3.75,626,709241.0904424526
3.75,627,921880.1516595748
3.75,628,100147.80719301896
3.75,629,167412.99258665362
3.75,630,113702.20612185697
3.75,631,761187.1696173245
3.75,632,893181.2648469082
3.75,633,224433.4998183714
3.75,634,863980.3816490833
3.75,635,484308.8634302417
3.75,636,3196859.461062326
3.75,637,1189257.7434512486
3.75,638,641713.2704898423
3.75,639,1472703.0798811973
3.75,640,1647994.1228062203
3.75,641,599732.5042977054
3.75,642,274606.3002363651
3.75,643,345935.8382339745
3.75,644,97747.36815938525
3.75,645,1136055.3108236012
3.75,646,2316506.3898417624
3.75,647,457939.86009028123
3.75,648,3058438.9744784976
3.75,649,436612.15077060193
3.75,650,478928.6944899858
3.75,651,712439.7643179977
3.75,652,203397.8210774487
3.75,653,1419974.10237617
3.75,654,1430225.243145549
3.75,655,1390595.9312996531
3.75,656,192123.49440935082
3.75,657,445292.9152264637
3.75,658,170985.88045264964
3.75,659,716085.5997327459
3.75,660,299340.668622872
3.75,661,413695.7810183902
3.75,662,407890.8257866265
3.75,663,436183.5897439967
3.75,664,1476565.2062482275
3.75,665,233920.0751263959
3.75,666,101946.84483766404
3.75,667,457242.1997317989
3.75,668,488554.6542132277
3.75,669,145133.69051041108
3.75,670,314980.6347718145
3.75,671,534077.0595874691
3.75,672,167687.5357410393
3.75,673,3252233.637901533
3.75,674,120487.71248547429
3.75,675,2724531.1933091376
3.75,676,373529.66421386076
3.75,677,758507.378204761
3.75,678,2524907.913182676
3.75,679,183581.25867192098
3.75,680,746403.703269197
3.75,681,773905.7130902974
3.75,682,608685.8276083198
3.75,683,1209694.0227430346
3.75,684,715172.2279700408
3.75,685,663886.512394756
3.75,686,284571.9654633458
3.75,687,450994.60764081636
3.75,688,410579.1805792472
3.75,689,625245.8318718543
3.75,690,1151383.9693058138
3.75,691,432199.65989782254
3.75,692,505796.30490056094
3.75,693,184098.01161662798
3.75,694,284308.79892895505
3.75,695,547039.2843496912
3.75,696,168664.66286841518
3.75,697,254762.09867190957
3.75,698,265058.29773839656
3.75,699,950979.3470898507
3.75,700,827202.3962016839
3.75,701,2034803.6967376093
3.75,702,384204.9384678073
3.75,703,1048325.4507675101
3.75,704,311922.1840868682
3.75,705,250407.73722454195
3.75,706,1158283.417489653
3.75,707,267289.83620737883
3.75,708,108125.13888121289
3.75,709,560940.9331711791
3.75,710,886338.3358738928
3.75,711,197798.38526240157
3.75,712,814325.2271406702
3.75,713,285913.05840849
3.75,714,369896.2008194858
3.75,715,471196.5687989871
3.75,716,2182744.644144291
3.75,717,309271.52623174764
3.75,718,1980436.5656188598
3.75,719,442955.49316134775
3.75,720,168969.9308791742
3.75,721,1009349.8286939464
3.75,722,216176.1607196533
3.75,723,441528.4072907047
3.75,724,3153938.213727594
3.75,725,383005.35452593083
3.75,726,2254002.5171754668
3.75,727,1135095.7726579178
3.75,728,345936.7536852112
3.75,729,221147.5922320176
3.75,730,182753.89768277085
3.75,731,303937.97015379585
3.75,732,663400.1088731176
3.75,733,1051922.0868620963
3.75,734,477618.58548355906
3.75,735,363589.2074259891
3.75,736,492422.23101988103
3.75,737,261224.1939147056
3.75,738,592156.6256016484
3.75,739,1285111.4759429174
3.75,740,685876.4400407011
3.75,741,524140.6234015467
3.75,742,554774.6465924128
3.75,743,595790.1611271962
3.75,744,378488.01902840316
3.75,745,276528.73704654665
3.75,746,1143489.9065543097
3.75,747,188457.44099511445
3.75,748,3396913.4031345733
3.75,749,282753.4553703759
3.75,750,1050079.3140341393
3.75,751,373631.0131291892
3.75,752,442913.5558914005
3.75,753,933206.806755689
3.75,754,2010204.7406960954
3.75,755,582400.412801316
3.75,756,514135.28125997423
3.75,757,157814.6800643748
3.75,758,106690.8682805317
3.75,759,290808.56782676163
3.75,760,750799.3763692672
3.75,761,134788.8885983993
3.75,762,697980.369219737
3.75,763,716721.948245056
3.75,764,150797.10402457646
3.75,765,525560.116396032
3.75,766,1068430.0833961188
3.75,767,158572.55528844567
3.75,768,737492.1360561118
3.75,769,795656.1108960111
3.75,770,103270.98302991952
3.75,771,132741.10055761985
3.75,772,191756.75595983767
3.75,773,136048.32161786055
3.75,774,811887.2609596185
3.75,775,109959.70222596782
3.75,776,213803.11922230767
3.75,777,751722.9312627058
3.75,778,173935.61128804635
3.75,779,101373.64547829881
3.75,780,222104.94989278784
3.75,781,454953.3444059248
3.75,782,605601.3995013695
3.75,783,187512.2796767173
3.75,784,337491.6367905607
3.75,785,340706.4585660879
3.75,786,117118.35149109118
3.75,787,688838.8524379007
3.75,788,425140.9193201608
3.75,789,1066854.4333313587
3.75,790,119608.49335603278
3.75,791,612895.3084087485
3.75,792,2352508.2224252317
3.75,793,2205762.2273333375
3.75,794,801039.0714963155
3.75,795,6438731.61349472
3.75,796,915255.342840508
3.75,797,166826.47545756656
3.75,798,679969.8089435124
3.75,799,641432.1405603257
3.75,800,615943.2499428374
3.75,801,638645.7092148485
3.75,802,510476.0534641685
3.75,803,339281.5667578578
3.75,804,276072.53471284325
3.75,805,630107.8818831434
3.75,806,191403.7032467572
3.75,807,2867956.0697979406
3.75,808,232573.3029755567
3.75,809,933697.0885637038
3.75,810,309210.53833459865
3.75,811,800386.6554491662
3.75,812,1334998.1450035032
3.75,813,155267.17398668622
3.75,814,799400.7086987237
3.75,815,389466.2567097029
3.75,816,543412.3938357002
3.75,817,1428408.869510862
3.75,818,178070.38575123737
3.75,819,511183.07324896986
3.75,820,756221.8182364696
3.75,821,677054.3615575018
3.75,822,1855584.8350532078
3.75,823,104674.76946803667
3.75,824,977618.9798417339
3.75,825,141530.98120183422
3.75,826,169602.6870174991
3.75,827,925146.5562232502
3.75,828,259123.64369303637
3.75,829,389459.0325642643
3.75,830,320904.7820170191
3.75,831,4912695.941904219
3.75,832,660738.9761437398
3.75,833,557552.1645896857
3.75,834,370486.0868918597
3.75,835,527501.3057719303
3.75,836,343206.7131767997
3.75,837,131152.19832961127
3.75,838,924851.8870479862
3.75,839,616171.0231365277
3.75,840,320404.7299559459
3.75,841,249900.21058857837
3.75,842,269840.4686366558
3.75,843,328275.0490988414
3.75,844,669280.7785871708
3.75,845,762760.1889126387
3.75,846,337691.1913498879
3.75,847,100821.46948652025
3.75,848,100198.58505337736
3.75,849,620639.9520343897
3.75,850,451487.3801307351
3.75,851,268560.8712403542
3.75,852,2497056.63838578
3.75,853,1134818.3734138338
3.75,854,98833.21633075454
3.75,855,821632.1831422341
3.75,856,504720.2184224429
3.75,857,406368.10464268783
3.75,858,6871922.654972769
3.75,859,446491.1044317059
3.75,860,420762.62094200926
3.75,861,1396832.1272626831
3.75,862,1228408.4346756767
3.75,863,1094085.4142974608
3.75,864,1804431.1723573569
3.75,865,790098.2410624758
3.75,866,385623.31013546855
3.75,867,983504.5955401681
3.75,868,494854.74917224963
3.75,869,881351.8226369552
3.75,870,1261119.69304611
3.75,871,637803.1788196231
3.75,872,2548178.35999816
3.75,873,611179.4425224019
3.75,874,555830.923074711
3.75,875,799936.1396864224
3.75,876,437177.1700452043
3.75,877,132778.04355437294
3.75,878,323442.6206202287
3.75,879,477707.59879852564
3.75,880,1065424.37326994
3.75,881,815178.514861224
3.75,882,737012.9308910161
3.75,883,1926164.2363542223
3.75,884,375877.66912902275
3.75,885,372578.84261436085
3.75,886,461004.25458411616
3.75,887,1336768.0192259015
3.75,888,144030.11576258924
3.75,889,218641.5207562878
3.75,890,857337.926567403
3.75,891,279102.95069302426
3.75,892,736569.014958629
3.75,893,892820.2082786299
3.75,894,305187.64413324127
3.75,895,255087.3610322546
3.75,896,1736489.125331179
3.75,897,481189.954621979
3.75,898,275541.2270587851
3.75,899,721389.5437058465
3.75,900,567050.3658081032
3.75,901,561600.8103924944
3.75,902,226861.39985797234
3.75,903,1690471.2691459847
3.75,904,3601497.55679647
3.75,905,426251.66776099015
3.75,906,427522.7555342572
3.75,907,103050.01424096967
3.75,908,1453353.4895613778
3.75,909,1321572.6153833452
3.75,910,1049096.0735708885
3.75,911,593499.4991809864
3.75,912,872487.157594287
3.75,913,3157119.052710604
3.75,914,2395034.5839628447
3.75,915,1584633.7789924205
3.75,916,104189.88963172269
3.75,917,1385992.1865311097
3.75,918,507356.42028940236
3.75,919,525710.9261005656
3.75,920,331033.9173125409
3.75,921,418070.84922465903
3.75,922,214409.33549480233
3.75,923,562302.4509183229
3.75,924,409795.11143820186
3.75,925,140787.52608194939
3.75,926,573010.3098293324
3.75,927,1539459.6088210894
3.75,928,132626.02547322208
3.75,929,888132.1246776246
3.75,930,104773.62120991081
3.75,931,425032.0940880428
3.75,932,218699.43699089275
3.75,933,182885.68899166197
3.75,934,509527.416259626
3.75,935,402626.94842832757
3.75,936,3142131.5282140495
3.75,937,463617.5210408955
3.75,938,361574.0347593735
3.75,939,107512.41996857611
3.75,940,542277.316544672
3.75,941,1115246.1357331232
3.75,942,105986.00128414764
3.75,943,111725.4821165009
3.75,944,627122.6005467564
3.75,945,316216.95897653094
3.75,946,335114.23555311473
3.75,947,824303.0458814654
3.75,948,2714242.940892498
3.75,949,2514618.1370245414
3.75,950,504782.07621868583
3.75,951,2263489.320705627
3.75,952,266501.8533671429
3.75,953,714553.736895395
3.75,954,914349.0575037802
3.75,955,528157.6219964179
3.75,956,568739.6153099377
3.75,957,277421.96622200235
3.75,958,508126.3122911167
3.75,959,136829.57707977298
3.75,960,167255.61943138455
3.75,961,755293.9872749003
3.75,962,318783.1068576662
3.75,963,126272.8187749805
3.75,964,494655.0295112172
3.75,965,275657.7098406564
3.75,966,245111.36015933854
3.75,967,1291774.5572205223
3.75,968,107015.75903612086
3.75,969,1031892.7015210558
3.75,970,520280.1546382402
3.75,971,605089.961647251
3.75,972,515683.9677341943
3.75,973,1186480.3820999358
3.75,974,544750.2109788156
3.75,975,193983.7477310552
3.75,976,750437.502351223
3.75,977,200942.86814841683
3.75,978,315594.32625151955
3.75,979,242341.20201475875
3.75,980,1033640.7155771271
3.75,981,2662473.934759062
3.75,982,338630.2343121893
3.75,983,322345.72059640754
3.75,984,1645422.818574315
3.75,985,759723.7238159829
3.75,986,327607.2171936158
3.75,987,898459.0968990586
3.75,988,302830.3083622834
3.75,989,185261.19068489852
3.75,990,798095.0760686453
3.75,991,2424081.678406424
3.75,992,1013340.3213436608
3.75,993,845034.8391021847
3.75,994,360839.7297187893
3.75,995,116946.12220592494
3.75,996,487088.0536324024
3.75,997,543713.5665040661
3.75,998,280068.5769948721
3.75,999,142239.8648433782
3.75,1000,2385707.873490056
3.75,1001,203773.7316936174
3.75,1002,161541.6632992108
3.75,1003,349698.47517020704
3.75,1004,389629.4996414111
3.75,1005,830416.5668287012
3.75,1006,267437.48812614486
3.75,1007,699883.0667410406
3.75,1008,237958.14921976993
3.75,1009,115061.80090048695
3.75,1010,578926.320900194
3.75,1011,850800.980273601
3.75,1012,290878.98441516625
3.75,1013,208455.4310927786
3.75,1014,325586.2611623375
3.75,1015,170102.82789558923
3.75,1016,141507.39615177238
3.75,1017,302363.34044449206
3.75,1018,171366.33562349514
3.75,1019,267287.4644706516
3.75,1020,186593.7488551017
3.75,1021,596002.2006123875
3.75,1022,450609.28787993884
3.75,1023,372485.7029022283
3.75,1024,903931.3051397188
3.75,1025,3050930.5278742937
3.75,1026,602782.1464216781
3.75,1027,2734727.935146768
3.75,1028,1229146.8802865164
3.75,1029,236746.1744523117
3.75,1030,581357.503584089
3.75,1031,643646.5779159789
3.75,1032,1154087.968490618
3.75,1033,226997.46965485005
3.75,1034,776491.4557228242
3.75,1035,914253.1348458271
3.75,1036,729990.2875137221
3.75,1037,143415.24617685063
3.75,1038,486142.96050270315
3.75,1039,139935.38032865856
3.75,1040,986368.6492026746
3.75,1041,113726.49431318487
3.75,1042,3367011.31648488
3.75,1043,2056653.710761491
3.75,1044,905894.9667596581
3.75,1045,248091.77183984537
3.75,1046,183664.85300409657
3.75,1047,281654.8255690671
3.75,1048,120124.06999319533
3.75,1049,835542.6325963093
3.75,1050,451278.6770831609
3.75,1051,1342935.8184515894
3.75,1052,318498.127272874
3.75,1053,754145.2844484568
3.75,1054,1175335.5007590242
3.75,1055,208777.37730180894
3.75,1056,1981019.806381321
3.75,1057,548913.6931903543
3.75,1058,712556.3444926939
3.75,1059,540438.2948166255
3.75,1060,335677.22363556287
3.75,1061,750084.3607108278
3.75,1062,961885.8438609585
3.75,1063,709224.3569903201
3.75,1064,105734.86540950861
3.75,1065,111660.22000852795
3.75,1066,605365.9840099763
3.75,1067,458857.23551938497
3.75,1068,307744.8462262544
3.75,1069,324337.3186335316
3.75,1070,320359.4469507956
3.75,1071,674126.3411141323
3.75,1072,114780.94726533536
3.75,1073,304044.34180522326
3.75,1074,299309.7066345149
3.75,1075,281056.27980965056
3.75,1076,942841.0539361608
3.75,1077,1157616.4685938
3.75,1078,805650.005258754
3.75,1079,1185657.8878033096
3.75,1080,400569.5604579479
3.75,1081,236811.21802657522
3.75,1082,1462316.6205970787
3.75,1083,672588.7245658623
3.75,1084,1466525.2285861028
3.75,1085,1057411.6238379362
3.75,1086,2861323.250206442
3.75,1087,337977.0325048756
3.75,1088,806594.9980286086
3.75,1089,783168.046101637
3.75,1090,142354.3024120938
3.75,1091,425426.02334794734
3.75,1092,1035853.788466449
3.75,1093,326837.1744806574
3.75,1094,115159.025354443
3.75,1095,1071556.25170366
3.75,1096,221878.3895781795
3.75,1097,1064290.0718739426
3.75,1098,663979.2026548951
3.75,1099,185801.32353254274
3.75,1100,187159.6996446241
3.75,1101,206403.5807023279
3.75,1102,152644.89819013025
3.75,1103,391081.9442511018
3.75,1104,151836.98040394398
3.75,1105,991541.9584574744
3.75,1106,1065513.6063160207
3.75,1107,1257678.8096355915
3.75,1108,344108.1376996563
3.75,1109,512948.5529454417
3.75,1110,1116158.944648215
3.75,1111,714959.7491573454
3.75,1112,1053374.871133038
3.75,1113,418514.65766466735
3.75,1114,1161148.3880831094
3.75,1115,106559.46957302639
3.75,1116,311405.1466417522
3.75,1117,710669.1923446149
3.75,1118,530543.4167870497
3.75,1119,937474.0979627931
3.75,1120,1049764.4240628926
3.75,1121,540357.7693155054
3.75,1122,155298.0119195477
3.75,1123,485361.53236245166
3.75,1124,288745.70055766316
3.75,1125,1050485.3634241377
3.75,1126,1053595.11592273
3.75,1127,118079.766028992
3.75,1128,1806478.5185094643
3.75,1129,235563.22898390726
3.75,1130,456385.1664954194
3.75,1131,367494.8613835779
3.75,1132,1082217.5944445527
3.75,1133,944622.4595097727
3.75,1134,402180.8244786365
3.75,1135,339858.91145263636
3.75,1136,2000377.7351054347
3.75,1137,1919478.8499126327
3.75,1138,696162.7846151544
3.75,1139,500339.3626042349
3.75,1140,335138.63078051235
3.75,1141,512439.28583002114
3.75,1142,381803.0889190624
3.75,1143,1537614.655718992
3.75,1144,785519.9404301497
3.75,1145,717557.9843096586
3.75,1146,99284.29618795449
3.75,1147,110991.40122780355
3.75,1148,617262.2246901796
3.75,1149,368729.59312287235
3.75,1150,353755.4032886808
3.75,1151,362883.96531857894
3.75,1152,532542.7169669267
3.75,1153,1383070.051523643
3.75,1154,872890.608435495
3.75,1155,919404.6936976591
3.75,1156,112424.23329786671
3.75,1157,444704.85345868004
3.75,1158,2016467.9442386273
3.75,1159,1127776.3564512704
3.75,1160,1064177.1221531671
3.75,1161,768752.8264763539
3.75,1162,974602.6858007615
3.75,1163,449423.9273397413
3.75,1164,452780.1885574967
3.75,1165,572372.8002988405
3.75,1166,2144440.4968679207
3.75,1167,2274205.005397866
3.75,1168,103565.5744456248
3.75,1169,672613.8198538043
3.75,1170,229999.06972423545
3.75,1171,460212.3897571383
3.75,1172,1192186.206044269
3.75,1173,252468.45624376027
3.75,1174,3898709.406808719
3.75,1175,382165.68481324683
3.75,1176,1081239.48378318
3.75,1177,830618.0788530132
3.75,1178,3277071.578309719
3.75,1179,837530.6272378404
3.75,1180,500696.3566876395
3.75,1181,962081.905747642
3.75,1182,468198.7027427216
3.75,1183,546643.0925033614
3.75,1184,1317076.0520416233
3.75,1185,167952.9875186242
3.75,1186,2870572.2276306087
3.75,1187,190468.16878149493
3.75,1188,449917.92663910676
3.75,1189,654887.8239992869
3.75,1190,104815.35872565652
3.75,1191,286850.77000449446
3.75,1192,386847.9074948119
3.75,1193,697198.3731942999
3.75,1194,898931.3434369662
3.75,1195,105795.57690359445
3.75,1196,482034.6409490403
3.75,1197,1098537.0924354992
3.75,1198,502771.58010262693
3.75,1199,691926.1307630971
3.75,1200,2537862.395563548
3.75,1201,314023.3599258846
3.75,1202,427881.8373456819
3.75,1203,354799.46177934733
3.75,1204,727542.6141156384
3.75,1205,2341443.376245565
3.75,1206,264359.7952103814
3.75,1207,1381277.2849399673
3.75,1208,417064.464227167
3.75,1209,131435.99603466075
3.75,1210,326815.8686731695
3.75,1211,494125.29851783405
3.75,1212,1500845.1515035843
3.75,1213,407188.62631885475
3.75,1214,648334.1868406861
3.75,1215,1510684.4848337765
3.75,1216,742738.8816298969
3.75,1217,579886.2392718717
3.75,1218,755359.9933334341
3.75,1219,549544.7718844537
3.75,1220,244086.82531276427
3.75,1221,810862.0961188506
3.75,1222,712795.7495051674
3.75,1223,471125.4272319798
3.75,1224,107017.73934215758
3.75,1225,500902.4547369301
3.75,1226,3521106.703977704
3.75,1227,466136.538638294
3.75,1228,756914.9689680185
3.75,1229,817069.823961112
3.75,1230,1065542.6429970025
3.75,1231,412042.423396853
3.75,1232,565004.8260273929
3.75,1233,298934.86020839075
3.75,1234,492765.8890099018
3.75,1235,743343.1447483015
3.75,1236,114391.24719862166
3.75,1237,248520.87563011382
3.75,1238,482395.3967891867
3.75,1239,462935.8004850115
3.75,1240,761893.3224079927
3.75,1241,187840.49059075047
3.75,1242,422373.8999691171
3.75,1243,575345.6517273397
3.75,1244,648090.4435596099
3.75,1245,126354.22647967534
3.75,1246,2711927.115399881
3.75,1247,634344.8492261678
3.75,1248,740324.7102347676
3.75,1249,263439.1421136042
3.75,1250,923402.7733959383
3.75,1251,595163.60409744
3.75,1252,991609.5592707923
3.75,1253,292895.02292229346
3.75,1254,314013.61384978436
3.75,1255,98898.75657324721
3.75,1256,143977.43326124756
3.75,1257,318269.9950204331
3.75,1258,252055.4291657221
3.75,1259,892032.9681493094
3.75,1260,435056.15217596176
3.75,1261,231690.00521787748
3.75,1262,460835.01972308394
3.75,1263,395902.158807738
3.75,1264,205491.8650622614
3.75,1265,449540.11119629093
3.75,1266,1092317.786934585
3.75,1267,164990.71024850023
3.75,1268,910856.6090995071
3.75,1269,149422.76686228625
3.75,1270,1068680.2943281045
3.75,1271,1111182.792558992
3.75,1272,220808.41693705617
3.75,1273,951795.8916755642
3.75,1274,1049510.3908235163
3.75,1275,454439.0075509552
3.75,1276,1222302.3349633662
3.75,1277,105867.61857015653
3.75,1278,790992.4742344419
3.75,1279,667589.6152813601
3.75,1280,1049735.9668333721
3.75,1281,418099.64227051474
3.75,1282,708193.0398940229
3.75,1283,114178.5268861384
3.75,1284,749739.2795329663
3.75,1285,912259.4179364933
3.75,1286,589227.3118611492
3.75,1287,176993.79441746572
3.75,1288,287505.8354733751
3.75,1289,351654.97844775487
3.75,1290,504937.1445221526
3.75,1291,550439.5690860448
3.75,1292,699984.2210354381
3.75,1293,372765.26376997883
3.75,1294,459136.2379286132
3.75,1295,252031.87704398722
3.75,1296,1649793.900781779
3.75,1297,641401.4048068259
3.75,1298,198597.35703102592
3.75,1299,2948441.2297313483
3.75,1300,702832.1735472273
3.75,1301,500666.4543375702
3.75,1302,441433.638883541
3.75,1303,132928.11379457315
3.75,1304,564345.5913675453
3.75,1305,170513.56938806467
3.75,1306,969009.8601830853
3.75,1307,1123200.7499850355
3.75,1308,761691.873174456
3.75,1309,224596.36695718404
3.75,1310,689418.3229707963
3.75,1311,187558.8700651829
3.75,1312,664611.372814121
3.75,1313,1111084.4831093526
3.75,1314,570045.4907399782
3.75,1315,948009.7128164317
3.75,1316,834451.652533182
3.75,1317,892332.5794053985
3.75,1318,701457.0386437352
3.75,1319,243417.96814391387
3.75,1320,605520.9483903754
3.75,1321,648823.3028087373
3.75,1322,382787.44665778073
3.75,1323,200625.28006099685
3.75,1324,894433.1404170506
3.75,1325,1284253.9483413054
3.75,1326,339949.3639904766
3.75,1327,1014906.3139863119
3.75,1328,263617.82684194564
3.75,1329,1094641.8778785127
3.75,1330,1301591.0771114044
3.75,1331,771183.2006049143
3.75,1332,401271.1190366086
3.75,1333,863173.5848806277
3.75,1334,1470352.8709261464
3.75,1335,442216.25704809243
3.75,1336,638319.0032481959
3.75,1337,224622.57821935153
3.75,1338,238283.97551588083
3.75,1339,309363.0958752738
3.75,1340,234829.81588118317
3.75,1341,502958.42800740973
3.75,1342,1426710.6864328417
3.75,1343,271315.23102768714
3.75,1344,982396.0778933225
3.75,1345,768043.3261230385
3.75,1346,653938.0410379355
3.75,1347,1069036.453057107
3.75,1348,845312.8477517255
3.75,1349,388252.40922158834
3.75,1350,376777.75080672937
3.75,1351,808851.8815254411
3.75,1352,618470.3092121644
3.75,1353,439377.9942063483
3.75,1354,1197923.348401824
3.75,1355,119046.4350594922
3.75,1356,240659.42609415136
3.75,1357,165515.91343204997
3.75,1358,997261.8879890695
3.75,1359,279530.8076107761
3.75,1360,743475.0890914758
3.75,1361,214085.79618846436
3.75,1362,2739800.364332541
3.75,1363,212885.53332571514
3.75,1364,671684.599300788
3.75,1365,767401.3234062284
3.75,1366,512047.21216087905
3.75,1367,114797.59303068639
3.75,1368,505635.61320473277
3.75,1369,460248.44954761444
3.75,1370,109205.5595744694
3.75,1371,998016.5332166774
3.75,1372,388977.1890199251
3.75,1373,336297.9290946988
3.75,1374,482733.32890869677
3.75,1375,668465.3519362401
3.75,1376,506428.0072551761
3.75,1377,365769.18267140933
3.75,1378,411344.893756963
3.75,1379,275547.40257092554
3.75,1380,633501.408912123
3.75,1381,354768.174573811
3.75,1382,200027.30353126107
3.75,1383,164116.7739697541
3.75,1384,436032.9334205984
3.75,1385,827830.9187419808
3.75,1386,862973.9156202925
3.75,1387,98575.25582201473
3.75,1388,331812.2402158283
3.75,1389,928783.7232868291
3.75,1390,687520.1927758725
3.75,1391,911856.8396747179
3.75,1392,658252.0409742328
3.75,1393,229166.06192325026
3.75,1394,821732.5294122921
3.75,1395,124391.52508087583
3.75,1396,492298.2972761222
3.75,1397,698682.8634215595
3.75,1398,143833.6188472253
3.75,1399,352124.68618551374
3.75,1400,537742.3159538814
3.75,1401,195301.11773141124
3.75,1402,232652.52388108004
3.75,1403,741505.9316656768
3.75,1404,437522.6439051719
3.75,1405,328870.0869503075
3.75,1406,841713.0557921814
3.75,1407,217287.10406632267
3.75,1408,779198.3762807675
3.75,1409,1230466.4585806697
3.75,1410,446015.715532806
3.75,1411,1995960.2616897437
3.75,1412,921766.7309941996
3.75,1413,1604090.1571712168
3.75,1414,909320.0224673762
3.75,1415,107948.06997602442
3.75,1416,425405.0979583224
3.75,1417,714734.1358467392
3.75,1418,885642.5580904447
3.75,1419,731284.3230424742
3.75,1420,800358.9379430752
3.75,1421,628832.1676153783
3.75,1422,672874.4873402498
3.75,1423,202488.36420716066
3.75,1424,111344.06886635175
3.75,1425,322102.306522955
3.75,1426,310911.6787671586
3.75,1427,261225.8222017669
3.75,1428,268873.5669947956
3.75,1429,538776.2223761777
3.75,1430,257095.02779690918
3.75,1431,209064.23636385292
3.75,1432,641250.4041991476
3.75,1433,942827.3134252352
3.75,1434,627066.7326023116
3.75,1435,877691.2067687395
3.75,1436,287753.44514576934
3.75,1437,1257942.7429998126
3.75,1438,332341.55375782633
3.75,1439,503249.6331556988
3.75,1440,151441.12386177605
3.75,1441,776657.8848109536
3.75,1442,265986.2227386848
3.75,1443,155535.04313507088
3.75,1444,1785552.8348894664
3.75,1445,1033539.8184462552
3.75,1446,556707.2084326616
3.75,1447,281417.80679241073
3.75,1448,344162.93607676704
3.75,1449,398881.58243625506
3.75,1450,1291094.9811574747
3.75,1451,693684.3567560348
3.75,1452,571510.7232147945
3.75,1453,1257906.4298406057
3.75,1454,2073025.4335090504
3.75,1455,307068.05132672656
3.75,1456,136104.24897413896
3.75,1457,951744.8003872073
3.75,1458,1153333.7721997702
3.75,1459,1819411.6944605943
3.75,1460,596366.8279940237
3.75,1461,685865.3745632147
3.75,1462,2058267.125484568
3.75,1463,350585.8740898946
3.75,1464,746792.5220300569
3.75,1465,868101.1008908601
3.75,1466,2566649.5457663187
3.75,1467,596719.8394132835
3.75,1468,228815.32902958093
3.75,1469,144198.38354280233
3.75,1470,478613.60203656374
3.75,1471,709999.5082482665
3.75,1472,213790.45242314044
3.75,1473,859572.6865530324
3.75,1474,952863.3417096208
3.75,1475,1044328.3171463036
3.75,1476,359670.4534882006
3.75,1477,1432480.2881794723
3.75,1478,621887.8328445379
3.75,1479,955565.7400475888
3.75,1480,1097895.1300450375
3.75,1481,136267.59238006893
3.75,1482,112621.08183160695
3.75,1483,843484.2191474887
3.75,1484,202970.22162777197
3.75,1485,658281.4984594766
3.75,1486,814785.0382215668
3.75,1487,908277.6061089534
3.75,1488,1620804.182885604
3.75,1489,984308.2842963148
3.75,1490,550432.1897243097
3.75,1491,1025086.7095970417
3.75,1492,454520.12334919773
3.75,1493,102288.12388773586
3.75,1494,1158439.870858184
3.75,1495,532532.9112811938
3.75,1496,412730.1483665082
3.75,1497,413555.10539966694
3.75,1498,126202.79730157294
3.75,1499,508001.0251963557
3.75,1500,115833.15593157659
3.75,1501,1238056.7238857117
3.75,1502,596203.8186003627
3.75,1503,227607.2603061889
3.75,1504,960337.9754048733
3.75,1505,130378.82998535449
3.75,1506,399424.280066418
3.75,1507,372587.1705496779
3.75,1508,141461.73591198935
3.75,1509,396716.21810701216
3.75,1510,496190.42723947763
3.75,1511,2633933.105454644
3.75,1512,139963.4995752804
3.75,1513,2429422.305859191
3.75,1514,2832170.099275626
3.75,1515,327936.9296723464
3.75,1516,276920.5593590521
3.75,1517,559928.464916071
3.75,1518,858494.6817192044
3.75,1519,670555.455953461
3.75,1520,181741.71350204604
3.75,1521,498255.01994804345
3.75,1522,332913.87393007
3.75,1523,864894.7037407493
3.75,1524,870431.9576700832
3.75,1525,555508.7088660315
3.75,1526,1177778.662514016
3.75,1527,1275347.9623295714
3.75,1528,107063.07452215374
3.75,1529,194469.49611684665
3.75,1530,117060.79415426023
3.75,1531,547105.6890460234
3.75,1532,601232.3908146799
3.75,1533,282928.538667456
3.75,1534,343824.56523135625
3.75,1535,206773.7674787854
3.75,1536,4539273.416469518
3.75,1537,366987.95639422134
3.75,1538,363276.72480906005
3.75,1539,668594.1390270379
3.75,1540,169616.14546949582
3.75,1541,104403.65418695197
3.75,1542,759811.3057890818
3.75,1543,1975775.5687246704
3.75,1544,916978.2536744929
3.75,1545,361563.71331584087
3.75,1546,928270.3140614412
3.75,1547,958758.4459271363
3.75,1548,1132936.0608122118
3.75,1549,942763.7853940957
3.75,1550,108262.07113967999
3.75,1551,224649.91900233336
3.75,1552,199032.4729789565
3.75,1553,109455.64710519579
3.75,1554,344822.2703655121
3.75,1555,797467.3012102633
3.75,1556,702293.0520022983
3.75,1557,406805.69980437896
3.75,1558,634933.9145280694
3.75,1559,438469.21525219665
3.75,1560,131080.165882759
3.75,1561,545010.4492362149
3.75,1562,3328899.745053623
3.75,1563,596279.4427677084
3.75,1564,1653146.7447169567
3.75,1565,268915.3415003395
3.75,1566,814677.8695564483
3.75,1567,152420.94113415433
3.75,1568,115696.42228832167
3.75,1569,253464.6347497993
3.75,1570,487389.7765187329
3.75,1571,3359629.610797181
3.75,1572,234802.90898670477
3.75,1573,490455.5105277336
3.75,1574,933779.262541171
3.75,1575,863105.0389406728
3.75,1576,711603.8847322627
3.75,1577,172636.7869842726
3.75,1578,264474.89905617764
3.75,1579,631945.0543098629
3.75,1580,140626.23250587145
3.75,1581,256773.51527712424
3.75,1582,728231.0786004678
3.75,1583,684543.9205686
3.75,1584,241582.5796686925
3.75,1585,250989.09558941118
3.75,1586,1596053.367013546
3.75,1587,623820.6563310883
3.75,1588,752521.6517081045
3.75,1589,853571.4667699223
3.75,1590,412623.7504598973
3.75,1591,307116.56303649006
3.75,1592,658697.5940551043
3.75,1593,227115.42758549307
3.75,1594,1021100.1561704348
3.75,1595,357336.0578086013
3.75,1596,190252.5569998724
3.75,1597,266193.95060711383
3.75,1598,649530.6246865363
3.75,1599,721651.8249486784
3.75,1600,498543.22135291144
3.75,1601,1537249.3585906262
3.75,1602,336873.1053804347
3.75,1603,330681.5514240259
3.75,1604,628633.4909672848
3.75,1605,642842.4433202452
3.75,1606,429536.23692750075
3.75,1607,859664.2208140603
3.75,1608,116238.86182751377
3.75,1609,264855.88129394944
3.75,1610,722875.0026543471
3.75,1611,400813.01052858145
3.75,1612,220119.7222696316
3.75,1613,936175.73076174
3.75,1614,280654.4563400175
3.75,1615,497764.0533372584
3.75,1616,111966.91185952735
3.75,1617,576179.1475512922
3.75,1618,1165341.52059522
3.75,1619,2235157.887863837
3.75,1620,581530.5986406303
3.75,1621,373511.95570107
3.75,1622,1217823.4166839356
3.75,1623,222875.74700681044
3.75,1624,811608.9963309489
3.75,1625,485158.72806417255
3.75,1626,1088710.054931604
3.75,1627,960404.0776265254
3.75,1628,539793.6082878312
3.75,1629,938219.8210554987
3.75,1630,611035.6991245328
3.75,1631,1246694.3821622762
3.75,1632,3295117.0233168006
3.75,1633,710855.812598338
3.75,1634,2676726.5825360212
3.75,1635,763446.789933903
3.75,1636,894449.404520382
3.75,1637,949278.062477834
3.75,1638,933332.0554524
3.75,1639,635932.3914377387
3.75,1640,475076.4467656033
3.75,1641,2226052.178177647
3.75,1642,360508.79720207263
3.75,1643,1473173.4629427758
3.75,1644,645562.1825890426
3.75,1645,502753.7274229731
3.75,1646,320218.3727109756
3.75,1647,912614.4364546293
3.75,1648,692818.5006370267
3.75,1649,1483101.1914909135
3.75,1650,666936.2659409456
3.75,1651,312144.8555384851
3.75,1652,891456.6327728024
3.75,1653,640873.046836209
3.75,1654,195543.14218753894
3.75,1655,99375.84414641639
3.75,1656,936769.6841436322
3.75,1657,743457.8394195967
3.75,1658,594100.3954225348
3.75,1659,1399046.7707668114
3.75,1660,201178.10486432858
3.75,1661,177977.57281550337
3.75,1662,290147.9787812089
3.75,1663,452679.831002048
3.75,1664,1176709.1427094971
3.75,1665,435315.61230478575
3.75,1666,291190.8139358453
3.75,1667,267983.5858580712
3.75,1668,1736223.3623973222
3.75,1669,406892.15248656215
3.75,1670,552861.572852254
3.75,1671,1598665.0659790866
3.75,1672,1224135.08001207
3.75,1673,579250.3913552682
3.75,1674,612104.403046017
3.75,1675,186722.44161100627
3.75,1676,1026441.1847987003
3.75,1677,938118.5106668575
3.75,1678,697411.5898088291
3.75,1679,128625.15653886241
3.75,1680,392413.21520015644
3.75,1681,470368.5256496039
3.75,1682,325017.70773857547
3.75,1683,320720.1899150431
3.75,1684,707936.0468994486
3.75,1685,335013.77234134794
3.75,1686,424738.11964976805
3.75,1687,118889.1634554548
3.75,1688,249564.0124394842
3.75,1689,708735.7439430258
3.75,1690,268984.9341693016
3.75,1691,1279115.6968155797
3.75,1692,167039.237551809
3.75,1693,1433190.9276734013
3.75,1694,142869.85535320037
3.75,1695,878086.3024805259
3.75,1696,217245.8711005615
3.75,1697,587926.4968076728
3.75,1698,1278339.4307543752
3.75,1699,398577.0159516389
3.75,1700,736048.2009593907
3.75,1701,1071408.743004323
3.75,1702,843608.0561968418
3.75,1703,1166650.6321338273
3.75,1704,1111184.8403161187
3.75,1705,518160.9113593153
3.75,1706,321243.764647105
3.75,1707,719292.5520408184
3.75,1708,1651669.3020131327
3.75,1709,541656.5048121611
3.75,1710,478089.8211917718
3.75,1711,1520436.1539165939
3.75,1712,429554.84233562433
3.75,1713,612725.3205867433
3.75,1714,2173801.9379998078
3.75,1715,609734.506993675
3.75,1716,753908.8364941176
3.75,1717,802052.5998558739
3.75,1718,816186.7880260374
3.75,1719,263003.0798942573
3.75,1720,138258.43980028285
3.75,1721,837807.1891537108
3.75,1722,844834.407779408
3.75,1723,193117.5466539168
3.75,1724,1936283.583260021
3.75,1725,337237.3497524434
3.75,1726,339180.3268921045
3.75,1727,127227.92905943742
3.75,1728,112399.59056682541
3.75,1729,664110.4557523117
3.75,1730,178481.931933136
3.75,1731,425232.8133434177
3.75,1732,1871974.3178507586
3.75,1733,134750.84112817253
3.75,1734,461366.7129793381
3.75,1735,193579.34332918
3.75,1736,813526.7778441643
3.75,1737,2026950.4994140319
3.75,1738,1485520.70273186
3.75,1739,257297.59651813123
3.75,1740,290099.66815629037
3.75,1741,670314.6382112382
3.75,1742,402319.51318584644
3.75,1743,533228.6984927941
3.75,1744,469834.0547181085
3.75,1745,176983.46966747957
3.75,1746,470714.0163816367
3.75,1747,1530645.6531299567
3.75,1748,217042.41330270172
3.75,1749,718764.3718464893
3.75,1750,1275834.48840549
3.75,1751,674053.9619961169
3.75,1752,987938.9487751445
3.75,1753,561365.8642201257
3.75,1754,489972.21389011457
3.75,1755,864809.9853412292
3.75,1756,1088414.6242945502
3.75,1757,459961.7255558591
3.75,1758,269883.7475046836
3.75,1759,248004.36934938538
3.75,1760,272443.2045059422
3.75,1761,506342.5153981743
3.75,1762,492814.0228751829
3.75,1763,396018.1682644853
3.75,1764,187050.41340485035
3.75,1765,987007.1734804988
3.75,1766,3480226.5223825895
3.75,1767,336883.896348672
3.75,1768,3500202.610582779
3.75,1769,142866.5890284413
3.75,1770,624585.4544735381
3.75,1771,145588.12381083381
3.75,1772,805338.8059853398
3.75,1773,611755.4104678701
3.75,1774,609384.3824608386
3.75,1775,1773082.5002379518
3.75,1776,169107.40249582278
3.75,1777,458072.16949835775
3.75,1778,310787.7416722923
3.75,1779,819946.4526362309
3.75,1780,320010.43333883176
3.75,1781,283744.96589944983
3.75,1782,1346089.0695073062
3.75,1783,438240.75886561564
3.75,1784,862914.747770859
3.75,1785,398177.6624675231
3.75,1786,685726.3200331198
3.75,1787,683447.0777550484
3.75,1788,503155.19430668437
3.75,1789,116124.09045212186
3.75,1790,824618.8400289678
3.75,1791,476755.0473089335
3.75,1792,292054.9236477398
3.75,1793,483608.1532111466
3.75,1794,136696.9528192413
3.75,1795,1012475.5607351962
3.75,1796,2992816.8360146633
3.75,1797,757793.9096898409
3.75,1798,720698.8283015329
3.75,1799,665739.2017600422
3.75,1800,341765.37357904576
3.75,1801,479176.6471475861
3.75,1802,631790.337359463
3.75,1803,684813.4122431977
3.75,1804,638329.4438840289
3.75,1805,952971.1607956871
3.75,1806,128308.41928476944
3.75,1807,785926.2346972561
3.75,1808,670555.3996457779
3.75,1809,1341709.7880619052
3.75,1810,446581.60073143186
3.75,1811,272479.75699741853
3.75,1812,185643.47443122047
3.75,1813,452829.2971461576
3.75,1814,251896.18639307335
3.75,1815,680648.1535758586
3.75,1816,593473.5614336045
3.75,1817,5386756.8934887545
3.75,1818,117643.2791585913
3.75,1819,394353.37649324274
3.75,1820,115267.17077796595
3.75,1821,210837.27068595437
3.75,1822,866367.6070087298
3.75,1823,308225.6615753784
3.75,1824,112304.36686901088
3.75,1825,719925.3022197263
3.75,1826,119459.11583411379
3.75,1827,344467.55274623964
3.75,1828,509222.53912826814
3.75,1829,352368.08417057723
3.75,1830,302476.3667485211
3.75,1831,1394862.7860842089
3.75,1832,765919.3675931661
3.75,1833,405707.64806218026
3.75,1834,928045.3555399956
3.75,1835,733385.291630434
3.75,1836,1104212.6405949148
3.75,1837,838311.5815553427
3.75,1838,1453753.7326276368
3.75,1839,461723.97205160005
3.75,1840,354484.5645297163
3.75,1841,2528673.026992121
3.75,1842,449959.22702515457
3.75,1843,231407.9009547676
3.75,1844,1290340.4093713884
3.75,1845,683917.6300499671
3.75,1846,498104.7082110013
3.75,1847,769696.9025446749
3.75,1848,814320.1774382235
3.75,1849,354680.6777086009
3.75,1850,1370133.621899606
3.75,1851,2226127.9517597766
3.75,1852,194039.08179667333
3.75,1853,1429152.862802449
3.75,1854,467746.0663136787
3.75,1855,680000.2475155579
3.75,1856,1323991.8907024486
3.75,1857,1845439.6908104876
3.75,1858,1068534.5076586886
3.75,1859,465773.6192637688
3.75,1860,263641.12271690246
3.75,1861,183286.16515343453
3.75,1862,337074.8270809282
3.75,1863,162356.55871350563
3.75,1864,268357.5661566903
3.75,1865,139352.33201123675
3.75,1866,431281.05771304504
3.75,1867,595878.63528194
3.75,1868,138230.31721291362
3.75,1869,690596.742127711
3.75,1870,109221.7517685104
3.75,1871,806895.3567533288
3.75,1872,526262.5626486003
3.75,1873,2599959.710213796
3.75,1874,608755.8982707883
3.75,1875,1122836.755201717
3.75,1876,99662.33392711909
3.75,1877,199731.3372550247
3.75,1878,776925.2011693465
3.75,1879,159505.4485939476
3.75,1880,653441.3871509837
3.75,1881,592212.9930016756
3.75,1882,1402870.7509474806
3.75,1883,370096.4159804512
3.75,1884,390807.198719827
3.75,1885,221342.5246418041
3.75,1886,1123815.0702376137
3.75,1887,437837.1204072365
3.75,1888,366982.7829762066
3.75,1889,927299.5241301882
3.75,1890,795679.0412292273
3.75,1891,724010.5997290601
3.75,1892,429138.6908355749
3.75,1893,399002.78532939183
3.75,1894,103274.23124038649
3.75,1895,1247345.6453325637
3.75,1896,704907.4192177673
3.75,1897,316141.22310106934
3.75,1898,700691.285270055
3.75,1899,429841.32618696406
3.75,1900,1641220.0868680272
3.75,1901,454030.22361894086
3.75,1902,432366.0089115781
3.75,1903,100013.10140470543
3.75,1904,726209.2269271977
3.75,1905,581377.0454048109
3.75,1906,510291.8541856863
3.75,1907,438960.5556367768
3.75,1908,787636.5751200862
3.75,1909,119779.12052208633
3.75,1910,549558.8722179148
3.75,1911,239345.87221836558
3.75,1912,1614443.4627150556
3.75,1913,107363.55147545479
3.75,1914,583877.2567925077
3.75,1915,1001871.4927478244
3.75,1916,368570.3103936062
3.75,1917,480870.1706534294
3.75,1918,134189.22389886455
3.75,1919,369380.67771392164
3.75,1920,1108776.4059911587
3.75,1921,442282.7470615151
3.75,1922,365507.5750736622
3.75,1923,335986.75870114844
3.75,1924,609645.8694063689
3.75,1925,774421.0103789928
3.75,1926,525118.751526265
3.75,1927,731836.6453986019
3.75,1928,693201.4060561698
3.75,1929,111748.33175238929
3.75,1930,866859.4419373916
3.75,1931,521259.3137000218
3.75,1932,200231.97466470976
3.75,1933,949644.0679630811
3.75,1934,435857.8533765055
3.75,1935,877994.8437590452
3.75,1936,126810.8488537767
3.75,1937,826353.7776074989
3.75,1938,271636.01594768936
3.75,1939,468246.7872608273
3.75,1940,920759.9411416447
3.75,1941,589453.6290155028
3.75,1942,393257.3744338927
3.75,1943,478471.14595670736
3.75,1944,754752.914128197
3.75,1945,698164.8238750296
3.75,1946,3915504.765160134
3.75,1947,117989.12144998758
3.75,1948,156494.84058517514
3.75,1949,275385.78043374064
3.75,1950,661052.2930443085
3.75,1951,809151.9587253886
3.75,1952,1206532.4247540962
3.75,1953,2693277.718553573
3.75,1954,216125.35183115955
3.75,1955,471820.8207425201
3.75,1956,333104.4612866765
3.75,1957,329079.7999908199
3.75,1958,401828.27734298015
3.75,1959,657950.688329232
3.75,1960,700419.9512757553
3.75,1961,418650.6033092247
3.75,1962,262605.08917096275
3.75,1963,172564.7041681433
3.75,1964,1059204.1191267343
3.75,1965,752584.5787209985
3.75,1966,372882.15665826405
3.75,1967,336861.3761991526
3.75,1968,240120.23136034768
3.75,1969,2387292.3950893874
3.75,1970,1259756.8681761953
3.75,1971,732023.106900603
3.75,1972,5024426.056487765
3.75,1973,512359.6803172189
3.75,1974,337652.9627730171
3.75,1975,1378445.6874399201
3.75,1976,416420.96717302705
3.75,1977,477447.12116908754
3.75,1978,274222.08755932347
3.75,1979,458423.17691059085
3.75,1980,711396.7195862152
3.75,1981,329551.7592206368
3.75,1982,2413072.9212747705
3.75,1983,167225.33624018487
3.75,1984,574149.319338521
3.75,1985,624333.927403853
3.75,1986,449608.7140340527
3.75,1987,2279590.7380204047
3.75,1988,327830.5752847802
3.75,1989,593756.7831813293
3.75,1990,1500086.506412015
3.75,1991,812698.0353183808
3.75,1992,733185.8064369576
3.75,1993,1597768.670270889
3.75,1994,298637.5108305839
3.75,1995,1023832.8643613755
3.75,1996,325279.5259371253
3.75,1997,1443374.3649607091
3.75,1998,511458.0479700218
3.75,1999,794668.8969101958
3.75,2000,845945.4535562333
3.75,2001,264914.5610629383
3.75,2002,361216.10827085207
3.75,2003,961669.5553178559
3.75,2004,697043.9433845992
3.75,2005,507079.8164162243
3.75,2006,290924.13135710196
3.75,2007,450290.8649373832
3.75,2008,178508.8269019028
3.75,2009,379093.6005281431
3.75,2010,436329.65247285273
3.75,2011,378761.94961512374
3.75,2012,822944.8967361292
3.75,2013,421261.23140482605
3.75,2014,893361.9730013553
3.75,2015,784377.5755042387
3.75,2016,1515871.8412819759
3.75,2017,733664.5365946548
3.75,2018,135490.21876619675
3.75,2019,105885.75654644356
3.75,2020,585208.4875207351
3.75,2021,361176.8436524847
3.75,2022,105210.30964462011
3.75,2023,732239.6414983377
3.75,2024,546286.9498432138
3.75,2025,451627.7271210506
3.75,2026,638125.8989371666
3.75,2027,696735.0741010361
3.75,2028,529368.6073101728
3.75,2029,264597.8612928837
3.75,2030,2156448.5597464414
3.75,2031,787518.9374510156
3.75,2032,381292.7216399343
3.75,2033,363569.56565326615
3.75,2034,657658.004730257
3.75,2035,553177.2506566062
3.75,2036,234274.77068092866
3.75,2037,302730.4204385595
3.75,2038,463579.1576382836
3.75,2039,270198.10638948355
3.75,2040,258067.59273726636
3.75,2041,201783.82804421056
3.75,2042,795344.0834044521
3.75,2043,798181.0676801776
3.75,2044,700209.8300197646
3.75,2045,557381.6851501088
3.75,2046,686636.6640009996
3.75,2047,1695652.3192341088
3.75,2048,192924.69898234523
3.75,2049,2107140.836702285
3.75,2050,1040968.0958893716
3.75,2051,935842.7742904257
3.75,2052,542862.8717126236
3.75,2053,1107448.904449351
3.75,2054,690545.3423805258
3.75,2055,373244.132374749
3.75,2056,1444089.0790770308
3.75,2057,1505844.5139321685
3.75,2058,232331.11595199502
3.75,2059,379566.3409795859
3.75,2060,1561016.6201337348
3.75,2061,690974.4515784669
3.75,2062,1130663.1565357917
3.75,2063,486350.7243416676
3.75,2064,150531.03049987636
3.75,2065,818623.3427124581
3.75,2066,323022.4216346167
3.75,2067,301415.7269951895
3.75,2068,97535.97236585143
3.75,2069,855378.8225915807
3.75,2070,364091.7651374101
3.75,2071,1146693.1294992664
3.75,2072,314908.31740824727
3.75,2073,1077408.9739420963
3.75,2074,582531.9252403035
3.75,2075,228219.740840363
3.75,2076,543160.7599394936
3.75,2077,688964.9068720924
3.75,2078,114842.2387137963
3.75,2079,4391859.127338198
3.75,2080,823346.7342148453
3.75,2081,416139.70640358794
3.75,2082,330162.0868829376
3.75,2083,210309.62818836595
3.75,2084,607371.8859354705
3.75,2085,1068361.9783060872
3.75,2086,1236548.301201392
3.75,2087,164781.5730042587
3.75,2088,3573938.598421894
3.75,2089,704928.7659430477
3.75,2090,5002770.350570039
3.75,2091,829000.9541011034
3.75,2092,515664.4381441816
3.75,2093,495176.5775029291
3.75,2094,112962.75283423951
3.75,2095,634743.8564084099
3.75,2096,777081.8810398607
3.75,2097,3759260.0473678536
3.75,2098,622657.8719884875
3.75,2099,545516.1917163356
3.75,2100,469353.9122713089
3.75,2101,461651.8353090859
3.75,2102,355970.16604103334
3.75,2103,952777.7480610949
3.75,2104,211622.22498433915
3.75,2105,778729.3452573186
3.75,2106,672578.541832618
3.75,2107,1332062.7908814938
3.75,2108,503767.3921301075
3.75,2109,1534856.2872260557
3.75,2110,120242.98114510466
3.75,2111,148842.13939218086
3.75,2112,296792.02590867685
3.75,2113,508023.1247929789
3.75,2114,278016.20352335385
3.75,2115,982203.0849670535
3.75,2116,3544860.159618295
3.75,2117,709740.33623875
3.75,2118,1271942.1900700491
3.75,2119,352960.91421507165
3.75,2120,268717.1108479131
3.75,2121,543158.6888261
3.75,2122,433578.0537297418
3.75,2123,473055.88037735334
3.75,2124,548569.8451624174
3.75,2125,1225790.7547643033
3.75,2126,1023630.5185023779
3.75,2127,366704.9662022806
3.75,2128,1046820.7756950604
3.75,2129,493371.4150977778
3.75,2130,865038.9466279115
3.75,2131,102524.00572031009
3.75,2132,2415092.3515737704
3.75,2133,1550854.233565237
3.75,2134,630642.2628018863
3.75,2135,893977.9944862971
3.75,2136,927612.4317570068
3.75,2137,353647.93996533664
3.75,2138,407100.84166885563
3.75,2139,2707134.2301456723
3.75,2140,100570.75617785183
3.75,2141,103821.86087439168
3.75,2142,311783.43092431757
3.75,2143,858827.4237994712
3.75,2144,237854.37262469844
3.75,2145,481920.7226609398
3.75,2146,386103.7910700381
3.75,2147,330999.8062091086
3.75,2148,133525.4939479216
3.75,2149,641141.9457028761
3.75,2150,809768.0187454442
3.75,2151,2201140.940063462
3.75,2152,1341065.4147940201
3.75,2153,280214.9983812073
3.75,2154,111484.89008239727
3.75,2155,719897.0137142702
3.75,2156,857093.028874878
3.75,2157,2013838.0980575685
3.75,2158,447822.0020162582
3.75,2159,347707.0736616184
3.75,2160,173997.04792300242
3.75,2161,308417.08311294403
3.75,2162,712218.4653013044
3.75,2163,694169.5572612955
3.75,2164,720705.0875105509
3.75,2165,412972.78930473607
3.75,2166,1037872.5969401039
3.75,2167,105075.3904311353
3.75,2168,407097.51335726574
3.75,2169,372430.51018607005
3.75,2170,468362.66933445144
3.75,2171,194600.49874770097
3.75,2172,812615.5324314197
3.75,2173,805270.056441078
3.75,2174,1446299.453859261
3.75,2175,469142.5726021506
3.75,2176,462887.0204420096
3.75,2177,367291.01000372524
3.75,2178,845001.3254334333
3.75,2179,605608.9086030425
3.75,2180,142413.81565588433
3.75,2181,1183137.6618688335
3.75,2182,682216.3771776642
3.75,2183,506983.00665152876
3.75,2184,458629.06870150904
3.75,2185,563240.2268846042
3.75,2186,244651.56122493092
3.75,2187,271643.10855542077
3.75,2188,284249.50917331106
3.75,2189,504505.3158015099
3.75,2190,1142258.1584939295
3.75,2191,766805.1222978234
3.75,2192,1383925.3667706794
3.75,2193,647864.1043209138
3.75,2194,1944236.9136033757
3.75,2195,1077521.6967148858
3.75,2196,104780.62843503818
3.75,2197,353872.0386542079
3.75,2198,233633.57205698016
3.75,2199,559774.1414209434
3.75,2200,163314.9792543226
3.75,2201,938760.8934839652
3.75,2202,109048.55878421431
3.75,2203,161363.7604203071
3.75,2204,334050.9626534033
3.75,2205,259981.33071544566
3.75,2206,2740922.795705835
3.75,2207,854518.3111384944
3.75,2208,1008330.5467822043
3.75,2209,315025.7412018698
3.75,2210,372144.7909662345
3.75,2211,111713.94992253606
3.75,2212,151385.997564411
3.75,2213,552008.1352341652
3.75,2214,916902.7865343497
3.75,2215,432246.7876070126
3.75,2216,404811.92358783056
3.75,2217,634948.2017960318
3.75,2218,114981.5210855605
3.75,2219,1592180.8725708788
3.75,2220,209955.51081694342
3.75,2221,167081.26440772574
3.75,2222,1327341.4010560862
3.75,2223,197480.01977076544
3.75,2224,591645.2780964823
3.75,2225,692089.6313451009
3.75,2226,525597.7603418574
3.75,2227,409435.04930625664
3.75,2228,699349.7592515197
3.75,2229,430388.62923184846
3.75,2230,843316.3621630146
3.75,2231,393949.4227096127
3.75,2232,358714.5832812272
3.75,2233,107883.88806407625
3.75,2234,618200.3618913637
3.75,2235,359360.37234709505
3.75,2236,305239.13283375587
3.75,2237,327938.12042924116
3.75,2238,368822.53431962774
3.75,2239,279585.18396213715
3.75,2240,769887.2693937827
3.75,2241,1304384.6081760372
3.75,2242,341302.4742485632
3.75,2243,121747.99511027984
3.75,2244,117564.28205907956
3.75,2245,648574.8094372648
3.75,2246,98814.97930129644
3.75,2247,607417.8130804307
3.75,2248,127780.09361897776
3.75,2249,249303.54236848123
3.75,2250,174151.81651932787
3.75,2251,283048.7045565204
3.75,2252,163118.97026481532
3.75,2253,1171625.8275681534
3.75,2254,258257.88118307685
3.75,2255,120077.17698980222
3.75,2256,203665.3905061332
3.75,2257,331448.8057808887
3.75,2258,335758.29195715766
3.75,2259,884609.01561733
3.75,2260,640413.6952346015
3.75,2261,138579.16706729762
3.75,2262,543708.5919270624
3.75,2263,1256235.111391038
3.75,2264,400374.70364757744
3.75,2265,342273.07746664726
3.75,2266,785281.19379463
3.75,2267,3045997.0111773973
3.75,2268,1972490.7426391558
3.75,2269,749898.6448070344
3.75,2270,248613.28311227864
3.75,2271,1294864.6170857507
3.75,2272,277100.7817184973
3.75,2273,820064.5457812164
3.75,2274,629963.699799039
3.75,2275,158057.6864582666
3.75,2276,350683.423546753
3.75,2277,310471.13763544185
3.75,2278,1370670.7019225864
3.75,2279,678716.679264293
3.75,2280,386442.92320085346
3.75,2281,245790.5468320168
3.75,2282,1034664.3912307771
3.75,2283,609124.4287038016
3.75,2284,817869.6158943855
3.75,2285,810316.2702113607
3.75,2286,792140.0338872151
3.75,2287,510398.0729753896
3.75,2288,558850.0431883195
3.75,2289,252884.3331212366
3.75,2290,109578.42295886608
3.75,2291,171719.1123240147
3.75,2292,1849928.726328263
3.75,2293,143470.0397064406
3.75,2294,2210143.041169306
3.75,2295,829518.2946925034
3.75,2296,195600.04893027712
3.75,2297,788456.4034568532
3.75,2298,564129.4781738445
3.75,2299,638184.9063885722
3.75,2300,447146.52611055836
3.75,2301,208580.23199397582
3.75,2302,599014.8568324272
3.75,2303,1725471.9817997366
3.75,2304,579081.2250060457
3.75,2305,521366.6279433558
3.75,2306,113878.72029872375
3.75,2307,387568.3258425999
3.75,2308,277695.0897539363
3.75,2309,612588.8595938096
3.75,2310,191502.96172543237
3.75,2311,302665.2312213368
3.75,2312,667699.5035808871
3.75,2313,3914960.9634255655
3.75,2314,974727.0649877549
3.75,2315,225217.9068449209
3.75,2316,950521.1834054245
3.75,2317,259182.65160016247
3.75,2318,153978.6952261906
3.75,2319,622992.637553044
3.75,2320,814717.3514943763
3.75,2321,1279012.7261470142
3.75,2322,140577.2194249208
3.75,2323,594550.5864535294
3.75,2324,301000.979523931
3.75,2325,107282.06405441338
3.75,2326,589741.6752928065
3.75,2327,2045662.5438910136
3.75,2328,1072551.4640750955
3.75,2329,281121.9278108269
3.75,2330,579781.9720087157
3.75,2331,575790.7978436232
3.75,2332,282952.0277625572
3.75,2333,1276680.173863632
3.75,2334,113223.32848706207
3.75,2335,106564.67300776704
3.75,2336,611869.4932953368
3.75,2337,163217.29314262097
3.75,2338,471593.05825283506
3.75,2339,584926.0776483442
3.75,2340,291062.7257827835
3.75,2341,281803.49913612095
3.75,2342,2278513.3920518123
3.75,2343,325946.0243252124
3.75,2344,2760504.1931690667
3.75,2345,1970433.392723827
3.75,2346,583245.1065216365
3.75,2347,362174.69178158516
3.75,2348,1286178.7791289529
3.75,2349,643820.6829949588
3.75,2350,1169938.087366723
3.75,2351,1132315.197440403
3.75,2352,809631.8298738674
3.75,2353,582112.2390339251
3.75,2354,142488.97499832927
3.75,2355,1232054.7621077602
3.75,2356,158288.33471979637
3.75,2357,491578.7793821549
3.75,2358,146912.28851037574
3.75,2359,204329.1261155239
3.75,2360,459049.9522893368
3.75,2361,3054851.6557953316
3.75,2362,530421.7559319662
3.75,2363,651196.142842336
3.75,2364,1612086.103119743
3.75,2365,343786.60873096855
3.75,2366,134884.45198486486
3.75,2367,159045.52723416287
3.75,2368,1698841.2750561158
3.75,2369,457488.51530907745
3.75,2370,488238.4511643764
3.75,2371,652975.371325423
3.75,2372,149232.56472912233
3.75,2373,1147136.853554261
3.75,2374,672175.2621104146
3.75,2375,730755.378492165
3.75,2376,1968976.5842871568
3.75,2377,2041994.3534845416
3.75,2378,2388936.8294933187
3.75,2379,2064275.357187831
3.75,2380,768615.7572807388
3.75,2381,330468.161991194
3.75,2382,2754608.0322779287
3.75,2383,173892.63702470792
3.75,2384,567092.8881626062
3.75,2385,127109.64602270749
3.75,2386,1025347.3336533287
3.75,2387,733728.766685762
3.75,2388,255651.85135154572
3.75,2389,394610.4121430721
3.75,2390,328167.43526361993
3.75,2391,340145.73894744104
3.75,2392,793553.6871768777
3.75,2393,110792.29388207712
3.75,2394,571385.5884373356
3.75,2395,114735.39716937486
3.75,2396,302213.419045087
3.75,2397,1353742.5301392688
3.75,2398,727599.4772522536
3.75,2399,491246.50352033396
3.75,2400,2031123.9066098942
3.75,2401,571126.1290501995
3.75,2402,363525.51487196627
3.75,2403,769197.0539288818
3.75,2404,615169.167348854
3.75,2405,745145.260666244
3.75,2406,1024562.9352181297
3.75,2407,961663.3182322861
3.75,2408,289218.648380111
3.75,2409,629696.0284327798
3.75,2410,507917.83577379596
3.75,2411,129223.98204246176
3.75,2412,139415.21122468464
3.75,2413,908037.0399786804
3.75,2414,1052845.2435801893
3.75,2415,210929.86725164021
3.75,2416,776768.130402749
3.75,2417,645022.778696715
3.75,2418,1373023.0031239842
3.75,2419,2410602.08600107
3.75,2420,174151.9039573418
3.75,2421,186409.20233004453
3.75,2422,514182.62686834694
3.75,2423,649563.0874441615
3.75,2424,613713.9285917447
3.75,2425,365034.2769143286
3.75,2426,510804.7312597622
3.75,2427,237053.9043935138
3.75,2428,264358.4255637713
3.75,2429,1644026.8094251235
3.75,2430,224788.6156864104
3.75,2431,216847.8411932096
3.75,2432,297933.13910556486
3.75,2433,607932.4589741428
3.75,2434,1140636.6424433806
3.75,2435,535425.7199575199
3.75,2436,354386.35269094823
3.75,2437,715505.6336506979
3.75,2438,373569.79184205114
3.75,2439,98558.7525026857
3.75,2440,459996.4590982085
3.75,2441,308935.4046954992
3.75,2442,639499.2813879285
3.75,2443,326664.3602664637
3.75,2444,146675.2173324523
3.75,2445,487993.0942053376
3.75,2446,993538.5469820169
3.75,2447,214726.79433911567
3.75,2448,568447.8157772474
3.75,2449,103662.13336022451
3.75,2450,341746.7195436336
3.75,2451,1428368.974008728
3.75,2452,504189.332855633
3.75,2453,634966.4672849001
3.75,2454,720946.535235512
3.75,2455,253216.2101314875
3.75,2456,106333.41182764822
3.75,2457,104061.89042829278
3.75,2458,975157.8342322265
3.75,2459,628144.0041933303
3.75,2460,450064.90924875357
3.75,2461,188493.69688653876
3.75,2462,647737.7908638748
3.75,2463,403036.99854439416
3.75,2464,327213.3732559063
3.75,2465,412473.87845812953
3.75,2466,1777783.6405497105
3.75,2467,182473.10362909283
3.75,2468,290205.2019149595
3.75,2469,1510656.4308250374
3.75,2470,425678.9939901337
3.75,2471,648151.9465889349
3.75,2472,194097.916170676
3.75,2473,655250.5656600595
3.75,2474,101169.60986978549
3.75,2475,569359.5409999711
3.75,2476,1916047.6147865853
3.75,2477,312144.56645137776
3.75,2478,390029.39522061445
3.75,2479,250935.29188171786
3.75,2480,838216.8932187284
3.75,2481,1164374.707960579
3.75,2482,985129.1784074389
3.75,2483,334254.0002849959
3.75,2484,512133.7733959397
3.75,2485,1112615.3580907157
3.75,2486,172111.83613564746
3.75,2487,1301317.70937036
3.75,2488,896526.1112778041
3.75,2489,1659872.7612220417
3.75,2490,1065176.3843872698
3.75,2491,666327.4599188457
3.75,2492,1030136.9070219558
3.75,2493,496398.4221678702
3.75,2494,1073965.5594297666
3.75,2495,743338.4758647848
3.75,2496,4776721.3738321215
3.75,2497,594957.4656648751
3.75,2498,119807.41730778101
3.75,2499,904725.375500202
3.75,2500,876874.3024186608
3.75,2501,166060.5067100149
3.75,2502,542296.7750464494
3.75,2503,1919506.6817299933
3.75,2504,726937.3874776058
3.75,2505,1436176.6502603707
3.75,2506,485646.4535081334
3.75,2507,301158.91880984994
3.75,2508,243286.6751704693
3.75,2509,693117.9227303413
3.75,2510,101558.52132211151
3.75,2511,873584.6074629831
3.75,2512,3277765.8900928465
3.75,2513,773816.7736462941
3.75,2514,502394.9674954023
3.75,2515,679559.5413059018
3.75,2516,547347.6264126154
3.75,2517,295013.12180897273
3.75,2518,853282.7111942151
3.75,2519,1139603.2825278048
3.75,2520,364313.37649936177
3.75,2521,1015570.4845456561
3.75,2522,685697.437793234
3.75,2523,1510551.4397884775
3.75,2524,276217.22976823
3.75,2525,1051899.4693040787
3.75,2526,117580.18170964856
3.75,2527,201197.12879280993
3.75,2528,734726.171606015
3.75,2529,161115.19831032288
3.75,2530,482219.3424633633
3.75,2531,210982.10344609513
3.75,2532,579513.1762653424
3.75,2533,704384.4539905018
3.75,2534,830240.807895373
3.75,2535,247037.6267299712
3.75,2536,2697287.319359288
3.75,2537,284900.63723832055
3.75,2538,154738.56483142506
3.75,2539,191206.442248604
3.75,2540,1042571.8853327096
3.75,2541,1074274.966235287
3.75,2542,114608.58861896225
3.75,2543,509233.511889068
3.75,2544,900135.0641100608
3.75,2545,1020866.2561749404
3.75,2546,1107015.8553649003
3.75,2547,264647.8464137009
3.75,2548,533282.256806043
3.75,2549,662750.144318289
3.75,2550,381609.962446327
3.75,2551,119003.39756449469
3.75,2552,320272.6238657164
3.75,2553,798974.9252298586
3.75,2554,118479.49320808268
3.75,2555,400615.1473058664
3.75,2556,100734.79417876348
3.75,2557,498675.07290127873
3.75,2558,222733.89177968696
3.75,2559,335926.5822889436
3.75,2560,604254.8611020029
3.75,2561,287877.3209258234
3.75,2562,177301.99063087843
3.75,2563,328504.66845009837
3.75,2564,190844.24003617026
3.75,2565,293845.20254634164
3.75,2566,451092.462434125
3.75,2567,296261.6446158056
3.75,2568,997198.791265125
3.75,2569,1141487.3068586756
3.75,2570,214112.64204773156
3.75,2571,452448.15235654684
3.75,2572,1027595.2941258887
3.75,2573,706538.628604918
3.75,2574,131198.83293279618
3.75,2575,838345.587635261
3.75,2576,731858.2366660426
3.75,2577,504409.53367346385
3.75,2578,686376.9693264918
3.75,2579,650926.7741560196
3.75,2580,655353.6489752451
3.75,2581,263579.08372651844
3.75,2582,1016612.0646032009
3.75,2583,1799930.5276601806
3.75,2584,369899.25087489653
3.75,2585,449016.0090843745
3.75,2586,1498882.310911125
3.75,2587,447791.6427262338
3.75,2588,1775040.7874679426
3.75,2589,222036.59837414764
3.75,2590,817116.5299947225
3.75,2591,102374.0101236295
3.75,2592,1314193.8875153249
3.75,2593,493221.2626544753
3.75,2594,486167.6823117292
3.75,2595,577197.7310627871
3.75,2596,312692.66575707804
3.75,2597,227652.2533369638
3.75,2598,114660.811074834
3.75,2599,456881.36087837233
3.75,2600,370198.009214667
3.75,2601,289990.9762601988
3.75,2602,126422.60724124887
3.75,2603,1288910.4529972544
3.75,2604,646974.8048571902
3.75,2605,288820.59075215046
3.75,2606,190163.52690018667
3.75,2607,378128.58096676396
3.75,2608,270961.5970702461
3.75,2609,226453.6559253582
3.75,2610,525841.8707012369
3.75,2611,237132.24538633306
3.75,2612,114283.80903856311
3.75,2613,787708.8514480621
3.75,2614,348869.8561058911
3.75,2615,431943.48103221745
3.75,2616,514218.44099270314
3.75,2617,589138.0206401638
3.75,2618,122481.41131897172
3.75,2619,761537.6349433395
3.75,2620,711794.4636500234
3.75,2621,840381.1017414512
3.75,2622,171255.23829838765
3.75,2623,348227.0386237993
3.75,2624,1996408.8315590895
3.75,2625,1952951.9010863875
3.75,2626,973599.6630003555
3.75,2627,996423.858647762
3.75,2628,1006593.8273281866
3.75,2629,358159.52294035413
3.75,2630,697961.8367204759
3.75,2631,180889.6413890814
3.75,2632,263597.86430382554
3.75,2633,775908.8251098342
3.75,2634,1030018.3176457258
3.75,2635,189908.20463728407
3.75,2636,355473.0084687682
3.75,2637,187360.29803506195
3.75,2638,578915.130618549
3.75,2639,467172.3757675865
3.75,2640,104681.43307237138
3.75,2641,945350.5164397244
3.75,2642,169472.2936610187
3.75,2643,536510.4687484554
3.75,2644,322233.95899735804
3.75,2645,552876.5595653068
3.75,2646,599153.2600031331
3.75,2647,563571.2636713705
3.75,2648,185782.04095393015
3.75,2649,424245.4374206922
3.75,2650,2936226.76943538
3.75,2651,2397786.645133031
3.75,2652,164859.8865583853
3.75,2653,430084.91001501126
3.75,2654,701858.693751686
3.75,2655,1305837.3752152524
3.75,2656,1878132.5555651796
3.75,2657,539483.7850853552
3.75,2658,437180.6103215683
3.75,2659,122579.10296965927
3.75,2660,483293.4305332659
3.75,2661,230168.93318973552
3.75,2662,1378019.8909352468
3.75,2663,114678.3680004096
3.75,2664,497619.1726146214
3.75,2665,253603.56731236656
3.75,2666,831462.236424165
3.75,2667,1690563.410925412
3.75,2668,228797.238215267
3.75,2669,460813.6012658842
3.75,2670,440426.43159937556
3.75,2671,132662.80611078875
3.75,2672,362243.3521753429
3.75,2673,189913.12229138004
3.75,2674,904558.782514722
3.75,2675,653914.5667758044
3.75,2676,1091877.6712272507
3.75,2677,606491.8461780329
3.75,2678,396523.36249923066
3.75,2679,360078.6000408317
3.75,2680,463594.25988568517
3.75,2681,138459.15084508248
3.75,2682,1160526.930898141
3.75,2683,589952.5738575328
3.75,2684,929287.544671466
3.75,2685,850937.3820035311
3.75,2686,519060.08065252606
3.75,2687,358578.40594195336
3.75,2688,195372.28160867005
3.75,2689,322108.8938157135
3.75,2690,176221.63077029586
3.75,2691,807583.2110801016
3.75,2692,191466.22855349915
3.75,2693,750915.4646602748
3.75,2694,1324799.9163879561
3.75,2695,782063.2675386718
3.75,2696,611472.7774137284
3.75,2697,250821.91694495533
3.75,2698,1029850.8133971465
3.75,2699,305100.3391584803
3.75,2700,1154472.0559647488
3.75,2701,544209.6577289704
3.75,2702,407356.6705852441
3.75,2703,544236.329773452
3.75,2704,320953.76354482997
3.75,2705,283670.767900454
3.75,2706,160133.00209288226
3.75,2707,1457291.744613053
3.75,2708,745220.6889012717
3.75,2709,711339.4981205713
3.75,2710,446598.07805740274
3.75,2711,304591.7759155453
3.75,2712,283511.08921266504
3.75,2713,1145882.3006440836
3.75,2714,1076021.2037223256
3.75,2715,222424.3082411942
3.75,2716,107825.95655343492
3.75,2717,618421.065271465
3.75,2718,843080.872090465
3.75,2719,1157485.500208313
3.75,2720,349866.8240970025
3.75,2721,335868.9152461525
3.75,2722,260278.36973357492
3.75,2723,379201.3790229629
3.75,2724,628022.7422542744
3.75,2725,621154.7915777335
3.75,2726,970988.5223879406
3.75,2727,446215.9858644888
3.75,2728,441920.8712692885
3.75,2729,725855.7122227193
3.75,2730,703647.2385268533
3.75,2731,277976.09221142635
3.75,2732,574720.5533901001
3.75,2733,877866.978581186
3.75,2734,246723.7907542605
3.75,2735,247068.44048815456
3.75,2736,145220.3073958716
3.75,2737,1216326.110121809
3.75,2738,778811.6446367842
3.75,2739,321939.1933353018
3.75,2740,706737.7382633402
3.75,2741,125753.17610927921
3.75,2742,851358.1339377479
3.75,2743,628744.7038944516
3.75,2744,668082.1245645982
3.75,2745,510689.2108582389
3.75,2746,176351.8773808892
3.75,2747,1513784.546004932
3.75,2748,724859.207848012
3.75,2749,412348.14051245153
3.75,2750,1040091.3028787648
3.75,2751,1312628.8124875086
3.75,2752,515632.3302864191
3.75,2753,164180.28997289663
3.75,2754,309529.9665564047
3.75,2755,1035305.336391502
3.75,2756,215192.80925477447
3.75,2757,132654.3169433044
3.75,2758,192636.1238895169
3.75,2759,639341.4595666938
3.75,2760,504528.1781542338
3.75,2761,236103.1328882729
3.75,2762,232664.102422038
3.75,2763,508763.35123218014
3.75,2764,1724888.9147097813
3.75,2765,268420.61956580274
3.75,2766,1270830.9166392905
3.75,2767,684119.1504539344
3.75,2768,141879.18104199116
3.75,2769,259889.85066106808
3.75,2770,2256003.643236092
3.75,2771,435851.8147388538
3.75,2772,757333.1548066883
3.75,2773,638126.8283388914
3.75,2774,311841.5818522622
3.75,2775,426877.4054034727
3.75,2776,837996.9975697355
3.75,2777,943509.1301550765
3.75,2778,215651.74438371687
3.75,2779,204286.85590858338
3.75,2780,333418.88040738564
3.75,2781,260863.78325330067
3.75,2782,164935.54409249866
3.75,2783,552326.0832027668
3.75,2784,288962.7407587504
3.75,2785,738401.6036621899
3.75,2786,110420.94976294241
3.75,2787,401312.37407306454
3.75,2788,1537532.9251596506
3.75,2789,228654.29368672599
3.75,2790,864010.4385976577
3.75,2791,136553.421558761
3.75,2792,862977.6233484335
3.75,2793,156954.02342007143
3.75,2794,179131.6125724271
3.75,2795,510149.71682882827
3.75,2796,429668.2967104557
3.75,2797,364194.55922287237
3.75,2798,1181429.0759033144
3.75,2799,140458.7235026361
3.75,2800,197879.48968786604
3.75,2801,589741.5257678459
3.75,2802,1236288.194430207
3.75,2803,234886.29488813417
3.75,2804,888049.6356588962
3.75,2805,373261.32455144485
3.75,2806,502740.2607132672
3.75,2807,125001.81397471533
3.75,2808,884227.8622367512
3.75,2809,233000.31668853256
3.75,2810,621195.0920335166
3.75,2811,669846.8785261894
3.75,2812,694653.897373837
3.75,2813,4659245.285946515
3.75,2814,107065.11018473515
3.75,2815,152179.3186539905
3.75,2816,199616.48536571703
3.75,2817,307355.5772655454
3.75,2818,1888064.1393182802
3.75,2819,1309235.490323374
3.75,2820,1110818.2492242604
3.75,2821,104471.47729163921
3.75,2822,248154.82452457421
3.75,2823,427640.8967969364
3.75,2824,742992.073572008
3.75,2825,242779.55055484356
3.75,2826,423066.31339469686
3.75,2827,1273364.6483137975
3.75,2828,850442.0989724735
3.75,2829,112741.46324809859
3.75,2830,109504.22479397086
3.75,2831,871932.8701098026
3.75,2832,609971.3333591805
3.75,2833,1839458.091300389
3.75,2834,419746.6351938014
3.75,2835,366058.7914536006
3.75,2836,341765.0404075045
3.75,2837,776538.9708327078
3.75,2838,728310.0420099002
3.75,2839,106230.34871614644
3.75,2840,661072.5471177745
3.75,2841,190844.83946700225
3.75,2842,1940642.573172448
3.75,2843,1023847.3097087572
3.75,2844,1405354.570853654
3.75,2845,422097.19016855466
3.75,2846,151511.26272528543
3.75,2847,823879.0488465441
3.75,2848,463416.2778812195
3.75,2849,1427177.1494963213
3.75,2850,345321.795371146
3.75,2851,685576.9557862517
3.75,2852,191048.33435713078
3.75,2853,453818.83379370905
3.75,2854,113838.76452246915
3.75,2855,974232.5998582433
3.75,2856,189457.38727723891
3.75,2857,734190.7474418266
3.75,2858,626229.323063705
3.75,2859,583241.4424061152
3.75,2860,538446.2791331196
3.75,2861,1044589.5541087782
3.75,2862,634807.7867673718
3.75,2863,1158954.0340763933
3.75,2864,430218.3731564644
3.75,2865,535320.5694721465
3.75,2866,1526459.263138169
3.75,2867,251320.38981619524
3.75,2868,864750.4148744597
3.75,2869,791777.5733704307
3.75,2870,290949.308327301
3.75,2871,171118.32526909455
3.75,2872,226771.987347123
3.75,2873,662344.5388464748
3.75,2874,1177489.9755950158
3.75,2875,540424.7211635777
3.75,2876,425042.5288692367
3.75,2877,657963.8220479831
3.75,2878,677701.9482680424
3.75,2879,406960.22034996696
3.75,2880,893786.1192851699
3.75,2881,207745.40027102496
3.75,2882,2784072.44936641
3.75,2883,1766158.2088428554
3.75,2884,890410.7685643703
3.75,2885,518013.5607966957
3.75,2886,407490.3217500081
3.75,2887,1751535.163102755
3.75,2888,174545.84410884377
3.75,2889,450912.38975256117
3.75,2890,1933245.906840797
3.75,2891,165312.93157016442
3.75,2892,595637.4794333597
3.75,2893,237763.85730846756
3.75,2894,1091586.3201870518
3.75,2895,110849.66440433274
3.75,2896,624320.4363161081
3.75,2897,408647.8660625686
3.75,2898,174784.7353257112
3.75,2899,121190.92676371291
3.75,2900,1653961.5429269252
3.75,2901,306662.41540543205
3.75,2902,3070986.4812932936
3.75,2903,701988.0238130498
3.75,2904,243924.92328896536
3.75,2905,307827.250094745
3.75,2906,156386.27295475104
3.75,2907,681940.7871551453
3.75,2908,719465.5822907207
3.75,2909,547773.5426426497
3.75,2910,383274.8439843961
3.75,2911,1718120.684460931
3.75,2912,420823.40302635106
3.75,2913,1579819.6941774818
3.75,2914,326308.97527539067
3.75,2915,369704.1556198191
3.75,2916,622315.14612562
3.75,2917,1385701.2514228704
3.75,2918,757668.321192927
3.75,2919,335166.9720646258
3.75,2920,2492246.9362952025
3.75,2921,808890.3823310722
3.75,2922,321673.0935630349
3.75,2923,286418.2286536923
3.75,2924,609543.5773380245
3.75,2925,1029539.7630381592
3.75,2926,467303.4159389944
3.75,2927,227707.31460864723
3.75,2928,969666.3988703224
3.75,2929,814871.5677637717
3.75,2930,716425.3894655781
3.75,2931,733821.4362717766
3.75,2932,922660.1494004233
3.75,2933,325916.3853826168
3.75,2934,505747.5547623088
3.75,2935,1202965.6042042933
3.75,2936,425444.1571326569
3.75,2937,1384839.1479430343
3.75,2938,758268.0923567789
3.75,2939,742703.7381508478
3.75,2940,1631117.7445315016
3.75,2941,1454169.5842798848
3.75,2942,479956.28612130665
3.75,2943,337766.7888425967
3.75,2944,1304256.0721893539
3.75,2945,315207.5306670093
3.75,2946,980042.1069108746
3.75,2947,101460.04169124688
3.75,2948,475591.085661253
3.75,2949,386938.2034114849
3.75,2950,432841.7633781935
3.75,2951,635440.7400765314
3.75,2952,127179.52671651934
3.75,2953,1247939.3037362695
3.75,2954,813905.5794611392
3.75,2955,315629.65706910915
3.75,2956,953639.4216819161
3.75,2957,706752.9115781581
3.75,2958,548612.7615743562
3.75,2959,499240.39462997776
3.75,2960,236473.59208261754
3.75,2961,465266.71505630587
3.75,2962,1450960.7751461547
3.75,2963,274079.84495168604
3.75,2964,461985.9920179048
3.75,2965,444079.1411715329
3.75,2966,299088.67945705494
3.75,2967,318987.03973694623
3.75,2968,832540.0858118292
3.75,2969,845062.3132213004
3.75,2970,139113.19166428974
3.75,2971,120875.06384849663
3.75,2972,1299920.663644368
3.75,2973,387517.07803797285
3.75,2974,1247451.5874536412
3.75,2975,399533.9294903761
3.75,2976,256490.85383613603
3.75,2977,717232.029478597
3.75,2978,2135952.811904936
3.75,2979,399748.0390318614
3.75,2980,140016.5034116306
3.75,2981,481654.4761276673
3.75,2982,277353.80571265565
3.75,2983,106521.8941940177
3.75,2984,626435.7981336751
3.75,2985,136733.90855971217
3.75,2986,469282.5846539905
3.75,2987,131583.91811762433
3.75,2988,352632.28663350845
3.75,2989,275160.454814017
3.75,2990,605944.157460214
3.75,2991,557978.1098478097
3.75,2992,529842.2510107717
3.75,2993,296951.55195354536
3.75,2994,1709322.9138867413
3.75,2995,380994.5810968259
3.75,2996,1262592.8808394475
3.75,2997,793563.5984142085
3.75,2998,631569.6658532291
3.75,2999,642472.3438676972
3.75,3000,230929.29561281708
3.75,3001,242006.05515062023
3.75,3002,114580.72554470635
3.75,3003,619471.3849493191
3.75,3004,374575.3077424346
3.75,3005,3205691.8099890067
3.75,3006,431266.55991225975
3.75,3007,334041.68356676475
3.75,3008,1147957.5989959973
3.75,3009,227784.74377752517
3.75,3010,666746.3558599693
3.75,3011,419979.27071019687
3.75,3012,499108.9372517285
3.75,3013,109760.61651577482
3.75,3014,245514.3677424355
3.75,3015,119608.4735770253
3.75,3016,113919.11779067079
3.75,3017,719744.0288707324
3.75,3018,414223.8232496986
3.75,3019,123911.35328128071
3.75,3020,465230.96808583965
3.75,3021,1376158.3272747179
3.75,3022,1753179.6505821333
3.75,3023,320684.5544925922
3.75,3024,352949.16349300765
3.75,3025,2064866.754013861
3.75,3026,2242675.3067678474
3.75,3027,900263.4706663892
3.75,3028,162527.54825572605
3.75,3029,459115.54814213
3.75,3030,1205872.5471559858
3.75,3031,317513.81473446696
3.75,3032,349562.7462221634
3.75,3033,369433.53121879883
3.75,3034,533415.0563481216
3.75,3035,415988.9456246879
3.75,3036,768826.0442814715
3.75,3037,1054449.4244835195
3.75,3038,591191.3786644138
3.75,3039,322945.73489633074
3.75,3040,171721.94279708748
3.75,3041,658104.1706062007
3.75,3042,834647.3018462467
3.75,3043,533036.5807902183
3.75,3044,653640.5182651803
3.75,3045,659643.2874458568
3.75,3046,340333.9937584573
3.75,3047,687307.1715584847
3.75,3048,606503.9634592059
3.75,3049,168275.3462194894
3.75,3050,423546.42161394254
3.75,3051,120244.08300899403
3.75,3052,1783352.0667565218
3.75,3053,204702.3420905722
3.75,3054,103443.23041364491
3.75,3055,143833.58435019408
3.75,3056,356283.3159802148
3.75,3057,752226.510658984
3.75,3058,2646950.3364328626
3.75,3059,495809.59811153053
3.75,3060,2248150.963625094
3.75,3061,462919.91326111375
3.75,3062,718471.6151572225
3.75,3063,811140.9251093792
3.75,3064,340897.78355895524
3.75,3065,885488.8138993992
3.75,3066,2134525.8896069895
3.75,3067,1689275.649553434
3.75,3068,792248.7959534316
3.75,3069,340198.3300376979
3.75,3070,608538.2635968782
3.75,3071,843715.1245781282
3.75,3072,798098.1222721784
3.75,3073,99571.3619106605
3.75,3074,671985.2876645916
3.75,3075,109749.63727986738
3.75,3076,873068.1326851242
3.75,3077,160421.52240218932
3.75,3078,3629191.4000765174
3.75,3079,1367272.0448502377
3.75,3080,469023.00731887255
3.75,3081,1042570.7472992106
3.75,3082,588136.1194435328
3.75,3083,1006056.6820825792
3.75,3084,925439.8722873719
3.75,3085,786059.2902070076
3.75,3086,919453.0513192259
3.75,3087,613494.5816883156
3.75,3088,696744.7182567748
3.75,3089,663794.2983988085
3.75,3090,755103.5676610768
3.75,3091,186692.06637502628
3.75,3092,431384.4327367455
3.75,3093,296740.9716967913
3.75,3094,196739.0535149206
3.75,3095,547724.130083244
3.75,3096,904842.5601317146
3.75,3097,823409.5872338135
3.75,3098,537044.2261605958
3.75,3099,726804.9649880512
3.75,3100,698066.2330228877
3.75,3101,139374.8995317043
3.75,3102,510571.65771931724
3.75,3103,599845.4357891497
3.75,3104,899039.1451760106
3.75,3105,863529.649500562
3.75,3106,173294.24321574782
3.75,3107,339645.26329023996
3.75,3108,275630.33928046457
3.75,3109,458635.29356539703
3.75,3110,613365.506121844
3.75,3111,104116.64548671263
3.75,3112,1196228.3083306602
3.75,3113,1341706.466836004
3.75,3114,318467.7155395277
3.75,3115,125704.10148643907
3.75,3116,1288160.160537064
3.75,3117,483238.05406653974
3.75,3118,298619.8628195058
3.75,3119,834673.9160532163
3.75,3120,286757.6974098762
3.75,3121,771592.8701786869
3.75,3122,1189997.3870260972
3.75,3123,615121.0530933756
3.75,3124,101320.11330161478
3.75,3125,424797.2525389143
3.75,3126,848896.5266882365
3.75,3127,347116.8673260019
3.75,3128,466010.2100138774
3.75,3129,234593.7683695129
3.75,3130,352731.7579673796
3.75,3131,500947.17997845815
3.75,3132,642391.9129697742
3.75,3133,420817.5113597357
3.75,3134,951637.1772752829
3.75,3135,713564.7048383175
3.75,3136,588097.1284955913
3.75,3137,179939.14694982988
3.75,3138,502290.89691281895
3.75,3139,298658.7453696951
3.75,3140,438342.4949780909
3.75,3141,1732048.4943230127
3.75,3142,4166806.3479338
3.75,3143,99708.22683811586
3.75,3144,285541.47927472374
3.75,3145,144784.89428880365
3.75,3146,107692.97231131347
3.75,3147,480760.5322099734
3.75,3148,325814.6341294874
3.75,3149,343274.4593920908
3.75,3150,318862.8471007471
3.75,3151,132158.28377277806
3.75,3152,262084.3437639725
3.75,3153,889925.719124888
3.75,3154,99424.19654284301
3.75,3155,5778188.346760873
3.75,3156,674513.3469907151
3.75,3157,1041175.0222637249
3.75,3158,522522.60614387924
3.75,3159,1432387.459606409
3.75,3160,1075048.286812932
3.75,3161,2666166.989908317
3.75,3162,1118684.494799307
3.75,3163,242588.4213038885
3.75,3164,150186.8934452963
3.75,3165,1043207.9761971687
3.75,3166,304767.8420170391
3.75,3167,1063571.9693181708
3.75,3168,361473.05321145436
3.75,3169,605943.1355348196
3.75,3170,449471.73660745303
3.75,3171,223969.94904341773
3.75,3172,2396893.208784199
3.75,3173,762956.4788692312
3.75,3174,321338.75531113794
3.75,3175,236608.20178673853
3.75,3176,212576.2826988814
3.75,3177,532968.335435332
3.75,3178,627618.6461547903
3.75,3179,805228.0314318816
3.75,3180,471035.0621522445
3.75,3181,142389.97876533412
3.75,3182,405788.5110504758
3.75,3183,357003.7022456224
3.75,3184,198461.72718357953
3.75,3185,263780.3166486489
3.75,3186,1239194.8294499381
3.75,3187,682925.5823234298
3.75,3188,416861.99605549424
3.75,3189,1428408.6212209715
3.75,3190,807920.1171314853
3.75,3191,295815.15248239564
3.75,3192,307395.42236991186
3.75,3193,2462285.295889055
3.75,3194,315356.6473232883
3.75,3195,151399.51879070024
3.75,3196,171854.88370807577
3.75,3197,400489.8141274335
3.75,3198,473849.3303411681
3.75,3199,716841.7974413299
3.75,3200,113954.40655537054
3.75,3201,733690.6519550362
3.75,3202,1520917.9620170423
3.75,3203,605494.9121124576
3.75,3204,444820.43612925016
3.75,3205,342321.7670802274
3.75,3206,1168764.4483856899
3.75,3207,1307872.111882498
3.75,3208,678764.4233975223
3.75,3209,497086.93807271274
3.75,3210,211403.1528581092
3.75,3211,1503902.9106449063
3.75,3212,218469.96726459733
3.75,3213,335277.1651867457
3.75,3214,845001.3640995863
3.75,3215,875820.3484206708
3.75,3216,454725.5437575679
3.75,3217,491081.96184651897
3.75,3218,1645048.9510050756
3.75,3219,2054498.0547023653
3.75,3220,1519477.9779422635
3.75,3221,544520.6197010166
3.75,3222,1348525.9675794672
3.75,3223,118354.68226911838
3.75,3224,296312.1200256291
3.75,3225,170319.0723990014
3.75,3226,126550.06297428488
3.75,3227,324573.7645934596
3.75,3228,687502.6737661811
3.75,3229,508356.2373827613
3.75,3230,203792.97277888426
3.75,3231,903637.8027197884
3.75,3232,458358.554113516
3.75,3233,236185.48572929637
3.75,3234,541384.2295472667
3.75,3235,466061.3105569037
3.75,3236,120293.19023869126
3.75,3237,940726.9743261174
3.75,3238,346172.6700837825
3.75,3239,203018.9874957683
3.75,3240,873248.5101478442
3.75,3241,336644.49678323994
3.75,3242,484808.982407775
3.75,3243,381209.85078685166
3.75,3244,1203109.6163051827
3.75,3245,351431.1984314564
3.75,3246,242830.54500844752
3.75,3247,1197487.3226365522
3.75,3248,194044.13740298388
3.75,3249,118142.64116591519
3.75,3250,385780.14186842897
3.75,3251,1271622.6972163043
3.75,3252,612697.1092984015
3.75,3253,106632.8636961756
3.75,3254,683462.5363610506
3.75,3255,642628.8238870193
3.75,3256,1456285.967848255
3.75,3257,105000.3102539973
3.75,3258,220848.72293705455
3.75,3259,524528.215509305
3.75,3260,1075100.5691989702
3.75,3261,3148366.05391637
3.75,3262,721370.6721161344
3.75,3263,1130795.9362003668
3.75,3264,702831.2271536433
3.75,3265,233665.63248354872
3.75,3266,427105.3363054819
3.75,3267,2206893.924868993
3.75,3268,376697.8178981603
3.75,3269,1337126.2307390114
3.75,3270,266461.81840496324
3.75,3271,146850.33212113148
3.75,3272,363575.639226478
3.75,3273,680262.1804420386
3.75,3274,139294.9883804745
3.75,3275,803956.4879011341
3.75,3276,997198.6821292243
3.75,3277,1484966.3456590516
3.75,3278,120751.7572556173
3.75,3279,961679.0645911992
3.75,3280,103655.84374911356
3.75,3281,321908.59731848433
3.75,3282,707105.4867638043
3.75,3283,230788.6411862356
3.75,3284,786245.5313106988
3.75,3285,589693.2180409256
3.75,3286,275541.9671786517
3.75,3287,141368.2887511094
3.75,3288,594783.6217819427
3.75,3289,245166.13441633695
3.75,3290,349461.4915815941
3.75,3291,743463.3570837462
3.75,3292,127817.80281863647
3.75,3293,607651.2996671303
3.75,3294,518126.84745320136
3.75,3295,380629.5932100878
3.75,3296,291909.0572492783
3.75,3297,507691.17555792717
3.75,3298,490638.1257830852
3.75,3299,238158.78528521175
3.75,3300,641083.249360885
3.75,3301,525960.4786251565
3.75,3302,919740.1288984998
3.75,3303,180191.03290574992
3.75,3304,100885.03645844974
3.75,3305,531593.8929416037
3.75,3306,709422.1840648446
3.75,3307,393050.10954999336
3.75,3308,407190.40443561587
3.75,3309,819686.4581193703
3.75,3310,563935.3311175269
3.75,3311,255194.82686024788
3.75,3312,664196.3154923037
3.75,3313,694210.7380066048
3.75,3314,262913.85116738686
3.75,3315,657974.1539116763
3.75,3316,2578630.4531208435
3.75,3317,1015191.0483382032
3.75,3318,1052346.420949806
3.75,3319,109421.57982831435
3.75,3320,543201.1711086588
3.75,3321,1221563.463679462
3.75,3322,200095.91641694828
3.75,3323,1552370.0494044565
3.75,3324,756014.0087379713
3.75,3325,908893.2473550462
3.75,3326,701951.4847443124
3.75,3327,624635.3118086483
3.75,3328,1371136.0247507913
3.75,3329,623795.7057301986
3.75,3330,298100.8162464167
3.75,3331,1547467.542577072
3.75,3332,1553649.989022494
3.75,3333,284061.11094528536
3.75,3334,1789936.7739464177
3.75,3335,786126.4480722521
3.75,3336,506860.0034485796
3.75,3337,1886509.6737986743
3.75,3338,293007.49515077105
3.75,3339,181943.97675323492
3.75,3340,861316.1977723343
3.75,3341,1258745.9287528496
3.75,3342,669462.5424486283
3.75,3343,708055.4775528766
3.75,3344,106563.50597921512
3.75,3345,140022.3363360567
3.75,3346,384246.7990523678
3.75,3347,730240.313829642
3.75,3348,833290.5368517467
3.75,3349,504674.449665809
3.75,3350,317524.6622787141
3.75,3351,789753.5736280514
3.75,3352,156406.7700861732
3.75,3353,126033.35915209955
3.75,3354,2000870.7510276525
3.75,3355,234060.4532726305
3.75,3356,1458491.276613743
3.75,3357,363777.06413644867
3.75,3358,331053.2274796555
3.75,3359,506421.8178096491
3.75,3360,223465.93887384274
3.75,3361,119964.3451782068
3.75,3362,148029.62828726575
3.75,3363,2352762.2855681437
3.75,3364,481044.66968406393
3.75,3365,527906.7918735597
3.75,3366,1417369.353987841
3.75,3367,678750.1591446871
3.75,3368,352533.6517066986
3.75,3369,454766.9900276577
3.75,3370,280049.1813308048
3.75,3371,537662.1543856359
3.75,3372,696078.1414826002
3.75,3373,298069.4707623477
3.75,3374,1460643.1135844945
3.75,3375,461066.86893013184
3.75,3376,333306.7992434399
3.75,3377,567562.2353158899
3.75,3378,589436.2471914341
3.75,3379,544563.2817171492
3.75,3380,449379.39701084513
3.75,3381,120440.55420556199
3.75,3382,103578.58796310432
3.75,3383,97437.31204497273
3.75,3384,1953403.4346618904
3.75,3385,1638616.3473892822
3.75,3386,929153.3425816839
3.75,3387,1238279.817259682
3.75,3388,1027854.8902774294
3.75,3389,130636.76928609068
3.75,3390,490191.84207691567
3.75,3391,235281.97589982647
3.75,3392,1421931.5416763967
3.75,3393,448956.28000931
3.75,3394,1024466.9904456448
3.75,3395,449843.563128566
3.75,3396,160992.07006354048
3.75,3397,571853.0349776796
3.75,3398,948523.0940904929
3.75,3399,857212.2130862117
3.75,3400,652777.2330118611
3.75,3401,306835.8327973419
3.75,3402,874731.9490144481
3.75,3403,121015.59952770102
3.75,3404,805498.7345559313
3.75,3405,635507.3708625255
3.75,3406,353968.8176208161
3.75,3407,679942.416072788
3.75,3408,610666.9332516904
3.75,3409,115570.93559063738
3.75,3410,145075.24752643265
3.75,3411,416589.34138862067
3.75,3412,225478.94580294625
3.75,3413,168405.62359743295
3.75,3414,382838.36158997146
3.75,3415,405060.29395238037
3.75,3416,361623.29763939074
3.75,3417,388046.9947471241
3.75,3418,384376.0089963536
3.75,3419,566108.4459409959
3.75,3420,766769.9001676029
3.75,3421,333842.3363445542
3.75,3422,182190.06808641774
3.75,3423,752002.6508823207
3.75,3424,215778.49355308127
3.75,3425,537030.5875471174
3.75,3426,712131.4137827401
3.75,3427,922805.209380638
3.75,3428,570073.2567162216
3.75,3429,431628.1707859712
3.75,3430,213655.03737223646
3.75,3431,466600.51193552185
3.75,3432,735926.9006910671
3.75,3433,1328820.4583255337
3.75,3434,1635607.2177819964
3.75,3435,889892.071908746
3.75,3436,1162994.537502036
3.75,3437,437665.041095129
3.75,3438,589550.5912799925
3.75,3439,548420.1500134744
3.75,3440,861609.189169927
3.75,3441,402756.7752774083
3.75,3442,398568.6003125311
3.75,3443,566307.2820267885
3.75,3444,652171.0806229278
3.75,3445,787370.0856540492
3.75,3446,523918.5634078985
3.75,3447,293192.66668159544
3.75,3448,371433.7154019984
3.75,3449,308635.67318024294
3.75,3450,259469.85229763578
3.75,3451,1521521.940876054
3.75,3452,567385.7757135432
3.75,3453,126417.52579370044
3.75,3454,1492963.397161821
3.75,3455,305231.06537705817
3.75,3456,479946.3220103661
3.75,3457,1365030.8558494924
3.75,3458,130139.27262694667
3.75,3459,117918.42100041777
3.75,3460,480444.61621561064
3.75,3461,1056907.466961072
3.75,3462,290419.25844460854
3.75,3463,1629840.8159806773
3.75,3464,371709.09728821256
3.75,3465,604340.1688358918
3.75,3466,432145.96277658426
3.75,3467,339314.3993845665
3.75,3468,606219.1549506357
3.75,3469,135737.04731179832
3.75,3470,942870.6355274168
3.75,3471,366782.97298262856
3.75,3472,884316.8912641626
3.75,3473,606005.275898937
3.75,3474,643770.7710688511
3.75,3475,547410.3445557343
3.75,3476,254834.9867446651
3.75,3477,170491.20774391468
3.75,3478,536483.8773669726
3.75,3479,1656000.9681380454
3.75,3480,1036143.0859171783
3.75,3481,461059.49472479254
3.75,3482,341269.0325406276
3.75,3483,111127.26774972041
3.75,3484,736836.4972832755
3.75,3485,207290.22953586612
3.75,3486,292790.7081320751
3.75,3487,378180.6886598715
3.75,3488,1323341.419289271
3.75,3489,800363.2662054684
3.75,3490,333779.24320127815
3.75,3491,600162.6391703407
3.75,3492,161894.44775847223
3.75,3493,380851.4259180087
3.75,3494,278290.8866018752
3.75,3495,2051108.6565673864
3.75,3496,692994.8003472467
3.75,3497,1055497.9598402872
3.75,3498,599473.2284974155
3.75,3499,97931.22989121744
3.75,3500,1528908.592794737
3.75,3501,152664.75737631854
3.75,3502,623066.7247551987
3.75,3503,1498313.4782677635
3.75,3504,119897.61702258233
3.75,3505,767997.0664376143
3.75,3506,1200337.238621004
3.75,3507,1384586.935926327
3.75,3508,1307372.6407199914
3.75,3509,659777.241449474
3.75,3510,196227.20795674957
3.75,3511,100525.65413979482
3.75,3512,526417.8342647776
3.75,3513,285134.5767610577
3.75,3514,128146.52647047925
3.75,3515,821420.4959341337
3.75,3516,697154.8116851202
3.75,3517,1355026.3466659072
3.75,3518,139224.12964592013
3.75,3519,348677.63147277076
3.75,3520,709663.8289478708
3.75,3521,3511197.8542315145
3.75,3522,930833.4753101774
3.75,3523,377394.3373417707
3.75,3524,529937.4585996558
3.75,3525,141731.3467887724
3.75,3526,1029579.4106893772
3.75,3527,754105.9479014875
3.75,3528,683592.123252994
3.75,3529,810802.4726368604
3.75,3530,665542.8613140718
3.75,3531,1315387.3420874358
3.75,3532,274742.9411414651
3.75,3533,959874.3198464721
3.75,3534,276862.1634835203
3.75,3535,320932.90854396275
3.75,3536,1741985.9757061107
3.75,3537,110808.72497693684
3.75,3538,274148.0283751316
3.75,3539,123556.24364421614
3.75,3540,500121.75929837313
3.75,3541,344834.70256724133
3.75,3542,110470.27988150762
3.75,3543,882364.3050965071
3.75,3544,692033.8103045995
3.75,3545,128698.45546184511
3.75,3546,218201.4007510502
3.75,3547,116062.63956736641
3.75,3548,738296.2821033057
3.75,3549,656035.4281168451
3.75,3550,192488.9228254767
3.75,3551,392185.39596978936
3.75,3552,823839.331668684
3.75,3553,1113443.517478893
3.75,3554,238626.55377342805
3.75,3555,1202396.8254251336
3.75,3556,275611.13848538185
3.75,3557,260213.754483838
3.75,3558,369763.0145911457
3.75,3559,304979.53328550793
3.75,3560,505710.88599884434
3.75,3561,853938.5053056367
3.75,3562,241339.70300199508
3.75,3563,2863269.059452807
3.75,3564,458020.71689800604
3.75,3565,412885.84779075295
3.75,3566,325340.3419917777
3.75,3567,765227.4146907701
3.75,3568,400076.81869066897
3.75,3569,767360.952644637
3.75,3570,694724.8333371655
3.75,3571,153674.28257994086
3.75,3572,490077.8654206775
3.75,3573,357095.1396945498
3.75,3574,892576.2708309237
3.75,3575,708732.3829833603
3.75,3576,818915.6691193297
3.75,3577,433717.6910864122
3.75,3578,188125.40081004554
3.75,3579,2439313.959552943
3.75,3580,595114.5724598945
3.75,3581,581238.5507033615
3.75,3582,264463.5298355724
3.75,3583,2983336.3473244053
3.75,3584,454211.4029252066
3.75,3585,1347793.2392920195
3.75,3586,1759361.6154500595
3.75,3587,731816.7017908146
3.75,3588,884090.8962752045
3.75,3589,266522.95794438396
3.75,3590,201919.54900866555
3.75,3591,284939.57172079006
3.75,3592,396349.1115271492
3.75,3593,510875.82870311843
3.75,3594,943632.3824168561
3.75,3595,105995.35992738996
3.75,3596,186569.32765193091
3.75,3597,197103.82165177376
3.75,3598,2613405.1142665897
3.75,3599,146197.2202235824
3.75,3600,297397.37144104764
3.75,3601,453073.481344537
3.75,3602,641980.4563284235
3.75,3603,800479.6119107965
3.75,3604,838489.7917609653
3.75,3605,290055.56694017496
3.75,3606,1176730.9748604358
3.75,3607,681539.2326528957
3.75,3608,654489.2993547727
3.75,3609,460658.8105178411
3.75,3610,393517.82926911995
3.75,3611,812045.838421511
3.75,3612,266679.2803561213
3.75,3613,719405.3282082764
3.75,3614,524998.5569698306
3.75,3615,386431.243169022
3.75,3616,627863.691083325
3.75,3617,194001.73193995515
3.75,3618,884725.3667583662
3.75,3619,190415.56493094962
3.75,3620,138741.56113616977
3.75,3621,407609.8853542015
3.75,3622,350554.4684873635
3.75,3623,533098.4058914823
3.75,3624,381255.38154627074
3.75,3625,1809410.2538716274
3.75,3626,169557.43512798633
3.75,3627,1059478.9892288318
3.75,3628,332755.26552978606
3.75,3629,222377.16747596642
3.75,3630,113660.70853242996
3.75,3631,952917.5949203027
3.75,3632,653733.2443510691
3.75,3633,629637.5591594407
3.75,3634,402670.7335355245
3.75,3635,1687081.2753603966
3.75,3636,340036.91931689257
3.75,3637,133949.8468205666
3.75,3638,6367415.325574849
3.75,3639,278729.3356277498
3.75,3640,1432032.9611781063
3.75,3641,695658.257863926
3.75,3642,733851.877017544
3.75,3643,213781.1284380206
3.75,3644,238505.5638485639
3.75,3645,602000.3763569326
3.75,3646,425782.5634771062
3.75,3647,327140.8651849971
3.75,3648,1244322.5715937456
3.75,3649,2190434.6137568667
3.75,3650,364039.56142666435
3.75,3651,163692.6131487601
3.75,3652,474061.3127693541
3.75,3653,886617.1578455784
3.75,3654,934897.2026681459
3.75,3655,807313.2830863601
3.75,3656,118546.36340530429
3.75,3657,1050032.80086577
3.75,3658,427574.74941448966
3.75,3659,621303.8207572643
3.75,3660,293116.5776946781
3.75,3661,212829.87130201823
3.75,3662,491187.43794609344
3.75,3663,1214025.1260295922
3.75,3664,169244.3639009353
3.75,3665,1001591.3696679785
3.75,3666,488793.2372333895
3.75,3667,716744.5418723128
3.75,3668,893567.0534929654
3.75,3669,211802.55042205277
3.75,3670,838943.3790914414
3.75,3671,278118.349627485
3.75,3672,321085.7459340491
3.75,3673,105320.3338135819
3.75,3674,708148.5998111275
3.75,3675,108028.62786866206
3.75,3676,1335155.3042053971
3.75,3677,338317.5640089756
3.75,3678,113620.22120623816
3.75,3679,217154.3850144873
3.75,3680,273205.9638661244
3.75,3681,1020004.1412775057
3.75,3682,2068698.0262204278
3.75,3683,128016.53602766305
3.75,3684,2901979.936560119
3.75,3685,325252.7750444473
3.75,3686,979336.212604823
3.75,3687,204645.79045586046
3.75,3688,119399.65373039394
3.75,3689,460415.2147060112
3.75,3690,131421.90109359068
3.75,3691,443927.414133774
3.75,3692,302993.17798993085
3.75,3693,100125.57810309068
3.75,3694,501589.73513756087
3.75,3695,2176807.8530980283
3.75,3696,556662.7966563045
3.75,3697,313521.9244091669
3.75,3698,1086973.7677293895
3.75,3699,125391.93223647584
3.75,3700,1167825.9533640367
3.75,3701,462727.59539450187
3.75,3702,742149.1173152198
3.75,3703,1292550.23013711
3.75,3704,429538.4612919514
3.75,3705,776338.0799424788
3.75,3706,858870.2199090117
3.75,3707,531564.3710106482
3.75,3708,260604.02776552498
3.75,3709,883935.5477393299
3.75,3710,167039.4734608896
3.75,3711,970341.3413433898
3.75,3712,534079.5560116112
3.75,3713,386177.8218871176
3.75,3714,225727.54494284975
3.75,3715,450358.1104836536
3.75,3716,1633532.1538006426
3.75,3717,575433.623587443
3.75,3718,711402.7529260325
3.75,3719,891779.1228405122
3.75,3720,646490.205925063
3.75,3721,752530.884807552
3.75,3722,129928.7376476558
3.75,3723,810935.5626396997
3.75,3724,766594.2056975533
3.75,3725,632374.7185913903
3.75,3726,211017.81660793338
3.75,3727,502073.1333536163
3.75,3728,138255.3127580033
3.75,3729,1258453.5275226561
3.75,3730,486386.9385799599
3.75,3731,519135.9046823946
3.75,3732,379298.4267046584
3.75,3733,261217.5746694434
3.75,3734,1416902.0356934278
3.75,3735,209034.37729901803
3.75,3736,373138.7818663515
3.75,3737,573086.3721396924
3.75,3738,242435.72843357315
3.75,3739,1748499.9285303329
3.75,3740,874891.8604284992
3.75,3741,1739091.1871500763
3.75,3742,573035.3346625252
3.75,3743,362439.7748819388
3.75,3744,1253732.1750644776
3.75,3745,876381.2267831606
3.75,3746,251374.21118450465
3.75,3747,294244.67738234263
3.75,3748,139069.78941049502
3.75,3749,234727.27903442603
3.75,3750,261387.49647324183
3.75,3751,2236123.8736289935
3.75,3752,122408.94259509249
3.75,3753,622625.8074167544
3.75,3754,1523139.6963908223
3.75,3755,626019.0181611294
3.75,3756,1199216.8874734682
3.75,3757,429920.80201062583
3.75,3758,1341951.1653838172
3.75,3759,158417.74302613988
3.75,3760,904042.4462078516
3.75,3761,553085.3882960321
3.75,3762,166342.38798865635
3.75,3763,209163.89094912584
3.75,3764,656448.3664204245
3.75,3765,345091.3942405584
3.75,3766,388350.58096254314
3.75,3767,894733.8916085201
3.75,3768,569740.913843884
3.75,3769,1312824.950762629
3.75,3770,841631.9301270951
3.75,3771,549816.7750216048
3.75,3772,523814.86998611083
3.75,3773,371172.3196337394
3.75,3774,449660.92734989687
3.75,3775,581788.3860408087
3.75,3776,498567.6764436997
3.75,3777,422172.576984928
3.75,3778,310627.47719245084
3.75,3779,1807489.2367428206
3.75,3780,151642.35079236448
3.75,3781,239118.6395858838
3.75,3782,922868.3573722462
3.75,3783,513029.957888963
3.75,3784,1145512.3079784592
3.75,3785,266978.77629353164
3.75,3786,879375.3203781166
3.75,3787,2903195.589309997
3.75,3788,1726420.384954231
3.75,3789,1125396.3816275909
3.75,3790,304457.06356627756
3.75,3791,246530.55247855146
3.75,3792,675347.2192829318
3.75,3793,721064.8150610689
3.75,3794,586693.6805024889
3.75,3795,244588.7357593024
3.75,3796,201379.63813378345
3.75,3797,130465.75488078904
3.75,3798,671199.4432500512
3.75,3799,114255.77609204999
3.75,3800,335673.54782356287
3.75,3801,128876.5237513323
3.75,3802,793926.0561514174
3.75,3803,225721.44006917396
3.75,3804,372131.2843406932
3.75,3805,1272945.6562537495
3.75,3806,683501.2270115142
3.75,3807,1119348.715695481
3.75,3808,102363.2431229775
3.75,3809,503911.13867513766
3.75,3810,243976.17159442775
3.75,3811,198487.31457381786
3.75,3812,266949.5524028276
3.75,3813,402491.31641147076
3.75,3814,783594.8566732797
3.75,3815,611889.7357797332
3.75,3816,470293.57470077777
3.75,3817,634368.1004735196
3.75,3818,361656.663790175
3.75,3819,344036.4657006147
3.75,3820,526684.2243246001
3.75,3821,180581.06683166442
3.75,3822,369356.6808290241
3.75,3823,558218.5699120392
3.75,3824,3496107.7844915646
3.75,3825,586758.9467247658
3.75,3826,1422291.8709810164
3.75,3827,1102872.4598778011
3.75,3828,689034.337364223
3.75,3829,219792.3643294998
3.75,3830,856546.1666744048
3.75,3831,1340988.003396106
3.75,3832,400097.21500412765
3.75,3833,177822.37965849158
3.75,3834,181640.17341998155
3.75,3835,255053.17144358275
3.75,3836,1139027.2447190909
3.75,3837,132709.48680733918
3.75,3838,130706.75413701519
3.75,3839,1147648.1059233646
3.75,3840,495576.7946682482
3.75,3841,595289.5132595423
3.75,3842,581180.4571180115
3.75,3843,365726.5799271733
3.75,3844,809165.4274398548
3.75,3845,1087683.5233310498
3.75,3846,1891848.8704870287
3.75,3847,1229095.4138662047
3.75,3848,568044.994535112
3.75,3849,729694.9738325556
3.75,3850,615737.4319056388
3.75,3851,559109.1585348104
3.75,3852,899653.9026768397
3.75,3853,1821215.9327530463
3.75,3854,213561.01392780888
3.75,3855,158892.261970423
3.75,3856,290769.022962622
3.75,3857,1211786.9980163681
3.75,3858,1167360.2567401668
3.75,3859,199925.39906742686
3.75,3860,734626.2331710253
3.75,3861,187741.97731272038
3.75,3862,330574.2738333377
3.75,3863,2261148.033959377
3.75,3864,3089131.546652453
3.75,3865,105405.12162404439
3.75,3866,239509.98224885695
3.75,3867,1424269.9892137237
3.75,3868,440090.0646801975
3.75,3869,740981.601788222
3.75,3870,576360.5801644495
3.75,3871,497597.0790108439
3.75,3872,330705.43637677224
3.75,3873,1063397.2894564308
3.75,3874,192717.50462509276
3.75,3875,187000.0602368249
3.75,3876,926841.9475033804
3.75,3877,110212.20962912304
3.75,3878,496442.9734863252
3.75,3879,370134.22794883145
3.75,3880,825219.5906383856
3.75,3881,952952.8889525098
3.75,3882,599547.6189646726
3.75,3883,508431.1111933107
3.75,3884,838509.0426480718
3.75,3885,350679.23691656964
3.75,3886,119306.60733752513
3.75,3887,1111819.7285924295
3.75,3888,1628027.5673889015
3.75,3889,6148490.503450965
3.75,3890,1094879.3582169195
3.75,3891,1436452.1273974446
3.75,3892,649676.1810271109
3.75,3893,263561.9271678774
3.75,3894,307209.04814169946
3.75,3895,939719.478095733
3.75,3896,995958.9257911025
3.75,3897,2966841.404872343
3.75,3898,2185619.8224590495
3.75,3899,1151288.035219531
3.75,3900,173615.4720431251
3.75,3901,862086.2452693303
3.75,3902,336997.4968401629
3.75,3903,2068109.8915890278
3.75,3904,1008737.423771332
3.75,3905,1913235.5110100012
3.75,3906,930448.6707463852
3.75,3907,1678265.5942411576
3.75,3908,384640.3536606105
3.75,3909,158973.58490978117
3.75,3910,457242.71551117674
3.75,3911,644896.3675528159
3.75,3912,1220791.9900389574
3.75,3913,394347.5021642712
3.75,3914,448791.3763226165
3.75,3915,683706.6328782557
3.75,3916,377879.8486977299
3.75,3917,577051.1127070235
3.75,3918,469771.4111228665
3.75,3919,329653.13770392333
3.75,3920,214513.81488587178
3.75,3921,250926.80767315134
3.75,3922,3529323.631631739
3.75,3923,405298.09716150636
3.75,3924,1800420.918384631
3.75,3925,107597.36653726129
3.75,3926,143016.45505701663
3.75,3927,617780.730974831
3.75,3928,2308801.1002805703
3.75,3929,235072.22726354
3.75,3930,457835.89909609704
3.75,3931,108780.26013060246
3.75,3932,246428.28503870007
3.75,3933,974242.305045831
3.75,3934,228171.92276589802
3.75,3935,497301.6783611778
3.75,3936,1075242.7523742279
3.75,3937,793764.4072572553
3.75,3938,1878853.578092663
3.75,3939,1219931.4935218424
3.75,3940,1495518.2145892503
3.75,3941,1278344.4653521294
3.75,3942,313910.13116028666
3.75,3943,552496.5171386339
3.75,3944,420401.9011374644
3.75,3945,339025.8775651744
3.75,3946,778423.6182529817
3.75,3947,158402.1697173471
3.75,3948,120067.52659398406
3.75,3949,765914.96814714
3.75,3950,691394.6157684659
3.75,3951,148263.73592950922
3.75,3952,217085.97129557165
3.75,3953,568332.1158973676
3.75,3954,2582727.732013459
3.75,3955,1409812.808438546
3.75,3956,948446.391621697
3.75,3957,772395.2980508034
3.75,3958,474342.84707988106
3.75,3959,687054.7119479271
3.75,3960,582970.5787917258
3.75,3961,434177.4263553408
3.75,3962,489500.5591311155
3.75,3963,884154.4001340598
3.75,3964,280630.01335388416
3.75,3965,795581.1879390273
3.75,3966,589297.3562593886
3.75,3967,306009.58563924656
3.75,3968,494646.6008892555
3.75,3969,425497.7320364508
3.75,3970,98079.1167102061
3.75,3971,1072033.1223233328
3.75,3972,248152.72698739468
3.75,3973,189296.75438549675
3.75,3974,478647.2942753775
3.75,3975,1690983.2425484583
3.75,3976,241247.10193136946
3.75,3977,366103.48663109913
3.75,3978,438606.70471798256
3.75,3979,572087.6603206607
3.75,3980,424184.6782051156
3.75,3981,217171.49928067185
3.75,3982,602742.279649877
3.75,3983,1707549.1458682232
3.75,3984,453922.264513299
3.75,3985,445744.78488462185
3.75,3986,228525.21690274158
3.75,3987,3198952.1392889936
3.75,3988,998919.6413625348
3.75,3989,4933072.002179314
3.75,3990,205025.08150151145
3.75,3991,99561.60176041271
3.75,3992,612607.5887353058
3.75,3993,695925.6324910807
3.75,3994,1088329.3041688034
3.75,3995,202361.645201498
3.75,3996,441987.27318695904
3.75,3997,388852.36911689444
3.75,3998,159520.65886690182
3.75,3999,391921.28931626346
3.75,4000,440668.13734964986
3.75,4001,374751.7714109702
3.75,4002,448468.30710353586
3.75,4003,952595.8967107811
3.75,4004,504715.9892046657
3.75,4005,1440038.1158861187
3.75,4006,125581.00639657732
3.75,4007,1976436.883226527
3.75,4008,1053999.4026540061
3.75,4009,101924.01567731824
3.75,4010,1001791.3944230791
3.75,4011,363664.7986842031
3.75,4012,1405980.7167002477
3.75,4013,736926.8028094477
3.75,4014,203878.72361909418
3.75,4015,520853.0078471485
3.75,4016,507721.51898287016
3.75,4017,2771605.447862685
3.75,4018,334328.0895414163
3.75,4019,796615.8506860699
3.75,4020,213765.44218120296
3.75,4021,876284.9438769363
3.75,4022,1174238.5989820212
3.75,4023,685637.0744795634
3.75,4024,173936.95554273474
3.75,4025,742654.4011847777
3.75,4026,116826.38610262204
3.75,4027,258938.2194680281
3.75,4028,799336.7939535168
3.75,4029,530357.7609752453
3.75,4030,157550.41093048052
3.75,4031,663244.2808676681
3.75,4032,539258.3530655934
3.75,4033,2700779.652466652
3.75,4034,1486002.7820394097
3.75,4035,161169.46869260815
3.75,4036,158485.7481651278
3.75,4037,430549.2342877127
3.75,4038,421705.08556742704
3.75,4039,855615.6776528783
3.75,4040,2771255.0512286834
3.75,4041,830140.9853611356
3.75,4042,337394.40995166294
3.75,4043,326865.0298768647
3.75,4044,633870.0181150598
3.75,4045,1000923.7213030823
3.75,4046,322593.5847647162
3.75,4047,347649.3315546037
3.75,4048,157157.5585259947
3.75,4049,140810.73007402467
3.75,4050,272880.1212764659
3.75,4051,532832.4588564067
3.75,4052,124969.92847932848
3.75,4053,341996.0055682736
3.75,4054,761120.840625776
3.75,4055,464691.8546162901
3.75,4056,414274.6277307524
3.75,4057,1695226.9296625678
3.75,4058,262974.3712751525
3.75,4059,2016157.694483286
3.75,4060,635585.9083078646
3.75,4061,982340.6452611181
3.75,4062,312719.4033356037
3.75,4063,686051.2723614862
3.75,4064,917200.003402708
3.75,4065,254090.52657893117
3.75,4066,145849.43854871203
3.75,4067,131643.79392717223
3.75,4068,590701.5617348335
3.75,4069,326254.7190648518
3.75,4070,1250202.1863012265
3.75,4071,913533.8366969686
3.75,4072,454733.6636690538
3.75,4073,651147.651549685
3.75,4074,726591.7519182158
3.75,4075,801191.9913099124
3.75,4076,1290232.9977695262
3.75,4077,514695.1434446695
3.75,4078,171374.6803312585
3.75,4079,791156.1118928299
3.75,4080,843265.7184723851
3.75,4081,354946.83581308555
3.75,4082,383469.8726844223
3.75,4083,936447.3931815145
3.75,4084,1017151.7896116944
3.75,4085,627705.7004089104
3.75,4086,759045.4786314763
3.75,4087,423171.4949023912
3.75,4088,569697.2639864625
3.75,4089,344414.2959640353
3.75,4090,813546.8084501879
3.75,4091,296483.1124478766
3.75,4092,290706.6638542144
3.75,4093,862954.7526191414
3.75,4094,781440.9807770827
3.75,4095,928367.0653760246
3.75,4096,777745.4732723613
3.75,4097,1340719.6839801022
3.75,4098,367259.0652312315
3.75,4099,481503.72930991254
3.75,4100,205163.65026448548
3.75,4101,116198.67071326867
3.75,4102,596592.3999796831
3.75,4103,509821.7396522345
3.75,4104,500978.98037796415
3.75,4105,209452.81475293412
3.75,4106,403287.8883443586
3.75,4107,602330.012894119
3.75,4108,126520.29566051214
3.75,4109,1735243.3209433975
3.75,4110,157063.33872533258
3.75,4111,403942.5675497471
3.75,4112,2346418.20533654
3.75,4113,97192.8688616174
3.75,4114,941279.4126675266
3.75,4115,121565.78134601831
3.75,4116,620392.159797471
3.75,4117,509136.93208422576
3.75,4118,4569441.715672381
3.75,4119,583432.1296540292
3.75,4120,1114779.129575188
3.75,4121,111081.30509188178
3.75,4122,99025.9176533572
3.75,4123,202729.03272668534
3.75,4124,1542379.3885807479
3.75,4125,576008.1008047127
3.75,4126,1146440.7162981876
3.75,4127,348669.31157105725
3.75,4128,939586.3879958221
3.75,4129,404724.5110408229
3.75,4130,149398.75529812629
3.75,4131,591272.2257194107
3.75,4132,1042063.5648686299
3.75,4133,484865.2468142697
3.75,4134,1696457.315010773
3.75,4135,281005.035957586
3.75,4136,274055.77907358506
3.75,4137,277760.54645461484
3.75,4138,220455.61148565443
3.75,4139,680779.6562006349
3.75,4140,266243.910091582
3.75,4141,787581.0767088487
3.75,4142,785885.2860527368
3.75,4143,916895.8608521383
3.75,4144,175764.00437425665
3.75,4145,628306.5327138121
3.75,4146,315929.5697830855
3.75,4147,379381.70966972574
3.75,4148,643472.7736337471
3.75,4149,591718.7863369489
3.75,4150,1059969.7752184437
3.75,4151,1242798.1089366686
3.75,4152,239807.86563328354
3.75,4153,2233458.1047612834
3.75,4154,244669.3211684555
3.75,4155,280853.36126097816
3.75,4156,468467.76579472865
3.75,4157,256791.16258531302
3.75,4158,143208.3036677154
3.75,4159,578588.7046752751
3.75,4160,957590.294409992
3.75,4161,398923.12403754436
3.75,4162,507529.40817910485
3.75,4163,845509.69997916
3.75,4164,2265903.9591291323
3.75,4165,1599523.1588613573
3.75,4166,1987849.1212905003
3.75,4167,203131.32225475213
3.75,4168,684565.0832283807
3.75,4169,1175656.3171452372
3.75,4170,763697.5882253433
3.75,4171,178343.1174981873
3.75,4172,1404218.3804532937
3.75,4173,458909.1674598082
3.75,4174,209037.26249993593
3.75,4175,220014.76459986347
3.75,4176,173029.47560544874
3.75,4177,105095.78259573778
3.75,4178,208387.12845466568
3.75,4179,617186.4242098413
3.75,4180,104961.99278732194
3.75,4181,1429185.9714118536
3.75,4182,435055.2344378214
3.75,4183,680217.761326775
3.75,4184,716160.3627222641
3.75,4185,431571.1377442512
3.75,4186,450182.3766274513
3.75,4187,584686.7498315566
3.75,4188,355921.3994482871
3.75,4189,263802.7869189427
3.75,4190,178806.17367939808
3.75,4191,110632.53883172253
3.75,4192,1187673.045709159
3.75,4193,602919.3746284331
3.75,4194,346477.07241068187
3.75,4195,616090.948624168
3.75,4196,409571.3496077578
3.75,4197,1376303.6552198017
3.75,4198,805899.8605411819
3.75,4199,272187.667295265
3.75,4200,850645.25743966
3.75,4201,958874.0228970319
3.75,4202,648434.4093560898
3.75,4203,422737.6410281067
3.75,4204,462018.1964312048
3.75,4205,631987.5731125174
3.75,4206,97578.41823914392
3.75,4207,643691.6148730409
3.75,4208,301852.48750118713
3.75,4209,251068.22137614616
3.75,4210,112261.8944296347
3.75,4211,1217249.9181769902
3.75,4212,625397.0680260111
3.75,4213,625949.4952676389
3.75,4214,2567465.4749526186
3.75,4215,4440325.409824939
3.75,4216,415277.4766614209
3.75,4217,238294.4820225173
3.75,4218,827548.3488936708
3.75,4219,114979.26528273008
3.75,4220,716734.6753049954
3.75,4221,169411.2088694147
3.75,4222,577716.9165762578
3.75,4223,376275.99898172956
3.75,4224,411016.46318442177
3.75,4225,1498381.6455551928
3.75,4226,101177.74110902505
3.75,4227,978060.8505657435
3.75,4228,101567.3547151163
3.75,4229,144138.80801544958
3.75,4230,570119.8798749138
3.75,4231,386440.1980858186
3.75,4232,564582.3805448258
3.75,4233,419727.30660411157
3.75,4234,110548.74751296655
3.75,4235,1396203.6068635662
3.75,4236,459682.3346201465
3.75,4237,376326.43575085
3.75,4238,134624.3700138158
3.75,4239,347200.97522928595
3.75,4240,903158.0653956373
3.75,4241,107241.18574902928
3.75,4242,512338.0018714577
3.75,4243,510718.5356458557
3.75,4244,607309.1581395048
3.75,4245,182774.83726823583
3.75,4246,463612.67086220375
3.75,4247,1201831.2556632492
3.75,4248,1115295.204127691
3.75,4249,715153.4951971943
3.75,4250,805246.0880643774
3.75,4251,251947.15473229988
3.75,4252,861289.7832184974
3.75,4253,677694.0408670001
3.75,4254,101117.04340944666
3.75,4255,293907.62285055383
3.75,4256,438915.85694627464
3.75,4257,422803.39998002787
3.75,4258,896495.4845860843
3.75,4259,1056648.74238417
3.75,4260,129635.90499818407
3.75,4261,197133.04528889176
3.75,4262,279517.7191270901
3.75,4263,248408.89335048688
3.75,4264,287072.2447633664
3.75,4265,142831.59526575884
3.75,4266,2052808.5756055838
3.75,4267,117006.70498942009
3.75,4268,280830.0356519495
3.75,4269,3561009.5959618464
3.75,4270,797799.2653272506
3.75,4271,163658.93947749463
3.75,4272,1256105.4786881043
3.75,4273,1164149.9828666188
3.75,4274,785003.0144511904
3.75,4275,159475.23515038876
3.75,4276,688303.1194528075
3.75,4277,461254.873310733
3.75,4278,737325.7263418126
3.75,4279,368482.53537033667
3.75,4280,889167.9002418543
3.75,4281,454186.2513918002
3.75,4282,743856.7023521344
3.75,4283,888482.3321308177
3.75,4284,805544.7515490699
3.75,4285,1234424.3793582055
3.75,4286,1860456.4616320517
3.75,4287,585631.3746922795
3.75,4288,360029.2654553097
3.75,4289,756985.9038731
3.75,4290,594517.7068015939
3.75,4291,910909.9684908198
3.75,4292,385495.9864152191
3.75,4293,803745.4341603287
3.75,4294,430506.4897816899
3.75,4295,348432.456736589
3.75,4296,389928.49035613076
3.75,4297,426511.56952619227
3.75,4298,627538.9933343387
3.75,4299,1043610.7153061797
3.75,4300,1553072.3014030126
3.75,4301,242571.01657541303
3.75,4302,512743.925642378
3.75,4303,216111.26500699823
3.75,4304,824368.8611982649
3.75,4305,629473.9820882247
3.75,4306,641890.0168519788
3.75,4307,961771.0953441472
3.75,4308,260874.2042380681
3.75,4309,637042.6595965975
3.75,4310,550769.3286226878
3.75,4311,752290.0978263
3.75,4312,463570.70989311713
3.75,4313,164877.71933617018
3.75,4314,666909.5473857311
3.75,4315,1589486.6550416946
3.75,4316,127782.53099136328
3.75,4317,286582.41630711843
3.75,4318,561121.1833022977
3.75,4319,929076.4759333131
3.75,4320,1687248.299896528
3.75,4321,803764.2512376747
3.75,4322,923897.6134090356
3.75,4323,541617.4199548413
3.75,4324,341582.11052854714
3.75,4325,717511.8249393137
3.75,4326,999844.4417635225
3.75,4327,471291.4237828655
3.75,4328,833709.4461537754
3.75,4329,376684.0918899068
3.75,4330,2417593.7427724516
3.75,4331,305834.6701890471
3.75,4332,378318.8360411416
3.75,4333,588756.3019650197
3.75,4334,245521.93049070248
3.75,4335,543484.7678387875
3.75,4336,703051.761001
3.75,4337,448229.2416805403
3.75,4338,238152.04238473243
3.75,4339,452712.283139447
3.75,4340,159795.88141361612
3.75,4341,255048.5346671494
3.75,4342,181041.66951175866
3.75,4343,579697.5384089154
3.75,4344,3971732.618387031
3.75,4345,609077.4307157743
3.75,4346,172453.68624625826
3.75,4347,554127.9829742839
3.75,4348,1079241.6581532466
3.75,4349,250680.77129912685
3.75,4350,528763.9800447791
3.75,4351,964679.796666139
3.75,4352,429690.5271550175
3.75,4353,1423429.5494013967
3.75,4354,925481.7292585524
3.75,4355,246319.5996680635
3.75,4356,385482.0552332148
3.75,4357,1063965.7210425015
3.75,4358,130447.99002960822
3.75,4359,465256.20427775144
3.75,4360,227672.2403336526
3.75,4361,158172.8818069708
3.75,4362,126435.02444966981
3.75,4363,221510.79280473932
3.75,4364,132681.51495876908
3.75,4365,326953.6490146802
3.75,4366,324222.7741876677
3.75,4367,116008.42751027622
3.75,4368,993585.8925283222
3.75,4369,1150834.4310781711
3.75,4370,104602.55637071203
3.75,4371,1887345.1710814487
3.75,4372,386988.8511872595
3.75,4373,246300.05321776588
3.75,4374,480199.90492513956
3.75,4375,648912.2781974127
3.75,4376,343230.03998497745
3.75,4377,114638.80935074028
3.75,4378,98199.76041121226
3.75,4379,116371.18307244864
3.75,4380,567401.7643446762
3.75,4381,755040.9265256532
3.75,4382,805902.4784989144
3.75,4383,455506.8770923118
3.75,4384,453171.7672471794
3.75,4385,582674.3836366151
3.75,4386,903896.7976337307
3.75,4387,594700.0181509296
3.75,4388,1207848.6354758965
3.75,4389,449448.07255754375
3.75,4390,462898.3478398235
3.75,4391,111973.76889916629
3.75,4392,232665.5766947245
3.75,4393,430313.22545873607
3.75,4394,193978.97962255855
3.75,4395,691590.2170813613
3.75,4396,601808.8363156581
3.75,4397,1744026.3429463902
3.75,4398,454376.4328045857
3.75,4399,297525.084391903
3.75,4400,689069.3454214458
3.75,4401,237989.70879128604
3.75,4402,198449.04471264273
3.75,4403,460363.7520946363
3.75,4404,329705.6074626953
3.75,4405,706338.9674913434
3.75,4406,787748.1916516225
3.75,4407,1014473.6242679445
3.75,4408,900819.2431944357
3.75,4409,488439.99033662584
3.75,4410,372639.69641585293
3.75,4411,240980.39967780336
3.75,4412,1357849.0616143728
3.75,4413,469721.14652799297
3.75,4414,740907.0976396872
3.75,4415,909187.7187659991
3.75,4416,1203710.7765128526
3.75,4417,377042.643329171
3.75,4418,620901.6888058913
3.75,4419,675400.0894973741
3.75,4420,2286028.4959409866
3.75,4421,385770.14544836
3.75,4422,612791.2929314029
3.75,4423,445645.3154892942
3.75,4424,215665.78510947677
3.75,4425,187342.1898740649
3.75,4426,147202.30108826933
3.75,4427,329340.507146243
3.75,4428,446674.10774783365
3.75,4429,772354.6671962652
3.75,4430,1461862.848814355
3.75,4431,112875.55635131036
3.75,4432,755788.9156659164
3.75,4433,824248.8035317098
3.75,4434,426816.3087309482
3.75,4435,544538.536364903
3.75,4436,1086436.9870170753
3.75,4437,842643.2133353503
3.75,4438,352443.0637333462
3.75,4439,315529.0092331533
3.75,4440,2186693.2097026543
3.75,4441,1372225.8393027335
3.75,4442,1451128.878747479
3.75,4443,351890.21081061644
3.75,4444,163621.362889611
3.75,4445,1148481.5379358102
3.75,4446,584079.2439967967
3.75,4447,2496843.8757846453
3.75,4448,578812.9640240314
3.75,4449,573378.8607234849
3.75,4450,543747.518288141
3.75,4451,442528.38156637776
3.75,4452,604407.2666683599
3.75,4453,1131840.5152777352
3.75,4454,1336695.8073535163
3.75,4455,281900.4737483099
3.75,4456,446137.1524016203
3.75,4457,1279191.3531362107
3.75,4458,718945.4217264218
3.75,4459,897868.8887048488
3.75,4460,744432.9074545972
3.75,4461,1146848.0938754878
3.75,4462,1286719.7479282597
3.75,4463,189172.27214422342
3.75,4464,370075.6891340126
3.75,4465,104741.7898586983
3.75,4466,800992.1099995043
3.75,4467,119579.04390389935
3.75,4468,240803.03801176124
3.75,4469,1265236.6041163132
3.75,4470,1173800.6502748001
3.75,4471,782326.6346664561
3.75,4472,313726.2464002488
3.75,4473,1436385.3235458597
3.75,4474,114411.5757254166
3.75,4475,301686.0312925271
3.75,4476,1432677.410079459
3.75,4477,1908340.9808748472
3.75,4478,102823.3485878649
3.75,4479,1622254.6147789727
3.75,4480,1256410.872497038
3.75,4481,311201.9959488507
3.75,4482,638549.7536123582
3.75,4483,2247291.965224131
3.75,4484,141598.62167329036
3.75,4485,103364.04349660294
3.75,4486,309846.9075643676
3.75,4487,1127583.0059096138
3.75,4488,1128043.4780690682
3.75,4489,198875.12787284562
3.75,4490,589733.6249865326
3.75,4491,193763.16862770548
3.75,4492,111331.76787801125
3.75,4493,2382955.467362168
3.75,4494,581441.2838048622
3.75,4495,972740.6546135515
3.75,4496,699223.6090330892
3.75,4497,223740.6026259247
3.75,4498,293036.00280324125
3.75,4499,107172.74795975006
3.75,4500,126127.94644378728
3.75,4501,1401913.824032769
3.75,4502,248826.78943056043
3.75,4503,444170.92374213313
3.75,4504,381014.20347231213
3.75,4505,824225.5291011765
3.75,4506,1565672.8872893313
3.75,4507,170665.65832849575
3.75,4508,284650.84955550835
3.75,4509,201202.14699753004
3.75,4510,662191.4279573729
3.75,4511,408702.63676625607
3.75,4512,314327.80747490993
3.75,4513,118148.19981379219
3.75,4514,256342.9200879302
3.75,4515,1135893.8104808934
3.75,4516,534997.6687407095
3.75,4517,596726.6302306834
3.75,4518,179393.83948418123
3.75,4519,1215934.3481184829
3.75,4520,1008534.9944822844
3.75,4521,1809982.4639652502
3.75,4522,872623.0392743609
3.75,4523,261936.94260638556
3.75,4524,1383985.7800259914
3.75,4525,561126.5961946107
3.75,4526,601226.6864892718
3.75,4527,793914.2739917624
3.75,4528,442220.39874340396
3.75,4529,622324.0987277135
3.75,4530,691226.9349620414
3.75,4531,645110.936125758
3.75,4532,359182.38339833455
3.75,4533,356640.2812887426
3.75,4534,156449.1083553074
3.75,4535,735696.7532180969
3.75,4536,270654.35006561474
3.75,4537,2151934.271679929
3.75,4538,143848.18593627147
3.75,4539,560701.6197983995
3.75,4540,875545.8369486935
3.75,4541,727749.3682633853
3.75,4542,1842832.3306850747
3.75,4543,224989.81162764816
3.75,4544,313650.89447876374
3.75,4545,1069678.6155760237
3.75,4546,289833.96370128565
3.75,4547,519174.0509707702
3.75,4548,463105.56404947606
3.75,4549,97508.48171070886
3.75,4550,617890.3975633121
3.75,4551,1134983.290677989
3.75,4552,432038.8376238432
3.75,4553,468533.58563081536
3.75,4554,1108202.227610237
3.75,4555,393720.18122247735
3.75,4556,929790.4631645301
3.75,4557,517742.662837788
3.75,4558,202978.31171902537
3.75,4559,247278.33342191475
3.75,4560,216227.29040664117
3.75,4561,668175.3824542244
3.75,4562,332282.98637706606
3.75,4563,905042.6830232053
3.75,4564,375912.89546872117
3.75,4565,678910.3829494219
3.75,4566,828061.7553596492
3.75,4567,868671.5070136227
3.75,4568,250879.38541087706
3.75,4569,481727.2877901319
3.75,4570,627592.3824159945
3.75,4571,383472.9235935885
3.75,4572,904306.3062195121
3.75,4573,590491.8814551817
3.75,4574,340832.26647904364
3.75,4575,2489149.524613777
3.75,4576,832186.3493548176
3.75,4577,150296.57808802387
3.75,4578,1870804.225885624
3.75,4579,1632366.2017974101
3.75,4580,441891.5920679298
3.75,4581,583507.3321601937
3.75,4582,311288.1299134548
3.75,4583,2449816.7974100206
3.75,4584,1763274.9013592056
3.75,4585,967418.4499279696
3.75,4586,675149.5297218792
3.75,4587,743374.8386719746
3.75,4588,1800143.515463585
3.75,4589,661240.6333263405
3.75,4590,686724.5242526293
3.75,4591,1465967.8675310025
3.75,4592,289810.81613073114
3.75,4593,2616088.6304801395
3.75,4594,220840.01767258972
3.75,4595,1071486.4429031755
3.75,4596,545069.4879482115
3.75,4597,515270.1890762729
3.75,4598,413323.44865499996
3.75,4599,469680.44867063465
3.75,4600,167167.2790928058
3.75,4601,794304.4252685657
3.75,4602,964629.300652107
3.75,4603,172423.23208299078
3.75,4604,1234477.312074236
3.75,4605,613271.9105492588
3.75,4606,620618.5372229646
3.75,4607,2299155.0793421157
3.75,4608,1988609.6517289155
3.75,4609,563052.7354078711
3.75,4610,1575015.553161651
3.75,4611,1284968.8279726785
3.75,4612,850748.1130184749
3.75,4613,377019.40020388155
3.75,4614,434716.46284051146
3.75,4615,171850.37489204775
3.75,4616,251323.92191099224
3.75,4617,468304.9799140007
3.75,4618,411071.3672214028
3.75,4619,497811.74764572
3.75,4620,494288.88164949557
3.75,4621,377739.7057559282
3.75,4622,875156.5453397905
3.75,4623,723136.4909385548
3.75,4624,834504.4670779379
3.75,4625,274897.1236025613
3.75,4626,796678.5565519033
3.75,4627,561269.9345120295
3.75,4628,317209.8203464341
3.75,4629,473912.3921062456
3.75,4630,617520.2487351283
3.75,4631,330936.90647657827
3.75,4632,733526.016387702
3.75,4633,1106754.8252942793
3.75,4634,588653.1069534861
3.75,4635,461993.39725536574
3.75,4636,1630740.7028203774
3.75,4637,515399.5794404998
3.75,4638,397495.86248472164
3.75,4639,563871.4191297462
3.75,4640,471984.3555310421
3.75,4641,477313.90609105804
3.75,4642,562886.2208675152
3.75,4643,176904.75501926267
3.75,4644,1638412.4947099858
3.75,4645,839182.9811043183
3.75,4646,1308355.253217393
3.75,4647,647152.4380809915
3.75,4648,159077.7579448671
3.75,4649,529981.2262243323
3.75,4650,1518503.3209434822
3.75,4651,869952.2541690049
3.75,4652,643087.1273167427
3.75,4653,322627.0027518946
3.75,4654,1575388.0250065378
3.75,4655,538183.8193591887
3.75,4656,685224.0564234325
3.75,4657,827974.3576177493
3.75,4658,103625.78313099696
3.75,4659,1468713.4716138954
3.75,4660,173046.36583895457
3.75,4661,672804.8393172421
3.75,4662,1555791.5926276706
3.75,4663,765822.5237089985
3.75,4664,108687.04284436739
3.75,4665,150818.67409499682
3.75,4666,133177.07198273813
3.75,4667,114278.83583032277
3.75,4668,354200.6002708603
3.75,4669,781110.656804101
3.75,4670,562055.5220481385
3.75,4671,857304.6949343599
3.75,4672,112526.73107475803
3.75,4673,2779794.444052933
3.75,4674,1846138.5797894355
3.75,4675,239138.0398220946
3.75,4676,1068020.3693467495
3.75,4677,215476.38247044143
3.75,4678,193203.52307775628
3.75,4679,633963.4249842081
3.75,4680,280578.3196675737
3.75,4681,655510.886060762
3.75,4682,337131.6599932915
3.75,4683,472474.2878520144
3.75,4684,616107.8323186575
3.75,4685,586064.5151023794
3.75,4686,446248.62569275504
3.75,4687,2482181.870118019
3.75,4688,513000.27250912745
3.75,4689,885534.2798166114
3.75,4690,2260224.7038262556
3.75,4691,1473664.2135084688
3.75,4692,362021.9469705073
3.75,4693,2044938.635474792
3.75,4694,804396.5690143949
3.75,4695,471873.09786585893
3.75,4696,151134.8865890355
3.75,4697,691573.6501146782
3.75,4698,1030877.672686158
3.75,4699,870212.4281769327
3.75,4700,391460.41611148685
3.75,4701,873985.3541961698
3.75,4702,403644.6011277221
3.75,4703,177828.71395752186
3.75,4704,1208527.7670501464
3.75,4705,483478.0410078686
3.75,4706,415710.7830868947
3.75,4707,686243.1716394546
3.75,4708,330343.4142245682
3.75,4709,753109.9849847961
3.75,4710,642013.4829192734
3.75,4711,161482.2645299349
3.75,4712,797049.8828332459
3.75,4713,295386.39608733647
3.75,4714,203147.85807021285
3.75,4715,651110.1319585349
3.75,4716,281164.52501567133
3.75,4717,769939.0919928836
3.75,4718,1681075.8805797
3.75,4719,2264091.960679231
3.75,4720,506000.98743071227
3.75,4721,508880.49175338517
3.75,4722,472219.15717569593
3.75,4723,1020281.8218560314
3.75,4724,716915.3093805132
3.75,4725,1367864.669315957
3.75,4726,491657.2213243736
3.75,4727,561152.2003951841
3.75,4728,428551.9718065975
3.75,4729,405915.0016991897
3.75,4730,758543.3348800277
3.75,4731,285933.7284877501
3.75,4732,962551.8500410488
3.75,4733,600055.8036856798
3.75,4734,176442.1943778774
3.75,4735,162705.8573202062
3.75,4736,868309.53114634
3.75,4737,383178.99724431615
3.75,4738,1040616.1210890496
3.75,4739,121667.83402595624
3.75,4740,260911.03465147092
3.75,4741,867976.8499232219
3.75,4742,141973.09408351954
3.75,4743,547523.4224042499
3.75,4744,660078.3442832489
3.75,4745,271240.4863579394
3.75,4746,430321.05413290916
3.75,4747,118823.47271677676
3.75,4748,135434.81783127342
3.75,4749,1658065.8748719848
3.75,4750,569218.7562224588
3.75,4751,769636.1335169505
3.75,4752,782542.8085631073
3.75,4753,267877.6822043049
3.75,4754,890580.2100239651
3.75,4755,556074.0114139353
3.75,4756,152693.4458139604
3.75,4757,673494.450296751
3.75,4758,251946.55173216813
3.75,4759,1154803.19521236
3.75,4760,364208.22713904595
3.75,4761,312643.79134903266
3.75,4762,593503.9654847627
3.75,4763,882559.3171018062
3.75,4764,258342.500227928
3.75,4765,455215.29565762414
3.75,4766,250208.56816847154
3.75,4767,4142636.9885558453
3.75,4768,1195865.0305648583
3.75,4769,281377.9005237346
3.75,4770,587827.8225964357
3.75,4771,536090.983446022
3.75,4772,885878.5787264592
3.75,4773,913187.8953249379
3.75,4774,136598.38856210775
3.75,4775,660875.5702951766
3.75,4776,569891.5816744929
3.75,4777,1093601.8084208807
3.75,4778,784290.7964072111
3.75,4779,142065.16745237875
3.75,4780,882134.9009536104
3.75,4781,411753.81261962885
3.75,4782,570244.9100274009
3.75,4783,537287.9250300648
3.75,4784,1106731.9705349712
3.75,4785,113393.7146055288
3.75,4786,100388.80464842747
3.75,4787,632637.7031228575
3.75,4788,915492.895063784
3.75,4789,288601.0520359968
3.75,4790,257756.85541121862
3.75,4791,454529.9633329003
3.75,4792,1071466.7290001693
3.75,4793,1858868.0836070678
3.75,4794,213714.1616696764
3.75,4795,723217.008585179
3.75,4796,494681.3688817661
3.75,4797,515757.543472124
3.75,4798,1762975.2440029169
3.75,4799,322259.2031607629
3.75,4800,885545.7358978542
3.75,4801,662984.6692953988
3.75,4802,404438.1889174173
3.75,4803,939597.4744800534
3.75,4804,106599.46767631808
3.75,4805,514782.35781673406
3.75,4806,193510.72785210505
3.75,4807,507996.6144435363
3.75,4808,1253552.7881188246
3.75,4809,747158.3307492271
3.75,4810,136217.55222514214
3.75,4811,673968.9395546453
3.75,4812,303866.88569697004
3.75,4813,1093770.7699152313
3.75,4814,627339.8627128942
3.75,4815,468767.1417205511
3.75,4816,407797.6840919978
3.75,4817,433498.35759553476
3.75,4818,252389.98292301514
3.75,4819,778086.3545695924
3.75,4820,273997.55686061195
3.75,4821,986672.0977265048
3.75,4822,993507.1740652613
3.75,4823,276036.7616086512
3.75,4824,1013383.970499926
3.75,4825,226461.31519161866
3.75,4826,275155.1476144662
3.75,4827,330227.1756178563
3.75,4828,833625.6407967507
3.75,4829,440704.0998447733
3.75,4830,487328.32551666565
3.75,4831,2178939.224629849
3.75,4832,447091.0255460536
3.75,4833,305746.2443047862
3.75,4834,115382.82418850118
3.75,4835,603265.3036584728
3.75,4836,528560.6140650265
3.75,4837,850682.9100975301
3.75,4838,231447.46369445356
3.75,4839,1325123.6708700145
3.75,4840,533768.5468420403
3.75,4841,871326.771946879
3.75,4842,2467588.183384995
3.75,4843,782434.1087569409
3.75,4844,779275.7108438483
3.75,4845,525550.495069248
3.75,4846,344851.018282724
3.75,4847,389973.21222554636
3.75,4848,474346.328677549
3.75,4849,109582.8315001135
3.75,4850,1159639.5009003032
3.75,4851,107834.81799645207
3.75,4852,125362.65347447895
3.75,4853,563253.0001634014
3.75,4854,847699.9553154684
3.75,4855,726819.2013675004
3.75,4856,2087510.8903728127
3.75,4857,390592.5225372564
3.75,4858,111266.24616686266
3.75,4859,233991.36793122053
3.75,4860,269416.2427521318
3.75,4861,419645.32854288194
3.75,4862,159666.26599451908
3.75,4863,106363.7877431492
3.75,4864,363221.96615984984
3.75,4865,329273.40384207777
3.75,4866,651374.79314858
3.75,4867,383464.42351320066
3.75,4868,591475.9273604891
3.75,4869,740641.2976987758
3.75,4870,1019388.571241425
3.75,4871,605282.8238497332
3.75,4872,102798.91295097362
3.75,4873,578890.9405301663
3.75,4874,1017846.2142073764
3.75,4875,3354248.8988688355
3.75,4876,1424123.846018173
3.75,4877,761324.0327490728
3.75,4878,434380.9014871147
3.75,4879,529904.4962759466
3.75,4880,357497.55115579406
3.75,4881,419908.6900253285
3.75,4882,408318.7770409391
3.75,4883,100930.4135373299
3.75,4884,1458059.0390914474
3.75,4885,202392.27725467406
3.75,4886,338419.98285008105
3.75,4887,1366009.6911523165
3.75,4888,1313637.658494137
3.75,4889,186987.81443644702
3.75,4890,329668.6194114294
3.75,4891,571967.027077809
3.75,4892,787913.6193262684
3.75,4893,98659.7122421208
3.75,4894,1037858.2884957799
3.75,4895,616494.0131155455
3.75,4896,520153.91374703764
3.75,4897,129834.54179264304
3.75,4898,1245958.3606109144
3.75,4899,1516730.977273641
3.75,4900,3799390.0940663014
3.75,4901,2451271.2903734175
3.75,4902,479443.2055250538
3.75,4903,1409517.168488923
3.75,4904,198819.31525690787
3.75,4905,179129.38243676486
3.75,4906,424049.8884706234
3.75,4907,210180.7585768001
3.75,4908,363467.0546812102
3.75,4909,1876844.3175316409
3.75,4910,170498.52711118807
3.75,4911,111747.13886126751
3.75,4912,1131161.958300398
3.75,4913,104823.58304239076
3.75,4914,231197.7957855202
3.75,4915,681430.9344421793
3.75,4916,766644.2180889744
3.75,4917,1399312.612801148
3.75,4918,128774.4939451052
3.75,4919,515902.8754590511
3.75,4920,4867702.192416524
3.75,4921,303697.9079714636
3.75,4922,594615.1809943015
3.75,4923,196231.21240521513
3.75,4924,103910.6799446235
3.75,4925,414764.0890691187
3.75,4926,279558.72719465924
3.75,4927,112998.37365178808
3.75,4928,411602.16340591805
3.75,4929,447123.48707396263
3.75,4930,292476.11274316325
3.75,4931,506792.56609225646
3.75,4932,670948.5159619795
3.75,4933,1281747.3991725566
3.75,4934,629540.6508228721
3.75,4935,2045505.476851101
3.75,4936,4272405.2782303
3.75,4937,2829788.117141716
3.75,4938,521043.6359153697
3.75,4939,198958.66904808878
3.75,4940,119349.59014031064
3.75,4941,370644.9683403684
3.75,4942,459049.06461771036
3.75,4943,1444663.0833288366
3.75,4944,349531.01034808496
3.75,4945,348160.9248209108
3.75,4946,2367749.081335219
3.75,4947,1436160.8254994382
3.75,4948,545939.8411858657
3.75,4949,125999.0336839753
3.75,4950,814416.1221543974
3.75,4951,2276045.526807243
3.75,4952,529786.6415093555
3.75,4953,154049.91079540853
3.75,4954,3664767.255732521
3.75,4955,406731.0696591004
3.75,4956,520889.3974205647
3.75,4957,512529.9478658999
3.75,4958,395663.4901572592
3.75,4959,159008.6157114319
3.75,4960,215834.69709227726
3.75,4961,267094.65701687586
3.75,4962,112511.4065903416
3.75,4963,857121.6046105793
3.75,4964,1210602.3019665454
3.75,4965,256337.25011195577
3.75,4966,242843.40095507258
3.75,4967,2663700.5941558527
3.75,4968,544891.0761239359
3.75,4969,326977.01869297214
3.75,4970,478097.18362950336
3.75,4971,772231.8704700784
3.75,4972,185605.8423218157
3.75,4973,4976567.318302604
3.75,4974,496931.3850628418
3.75,4975,229572.4227281408
3.75,4976,230031.63298131083
3.75,4977,550089.5277498179
3.75,4978,304122.2062144969
3.75,4979,1682738.4578637911
3.75,4980,907089.9522021511
3.75,4981,2364339.065226609
3.75,4982,414298.5349697275
3.75,4983,200024.47891970116
3.75,4984,5206806.13418706
3.75,4985,799654.0620111686
3.75,4986,806974.2657184417
3.75,4987,376193.2694490991
3.75,4988,107890.06825178304
3.75,4989,494878.72701132315
3.75,4990,98340.21276285555
3.75,4991,376973.02930809406
3.75,4992,1907786.7819112793
3.75,4993,302654.49691254995
3.75,4994,203389.20861460746
3.75,4995,221311.03044973538
3.75,4996,893955.7844940819
3.75,4997,382775.9242309811
3.75,4998,140244.45677846024
3.75,4999,1017753.5270999687
3.75,5000,1444321.0568453895
3.75,5001,1115232.5013115346
3.75,5002,271028.7760916924
3.75,5003,1948882.6378845994
3.75,5004,112688.89776168711
3.75,5005,531897.3356015802
3.75,5006,115859.02180873886
3.75,5007,115625.18160335295
3.75,5008,756784.80824547
3.75,5009,529597.9938768342
3.75,5010,2357015.23688072
3.75,5011,158731.31292735238
3.75,5012,1392004.9846305195
3.75,5013,618621.5239616684
3.75,5014,470258.45389233547
3.75,5015,218531.21120931132
3.75,5016,408212.8592971624
3.75,5017,196969.29839596117
3.75,5018,1217726.5014821948
3.75,5019,617938.6446385523
3.75,5020,818052.4415513977
3.75,5021,2825495.1191839124
3.75,5022,159826.03428223717
3.75,5023,4889012.337200739
3.75,5024,548014.0493637356
3.75,5025,156929.34288738403
3.75,5026,143007.18019830994
3.75,5027,944437.9549349971
3.75,5028,526890.6886677346
3.75,5029,101703.15718886825
3.75,5030,1324180.6670156189
3.75,5031,695820.5179176166
3.75,5032,102003.32661674666
3.75,5033,587630.4899193479
3.75,5034,586548.1338682115
3.75,5035,1160077.00025206
3.75,5036,290807.47793547495
3.75,5037,290818.8025583344
3.75,5038,1514156.2740536192
3.75,5039,1121487.0024763816
3.75,5040,1718798.764201741
3.75,5041,438304.75314634235
3.75,5042,350208.8040931789
3.75,5043,408783.72741417715
3.75,5044,1742214.249059923
3.75,5045,954651.3266477723
3.75,5046,1511167.9878580826
3.75,5047,594323.5794703152
3.75,5048,565834.7283430034
3.75,5049,116855.6339984004
3.75,5050,305393.74290006893
3.75,5051,190055.81080631385
3.75,5052,2163852.155776215
3.75,5053,972929.895469504
3.75,5054,234199.95759833444
3.75,5055,355143.5457432114
3.75,5056,464504.6499198596
3.75,5057,1164158.1167158936
3.75,5058,332477.29463020293
3.75,5059,370135.7282553591
3.75,5060,718681.4122104102
3.75,5061,682277.3522829238
3.75,5062,1274619.7395716002
3.75,5063,654994.8046819543
3.75,5064,218823.9524945436
3.75,5065,200707.85721833282
3.75,5066,381270.18025171757
3.75,5067,274711.3830209572
3.75,5068,120395.21377242645
3.75,5069,1505905.8687668215
3.75,5070,1823869.0516488794
3.75,5071,459267.0531183624
3.75,5072,344211.1832203798
3.75,5073,916415.8660697333
3.75,5074,175932.23801111363
3.75,5075,512878.2191469547
3.75,5076,289004.21249837097
3.75,5077,251784.90564313735
3.75,5078,5547499.822699185
3.75,5079,1698360.4676030467
3.75,5080,421906.0857973797
3.75,5081,1108763.8552961643
3.75,5082,3609389.565350453
3.75,5083,877108.2621466053
3.75,5084,1260322.8161763884
3.75,5085,605303.2327542853
3.75,5086,437532.3379091614
3.75,5087,578876.1982734085
3.75,5088,1980000.464788711
3.75,5089,135049.84341441456
3.75,5090,766908.5979468965
3.75,5091,866475.6100724966
3.75,5092,348675.28418808494
3.75,5093,549588.4955289485
3.75,5094,394222.63116246747
3.75,5095,109580.11318714474
3.75,5096,417921.55399952957
3.75,5097,609752.0178170493
3.75,5098,243632.54147332528
3.75,5099,526986.3077018638
3.75,5100,1083658.0640848253
3.75,5101,986802.4678994494
3.75,5102,303699.40486141696
3.75,5103,460686.9555743922
3.75,5104,2111882.477097491
3.75,5105,188190.09588969572
3.75,5106,419270.1640857849
3.75,5107,643642.4056439566
3.75,5108,704518.2286467616
3.75,5109,1845395.4936364496
3.75,5110,829002.2240129157
3.75,5111,1272562.8693161486
3.75,5112,3116453.0805031564
3.75,5113,505991.0260637368
3.75,5114,410071.8247751156
3.75,5115,556149.455969992
3.75,5116,1303304.6105624516
3.75,5117,1839812.5890357245
3.75,5118,443790.22942039534
3.75,5119,229050.40234204198
3.75,5120,377888.95078968594
3.75,5121,483503.0625558157
3.75,5122,374840.6823755265
3.75,5123,4254409.512646533
3.75,5124,609899.551808008
3.75,5125,2657987.98612424
3.75,5126,908928.850111134
3.75,5127,370678.6513571772
3.75,5128,1202346.491403826
3.75,5129,868263.8841164332
3.75,5130,746820.6091714707
3.75,5131,636713.1042401327
3.75,5132,351870.23124540306
3.75,5133,710317.7683275935
3.75,5134,899291.3080156121
3.75,5135,446659.3766459252
3.75,5136,1413915.223566878
3.75,5137,3238915.5296930447
3.75,5138,267718.94930450927
3.75,5139,167796.10991583962
3.75,5140,593888.7406275495
3.75,5141,1012581.9575745191
3.75,5142,1241665.8360497204
3.75,5143,1430996.7614219873
3.75,5144,933040.355279427
3.75,5145,1071799.8110473873
3.75,5146,323783.2752037731
3.75,5147,572057.921009059
3.75,5148,421686.4176930963
3.75,5149,848847.1231354541
3.75,5150,764736.2970768653
3.75,5151,262176.0244438732
3.75,5152,665646.7960587472
3.75,5153,971616.1474723376
3.75,5154,531978.4278367021
3.75,5155,861933.4766998407
3.75,5156,1844110.4616440472
3.75,5157,229128.75322648638
3.75,5158,568115.834391586
3.75,5159,513630.7753381722
3.75,5160,421324.9868763709
3.75,5161,980986.1110539067
3.75,5162,1145824.1034607766
3.75,5163,342927.4325927592
3.75,5164,224228.01544252844
3.75,5165,704003.9187908731
3.75,5166,519396.79212644865
3.75,5167,141630.49458090964
3.75,5168,187805.69679785252
3.75,5169,644257.7396105163
3.75,5170,440374.4598357909
3.75,5171,218616.5669553302
3.75,5172,500741.5583678869
3.75,5173,667699.9180183299
3.75,5174,704206.2499906293
3.75,5175,408002.1540126933
3.75,5176,4628272.6781473365
3.75,5177,124847.35253916567
3.75,5178,606737.1065850952
3.75,5179,3419198.6071882457
3.75,5180,606029.9383035594
3.75,5181,240872.31227695072
3.75,5182,282050.0285365576
3.75,5183,553738.9294439222
3.75,5184,258706.91941396496
3.75,5185,296684.5844815996
3.75,5186,607970.6118029021
3.75,5187,168832.82211651368
3.75,5188,774591.9471913556
3.75,5189,712724.5345425712
3.75,5190,508068.1023112607
3.75,5191,364054.78803007456
3.75,5192,365498.09156627615
3.75,5193,465523.66644609545
3.75,5194,679204.8632825053
3.75,5195,435943.28571842855
3.75,5196,3594678.632791806
3.75,5197,2782169.5424914695
3.75,5198,448523.61042469955
3.75,5199,510051.91897748964
3.75,5200,184202.5730920341
3.75,5201,112404.6599705214
3.75,5202,227431.78465154333
3.75,5203,862074.4242920708
3.75,5204,299291.29679839074
3.75,5205,456056.8365650275
3.75,5206,368540.3451950428
3.75,5207,514949.5707566767
3.75,5208,171719.67039255553
3.75,5209,204311.4492002918
3.75,5210,234909.87317868805
3.75,5211,548066.1567356582
3.75,5212,1283469.669299278
3.75,5213,2163230.978843106
3.75,5214,375093.7536297206
3.75,5215,150479.4505251497
3.75,5216,264772.1320591375
3.75,5217,295838.05824497936
3.75,5218,419377.52303531225
3.75,5219,1194530.8144651935
3.75,5220,1721634.475141347
3.75,5221,1310372.3096382753
3.75,5222,427951.179085894
3.75,5223,515093.3575465097
3.75,5224,523515.7131558732
3.75,5225,1020347.955706505
3.75,5226,249461.65673534526
3.75,5227,413704.6135499661
3.75,5228,314935.3918115141
3.75,5229,105334.4443466351
3.75,5230,469279.1393346157
3.75,5231,413047.7012138989
3.75,5232,273902.30231458007
3.75,5233,168023.0765885485
3.75,5234,110142.75426005214
3.75,5235,3009909.2754323552
3.75,5236,203629.65721649112
3.75,5237,481377.7700287142
3.75,5238,507029.4438720908
3.75,5239,508578.1148574473
3.75,5240,119738.7100882924
3.75,5241,326212.51542172296
3.75,5242,1220856.4112665472
3.75,5243,660025.826077591
3.75,5244,802372.3739741737
3.75,5245,664560.6011828545
3.75,5246,329984.51640254224
3.75,5247,276970.0803100393
3.75,5248,197530.86585322302
3.75,5249,578827.2952758344
3.75,5250,319394.75416103145
3.75,5251,3682162.6715547633
3.75,5252,227875.0469237345
3.75,5253,762545.3408802454
3.75,5254,835170.5527695247
3.75,5255,120683.12307539019
3.75,5256,682935.3822732881
3.75,5257,892138.1520809657
3.75,5258,263776.1326159749
3.75,5259,341421.223764842
3.75,5260,546814.1416212867
3.75,5261,317440.87937923794
3.75,5262,645556.4725722749
3.75,5263,1865637.819532616
3.75,5264,110982.62225789129
3.75,5265,680054.5906244435
3.75,5266,424115.895870934
3.75,5267,457622.70094603987
3.75,5268,1408353.3193804063
3.75,5269,3212313.502614113
3.75,5270,368627.32549887034
3.75,5271,150641.23210506403
3.75,5272,496130.11679439934
3.75,5273,719774.5252121332
3.75,5274,454937.2830955173
3.75,5275,895409.9208565863
3.75,5276,563481.179482585
3.75,5277,535045.305290544
3.75,5278,471148.85798851174
3.75,5279,449575.97930332826
3.75,5280,1738318.033129029
3.75,5281,365175.58517871
3.75,5282,956174.9120058131
3.75,5283,221722.75568244694
3.75,5284,226607.36172519845
3.75,5285,504063.68941908394
3.75,5286,217145.75414804305
3.75,5287,441616.32732852537
3.75,5288,143791.00753188296
3.75,5289,476304.74187689787
3.75,5290,2512780.9458135916
3.75,5291,1640101.7632500476
3.75,5292,100647.58563958123
3.75,5293,356875.48738974397
3.75,5294,1824709.2208477417
3.75,5295,344430.1177413844
3.75,5296,494262.05171118624
3.75,5297,427994.64029849455
3.75,5298,200391.96201036725
3.75,5299,156806.8240445486
3.75,5300,216996.99517925747
3.75,5301,844267.8003609806
3.75,5302,582218.9794280203
3.75,5303,288223.9364554378
3.75,5304,472526.8894246715
3.75,5305,100210.62679433083
3.75,5306,509208.84392615384
3.75,5307,1538672.7013229176
3.75,5308,404159.2900183742
3.75,5309,707843.0287182438
3.75,5310,282064.6783030584
3.75,5311,106277.23317362336
3.75,5312,234881.72113171945
3.75,5313,120515.4076319208
3.75,5314,568872.4074674109
3.75,5315,1866910.4032159073
3.75,5316,377740.69212401635
3.75,5317,1211388.1788522108
3.75,5318,1102854.7412967994
3.75,5319,396731.856336862
3.75,5320,2193022.7523102546
3.75,5321,2850484.965197865
3.75,5322,416055.4625220303
3.75,5323,780841.826282192
3.75,5324,98149.4057559288
3.75,5325,101685.79003930103
3.75,5326,1515310.7882513932
3.75,5327,104605.39501147546
3.75,5328,1272487.1532813918
3.75,5329,786814.9547092873
3.75,5330,251576.2932815694
3.75,5331,218009.5545440696
3.75,5332,711217.6801187764
3.75,5333,245383.1349926891
3.75,5334,3530850.142558826
3.75,5335,580604.9104738565
3.75,5336,344110.95682374266
3.75,5337,2329466.337663724
3.75,5338,808309.7809638529
3.75,5339,645452.7059726353
3.75,5340,1061705.1960748502
3.75,5341,805741.7918713358
3.75,5342,247663.30527891873
3.75,5343,350259.2478161901
3.75,5344,1528967.0472481693
3.75,5345,458501.9280379415
3.75,5346,170072.64264993998
3.75,5347,102037.47821790697
3.75,5348,331504.2232878129
3.75,5349,251939.77042121327
3.75,5350,488318.6565620469
3.75,5351,661544.5726282173
3.75,5352,577592.5892258674
3.75,5353,4831970.787583778
3.75,5354,311096.3740464498
3.75,5355,335655.0775292694
3.75,5356,1037896.2802449001
3.75,5357,1364044.458781323
3.75,5358,447269.00789670076
3.75,5359,456450.7867335474
3.75,5360,593447.4166266008
3.75,5361,1877247.7068733773
3.75,5362,607144.2831571222
3.75,5363,219537.5024420168
3.75,5364,536882.3406341381
3.75,5365,115130.67154566757
3.75,5366,1842080.281811649
3.75,5367,191767.657183884
3.75,5368,3918645.9552014703
3.75,5369,176768.70834050298
3.75,5370,514203.98377143696
3.75,5371,463117.37386362586
3.75,5372,362223.04082446697
3.75,5373,1763455.041558674
3.75,5374,179447.84202493337
3.75,5375,568318.1834477978
3.75,5376,2392427.6403246764
3.75,5377,989479.2538856723
3.75,5378,137739.1224401406
3.75,5379,2811227.791524161
3.75,5380,326726.5572621172
3.75,5381,735571.8160701472
3.75,5382,1123509.9268673528
3.75,5383,484844.27988507703
3.75,5384,916185.9402645428
3.75,5385,933355.3627537026
3.75,5386,429929.4315908475
3.75,5387,528590.3631141051
3.75,5388,153310.5581860445
3.75,5389,245389.9280177191
3.75,5390,391670.676874567
3.75,5391,1140638.8443124932
3.75,5392,520347.63632822887
3.75,5393,234473.81069937692
3.75,5394,410896.1486509098
3.75,5395,224493.97378549902
3.75,5396,312749.9713128746
3.75,5397,302951.985802202
3.75,5398,215101.5215064062
3.75,5399,1237922.8940008674
3.75,5400,600707.9914057576
3.75,5401,414230.40222917206
3.75,5402,1066101.4933201626
3.75,5403,3117616.111182551
3.75,5404,500912.655423213
3.75,5405,350368.900904299
3.75,5406,702566.7382537049
3.75,5407,499485.17577822955
3.75,5408,858456.1810267515
3.75,5409,100282.07779476633
3.75,5410,373001.4711855842
3.75,5411,131985.2099481114
3.75,5412,188741.83950742945
3.75,5413,615339.4208388936
3.75,5414,1515521.7931080959
3.75,5415,1181003.8247573373
3.75,5416,633989.2877914496
3.75,5417,457867.55295465555
3.75,5418,2448601.2827768256
3.75,5419,1042028.7591059401
3.75,5420,920580.6556352447
3.75,5421,1026053.364773608
3.75,5422,1826989.6355973803
3.75,5423,494648.78416216106
3.75,5424,802692.2229678323
3.75,5425,533358.357417196
3.75,5426,536424.4987407618
3.75,5427,391829.96433217474
3.75,5428,380510.56260331033
3.75,5429,392928.72375119803
3.75,5430,166681.30440996093
3.75,5431,700922.1903781912
3.75,5432,1307739.4470687574
3.75,5433,648443.1174022441
3.75,5434,1324064.1929477057
3.75,5435,204385.22981926083
3.75,5436,229229.48592401447
3.75,5437,388893.4438708974
3.75,5438,894820.9509567048
3.75,5439,321661.0700597551
3.75,5440,113607.01652049777
3.75,5441,532218.6487410708
3.75,5442,666419.6574571055
3.75,5443,98390.78224088784
3.75,5444,219675.51043725747
3.75,5445,389431.0103252265
3.75,5446,186419.82779446404
3.75,5447,1069235.978294962
3.75,5448,698918.9792397799
3.75,5449,1696795.5168739397
3.75,5450,821760.1344110535
3.75,5451,110695.40610127992
3.75,5452,257478.71457281781
3.75,5453,435250.5071837398
3.75,5454,962002.3747183421
3.75,5455,421770.39076536184
3.75,5456,450022.33081788104
3.75,5457,845420.4950269306
3.75,5458,405079.68712420185
3.75,5459,350057.9639254653
3.75,5460,563774.8360895156
3.75,5461,2231975.723969782
3.75,5462,415266.27355731814
3.75,5463,552376.8634261978
3.75,5464,1296389.6308014002
3.75,5465,150995.69824643084
3.75,5466,677155.0340478736
3.75,5467,897248.4372013789
3.75,5468,437309.31160904537
3.75,5469,373375.1561529691
3.75,5470,213335.36262550493
3.75,5471,626544.7239687913
3.75,5472,1634922.8792124996
3.75,5473,109520.74645042157
3.75,5474,298601.3228724291
3.75,5475,835409.1894460763
3.75,5476,486176.17646321695
3.75,5477,183878.75977547705
3.75,5478,473049.30498112936
3.75,5479,832324.6130610129
3.75,5480,261626.0694233305
3.75,5481,2791147.6670062267
3.75,5482,731858.9410687304
3.75,5483,619764.5337306145
3.75,5484,462928.0135363717
3.75,5485,941146.3393247527
3.75,5486,251792.26266260105
3.75,5487,327712.927128721
3.75,5488,636258.4059864293
3.75,5489,286346.7606250496
3.75,5490,1868688.121269552
3.75,5491,5202981.714839076
3.75,5492,1014656.004651544
3.75,5493,1003617.1524865534
3.75,5494,610046.4986728646
3.75,5495,1530484.563959125
3.75,5496,97759.1767401216
3.75,5497,335440.6050204353
3.75,5498,491168.28141633346
3.75,5499,943472.7955877399
3.75,5500,2230909.256163963
3.75,5501,376278.0173277486
3.75,5502,204422.23268213173
3.75,5503,948418.8031811118
3.75,5504,455795.47261220874
3.75,5505,221598.50011311373
3.75,5506,106955.18985746152
3.75,5507,741861.3552265571
3.75,5508,1767725.1575298405
3.75,5509,105940.88181113126
3.75,5510,833161.1168258206
3.75,5511,2964338.3073558635
3.75,5512,121934.90359997301
3.75,5513,1736655.5338084404
3.75,5514,354334.1702430186
3.75,5515,930571.3553276176
3.75,5516,752521.3117201332
3.75,5517,764150.2793241693
3.75,5518,333100.0863584899
3.75,5519,179149.18031941314
3.75,5520,553913.1110985373
3.75,5521,537903.2374701056
3.75,5522,342375.5868576836
3.75,5523,355514.41522897856
3.75,5524,521879.0189499223
3.75,5525,1052462.7440403185
3.75,5526,1175910.2428056593
3.75,5527,285291.56913756457
3.75,5528,479021.2947263489
3.75,5529,683202.0536418988
3.75,5530,2409508.645219699
3.75,5531,159444.7110896411
3.75,5532,821617.2042134417
3.75,5533,746216.1564533177
3.75,5534,218425.91033780985
3.75,5535,264076.56976552
3.75,5536,710107.8826218136
3.75,5537,611211.5989470821
3.75,5538,292249.06723013
3.75,5539,105761.14802275639
3.75,5540,636238.9660377983
3.75,5541,399894.77904113114
3.75,5542,186238.53219177749
3.75,5543,3674198.716841144
3.75,5544,375849.41447586956
3.75,5545,1374967.5752823616
3.75,5546,1148015.9516954774
3.75,5547,1332224.2128311489
3.75,5548,601897.8723925655
3.75,5549,515461.94329021894
3.75,5550,620062.3587134915
3.75,5551,902969.78506063
3.75,5552,680154.5490421737
3.75,5553,164391.86395119294
3.75,5554,503662.4986908603
3.75,5555,1098097.0596209
3.75,5556,536365.3030856244
3.75,5557,133689.62207841763
3.75,5558,375560.19128489937
3.75,5559,1001114.1299167464
3.75,5560,710051.0803770565
3.75,5561,1192675.1709029411
3.75,5562,463581.5146113738
3.75,5563,639506.7420848348
3.75,5564,730041.9148322137
3.75,5565,2181636.498315606
3.75,5566,249967.36978737748
3.75,5567,679628.281146524
3.75,5568,409895.2521230331
3.75,5569,3901715.0322955237
3.75,5570,361206.5341520648
3.75,5571,1152083.0355063635
3.75,5572,108718.41081900202
3.75,5573,118546.86905522396
3.75,5574,614271.0285446161
3.75,5575,334956.15891008166
3.75,5576,536162.5383106986
3.75,5577,502501.06288887735
3.75,5578,1853697.9536421872
3.75,5579,645216.0930104228
3.75,5580,808193.0331903386
3.75,5581,1371114.5081387137
3.75,5582,464029.57948604465
3.75,5583,1618442.8234684076
3.75,5584,398398.5319411737
3.75,5585,428742.10677291243
3.75,5586,389136.8587405744
3.75,5587,191307.71659292417
3.75,5588,544305.8494281447
3.75,5589,217647.4500910687
3.75,5590,354798.99379536335
3.75,5591,394649.8364375764
3.75,5592,2206805.871204569
3.75,5593,790417.4671994962
3.75,5594,570213.079706686
3.75,5595,1117290.3206478553
3.75,5596,332661.51938886684
3.75,5597,515185.1204726951
3.75,5598,219140.04695096958
3.75,5599,222010.70132410535
3.75,5600,650118.9629525403
3.75,5601,405946.4177085637
3.75,5602,723305.6599220522
3.75,5603,343659.31722036836
3.75,5604,362047.16470030014
3.75,5605,800710.6279713243
3.75,5606,450019.81088486273
3.75,5607,823267.1540696834
3.75,5608,160942.23173915065
3.75,5609,831235.3206347711
3.75,5610,1284963.8433449022
3.75,5611,839255.5781460828
3.75,5612,492763.46237316
3.75,5613,381713.45790187386
3.75,5614,238610.04327373375
3.75,5615,1553884.8083162569
3.75,5616,513060.29404159763
3.75,5617,690688.0186423191
3.75,5618,389092.993954738
3.75,5619,1191814.8509893627
3.75,5620,590750.7740928987
3.75,5621,203579.44883131777
3.75,5622,439669.6249036369
3.75,5623,510717.32204167504
3.75,5624,349419.09066575323
3.75,5625,442384.0044191779
3.75,5626,676165.0345709596
3.75,5627,582244.8511373573
3.75,5628,333828.9321881249
3.75,5629,170522.99069353903
3.75,5630,529029.3045253014
3.75,5631,120709.68088620613
3.75,5632,1831356.9445541499
3.75,5633,414811.14296757133
3.75,5634,774166.385394236
3.75,5635,792652.8705697597
3.75,5636,238554.91502677018
3.75,5637,463386.317377782
3.75,5638,2008321.7764504177
3.75,5639,173474.43056175625
3.75,5640,139993.46280278685
3.75,5641,116722.43038852274
3.75,5642,1256432.6167257947
3.75,5643,1003995.4411259696
3.75,5644,148067.8223704346
3.75,5645,180798.39334685184
3.75,5646,1050863.6213405004
3.75,5647,376447.3031035104
3.75,5648,792056.4769452518
3.75,5649,819791.2577002406
3.75,5650,653872.1044409474
3.75,5651,97853.4605637224
3.75,5652,100694.10798597058
3.75,5653,282244.39374395675
3.75,5654,826485.2666025666
3.75,5655,4023481.1897745826
3.75,5656,99799.79840883114
3.75,5657,411651.8891769222
3.75,5658,99298.26613010284
3.75,5659,1695847.9615583671
3.75,5660,346315.2501477759
3.75,5661,1428463.4017590303
3.75,5662,1536268.8731277785
3.75,5663,415911.58952083084
3.75,5664,184307.77189760926
3.75,5665,768658.4770912802
3.75,5666,200250.89622061397
3.75,5667,361408.619261789
3.75,5668,827147.9905157676
3.75,5669,391565.57564036536
3.75,5670,382035.20125571766
3.75,5671,516881.7191802888
3.75,5672,884577.708001117
3.75,5673,538520.2361469988
3.75,5674,441951.20634813176
3.75,5675,1029627.6955338329
3.75,5676,98321.92254741516
3.75,5677,188313.0468325489
3.75,5678,270617.30674190127
3.75,5679,439517.3242777816
3.75,5680,348660.46944414696
3.75,5681,1897650.1545005795
3.75,5682,476596.3183343061
3.75,5683,247798.337797139
3.75,5684,259901.9356022188
3.75,5685,198435.1223294048
3.75,5686,436463.6688857087
3.75,5687,1847456.961610434
3.75,5688,570060.3187651418
3.75,5689,115917.74293636365
3.75,5690,330921.11606307287
3.75,5691,721926.9274183391
3.75,5692,204174.10910101686
3.75,5693,738586.9338902442
3.75,5694,424256.7658616628
3.75,5695,2469026.934238635
3.75,5696,542266.7750975041
3.75,5697,690716.6573781698
3.75,5698,521686.4963595515
3.75,5699,217166.71031468335
3.75,5700,963247.8635228169
3.75,5701,190236.91194653205
3.75,5702,880656.4586227388
3.75,5703,886950.1601555402
3.75,5704,332064.42424596724
3.75,5705,153035.3033010193
3.75,5706,262571.28050209663
3.75,5707,115482.36309379483
3.75,5708,3386349.9918571785
3.75,5709,99726.91791028547
3.75,5710,375590.4426185474
3.75,5711,662022.6884223421
3.75,5712,614055.3792129608
3.75,5713,469569.3261702899
3.75,5714,474631.85693352256
3.75,5715,137184.0611259756
3.75,5716,737145.4402589439
3.75,5717,586826.7585430163
3.75,5718,278733.819047092
3.75,5719,592315.0825077061
3.75,5720,2616910.274752291
3.75,5721,231620.81323052468
3.75,5722,1173407.8202344528
3.75,5723,328148.4672817192
3.75,5724,711302.3378753441
3.75,5725,797530.1578327279
3.75,5726,1557741.4303101622
3.75,5727,910696.5074982313
3.75,5728,680931.9871797358
3.75,5729,2696368.1329362164
3.75,5730,1507532.1461954012
3.75,5731,456921.97191816894
3.75,5732,371081.4738828496
3.75,5733,112693.98714133765
3.75,5734,444988.6745922967
3.75,5735,557288.0060714347
3.75,5736,1032425.0762837635
3.75,5737,621695.636499005
3.75,5738,306032.122206611
3.75,5739,106747.97031621181
3.75,5740,522209.1208910956
3.75,5741,123602.99532330505
3.75,5742,487112.7059380448
3.75,5743,324650.8804761969
3.75,5744,1372610.4638135284
3.75,5745,1109202.7734860745
3.75,5746,336522.6334068935
3.75,5747,566671.0954842543
3.75,5748,291202.07185646676
3.75,5749,171423.1686776766
3.75,5750,228876.54163886717
3.75,5751,500311.8033371286
3.75,5752,1136067.7294804591
3.75,5753,1258013.6394705288
3.75,5754,574111.2203472215
3.75,5755,491047.9440390275
3.75,5756,274207.29134989745
3.75,5757,2250025.144072392
3.75,5758,294755.2254813715
3.75,5759,375072.7450076735
3.75,5760,124419.44558302456
3.75,5761,346078.5320923662
3.75,5762,260884.5227753561
3.75,5763,563413.1685952098
3.75,5764,1242927.763987499
3.75,5765,1838956.9855118284
3.75,5766,815531.0678554248
3.75,5767,2817339.404195693
3.75,5768,669856.2091842222
3.75,5769,481209.6557670481
3.75,5770,3535370.7162769027
3.75,5771,578006.71664299
3.75,5772,351038.579615651
3.75,5773,1003467.6510686399
3.75,5774,873322.0099598235
3.75,5775,1658015.440850258
3.75,5776,663003.0686940908
3.75,5777,1205610.6204062265
3.75,5778,635920.3673745978
3.75,5779,521225.4371487736
3.75,5780,1071518.2664767427
3.75,5781,404709.36272897007
3.75,5782,366557.20278261363
3.75,5783,1557589.3828661279
3.75,5784,1599238.2989764782
3.75,5785,781767.6338457552
3.75,5786,170120.46088474037
3.75,5787,828824.3086357616
3.75,5788,593134.1088014757
3.75,5789,282183.57757619384
3.75,5790,121615.99163793252
3.75,5791,106798.8501256835
3.75,5792,173811.1411322063
3.75,5793,1944823.245633461
3.75,5794,392122.46694713156
3.75,5795,753722.0160135824
3.75,5796,520759.034451074
3.75,5797,392068.9997577463
3.75,5798,768753.0173196696
3.75,5799,2628472.0397043545
3.75,5800,285596.74067728606
3.75,5801,1410137.7843358314
3.75,5802,311922.06063756364
3.75,5803,837926.7621181142
3.75,5804,176802.37565747355
3.75,5805,1095253.1422530953
3.75,5806,437973.05535415583
3.75,5807,264139.48365760833
3.75,5808,925257.559978838
3.75,5809,1029918.1216987008
3.75,5810,867583.1305713347
3.75,5811,193391.05825208203
3.75,5812,487677.907587685
3.75,5813,381979.7319812063
3.75,5814,717708.9789995253
3.75,5815,590537.3227925084
3.75,5816,956891.0725219112
3.75,5817,402847.5842551926
3.75,5818,399651.77822122036
3.75,5819,516000.407628783
3.75,5820,367677.4580927787
3.75,5821,1349273.1633791635
3.75,5822,598605.3965148791
3.75,5823,763262.278995889
3.75,5824,580179.4497728213
3.75,5825,478313.824264261
3.75,5826,457152.9832107654
3.75,5827,612390.3471980938
3.75,5828,260671.47531360135
3.75,5829,519601.01298595784
3.75,5830,1217756.9277835083
3.75,5831,955150.9727760934
3.75,5832,530946.431384799
3.75,5833,132237.24821250088
3.75,5834,889099.3360536475
3.75,5835,698985.8764648741
3.75,5836,98963.56852583325
3.75,5837,249158.51048239353
3.75,5838,413787.7557490385
3.75,5839,742166.2306167026
3.75,5840,801020.5829114772
3.75,5841,560685.9367845135
3.75,5842,865634.1196042008
3.75,5843,458536.90869680024
3.75,5844,285781.2154733469
3.75,5845,1392110.3079455083
3.75,5846,471414.78553266544
3.75,5847,151809.5809729078
3.75,5848,1953611.243098123
3.75,5849,423663.43207871355
3.75,5850,580589.0313964945
3.75,5851,826610.1493951483
3.75,5852,318423.13685294165
3.75,5853,408124.7374609079
3.75,5854,114192.6360367531
3.75,5855,1164381.3027764938
3.75,5856,252506.04262949145
3.75,5857,483602.8032142378
3.75,5858,123658.17977708395
3.75,5859,237836.00842538444
3.75,5860,243546.500521411
3.75,5861,120845.57667602206
3.75,5862,576022.0867906938
3.75,5863,437421.537730715
3.75,5864,193990.78102244268
3.75,5865,181495.5173389643
3.75,5866,971636.5324396598
3.75,5867,749517.9079434216
3.75,5868,851859.5923676495
3.75,5869,203243.73628806736
3.75,5870,608032.3138635661
3.75,5871,114845.27717524444
3.75,5872,927236.084196319
3.75,5873,829160.7284433078
3.75,5874,1403883.7089349881
3.75,5875,235406.24756661043
3.75,5876,110899.26020254014
3.75,5877,478423.79800475773
3.75,5878,572028.3770022694
3.75,5879,383147.90582143626
3.75,5880,564778.1060221929
3.75,5881,878672.0124048688
3.75,5882,671485.9538995735
3.75,5883,684200.9092631148
3.75,5884,812902.0210021429
3.75,5885,101897.79392162971
3.75,5886,101588.54344387061
3.75,5887,498731.5942859252
3.75,5888,167491.5027531195
3.75,5889,913848.513265085
3.75,5890,357326.85293666023
3.75,5891,108511.6675362937
3.75,5892,901016.4752957836
3.75,5893,818954.4908000208
3.75,5894,557496.4111278538
3.75,5895,1111886.5515697245
3.75,5896,1240594.5706434008
3.75,5897,567659.8737660823
3.75,5898,795120.5681016694
3.75,5899,1400594.282106315
3.75,5900,443510.45478280337
3.75,5901,149620.5755709312
3.75,5902,304142.6306072781
3.75,5903,465693.59999019315
3.75,5904,834305.0234890684
3.75,5905,391922.67835488106
3.75,5906,974301.2711067009
3.75,5907,396535.3787023366
3.75,5908,540429.6396545741
3.75,5909,428502.4594820283
3.75,5910,566703.8653647457
3.75,5911,2102990.781812431
3.75,5912,835620.6969662238
3.75,5913,702197.0815813121
3.75,5914,144783.80630766897
3.75,5915,688072.7417964083
3.75,5916,616702.351253282
3.75,5917,566769.952003318
3.75,5918,1125830.4259751434
3.75,5919,491269.78014500596
3.75,5920,387768.95890568534
3.75,5921,529712.1302718718
3.75,5922,1456464.451890789
3.75,5923,1474867.4621506992
3.75,5924,572466.5570329176
3.75,5925,1341267.5976097228
3.75,5926,242679.88803156477
3.75,5927,340982.94208929734
3.75,5928,237187.25553996177
3.75,5929,248633.13422059995
3.75,5930,372640.46152148163
3.75,5931,189734.4418111971
3.75,5932,481551.01329006866
3.75,5933,323703.1397708676
3.75,5934,1136270.7351168352
3.75,5935,234695.0552416957
3.75,5936,216132.10361780933
3.75,5937,222854.4026987328
3.75,5938,616839.4222355295
3.75,5939,796803.6299312111
3.75,5940,119093.45080876716
3.75,5941,791103.1258948656
3.75,5942,784740.612858492
3.75,5943,456275.44212960283
3.75,5944,773095.2183762122
3.75,5945,240141.13808201402
3.75,5946,787280.0352862944
3.75,5947,124351.81242843083
3.75,5948,226274.69448914286
3.75,5949,777160.4135135749
3.75,5950,127380.49779091292
3.75,5951,2005266.1120868288
3.75,5952,177684.36774944217
3.75,5953,462666.0728935006
3.75,5954,250553.20839938638
3.75,5955,188677.07207691763
3.75,5956,203523.27473091846
3.75,5957,495916.0734565594
3.75,5958,181674.43168609284
3.75,5959,564655.5638793845
3.75,5960,567738.7999967729
3.75,5961,830959.2045648784
3.75,5962,396586.73690957297
3.75,5963,648449.9074379266
3.75,5964,295548.1693317563
3.75,5965,559562.2426646666
3.75,5966,255348.1993280865
3.75,5967,228565.70904339
3.75,5968,2381253.1033215597
3.75,5969,383024.8762249029
3.75,5970,628532.1844025285
3.75,5971,626083.3867509179
3.75,5972,487046.13110756385
3.75,5973,721282.5050843921
3.75,5974,836090.0983350349
3.75,5975,637297.6295428019
3.75,5976,491238.28016399627
3.75,5977,112806.55585994503
3.75,5978,875705.9943681535
3.75,5979,1002312.9107497616
3.75,5980,618938.5900033048
3.75,5981,286296.0469590628
3.75,5982,198193.15581101616
3.75,5983,473231.9814069877
3.75,5984,123777.68829175476
3.75,5985,155700.20254555228
3.75,5986,679332.8584267183
3.75,5987,277675.57033469004
3.75,5988,2009630.2768785018
3.75,5989,1246124.965521174
3.75,5990,4733865.059050822
3.75,5991,930790.601184219
3.75,5992,414441.0502310117
3.75,5993,702963.6219236385
3.75,5994,361509.5342557915
3.75,5995,1398967.8938025436
3.75,5996,267398.4608004514
3.75,5997,622734.03893523
3.75,5998,371923.16353490076
3.75,5999,1160079.9653732665
3.75,6000,510238.10994253267
3.75,6001,391256.4307582299
3.75,6002,1550598.2446063259
3.75,6003,257524.14858538576
3.75,6004,275476.1162289999
3.75,6005,2382475.382795834
3.75,6006,616218.9695640045
3.75,6007,243717.47896454186
3.75,6008,1388458.6758361259
3.75,6009,378249.12171131355
3.75,6010,838628.1222350191
3.75,6011,818450.8460540546
3.75,6012,110029.2520621983
3.75,6013,168476.5774741158
3.75,6014,492951.1755939808
3.75,6015,107473.71600629212
3.75,6016,386712.95942870056
3.75,6017,328087.00006038195
3.75,6018,245775.03973694704
3.75,6019,511212.8538029667
3.75,6020,1974267.0104714232
3.75,6021,766411.3771950437
3.75,6022,782299.2735511075
3.75,6023,274043.8928353847
3.75,6024,814433.4131005858
3.75,6025,774849.8618184049
3.75,6026,106188.66628216478
3.75,6027,167177.15663375973
3.75,6028,128743.84181031949
3.75,6029,1259158.804041614
3.75,6030,161838.44583827915
3.75,6031,332159.65758502804
3.75,6032,1639112.1204259754
3.75,6033,565026.9995660412
3.75,6034,188485.26127749213
3.75,6035,643688.4666299736
3.75,6036,115274.04923420519
3.75,6037,334055.41262153146
3.75,6038,127728.37783945417
3.75,6039,258954.1283354807
3.75,6040,206378.14501310774
3.75,6041,4654349.372274286
3.75,6042,1328487.6659503963
3.75,6043,525792.840117198
3.75,6044,212536.84759080043
3.75,6045,231499.8933521529
3.75,6046,871751.4655195704
3.75,6047,198058.6187087078
3.75,6048,1775439.2160888417
3.75,6049,817917.2240773927
3.75,6050,763480.5232417171
3.75,6051,120968.66793101297
3.75,6052,521688.66684326826
3.75,6053,314344.8008395261
3.75,6054,1132234.991942449
3.75,6055,110800.6176996222
3.75,6056,119431.6280555846
3.75,6057,393097.8194421392
3.75,6058,389938.26039007364
3.75,6059,1437340.2060090047
3.75,6060,558204.3808659803
3.75,6061,774801.9810340332
3.75,6062,804037.0692748114
3.75,6063,501703.2864327936
3.75,6064,1503687.3838823286
3.75,6065,247637.26249949326
3.75,6066,3190763.601219832
3.75,6067,443975.60489003116
3.75,6068,2099883.504306303
3.75,6069,2661415.059426076
3.75,6070,111880.84438093903
3.75,6071,1252528.4440105343
3.75,6072,541251.3212902051
3.75,6073,100861.14731327097
3.75,6074,364957.3263778977
3.75,6075,406488.5613404709
3.75,6076,527747.1821775711
3.75,6077,851548.8061775664
3.75,6078,953571.4143552767
3.75,6079,686924.4608753124
3.75,6080,722133.6320039779
3.75,6081,483551.8667293723
3.75,6082,381263.39212748467
3.75,6083,673987.512124803
3.75,6084,1358911.4781468797
3.75,6085,456957.62159557675
3.75,6086,238437.98648453457
3.75,6087,616899.6553479388
3.75,6088,116077.37525059815
3.75,6089,3672191.975201661
3.75,6090,608068.6458625873
3.75,6091,1014087.6702773258
3.75,6092,142868.5535069309
3.75,6093,304801.7005323325
3.75,6094,280776.80927056284
3.75,6095,350569.5490759858
3.75,6096,170097.8445345183
3.75,6097,640278.0701686253
3.75,6098,890420.0415171962
3.75,6099,417129.34067841904
3.75,6100,615329.5401073666
3.75,6101,1046321.0725805765
3.75,6102,351353.4954451819
3.75,6103,309415.79483589507
3.75,6104,546694.3514016289
3.75,6105,884276.3719169474
3.75,6106,359102.1667384267
3.75,6107,1245653.2293325125
3.75,6108,131558.2363702985
3.75,6109,426894.2298484689
3.75,6110,496902.95855492173
3.75,6111,484910.52438144805
3.75,6112,268694.1442767712
3.75,6113,223759.53910415113
3.75,6114,554624.7204282779
3.75,6115,960183.7764828724
3.75,6116,1127925.443447038
3.75,6117,1011783.8627963975
3.75,6118,264297.73759328446
3.75,6119,1688366.7871487127
3.75,6120,323391.6859036894
3.75,6121,288580.79144986725
3.75,6122,745757.156576961
3.75,6123,761094.9084257421
3.75,6124,199253.57053846744
3.75,6125,99656.63980954948
3.75,6126,1264341.4851500485
3.75,6127,548202.7142435747
3.75,6128,426075.52970299585
3.75,6129,1323971.7114423374
3.75,6130,514244.37388159643
3.75,6131,201553.0158921791
3.75,6132,467858.2754156674
3.75,6133,1484438.4267816483
3.75,6134,2049110.4800204388
3.75,6135,235580.24352710438
3.75,6136,227805.04434601933
3.75,6137,3165043.450729018
3.75,6138,174564.27057145868
3.75,6139,617152.0421695978
3.75,6140,555795.1106251854
3.75,6141,1823606.8399849944
3.75,6142,482885.3899802274
3.75,6143,1097222.7918971186
3.75,6144,1837856.4304516348
3.75,6145,2666975.400565671
3.75,6146,115953.46180991069
3.75,6147,273335.0450054163
3.75,6148,674880.5544573367
3.75,6149,1081105.0166021814
3.75,6150,497080.37073554756
3.75,6151,460102.5108683024
3.75,6152,453443.18471469387
3.75,6153,326747.5051226373
3.75,6154,310099.4779032462
3.75,6155,442564.22135724657
3.75,6156,553046.4087016354
3.75,6157,792033.2569387192
3.75,6158,430684.1951342855
3.75,6159,269570.9928437023
3.75,6160,488147.06401234586
3.75,6161,347882.1866317615
3.75,6162,760731.5214410718
3.75,6163,680800.9413641372
3.75,6164,783949.1238590188
3.75,6165,109981.02083011725
3.75,6166,98513.65792030054
3.75,6167,105163.66344186498
3.75,6168,457981.54574206274
3.75,6169,701343.6896202689
3.75,6170,399980.6716380599
3.75,6171,198722.3581991184
3.75,6172,426613.3378145971
3.75,6173,444445.4295976238
3.75,6174,765152.9692231833
3.75,6175,544358.7603420902
3.75,6176,1210829.8183862888
3.75,6177,429405.27822641435
3.75,6178,496102.9041357157
3.75,6179,1807483.2280135304
3.75,6180,853158.9647066337
3.75,6181,179647.5519035251
3.75,6182,244503.62965310056
3.75,6183,1770818.1498341206
3.75,6184,2657280.60780737
3.75,6185,507761.12469609425
3.75,6186,140145.77017198264
3.75,6187,112677.55993165326
3.75,6188,667221.6861551795
3.75,6189,2184416.5213807016
3.75,6190,886766.4354309213
3.75,6191,391413.42747629096
3.75,6192,214248.48991254478
3.75,6193,288530.6502500012
3.75,6194,593549.9801297265
3.75,6195,431717.79245144845
3.75,6196,1507884.378601606
3.75,6197,640382.7106824883
3.75,6198,159592.80455901838
3.75,6199,180874.8371082372
3.75,6200,733034.2700343834
3.75,6201,516927.4700019927
3.75,6202,695908.6470433678
3.75,6203,867982.1373292862
3.75,6204,810008.3432335602
3.75,6205,4818213.993220892
3.75,6206,2152318.9979506955
3.75,6207,515013.6395693843
3.75,6208,345563.1903478067
3.75,6209,4024228.8629064145
3.75,6210,108195.5379800914
3.75,6211,1702765.2576631517
3.75,6212,463093.75200949353
3.75,6213,351844.7596349397
3.75,6214,144012.37445342442
3.75,6215,892509.8220319734
3.75,6216,573578.9399736219
3.75,6217,111982.18361495018
3.75,6218,1374272.7219087442
3.75,6219,129105.33182164996
3.75,6220,963349.7703502546
3.75,6221,156739.78146284362
3.75,6222,328419.8043880432
3.75,6223,1472641.6552138808
3.75,6224,2583624.471545902
3.75,6225,2699003.407652486
3.75,6226,1590890.4285739346
3.75,6227,120664.31070631294
3.75,6228,313162.979108127
3.75,6229,256731.02426135706
3.75,6230,1353032.8858589674
3.75,6231,505537.23474964284
3.75,6232,1376487.2265483632
3.75,6233,515467.7803476376
3.75,6234,1059948.9608214633
3.75,6235,393101.84530361113
3.75,6236,821115.7682730205
3.75,6237,103161.47420953159
3.75,6238,215454.71352194896
3.75,6239,254780.020082703
3.75,6240,123191.76417058402
3.75,6241,464280.6741143281
3.75,6242,1234454.8781168612
3.75,6243,875546.7865144626
3.75,6244,195742.50352070722
3.75,6245,97055.66401297384
3.75,6246,1116896.6403272059
3.75,6247,947000.1406361605
3.75,6248,453452.34393334296
3.75,6249,523689.9933360448
3.75,6250,1115761.988306738
3.75,6251,471965.7796574764
3.75,6252,926701.0207243762
3.75,6253,153146.07247157762
3.75,6254,451719.4898556943
3.75,6255,1353473.1945577506
3.75,6256,995057.973110761
3.75,6257,133018.76817132413
3.75,6258,194376.77802582682
3.75,6259,177276.91137675697
3.75,6260,117818.39372574737
3.75,6261,484274.0076307833
3.75,6262,459920.56703921256
3.75,6263,516654.55936444027
3.75,6264,504041.7415850662
3.75,6265,288904.8334963126
3.75,6266,265912.157664614
3.75,6267,152932.42707242584
3.75,6268,781939.9316194428
3.75,6269,526035.9981251006
3.75,6270,1280753.5464502526
3.75,6271,173731.33024818214
3.75,6272,552501.1258691733
3.75,6273,101369.34194485824
3.75,6274,1459014.9248364873
3.75,6275,149728.84076122128
3.75,6276,833903.3612943537
3.75,6277,172193.9391089302
3.75,6278,893903.0428789669
3.75,6279,871275.9668856235
3.75,6280,449530.7677954319
3.75,6281,721819.2403514592
3.75,6282,624958.1933426071
3.75,6283,468818.77820640174
3.75,6284,131706.17534677061
3.75,6285,583510.8576929165
3.75,6286,311776.8174611804
3.75,6287,116334.51092892016
3.75,6288,1413610.427643919
3.75,6289,109173.23639585183
3.75,6290,3065360.6342790695
3.75,6291,378001.82926571975
3.75,6292,1140407.574564601
3.75,6293,3409730.7477718866
3.75,6294,198269.54516301205
3.75,6295,1643021.3822478796
3.75,6296,333284.7404030548
3.75,6297,2320161.6791129243
3.75,6298,436618.0988064918
3.75,6299,378449.5022084899
3.75,6300,854210.529924828
3.75,6301,1030904.5053486457
3.75,6302,100951.4053951361
3.75,6303,1194255.500970346
3.75,6304,946328.5432333439
3.75,6305,1464525.0436060322
3.75,6306,119366.82224083194
3.75,6307,395316.5948120691
3.75,6308,2552826.8148764847
3.75,6309,458410.39857693197
3.75,6310,884916.755653614
3.75,6311,708697.3338149358
3.75,6312,207352.35926510138
3.75,6313,902978.872000193
3.75,6314,555032.6795547056
3.75,6315,1050578.9959191978
3.75,6316,375311.90332568646
3.75,6317,1380762.5533173177
3.75,6318,583817.8317062187
3.75,6319,107688.9026799631
3.75,6320,294416.92855630245
3.75,6321,1511557.5040787328
3.75,6322,354083.1009345687
3.75,6323,1042697.7669190466
3.75,6324,1332882.3065748592
3.75,6325,237709.3327339394
3.75,6326,98267.729220285
3.75,6327,466983.42924946285
3.75,6328,1384756.9274176266
3.75,6329,495818.940445972
3.75,6330,294051.0039595384
3.75,6331,1200760.5391047501
3.75,6332,1728913.3131820823
3.75,6333,339931.0373308569
3.75,6334,775893.9051369496
3.75,6335,442300.4837108185
3.75,6336,798050.4566737787
3.75,6337,746618.0182105164
3.75,6338,2943927.492760624
3.75,6339,215091.7637641133
3.75,6340,5161481.842669965
3.75,6341,500593.4755608063
3.75,6342,809009.4541006137
3.75,6343,288890.3841714442
3.75,6344,624140.1425618366
3.75,6345,950101.5728667032
3.75,6346,603617.2439144854
3.75,6347,1101399.3236998906
3.75,6348,573455.3174545802
3.75,6349,828558.7215902292
3.75,6350,1810216.3463902336
3.75,6351,133929.70541453804
3.75,6352,251792.0358154127
3.75,6353,925382.4975123091
3.75,6354,607784.220255151
3.75,6355,353538.51896113175
3.75,6356,430089.59230705217
3.75,6357,558932.7936223623
3.75,6358,216550.38867609084
3.75,6359,284069.49244405475
3.75,6360,686424.9359896884
3.75,6361,280914.81198207266
3.75,6362,620437.6957290584
3.75,6363,1270462.1555618157
3.75,6364,739718.8329950661
3.75,6365,516127.5240856207
3.75,6366,843224.2222525959
3.75,6367,1558390.4774807766
3.75,6368,566626.9282897682
3.75,6369,833712.0579963758
3.75,6370,158961.33419935493
3.75,6371,119558.78141682115
3.75,6372,285833.6350550179
3.75,6373,640882.4985178813
3.75,6374,278170.6390031247
3.75,6375,440194.75574350654
3.75,6376,1091459.1002596323
3.75,6377,707731.1076090331
3.75,6378,109568.63778138538
3.75,6379,208377.2516862644
3.75,6380,128954.72800586133
3.75,6381,311198.8517586043
3.75,6382,342455.250549764
3.75,6383,150715.08050448133
3.75,6384,445974.35889081715
3.75,6385,413502.41802336206
3.75,6386,1120834.2026931318
3.75,6387,410473.98902703176
3.75,6388,710208.1896287831
3.75,6389,331694.97642459243
3.75,6390,1784609.2179449657
3.75,6391,317687.84778080485
3.75,6392,120320.12129864309
3.75,6393,220564.56775083055
3.75,6394,966865.1471776997
3.75,6395,135323.01813015153
3.75,6396,968427.0147244162
3.75,6397,288928.21607612993
3.75,6398,132318.5686532131
3.75,6399,1755003.7784363783
3.75,6400,141523.5277233465
3.75,6401,2046320.2463000468
3.75,6402,446423.4054773067
3.75,6403,697432.6539203335
3.75,6404,1155483.2150576129
3.75,6405,2088580.533709757
3.75,6406,1750563.2032634816
3.75,6407,712939.7395551917
3.75,6408,210351.9895051531
3.75,6409,278628.13201510435
3.75,6410,106106.8369396153
3.75,6411,465371.64956316963
3.75,6412,195661.13883870424
3.75,6413,592573.6380587571
3.75,6414,790565.6683226567
3.75,6415,467484.5869905328
3.75,6416,1118127.389541815
3.75,6417,1441563.69809697
3.75,6418,1087472.6732647587
3.75,6419,700965.8460062391
3.75,6420,1216677.5830955668
3.75,6421,307658.2344963025
3.75,6422,218859.28918619375
3.75,6423,1540608.7131766076
3.75,6424,380573.4450043691
3.75,6425,392370.0098370461
3.75,6426,529160.7282463448
3.75,6427,456826.155889574
3.75,6428,737813.6925546306
3.75,6429,998796.6773337153
3.75,6430,319349.01893308887
3.75,6431,476140.0421886698
3.75,6432,972039.4623809336
3.75,6433,598698.5559197422
3.75,6434,834513.7272242462
3.75,6435,850876.0283000553
3.75,6436,407598.38719005266
3.75,6437,554942.6860321265
3.75,6438,1530589.8019757196
3.75,6439,690687.9466068753
3.75,6440,1111243.8534807167
3.75,6441,869528.1789433607
3.75,6442,673276.9028282138
3.75,6443,1357997.7322578998
3.75,6444,942654.4246888636
3.75,6445,191456.62898719305
3.75,6446,567244.6003340079
3.75,6447,1529457.1607367597
3.75,6448,476315.73970062705
3.75,6449,717299.4394979409
3.75,6450,1001090.2716582093
3.75,6451,834611.4315989861
3.75,6452,2661943.143401294
3.75,6453,290877.78989716934
3.75,6454,175968.8714063659
3.75,6455,1069384.3399722064
3.75,6456,776045.509825955
3.75,6457,1481676.089890781
3.75,6458,138936.91057386415
3.75,6459,1420164.2133856728
3.75,6460,1319171.2399908302
3.75,6461,120924.81622559707
3.75,6462,164195.8114472687
3.75,6463,478705.7333683469
3.75,6464,682925.5338796381
3.75,6465,314937.87750647514
3.75,6466,873080.2353445352
3.75,6467,754623.3223792259
3.75,6468,642782.99080985
3.75,6469,665033.4050120171
3.75,6470,538707.0998129149
3.75,6471,246339.297076949
3.75,6472,898094.0257324504
3.75,6473,313254.76554057514
3.75,6474,1184723.4566058284
3.75,6475,653360.434431089
3.75,6476,217147.22094712174
3.75,6477,718861.9704361093
3.75,6478,562660.4595323334
3.75,6479,2218955.2778516663
3.75,6480,938456.1398078826
3.75,6481,301237.1397972813
3.75,6482,262503.48899903713
3.75,6483,734065.8430660218
3.75,6484,513948.0555187803
3.75,6485,1763083.2355869361
3.75,6486,306822.21828755364
3.75,6487,3143860.608005684
3.75,6488,410981.34092082793
3.75,6489,315462.73401667573
3.75,6490,1004882.5054925337
3.75,6491,494312.08917934704
3.75,6492,210795.78971256147
3.75,6493,143114.63659582718
3.75,6494,482530.16658611427
3.75,6495,2024981.8020589382
3.75,6496,860911.093745651
3.75,6497,532984.5148647985
3.75,6498,569822.1637694595
3.75,6499,914105.6628610714
3.75,6500,3084672.3567024963
3.75,6501,1134005.2667479892
3.75,6502,117781.78368657036
3.75,6503,797673.746537863
3.75,6504,420562.39036141307
3.75,6505,764478.5347146826
3.75,6506,606246.8812136623
3.75,6507,770003.2045996226
3.75,6508,257867.63501334866
3.75,6509,2988128.5250398517
3.75,6510,745558.4585313934
3.75,6511,2517236.2501053186
3.75,6512,554896.1959754811
3.75,6513,157242.02524737135
3.75,6514,306038.4720385639
3.75,6515,571768.269422658
3.75,6516,202252.55496026078
3.75,6517,914887.9010030132
3.75,6518,155169.26630423125
3.75,6519,1073453.4333758974
3.75,6520,149374.16186435806
3.75,6521,1637183.5409478873
3.75,6522,870095.2398304266
3.75,6523,384615.56750213593
3.75,6524,329842.25376585557
3.75,6525,251517.4093572456
3.75,6526,556253.7218616401
3.75,6527,134639.64857838795
3.75,6528,258792.86181394526
3.75,6529,389692.3780402004
3.75,6530,474313.9977366373
3.75,6531,466964.90776051313
3.75,6532,1246741.9750069769
3.75,6533,399625.2069505989
3.75,6534,1073552.1145138908
3.75,6535,1764555.2696202367
3.75,6536,105748.26010060434
3.75,6537,551252.8254309155
3.75,6538,419067.0745639974
3.75,6539,601126.4729029054
3.75,6540,308767.2057445798
3.75,6541,218977.76986819322
3.75,6542,415577.1014960393
3.75,6543,586797.6248678833
3.75,6544,170214.04568631633
3.75,6545,617234.5011212507
3.75,6546,765707.2873390772
3.75,6547,746530.9391866364
3.75,6548,1131322.66550246
3.75,6549,228243.48979840925
3.75,6550,700775.7479836625
3.75,6551,504615.03490062203
3.75,6552,1102285.5714667998
3.75,6553,872219.9066072523
3.75,6554,364202.197119477
3.75,6555,1540073.7588436198
3.75,6556,283965.30606765667
3.75,6557,2021878.5034259958
3.75,6558,700421.2455858671
3.75,6559,727838.7077838691
3.75,6560,327790.387116578
3.75,6561,478607.76833272696
3.75,6562,1033286.4164359723
3.75,6563,120347.15513724857
3.75,6564,916737.3561301378
3.75,6565,122012.52729292109
3.75,6566,373506.7611135706
3.75,6567,2229333.6789556006
3.75,6568,737843.6381228092
3.75,6569,2568539.144815172
3.75,6570,1268092.7783287019
3.75,6571,766458.1408168911
3.75,6572,268766.068072781
3.75,6573,504516.41137904447
3.75,6574,120238.42496248244
3.75,6575,197206.97902491895
3.75,6576,278748.9847101215
3.75,6577,884638.4083728512
3.75,6578,1335706.5307215024
3.75,6579,214029.9699209
3.75,6580,794680.576786627
3.75,6581,2409068.5819806606
3.75,6582,146098.8440369116
3.75,6583,652498.7149540538
3.75,6584,242708.11572293355
3.75,6585,436517.75912567833
3.75,6586,198100.9638841509
3.75,6587,426092.23342366173
3.75,6588,663277.6881251937
3.75,6589,115632.68618375456
3.75,6590,753082.133114061
3.75,6591,980113.778245279
3.75,6592,773636.9833370693
3.75,6593,612064.4212974551
3.75,6594,283860.1255835059
3.75,6595,373570.00077630044
3.75,6596,282712.3758062181
3.75,6597,311192.79794712045
3.75,6598,357072.88518489664
3.75,6599,1159545.785003419
3.75,6600,189368.77151868425
3.75,6601,187295.2907000489
3.75,6602,1016831.2462165741
3.75,6603,788637.0402720734
3.75,6604,775733.0245112326
3.75,6605,724283.7226287527
3.75,6606,377486.92157286184
3.75,6607,103257.41650380749
3.75,6608,612908.5973514348
3.75,6609,2759322.491869653
3.75,6610,314935.33024049364
3.75,6611,610527.1874957812
3.75,6612,593573.0220072102
3.75,6613,254083.39249587894
3.75,6614,1183522.4516771948
3.75,6615,182506.0035867185
3.75,6616,312013.7999337297
3.75,6617,147332.73402714534
3.75,6618,381584.1648626969
3.75,6619,276095.8395046814
3.75,6620,1199523.191737798
3.75,6621,104044.31550475962
3.75,6622,925219.0835921022
3.75,6623,679512.0068446344
3.75,6624,171224.18454342507
3.75,6625,768905.586065525
3.75,6626,544890.1192367834
3.75,6627,116451.96897374601
3.75,6628,458602.9783522569
3.75,6629,694563.6639263122
3.75,6630,640064.5119195248
3.75,6631,3957330.951371501
3.75,6632,530445.1330565055
3.75,6633,198634.73645632318
3.75,6634,565940.4458521015
3.75,6635,479952.4556556914
3.75,6636,562953.5373284147
3.75,6637,362241.3451883858
3.75,6638,1480597.5718221976
3.75,6639,712842.676463874
3.75,6640,322842.28452050587
3.75,6641,843089.9815636328
3.75,6642,400802.741729726
3.75,6643,217225.35115602266
3.75,6644,690616.4388986123
3.75,6645,123283.99979342642
3.75,6646,516172.3485548685
3.75,6647,909403.0902707609
3.75,6648,697745.5210005823
3.75,6649,404659.1154788631
3.75,6650,236142.37320686463
3.75,6651,983733.5353005683
3.75,6652,386590.0549521499
3.75,6653,640355.3155981054
3.75,6654,603804.0473372261
3.75,6655,554651.6793532077
3.75,6656,553012.5963908228
3.75,6657,221414.8028459384
3.75,6658,496755.0712991545
3.75,6659,1726310.7782028124
3.75,6660,257237.2888405018
3.75,6661,141355.97518781738
3.75,6662,563505.1849762585
3.75,6663,126411.2512446352
3.75,6664,375230.13498004695
3.75,6665,325004.2778566342
3.75,6666,580483.1753769801
3.75,6667,1392781.0230946573
3.75,6668,1365758.2003873629
3.75,6669,1068066.8917639526
3.75,6670,256577.88773590844
3.75,6671,2877932.7188282833
3.75,6672,996891.8460223145
3.75,6673,1073129.012544569
3.75,6674,345728.9574620569
3.75,6675,1267435.0284636798
3.75,6676,762658.688094768
3.75,6677,705028.9715101413
3.75,6678,346591.57301311084
3.75,6679,709352.8623477166
3.75,6680,597564.4548503717
3.75,6681,136415.93952070098
3.75,6682,846128.6705811704
3.75,6683,907953.5896615096
3.75,6684,229110.3762120042
3.75,6685,876836.8372021168
3.75,6686,117559.6564639586
3.75,6687,437392.67029990867
3.75,6688,344268.5857305169
3.75,6689,108458.78378944212
3.75,6690,108596.32562573197
3.75,6691,549386.4521032559
3.75,6692,609994.3520409457
3.75,6693,265463.7777321992
3.75,6694,1174041.3932546608
3.75,6695,705601.4368812791
3.75,6696,5197778.268652582
3.75,6697,1522746.01692121
3.75,6698,1688582.576582464
3.75,6699,1139778.6557596575
3.75,6700,193744.22542175197
3.75,6701,269073.49122387706
3.75,6702,721045.0453703451
3.75,6703,195532.93516254568
3.75,6704,1046774.8870385445
3.75,6705,938873.639684041
3.75,6706,1963711.299273872
3.75,6707,373177.2627396733
3.75,6708,752402.3142607672
3.75,6709,1992202.8633359917
3.75,6710,918917.9599087229
3.75,6711,711650.3447397075
3.75,6712,169874.3560520107
3.75,6713,1347542.9048772387
3.75,6714,362586.2016308981
3.75,6715,167313.92364183834
3.75,6716,524930.0251129707
3.75,6717,200746.49800080585
3.75,6718,420159.5202992844
3.75,6719,1173891.8466884333
3.75,6720,243631.4516911983
3.75,6721,1166120.899678785
3.75,6722,435726.3028355759
3.75,6723,291553.7997577214
3.75,6724,697474.7849973389
3.75,6725,711948.411985046
3.75,6726,154517.04862652175
3.75,6727,546120.71820724
3.75,6728,1266709.5153567158
3.75,6729,331637.90927996236
3.75,6730,862774.4900037613
3.75,6731,176997.83981659805
3.75,6732,2058392.5111103703
3.75,6733,1262478.9420340634
3.75,6734,368675.47032880463
3.75,6735,399784.6246251999
3.75,6736,967879.592554372
3.75,6737,214973.4487322666
3.75,6738,342274.7257631719
3.75,6739,120700.11738759441
3.75,6740,195957.8334977727
3.75,6741,544249.9097289128
3.75,6742,522197.42473474826
3.75,6743,262588.08659905405
3.75,6744,2788198.878885149
3.75,6745,845652.2898076324
3.75,6746,1068871.602082704
3.75,6747,362304.0126224941
3.75,6748,137609.5265538921
3.75,6749,887631.0440475895
3.75,6750,335879.9543647084
3.75,6751,110731.72840246857
3.75,6752,818752.5672781363
3.75,6753,126304.4906962328
3.75,6754,314042.7478798905
3.75,6755,528945.6450494312
3.75,6756,524814.7843109475
3.75,6757,433355.92389117973
3.75,6758,663180.6707891832
3.75,6759,898793.7756260018
3.75,6760,263381.5073081424
3.75,6761,484303.6128572034
3.75,6762,886550.9989509684
3.75,6763,759648.8665445583
3.75,6764,519547.8539548062
3.75,6765,337298.38809916144
3.75,6766,1913148.6054313362
3.75,6767,610050.8005969916
3.75,6768,239223.39931962514
3.75,6769,114257.00993868028
3.75,6770,572423.1129651389
3.75,6771,380471.1444586877
3.75,6772,218406.73231097203
3.75,6773,1672862.3365465715
3.75,6774,402224.45255327923
3.75,6775,198036.68902534156
3.75,6776,106058.13808349546
3.75,6777,856934.442543797
3.75,6778,1184007.8389923703
3.75,6779,724191.1271652915
3.75,6780,148204.27443121065
3.75,6781,904325.1181748677
3.75,6782,770345.9515279353
3.75,6783,687759.5660587064
3.75,6784,735674.1052052563
3.75,6785,566481.5776071463
3.75,6786,2835390.9561209283
3.75,6787,100728.19357676205
3.75,6788,468651.9933397157
3.75,6789,116558.37642335429
3.75,6790,132071.64321644648
3.75,6791,574906.1988239085
3.75,6792,1528308.698768142
3.75,6793,295440.45430804865
3.75,6794,339985.74298929574
3.75,6795,1851613.5157159145
3.75,6796,481103.48083568225
3.75,6797,2249228.5331167653
3.75,6798,329839.0883693403
3.75,6799,861674.1897895493
3.75,6800,1121572.8084968196
3.75,6801,592767.5237850032
3.75,6802,140316.30402630704
3.75,6803,1991322.191359863
3.75,6804,256809.05785188414
3.75,6805,435092.5248412582
3.75,6806,172820.4824010236
3.75,6807,315545.49721813627
3.75,6808,515911.1507825295
3.75,6809,950745.248775578
3.75,6810,690403.3939973123
3.75,6811,265397.597863536
3.75,6812,104323.2059882536
3.75,6813,484680.513764584
3.75,6814,2175756.205605524
3.75,6815,748500.4927697306
3.75,6816,118065.99098950002
3.75,6817,1017566.8595865994
3.75,6818,481535.80400527146
3.75,6819,4432216.56721029
3.75,6820,190075.34869752955
3.75,6821,322598.30196968844
3.75,6822,558019.9198233421
3.75,6823,243222.5299666932
3.75,6824,582595.3663420269
3.75,6825,496552.50463153946
3.75,6826,603255.1458875629
3.75,6827,458585.31594089896
3.75,6828,847560.866237379
3.75,6829,664692.1423071966
3.75,6830,585762.2528485117
3.75,6831,108704.4311224418
3.75,6832,1241481.667450964
3.75,6833,580513.1266765149
3.75,6834,372837.435726748
3.75,6835,113843.75220157423
3.75,6836,921067.6329289799
3.75,6837,401767.1110803069
3.75,6838,382437.29516459047
3.75,6839,238927.22859358494
3.75,6840,452530.99280828325
3.75,6841,1176371.1075243927
3.75,6842,350485.59651800425
3.75,6843,644392.6210423885
3.75,6844,665130.7957341382
3.75,6845,562264.4539850987
3.75,6846,1653803.508205542
3.75,6847,3010146.2862820835
3.75,6848,186216.97615113834
3.75,6849,1126596.5045810244
3.75,6850,408142.56140276836
3.75,6851,361815.09376197465
3.75,6852,545008.2711558491
3.75,6853,552376.010853265
3.75,6854,310398.03343081736
3.75,6855,608118.6785050327
3.75,6856,300983.21254471375
3.75,6857,672587.4502949641
3.75,6858,399354.9133822702
3.75,6859,898044.2373840411
3.75,6860,168992.67547076548
3.75,6861,277105.9489356003
3.75,6862,948297.5133579896
3.75,6863,809131.1540132359
3.75,6864,520002.5840451868
3.75,6865,1323289.6340740947
3.75,6866,590225.9646212161
3.75,6867,981829.7069391371
3.75,6868,128417.43835750651
3.75,6869,157259.90215779806
3.75,6870,1064005.3686013934
3.75,6871,2473943.5822016615
3.75,6872,254525.8065658952
3.75,6873,750038.3224632076
3.75,6874,511750.53919792664
3.75,6875,835363.1647935942
3.75,6876,139342.15699779647
3.75,6877,829278.7270938089
3.75,6878,363976.24639148166
3.75,6879,1065416.369853632
3.75,6880,1024143.7854822297
3.75,6881,326062.29431259434
3.75,6882,251725.25297368562
3.75,6883,779575.5456019684
3.75,6884,656865.7613269188
3.75,6885,1054542.5436969541
3.75,6886,288114.04686688894
3.75,6887,137059.64555530864
3.75,6888,603578.282568225
3.75,6889,1002848.276521713
3.75,6890,159463.40025015135
3.75,6891,242977.69799293185
3.75,6892,839942.9053860293
3.75,6893,591226.4228225118
3.75,6894,847943.6299913623
3.75,6895,748343.1918242531
3.75,6896,1835529.4118726905
3.75,6897,596991.442490237
3.75,6898,113831.2789828315
3.75,6899,648926.465515404
3.75,6900,254413.36200118487
3.75,6901,1275476.0950086624
3.75,6902,184533.39257571427
3.75,6903,1741623.7437442415
3.75,6904,512416.62356336287
3.75,6905,198580.42169085404
3.75,6906,2651666.272559423
3.75,6907,176244.36306619033
3.75,6908,1432463.0217650656
3.75,6909,1297949.483808911
3.75,6910,425206.2385797495
3.75,6911,736040.2011813361
3.75,6912,483942.9489250139
3.75,6913,211013.04073981947
3.75,6914,420353.4336688899
3.75,6915,417034.0909345785
3.75,6916,220153.57872947582
3.75,6917,340708.81565057195
3.75,6918,244004.05789550074
3.75,6919,800332.3813314296
3.75,6920,190210.65261053218
3.75,6921,415258.5032372569
3.75,6922,765644.3881251987
3.75,6923,330263.5177320129
3.75,6924,774090.5548924833
3.75,6925,276707.43969100853
3.75,6926,1278125.3660849645
3.75,6927,672188.0326139401
3.75,6928,2391592.864089189
3.75,6929,608028.8975668575
3.75,6930,131327.40673695644
3.75,6931,1024052.9901407924
3.75,6932,665162.9224227701
3.75,6933,255975.95299068742
3.75,6934,607834.7547558602
3.75,6935,456288.27898597624
3.75,6936,461278.8742708673
3.75,6937,877619.4265367873
3.75,6938,853575.8469748053
3.75,6939,1817899.632090643
3.75,6940,635081.6727458275
3.75,6941,524395.3932222823
3.75,6942,789751.0241973668
3.75,6943,655684.7214517973
3.75,6944,852270.6967461114
3.75,6945,748411.9122069265
3.75,6946,348632.70342949417
3.75,6947,479731.1449637978
3.75,6948,2258237.7341230162
3.75,6949,1695210.641587572
3.75,6950,365034.2221279879
3.75,6951,455383.44352963695
3.75,6952,676771.5494825561
3.75,6953,1353516.3260866043
3.75,6954,518965.2678359161
3.75,6955,143370.8624839908
3.75,6956,399303.2220938325
3.75,6957,381847.32398097444
3.75,6958,268269.31675445696
3.75,6959,544494.4607956703
3.75,6960,503965.601705319
3.75,6961,97280.12781123591
3.75,6962,188401.65926516315
3.75,6963,140018.40436720342
3.75,6964,423812.9736174348
3.75,6965,129040.1096913505
3.75,6966,654443.8055719127
3.75,6967,1080362.0446848744
3.75,6968,3735190.191214697
3.75,6969,114908.91342759573
3.75,6970,1663060.847852374
3.75,6971,674655.5677188921
3.75,6972,2009880.1468194148
3.75,6973,831455.4680399436
3.75,6974,1060717.5669619453
3.75,6975,1575821.9589083353
3.75,6976,332980.89060930227
3.75,6977,429761.30560428934
3.75,6978,121522.14484248802
3.75,6979,195284.03288209884
3.75,6980,649670.2659719767
3.75,6981,3129315.283674825
3.75,6982,559522.8161045748
3.75,6983,514700.64877371216
3.75,6984,414067.4206925124
3.75,6985,1189499.8530707045
3.75,6986,1592679.3561461368
3.75,6987,1761408.031000364
3.75,6988,330704.0102752029
3.75,6989,171519.81515827726
3.75,6990,429446.35704295326
3.75,6991,200852.27126179438
3.75,6992,893923.5715342915
3.75,6993,450647.058360316
3.75,6994,596409.3098290141
3.75,6995,513548.2289823506
3.75,6996,820451.8275766771
3.75,6997,116507.37257007291
3.75,6998,118979.92036726326
3.75,6999,245765.84765048258
3.75,7000,431079.28738967545
3.75,7001,1162795.9409169871
3.75,7002,100439.06237661297
3.75,7003,1801937.1264052906
3.75,7004,1586001.9658834026
3.75,7005,157689.66047458365
3.75,7006,748984.027982421
3.75,7007,452117.19531879056
3.75,7008,170997.0177575576
3.75,7009,248385.10164132467
3.75,7010,417096.1433687076
3.75,7011,434722.45203130186
3.75,7012,180544.48908079654
3.75,7013,257552.42919594416
3.75,7014,436126.26987378555
3.75,7015,325974.5683471932
3.75,7016,269771.317317713
3.75,7017,628874.4646797057
3.75,7018,705423.8245761435
3.75,7019,359260.16842165723
3.75,7020,664503.1756043255
3.75,7021,2053342.2429616442
3.75,7022,338951.1521420024
3.75,7023,241128.921743421
3.75,7024,1160458.9866283804
3.75,7025,442864.7334404212
3.75,7026,155413.84327062618
3.75,7027,909512.7825228935
3.75,7028,118079.95847275731
3.75,7029,706724.5939426731
3.75,7030,329074.57257684745
3.75,7031,238709.79389020804
3.75,7032,871038.6334436918
3.75,7033,334088.7314068279
3.75,7034,566343.5021418341
3.75,7035,522865.4820206241
3.75,7036,292376.70525013097
3.75,7037,202270.22475173994
3.75,7038,1403581.6889757735
3.75,7039,428142.6778489625
3.75,7040,758376.169948193
3.75,7041,1217621.5069693553
3.75,7042,315073.84195904783
3.75,7043,150765.7082564881
3.75,7044,505558.2801346106
3.75,7045,546079.126662155
3.75,7046,2066073.4078379155
3.75,7047,1326351.6451738044
3.75,7048,520839.56828942045
3.75,7049,336209.58605377673
3.75,7050,937242.7505445286
3.75,7051,799040.9528921198
3.75,7052,940322.9713414884
3.75,7053,269987.8023095667
3.75,7054,747643.2639770197
3.75,7055,2481640.899393179
3.75,7056,119528.92883421443
3.75,7057,161157.7289572233
3.75,7058,676424.5850964369
3.75,7059,851753.029330847
3.75,7060,841380.237989689
3.75,7061,167286.5394186887
3.75,7062,368346.65064812754
3.75,7063,792699.3529512511
3.75,7064,275684.73415971
3.75,7065,281402.8530123691
3.75,7066,347385.6274069462
3.75,7067,1116296.4972709848
3.75,7068,449293.8070988392
3.75,7069,922978.7213798438
3.75,7070,136091.85214448554
3.75,7071,889054.9470194917
3.75,7072,234311.51820941048
3.75,7073,324130.8257393514
3.75,7074,625948.0135324696
3.75,7075,582893.3374207029
3.75,7076,442948.55163989065
3.75,7077,2404520.729927678
3.75,7078,155564.32650963153
3.75,7079,1536675.3722299398
3.75,7080,936952.4217338893
3.75,7081,775559.9966719457
3.75,7082,1028215.3247328833
3.75,7083,183529.67220505167
3.75,7084,309863.816888383
3.75,7085,563339.2813638122
3.75,7086,103652.05002478012
3.75,7087,108416.72781075056
3.75,7088,692489.9866929917
3.75,7089,322622.45250898716
3.75,7090,525947.8647717005
3.75,7091,521108.2367214534
3.75,7092,630547.9766528247
3.75,7093,793421.6291569251
3.75,7094,110457.87492175163
3.75,7095,489486.45317564043
3.75,7096,315092.58527473774
3.75,7097,404461.91159454396
3.75,7098,1024000.8480800311
3.75,7099,2599003.63391946
3.75,7100,112724.87200511021
3.75,7101,928814.1179223289
3.75,7102,2967377.3158130785
3.75,7103,943845.2567309083
3.75,7104,1488249.6128495412
3.75,7105,315061.7591214955
3.75,7106,858423.3099379349
3.75,7107,627046.1904787112
3.75,7108,5100544.810765855
3.75,7109,545665.147009636
3.75,7110,182417.48794313625
3.75,7111,440042.80574120657
3.75,7112,860425.5178764492
3.75,7113,534488.9634872171
3.75,7114,1316196.334526982
3.75,7115,416994.1469809807
3.75,7116,1549440.6463611107
3.75,7117,769708.7068061065
3.75,7118,659289.5648238003
3.75,7119,1210368.2320245588
3.75,7120,223901.62420209727
3.75,7121,243943.80626627133
3.75,7122,1745303.6158447927
3.75,7123,2666614.85851565
3.75,7124,689289.2853724627
3.75,7125,2885718.274506941
3.75,7126,599907.4723536072
3.75,7127,542447.2288739635
3.75,7128,110150.05427991762
3.75,7129,729264.4869491463
3.75,7130,1995119.2360949023
3.75,7131,406515.295137562
3.75,7132,2858048.2287526187
3.75,7133,674748.4130207993
3.75,7134,422494.0963579413
3.75,7135,710990.2013597103
3.75,7136,222384.4026303337
3.75,7137,597830.2492532447
3.75,7138,164032.0324660477
3.75,7139,373210.9316801041
3.75,7140,484826.2669089343
3.75,7141,2195972.3649777845
3.75,7142,119442.63629110038
3.75,7143,1373889.8100708607
3.75,7144,1109146.5702642873
3.75,7145,359725.894384505
3.75,7146,478642.03535900003
3.75,7147,615078.3374782626
3.75,7148,935534.262450014
3.75,7149,220693.21335708324
3.75,7150,229912.39876737708
3.75,7151,140095.73211109932
3.75,7152,2370187.5405931105
3.75,7153,111390.20811207985
3.75,7154,639378.616133939
3.75,7155,562553.3434272145
3.75,7156,643590.7895460804
3.75,7157,120364.1335856484
3.75,7158,615077.4584011661
3.75,7159,841339.0640885367
3.75,7160,1312515.637815469
3.75,7161,1020264.0834641396
3.75,7162,1428415.164511137
3.75,7163,1193948.2409198962
3.75,7164,550210.4085606444
3.75,7165,360678.00112951105
3.75,7166,1025005.0773354697
3.75,7167,106979.9585374713
3.75,7168,286645.7826908625
3.75,7169,124556.50865654199
3.75,7170,1290541.8549146848
3.75,7171,375908.93167181476
3.75,7172,965575.948806224
3.75,7173,2022494.1685433148
3.75,7174,532341.4667469098
3.75,7175,620833.897369835
3.75,7176,789726.7479366027
3.75,7177,830617.2894387903
3.75,7178,154941.6179723548
3.75,7179,256216.32493517423
3.75,7180,1914330.845606958
3.75,7181,1822939.0601993718
3.75,7182,207548.37895794964
3.75,7183,898116.386991027
3.75,7184,1033212.7340369468
3.75,7185,653275.059460235
3.75,7186,623603.8169594934
3.75,7187,335198.2466773387
3.75,7188,681850.5702347253
3.75,7189,342037.38261161104
3.75,7190,370574.985709785
3.75,7191,1242009.448659793
3.75,7192,1471900.957875858
3.75,7193,220377.3932101234
3.75,7194,460077.15858606744
3.75,7195,467319.0232413682
3.75,7196,756953.1774623325
3.75,7197,122455.4382184595
3.75,7198,605185.5929078204
3.75,7199,1308089.6940686256
3.75,7200,157915.29921195397
3.75,7201,340903.6928114968
3.75,7202,393614.56901988667
3.75,7203,997540.3514372774
3.75,7204,507009.4258308001
3.75,7205,110049.96578443782
3.75,7206,900477.6242456348
3.75,7207,147489.04855889903
3.75,7208,858035.454690084
3.75,7209,102687.539472937
3.75,7210,876636.5441059585
3.75,7211,313476.62354170054
3.75,7212,449154.22167182626
3.75,7213,1301042.8418877814
3.75,7214,497020.032134913
3.75,7215,178502.12850517093
3.75,7216,367384.962193234
3.75,7217,690760.1294894242
3.75,7218,463069.89021269174
3.75,7219,777725.4024159322
3.75,7220,177746.97365286486
3.75,7221,538842.389207713
3.75,7222,1492605.8219152973
3.75,7223,353282.3197973273
3.75,7224,2891625.3513757386
3.75,7225,924160.5761932561
3.75,7226,239903.08051444252
3.75,7227,491846.56076885934
3.75,7228,373649.1327865447
3.75,7229,580204.9943898343
3.75,7230,244103.69381542868
3.75,7231,616540.6346453492
3.75,7232,286021.41211746813
3.75,7233,501576.9467221623
3.75,7234,481357.89669370017
3.75,7235,324805.4262388511
3.75,7236,568656.5527792145
3.75,7237,460211.9031644353
3.75,7238,293209.994837002
3.75,7239,689702.8003066994
3.75,7240,1947053.9348911974
3.75,7241,462278.5099996396
3.75,7242,321675.95642466866
3.75,7243,585218.608691806
3.75,7244,1706048.0296864845
3.75,7245,570813.9693234217
3.75,7246,387260.50432037364
3.75,7247,491726.4272276482
3.75,7248,416676.9020573027
3.75,7249,286531.28537661536
3.75,7250,220041.1680449024
3.75,7251,1077038.5434573933
3.75,7252,519991.7047986391
3.75,7253,687092.2604794395
3.75,7254,560503.1806015333
3.75,7255,2157663.800026603
3.75,7256,554031.6390440619
3.75,7257,290946.8269127913
3.75,7258,332104.8059127629
3.75,7259,3066461.6119264187
3.75,7260,1122191.1189986498
3.75,7261,578324.4963739013
3.75,7262,107183.75101783064
3.75,7263,483385.3827453238
3.75,7264,819709.1948632553
3.75,7265,489485.4980445359
3.75,7266,903872.9532102826
3.75,7267,481054.7975102505
3.75,7268,129329.2098679389
3.75,7269,586378.5434787084
3.75,7270,394945.0134381638
3.75,7271,1262927.9932302046
3.75,7272,516240.2214986708
3.75,7273,243718.74717036085
3.75,7274,933737.523845542
3.75,7275,1575809.2543750606
3.75,7276,613773.7683412997
3.75,7277,584382.8464906289
3.75,7278,217920.74134497961
3.75,7279,1198958.3281485466
3.75,7280,378142.89469811524
3.75,7281,534356.749735336
3.75,7282,130289.80119444388
3.75,7283,666884.7383954698
3.75,7284,572255.1060772015
3.75,7285,541985.795199014
3.75,7286,565944.8729620103
3.75,7287,565400.0967618776
3.75,7288,681098.0890512742
3.75,7289,524921.8120866128
3.75,7290,1030090.5656347035
3.75,7291,684624.854432766
3.75,7292,872375.920661914
3.75,7293,321419.58942997846
3.75,7294,301045.6474542969
3.75,7295,486822.02442879404
3.75,7296,518754.6960599865
3.75,7297,175566.7390446819
3.75,7298,618851.6983469732
3.75,7299,470601.89200806734
3.75,7300,558060.5415591366
3.75,7301,511427.99698189244
3.75,7302,1893757.5507100713
3.75,7303,264454.7219836135
3.75,7304,109370.61392722464
3.75,7305,935855.0087294949
3.75,7306,237905.77840711523
3.75,7307,118256.993762762
3.75,7308,235138.10174902
3.75,7309,1049540.3519076435
3.75,7310,357753.44457007316
3.75,7311,531417.0308417463
3.75,7312,292627.6051515988
3.75,7313,159736.60800320914
3.75,7314,726618.0958692231
3.75,7315,201295.77381891827
3.75,7316,521275.20667087496
3.75,7317,293871.32126121374
3.75,7318,443953.12909270875
3.75,7319,938646.0537590007
3.75,7320,169655.2475288589
3.75,7321,766449.2102998091
3.75,7322,595874.7393277417
3.75,7323,299483.1017321481
3.75,7324,161303.36732020875
3.75,7325,574585.5219548532
3.75,7326,948686.3132083883
3.75,7327,483196.51606210304
3.75,7328,497641.74234293663
3.75,7329,562837.5800965207
3.75,7330,783846.8138110948
3.75,7331,239082.31809311899
3.75,7332,515295.1002557137
3.75,7333,420420.08639613347
3.75,7334,524179.3405414927
3.75,7335,1599748.6676028185
3.75,7336,3977142.462089168
3.75,7337,2195962.525953559
3.75,7338,2169746.04549249
3.75,7339,319383.99989853735
3.75,7340,2117643.5637347484
3.75,7341,575984.7354027325
3.75,7342,1229189.2584210231
3.75,7343,1029988.915579026
3.75,7344,142361.8286609906
3.75,7345,776637.963067572
3.75,7346,115349.27491704823
3.75,7347,417968.74564357515
3.75,7348,329198.5335183009
3.75,7349,1080680.7901175357
3.75,7350,849718.0077256501
3.75,7351,1679232.307420987
3.75,7352,611853.6954264602
3.75,7353,4558098.802883825
3.75,7354,516737.4025268755
3.75,7355,482969.26445309445
3.75,7356,426087.71576620854
3.75,7357,146978.82062488428
3.75,7358,518795.0708174169
3.75,7359,666019.7499124322
3.75,7360,103686.55257775118
3.75,7361,463653.81602565676
3.75,7362,327907.22982500715
3.75,7363,725919.6727777233
3.75,7364,2272828.04852654
3.75,7365,309392.1076817907
3.75,7366,549525.155471641
3.75,7367,271501.0334331633
3.75,7368,241045.48023319666
3.75,7369,1927503.7760961093
3.75,7370,866502.6188011542
3.75,7371,433798.1572252983
3.75,7372,1221183.9902336844
3.75,7373,1140877.0419201467
3.75,7374,1444791.039214877
3.75,7375,565728.0448568106
3.75,7376,740521.5746522096
3.75,7377,326738.50578572095
3.75,7378,2382796.622085825
3.75,7379,971395.6769063178
3.75,7380,214011.55320839476
3.75,7381,1150337.8358828304
3.75,7382,419211.68549583637
3.75,7383,185512.80024416887
3.75,7384,2010856.0415906515
3.75,7385,293146.85902134347
3.75,7386,536087.4708033878
3.75,7387,530734.6771390584
3.75,7388,821658.4566034474
3.75,7389,982205.1525657952
3.75,7390,202341.6653462784
3.75,7391,626327.3100808836
3.75,7392,923962.3336882363
3.75,7393,6204241.9021394905
3.75,7394,269599.21027255815
3.75,7395,223595.8836411353
3.75,7396,1259703.1758325917
3.75,7397,374987.02759854455
3.75,7398,649322.6375697477
3.75,7399,398834.41358129156
3.75,7400,192556.68065414205
3.75,7401,1328799.3034019861
3.75,7402,460355.8951778514
3.75,7403,450172.96256897546
3.75,7404,1117839.864850047
3.75,7405,178568.42317158106
3.75,7406,238261.74307667065
3.75,7407,435766.4712116275
3.75,7408,669813.8681628752
3.75,7409,562961.0633103724
3.75,7410,2104183.251921007
3.75,7411,164956.4579445788
3.75,7412,505995.8504932963
3.75,7413,886093.0353571748
3.75,7414,311388.1329634785
3.75,7415,332049.02052767226
3.75,7416,1093832.2589179352
3.75,7417,180903.2261683533
3.75,7418,756676.0273122633
3.75,7419,589705.8729903676
3.75,7420,186398.42340860152
3.75,7421,98593.86759622973
3.75,7422,2261949.3723521475
3.75,7423,683863.5417115368
3.75,7424,148463.59593069513
3.75,7425,203351.28869755394
3.75,7426,297743.9147644337
3.75,7427,288096.3718616049
3.75,7428,510458.42417331313
3.75,7429,1513554.0682102677
3.75,7430,167368.20680120063
3.75,7431,1000952.6399800733
3.75,7432,119567.18342499764
3.75,7433,178112.28954976972
3.75,7434,539760.215684761
3.75,7435,1297025.9324604464
3.75,7436,310611.8131239222
3.75,7437,440033.3219957922
3.75,7438,666351.9595395281
3.75,7439,461345.683606405
3.75,7440,836419.1776530939
3.75,7441,201927.75938480382
3.75,7442,147541.12079472138
3.75,7443,899733.2836961022
3.75,7444,525541.807583853
3.75,7445,968179.6683743955
3.75,7446,253690.96720478407
3.75,7447,229581.33013950256
3.75,7448,100129.1837491794
3.75,7449,2770313.108960142
3.75,7450,2457865.088837086
3.75,7451,240593.38834963084
3.75,7452,771088.870004479
3.75,7453,297155.84933901305
3.75,7454,591159.5220335958
3.75,7455,558690.9476097887
3.75,7456,1285241.3813446038
3.75,7457,920605.6822332754
3.75,7458,1513319.001978912
3.75,7459,296590.1543672006
3.75,7460,2435733.657801212
3.75,7461,1993228.0850976403
3.75,7462,389388.7407422586
3.75,7463,640933.8839755274
3.75,7464,1005545.9226710483
3.75,7465,978915.1810448007
3.75,7466,556532.169140215
3.75,7467,2069016.0326734497
3.75,7468,3705260.084687864
3.75,7469,317203.08583839727
3.75,7470,2166096.012211707
3.75,7471,389156.2088390879
3.75,7472,431526.7712824036
3.75,7473,597906.511113101
3.75,7474,212820.90502340396
3.75,7475,280241.71264868503
3.75,7476,1236643.5965616992
3.75,7477,2691990.682904868
3.75,7478,988455.6367512951
3.75,7479,465962.85833210486
3.75,7480,158836.57369681646
3.75,7481,99601.39258100236
3.75,7482,387217.37190959614
3.75,7483,211112.7267460655
3.75,7484,713562.398872056
3.75,7485,699741.4832030549
3.75,7486,292959.38786953303
3.75,7487,909888.0409346824
3.75,7488,198769.49163764867
3.75,7489,580817.9146468212
3.75,7490,212410.0839433641
3.75,7491,164668.92474735485
3.75,7492,998434.9654132833
3.75,7493,566707.4269751457
3.75,7494,951237.5654572926
3.75,7495,1656054.8168553857
3.75,7496,152429.27000131257
3.75,7497,729029.1551107253
3.75,7498,500790.2941628087
3.75,7499,746320.806935793
3.75,7500,803793.4322969337
3.75,7501,621767.935807358
3.75,7502,436915.58841108996
3.75,7503,937608.1529488333
3.75,7504,482099.11991275585
3.75,7505,803735.4179848405
3.75,7506,314949.26360753766
3.75,7507,385811.20535226795
3.75,7508,302347.452566008
3.75,7509,473450.5183277271
3.75,7510,102463.10506640849
3.75,7511,171412.30654177594
3.75,7512,897641.5006153771
3.75,7513,394057.9830056429
3.75,7514,678653.1920525607
3.75,7515,335023.9784312784
3.75,7516,474118.67866445024
3.75,7517,711844.4815841021
3.75,7518,1105067.11800395
3.75,7519,97896.23345908965
3.75,7520,1164745.6278500028
3.75,7521,456957.6411879322
3.75,7522,355950.53690302523
3.75,7523,401222.08409443597
3.75,7524,620770.0947311489
3.75,7525,1062136.2183838324
3.75,7526,1864027.511562551
3.75,7527,116131.23502950656
3.75,7528,1892171.0420154296
3.75,7529,155744.52332075493
3.75,7530,597717.2258484804
3.75,7531,485092.54972452455
3.75,7532,324982.2242802319
3.75,7533,1478764.4076077114
3.75,7534,2593454.4410743667
3.75,7535,457738.9045091368
3.75,7536,789150.5467644952
3.75,7537,429646.0057532783
3.75,7538,670040.3413382334
3.75,7539,1634223.1208943941
3.75,7540,1782209.8005245638
3.75,7541,246511.21503724493
3.75,7542,495091.39552103897
3.75,7543,1090628.0191990803
3.75,7544,446079.91647159174
3.75,7545,408009.40842529526
3.75,7546,516762.2698919546
3.75,7547,1657032.7128803255
3.75,7548,676140.3200051724
3.75,7549,591940.6225294581
3.75,7550,552156.3346115595
3.75,7551,330169.6164272586
3.75,7552,244330.66865441776
3.75,7553,304329.9514753492
3.75,7554,183469.76619244018
3.75,7555,425620.7981765531
3.75,7556,546849.5449419889
3.75,7557,608670.0960861694
3.75,7558,379305.40763880167
3.75,7559,504834.34548526857
3.75,7560,237684.07579863482
3.75,7561,1678263.739306049
3.75,7562,323227.5584913496
3.75,7563,1203262.160467645
3.75,7564,138258.57529116762
3.75,7565,322780.5130818148
3.75,7566,266934.3113042375
3.75,7567,113089.52133076568
3.75,7568,304419.93347005564
3.75,7569,161641.65625629752
3.75,7570,202157.13580985146
3.75,7571,1879705.259124079
3.75,7572,282336.6111112896
3.75,7573,670412.8979774205
3.75,7574,452231.31637710077
3.75,7575,984058.0639432169
3.75,7576,293481.0319526733
3.75,7577,167777.59486577587
3.75,7578,516190.7473466315
3.75,7579,426614.12538979674
3.75,7580,1345365.1962696267
3.75,7581,2194348.0681028217
3.75,7582,589019.2197266278
3.75,7583,684920.3721861788
3.75,7584,682408.1316152327
3.75,7585,3074199.500289384
3.75,7586,727015.4729767444
3.75,7587,860945.7123761157
3.75,7588,354609.82907625864
3.75,7589,251879.34802961754
3.75,7590,371805.072514626
3.75,7591,533924.4921204463
3.75,7592,502138.80365710636
3.75,7593,657161.9798503399
3.75,7594,1060341.7326925183
3.75,7595,504090.8795994822
3.75,7596,3067219.4869374475
3.75,7597,713681.9733640417
3.75,7598,375788.0218842616
3.75,7599,238995.7543015603
3.75,7600,172022.58853117822
3.75,7601,585948.800809748
3.75,7602,427675.9440893221
3.75,7603,345736.1649405874
3.75,7604,122859.92076425806
3.75,7605,942870.1764358138
3.75,7606,413116.06108158844
3.75,7607,760347.1248799006
3.75,7608,125660.49955351488
3.75,7609,579810.3745450592
3.75,7610,204468.37119705076
3.75,7611,380194.34851066786
3.75,7612,234121.1091589307
3.75,7613,476085.52855725284
3.75,7614,874337.4568261766
3.75,7615,877058.850422398
3.75,7616,453361.91596832586
3.75,7617,545444.2804540105
3.75,7618,2202356.7795467596
3.75,7619,297066.74420487793
3.75,7620,1001177.4888228741
3.75,7621,866650.7335364475
3.75,7622,314910.7053356581
3.75,7623,561500.0390902667
3.75,7624,980105.3992935113
3.75,7625,215367.17074434942
3.75,7626,457353.50828129216
3.75,7627,623814.7858690098
3.75,7628,3562735.464886812
3.75,7629,492047.9148958351
3.75,7630,936546.3643444873
3.75,7631,925380.4924788475
3.75,7632,2885649.543924504
3.75,7633,988193.8642623697
3.75,7634,115112.56583026201
3.75,7635,663286.6068388156
3.75,7636,129940.24732675662
3.75,7637,800004.3558075492
3.75,7638,116389.56200166466
3.75,7639,1242305.4435415303
3.75,7640,126504.0593142891
3.75,7641,692507.0743511749
3.75,7642,133454.7279580212
3.75,7643,239433.697013903
3.75,7644,613955.7106571458
3.75,7645,528413.4292762461
3.75,7646,695396.1123172101
3.75,7647,119470.34172259306
3.75,7648,429921.3965662424
3.75,7649,3288569.766112843
3.75,7650,144159.2340081077
3.75,7651,812431.8732224889
3.75,7652,1593472.21688489
3.75,7653,951390.4874478043
3.75,7654,477486.9478312402
3.75,7655,104084.80787319597
3.75,7656,953894.037344598
3.75,7657,339059.8856247745
3.75,7658,652897.1384808142
3.75,7659,980049.4301545327
3.75,7660,1545015.2024278494
3.75,7661,918310.3088784593
3.75,7662,545460.0570973436
3.75,7663,267735.88336168247
3.75,7664,642873.0297557273
3.75,7665,128469.54591017593
3.75,7666,809527.3361732785
3.75,7667,157394.04562756358
3.75,7668,1253017.4138259636
3.75,7669,263330.2122367298
3.75,7670,194141.6221577083
3.75,7671,278305.5105986257
3.75,7672,249895.2364308063
3.75,7673,811316.0423412502
3.75,7674,392374.18067759904
3.75,7675,705362.7855568113
3.75,7676,728959.7955357932
3.75,7677,233300.05740997416
3.75,7678,1279012.5203627865
3.75,7679,820855.6530500912
3.75,7680,192785.5984176985
3.75,7681,591943.431714328
3.75,7682,1920071.7985629432
3.75,7683,629550.3777988326
3.75,7684,409238.1304990053
3.75,7685,762357.5425638113
3.75,7686,138916.80324878395
3.75,7687,101815.97875961845
3.75,7688,689380.6485907054
3.75,7689,3055273.8573600138
3.75,7690,226747.40914274877
3.75,7691,137780.0691005956
3.75,7692,313154.35998478136
3.75,7693,1089638.7776502823
3.75,7694,899578.0735419651
3.75,7695,116763.59939541483
3.75,7696,125732.08899339328
3.75,7697,291698.96007531503
3.75,7698,324404.7999934169
3.75,7699,263527.1711833401
3.75,7700,337663.10422162444
3.75,7701,285349.9932049433
3.75,7702,472764.30835845013
3.75,7703,667441.9396937484
3.75,7704,653230.3984777086
3.75,7705,345222.28072652704
3.75,7706,371069.1021444407
3.75,7707,472348.426806643
3.75,7708,3449896.732772692
3.75,7709,197643.38100434458
3.75,7710,454238.2907067297
3.75,7711,425908.2009370163
3.75,7712,508291.1953992936
3.75,7713,987918.6860640191
3.75,7714,729097.3194938053
3.75,7715,403979.59276504884
3.75,7716,760758.852592984
3.75,7717,640881.3203567821
3.75,7718,1205551.506164291
3.75,7719,1490905.8410991635
3.75,7720,186339.25159472987
3.75,7721,1563278.2844158246
3.75,7722,199434.32587330003
3.75,7723,155630.47826436526
3.75,7724,309304.2651109504
3.75,7725,2307243.800347671
3.75,7726,107641.21814996336
3.75,7727,601868.1948292732
3.75,7728,266013.10050173796
3.75,7729,1522238.2709819665
3.75,7730,290331.8298343671
3.75,7731,403066.51738318126
3.75,7732,445980.3792881589
3.75,7733,1322575.5589505418
3.75,7734,132299.63477285785
3.75,7735,212983.0331689253
3.75,7736,197470.26769351534
3.75,7737,592795.9452803864
3.75,7738,888896.0341590598
3.75,7739,869917.6970177974
3.75,7740,677791.0326360618
3.75,7741,449144.5353233717
3.75,7742,423185.6421004729
3.75,7743,550541.2555917406
3.75,7744,274265.9676970375
3.75,7745,416375.7554872349
3.75,7746,832206.1045716859
3.75,7747,516573.5881949338
3.75,7748,988514.0022533898
3.75,7749,243863.57111806452
3.75,7750,594134.9681236853
3.75,7751,814385.231288931
3.75,7752,794444.8911463816
3.75,7753,793767.8577672786
3.75,7754,168496.6799559362
3.75,7755,769381.4275231176
3.75,7756,166367.29347852236
3.75,7757,198558.54212619207
3.75,7758,430563.67873235827
3.75,7759,1052083.641852854
3.75,7760,128463.21535967039
3.75,7761,194229.52326581895
3.75,7762,1359241.5498540737
3.75,7763,841605.427755041
3.75,7764,499207.93490089546
3.75,7765,1896668.784405759
3.75,7766,113209.92112271466
3.75,7767,982368.8726876331
3.75,7768,165476.2099563386
3.75,7769,244072.0299198401
3.75,7770,438420.29407103325
3.75,7771,771300.1839573636
3.75,7772,346381.1746531947
3.75,7773,1900348.4317966872
3.75,7774,245162.78808521584
3.75,7775,529600.2687356585
3.75,7776,578788.6162977149
3.75,7777,855557.2346170177
3.75,7778,1418838.4951329378
3.75,7779,220244.43901011403
3.75,7780,363335.58363557176
3.75,7781,1631169.9229093743
3.75,7782,876032.4579594869
3.75,7783,832577.2278009233
3.75,7784,356446.3276895847
3.75,7785,353824.45623239526
3.75,7786,329666.37563480623
3.75,7787,173988.604471833
3.75,7788,438006.18597627204
3.75,7789,287447.1063924436
3.75,7790,1014349.4515661544
3.75,7791,112973.68676670833
3.75,7792,3136602.667220038
3.75,7793,492013.2158330551
3.75,7794,501623.4700451619
3.75,7795,242322.8230187483
3.75,7796,724383.2266885536
3.75,7797,399218.52722624276
3.75,7798,887276.3560688993
3.75,7799,2028546.901598158
3.75,7800,1132503.8330465707
3.75,7801,1062597.4351689895
3.75,7802,2764126.14905348
3.75,7803,101886.93551096598
3.75,7804,114445.26552334563
3.75,7805,902087.9077540978
3.75,7806,599918.7078399098
3.75,7807,103258.03282737044
3.75,7808,237018.715233462
3.75,7809,820272.5208268544
3.75,7810,961615.3904664482
3.75,7811,738868.8647486089
3.75,7812,1518444.8917864629
3.75,7813,314562.4410224887
3.75,7814,389623.9522242298
3.75,7815,1031907.3620816969
3.75,7816,342289.73480217165
3.75,7817,664273.2044599955
3.75,7818,819047.1395389016
3.75,7819,314570.6472164346
3.75,7820,136113.82314514602
3.75,7821,3743944.0428912807
3.75,7822,538317.4422191437
3.75,7823,946307.9797923302
3.75,7824,261438.5143812862
3.75,7825,109733.38340785704
3.75,7826,206690.0980255526
3.75,7827,120527.5187610497
3.75,7828,102073.52614711021
3.75,7829,966720.1953351868
3.75,7830,663541.4969961399
3.75,7831,145401.20727500535
3.75,7832,468713.1190782573
3.75,7833,104701.48596921886
3.75,7834,1293184.75326039
3.75,7835,806490.8045699339
3.75,7836,471877.0180339865
3.75,7837,204511.2868910428
3.75,7838,365162.2617442338
3.75,7839,386619.29967722856
3.75,7840,142822.76007725886
3.75,7841,1450506.139338549
3.75,7842,330240.8934474886
3.75,7843,349491.59351100435
3.75,7844,1175083.7470873126
3.75,7845,189107.37270855543
3.75,7846,346871.66723970405
3.75,7847,321291.06360648473
3.75,7848,358243.40973096754
3.75,7849,3469138.947449455
3.75,7850,509115.8200331231
3.75,7851,248100.1098293536
3.75,7852,354272.6698632058
3.75,7853,872880.6776665612
3.75,7854,982310.6347186151
3.75,7855,190611.71071026658
3.75,7856,229349.27197728225
3.75,7857,821256.4975763845
3.75,7858,989632.6050701146
3.75,7859,99683.73639364258
3.75,7860,347716.2506333639
3.75,7861,1450601.7764873265
3.75,7862,451628.16743095
3.75,7863,812196.9745983335
3.75,7864,469986.59671434626
3.75,7865,250120.99607314626
3.75,7866,701901.7882568645
3.75,7867,244984.92288979047
3.75,7868,656764.5031716874
3.75,7869,126013.94491769168
3.75,7870,509111.4580860484
3.75,7871,545890.4930105921
3.75,7872,758873.8695557471
3.75,7873,337030.28877283045
3.75,7874,825707.619857089
3.75,7875,557179.6123471906
3.75,7876,810418.3472416359
3.75,7877,139683.2626599112
3.75,7878,495665.12750135903
3.75,7879,97697.92736738398
3.75,7880,419443.8600886624
3.75,7881,1544069.519846474
3.75,7882,592317.61272757
3.75,7883,1541158.7411725377
3.75,7884,795393.0257611402
3.75,7885,978643.8113022264
3.75,7886,687267.5221988609
3.75,7887,1054647.0841586813
3.75,7888,996820.7495818423
3.75,7889,592361.886393853
3.75,7890,144709.737332446
3.75,7891,448953.4148568215
3.75,7892,470115.3766358818
3.75,7893,101890.03698224592
3.75,7894,280495.4468941609
3.75,7895,2244382.3563350993
3.75,7896,844929.8585749991
3.75,7897,878067.0528667392
3.75,7898,429979.8266530258
3.75,7899,824162.5586941559
3.75,7900,168580.6224672612
3.75,7901,408060.349772765
3.75,7902,465717.922714855
3.75,7903,1075583.461524029
3.75,7904,342896.5504044173
3.75,7905,116171.68898825948
3.75,7906,599491.8678071289
3.75,7907,523611.45563073974
3.75,7908,113132.96881442842
3.75,7909,699730.0763500268
3.75,7910,229397.89325175586
3.75,7911,951213.4085765633
3.75,7912,216102.8357312414
3.75,7913,626002.4211179069
3.75,7914,482532.13778964244
3.75,7915,678709.3674828373
3.75,7916,393732.86140068993
3.75,7917,291838.48972334363
3.75,7918,1145296.27459796
3.75,7919,170468.79685379684
3.75,7920,612280.6127362393
3.75,7921,485721.02131429344
3.75,7922,392577.17188695003
3.75,7923,1908181.2129015857
3.75,7924,341395.3478068163
3.75,7925,239851.6365908332
3.75,7926,160923.12906027335
3.75,7927,560456.4489937599
3.75,7928,829812.3062683899
3.75,7929,342391.2612655169
3.75,7930,118215.74026361192
3.75,7931,1834388.5179084353
3.75,7932,2330614.1072735954
3.75,7933,785132.2945615557
3.75,7934,2291482.2209902816
3.75,7935,99629.97133752587
3.75,7936,177206.00512354606
3.75,7937,2637868.57898754
3.75,7938,258677.1064720078
3.75,7939,501406.65878378507
3.75,7940,424727.2421588269
3.75,7941,503425.51530430524
3.75,7942,619677.517734216
3.75,7943,216979.78505068293
3.75,7944,486587.3968047132
3.75,7945,121808.1440893945
3.75,7946,558858.6835122019
3.75,7947,1528058.2980791854
3.75,7948,255366.37927146986
3.75,7949,732072.4853562355
3.75,7950,350809.84765242366
3.75,7951,1123290.6238993956
3.75,7952,376003.90947952715
3.75,7953,974292.8011964575
3.75,7954,421058.09472394624
3.75,7955,923747.7464552856
3.75,7956,770328.2322507643
3.75,7957,644511.4367826593
3.75,7958,224315.68535401992
3.75,7959,142722.36164634355
3.75,7960,361201.23927578796
3.75,7961,220887.4367682778
3.75,7962,698055.3659900444
3.75,7963,113118.64126064262
3.75,7964,602147.9269028584
3.75,7965,442854.28033290384
3.75,7966,332605.97955167457
3.75,7967,117951.54825059856
3.75,7968,744046.9557538093
3.75,7969,2523311.8292344133
3.75,7970,368497.3779361722
3.75,7971,118647.75056155102
3.75,7972,271312.1784948691
3.75,7973,1351261.2567813343
3.75,7974,134502.2836568094
3.75,7975,411637.6117011597
3.75,7976,106381.04566486977
3.75,7977,663906.8613125654
3.75,7978,578487.1257492006
3.75,7979,1032728.2898972213
3.75,7980,1834777.0546255705
3.75,7981,110792.74160947879
3.75,7982,115546.26195441856
3.75,7983,204316.95175377795
3.75,7984,663027.3081365423
3.75,7985,1381939.1864784155
3.75,7986,352414.2397765912
3.75,7987,208392.84775264168
3.75,7988,2015064.3467315824
3.75,7989,599718.3840131443
3.75,7990,535184.6910168864
3.75,7991,563549.2880932302
3.75,7992,511039.869280951
3.75,7993,1718931.2017996132
3.75,7994,622479.7584012989
3.75,7995,709258.3681109233
3.75,7996,273166.3150816402
3.75,7997,1436744.2386433599
3.75,7998,294621.2743826576
3.75,7999,239923.41917766328
3.75,8000,100921.92978604336
3.75,8001,614240.7964412905
3.75,8002,660159.5713684702
3.75,8003,370638.85571702925
3.75,8004,775979.6717250572
3.75,8005,767084.2494385402
3.75,8006,561707.0392443207
3.75,8007,480947.4936509776
3.75,8008,522988.1017258112
3.75,8009,165474.59795975342
3.75,8010,942061.5965930214
3.75,8011,489270.29541226156
3.75,8012,501415.5303846026
3.75,8013,195176.71257013286
3.75,8014,495514.5048029122
3.75,8015,740448.3785601648
3.75,8016,935366.9224341075
3.75,8017,270222.43702865794
3.75,8018,665135.3338593759
3.75,8019,766207.0416934952
3.75,8020,593658.0668241782
3.75,8021,937725.1164354836
3.75,8022,570583.9873157463
3.75,8023,131722.28411619732
3.75,8024,908631.1973494707
3.75,8025,294832.1379361423
3.75,8026,827887.7091806744
3.75,8027,337278.1849480702
3.75,8028,873860.6164074733
3.75,8029,348387.1018763208
3.75,8030,811132.3474684332
3.75,8031,822064.7282023041
3.75,8032,105160.97520355303
3.75,8033,178524.59205540322
3.75,8034,2190288.554501078
3.75,8035,487301.4642629889
3.75,8036,246578.3731806448
3.75,8037,1692831.8685281351
3.75,8038,387697.2634073639
3.75,8039,405147.05595766864
3.75,8040,347698.2929071357
3.75,8041,441601.17427615804
3.75,8042,309382.58900205547
3.75,8043,1518841.4315926617
3.75,8044,455883.4400637765
3.75,8045,428312.72554380074
3.75,8046,349088.94352091156
3.75,8047,921569.671990253
3.75,8048,157640.05628517258
3.75,8049,426817.9123957766
3.75,8050,235857.4197620728
3.75,8051,146213.0939057999
3.75,8052,734057.0465559154
3.75,8053,793083.8897301231
3.75,8054,605027.1503683563
3.75,8055,761015.7914177432
3.75,8056,300529.66050748335
3.75,8057,419151.6121626146
3.75,8058,825796.5794363073
3.75,8059,278966.9857457297
3.75,8060,840843.7786335502
3.75,8061,1589810.9966154739
3.75,8062,501439.31499025127
3.75,8063,1368655.180250079
3.75,8064,603619.8686439714
3.75,8065,1250028.225743993
3.75,8066,1683807.9907993195
3.75,8067,394451.4947001049
3.75,8068,585587.5836950328
3.75,8069,842931.340796838
3.75,8070,559299.3176222133
3.75,8071,782920.8238276603
3.75,8072,307036.1773244577
3.75,8073,1839185.1451690383
3.75,8074,987023.2484560851
3.75,8075,2657668.269218195
3.75,8076,239549.973385004
3.75,8077,1930090.3675140224
3.75,8078,1102928.2892948734
3.75,8079,197036.37651868846
3.75,8080,2820818.7883276814
3.75,8081,141675.30462139865
3.75,8082,770799.718385097
3.75,8083,739026.3783570067
3.75,8084,777839.8634203243
3.75,8085,795432.865482792
3.75,8086,463655.716730888
3.75,8087,809639.2038482688
3.75,8088,927020.9505569424
3.75,8089,515088.7804500168
3.75,8090,238661.49721179286
3.75,8091,793947.4484550685
3.75,8092,715415.7217253782
3.75,8093,779392.2047712984
3.75,8094,131101.3742079506
3.75,8095,358002.7382759009
3.75,8096,678142.5464630361
3.75,8097,1187261.0886286523
3.75,8098,408202.73698406044
3.75,8099,391119.58115462086
3.75,8100,399195.728760123
3.75,8101,446291.3494436269
3.75,8102,1872221.91281034
3.75,8103,801311.8930582394
3.75,8104,613276.9216226103
3.75,8105,513057.1258801353
3.75,8106,119185.27812410456
3.75,8107,111039.39888271935
3.75,8108,686167.7624609256
3.75,8109,1296139.2212646448
3.75,8110,539067.0552256705
3.75,8111,274591.67951035866
3.75,8112,135120.77073968397
3.75,8113,225144.44175762538
3.75,8114,264384.0219085589
3.75,8115,375729.95982748864
3.75,8116,281465.0115753456
3.75,8117,1222711.017337894
3.75,8118,182178.85448331834
3.75,8119,951623.2461568785
3.75,8120,230208.38960459476
3.75,8121,831510.4222818153
3.75,8122,2700539.303798252
3.75,8123,673083.0992517112
3.75,8124,1041823.1558937721
3.75,8125,1910692.9335022809
3.75,8126,553438.1277775236
3.75,8127,591880.3552737823
3.75,8128,505092.5791272451
3.75,8129,2069109.3473352718
3.75,8130,108150.6113082735
3.75,8131,2719943.2911178856
3.75,8132,125104.20882093087
3.75,8133,3488090.9014931265
3.75,8134,98188.72255299329
3.75,8135,722463.9691592194
3.75,8136,351653.10025820107
3.75,8137,1989155.4145113493
3.75,8138,179972.3849572332
3.75,8139,1111568.9490249818
3.75,8140,1124021.8575290095
3.75,8141,636308.2888129395
3.75,8142,154778.10439388605
3.75,8143,626930.0603778125
3.75,8144,546002.724065304
3.75,8145,478461.39228454046
3.75,8146,301489.50289438997
3.75,8147,835027.800995942
3.75,8148,116423.51009405311
3.75,8149,408744.4112569716
3.75,8150,1152773.0333552368
3.75,8151,346058.7849426862
3.75,8152,483753.41758483375
3.75,8153,369545.08779391745
3.75,8154,106625.00963722954
3.75,8155,558016.7836073727
3.75,8156,787089.0908080699
3.75,8157,890962.0898446516
3.75,8158,285139.0290265382
3.75,8159,156944.73727880936
3.75,8160,635729.3702927636
3.75,8161,218746.94142839842
3.75,8162,603271.5298828505
3.75,8163,789476.1457248745
3.75,8164,1624666.5232156557
3.75,8165,1368471.8749514318
3.75,8166,103376.83090392333
3.75,8167,724147.2702699034
3.75,8168,498016.42265870445
3.75,8169,676133.9798305433
3.75,8170,2610513.6325118095
3.75,8171,875452.6102958265
3.75,8172,525319.5092776577
3.75,8173,728367.1350359558
3.75,8174,498810.06752396387
3.75,8175,462111.71486975905
3.75,8176,401885.72805756604
3.75,8177,959926.8636654085
3.75,8178,377125.67497467686
3.75,8179,433750.63452444685
3.75,8180,418523.4710968011
3.75,8181,113058.3360481835
3.75,8182,358147.6441342424
3.75,8183,252420.64036039464
3.75,8184,1562506.7603934999
3.75,8185,895005.7079743671
3.75,8186,104296.24730788136
3.75,8187,408237.07511190645
3.75,8188,693378.5672299622
3.75,8189,336111.123185963
3.75,8190,1127766.8209664985
3.75,8191,186532.00494886306
3.75,8192,638930.822505301
3.75,8193,296765.6175077295
3.75,8194,241792.7864079735
3.75,8195,964733.9520753035
3.75,8196,871383.2569699469
3.75,8197,918998.4014945024
3.75,8198,159672.64367987253
3.75,8199,1243151.5456240976
3.75,8200,308751.84706088755
3.75,8201,112108.8501052303
3.75,8202,222210.88494366826
3.75,8203,501931.0649390185
3.75,8204,427580.3272345623
3.75,8205,566058.3449331062
3.75,8206,231332.9478992515
3.75,8207,619972.7503389107
3.75,8208,420437.1692551473
3.75,8209,150687.56209219227
3.75,8210,842635.5856320467
3.75,8211,1873738.4272158488
3.75,8212,645975.0162494598
3.75,8213,265640.9791334532
3.75,8214,768264.3911149619
3.75,8215,518970.018697002
3.75,8216,2532760.142353659
3.75,8217,431489.5730898506
3.75,8218,523842.1547118599
3.75,8219,1451506.235325178
3.75,8220,357033.4200830952
3.75,8221,159995.4948194173
3.75,8222,140944.18623504744
3.75,8223,405377.27381888893
3.75,8224,2926338.961165419
3.75,8225,531885.1389450957
3.75,8226,366594.66030743107
3.75,8227,816158.2557093402
3.75,8228,297721.5067185501
3.75,8229,604313.8489048583
3.75,8230,537875.3818201454
3.75,8231,823878.0570902735
3.75,8232,566804.7438494075
3.75,8233,2150325.7302921014
3.75,8234,834996.2452340482
3.75,8235,422254.2699231502
3.75,8236,470932.8727966838
3.75,8237,184621.29563972112
3.75,8238,2898110.0401175898
3.75,8239,509024.6212427649
3.75,8240,381109.4442431576
3.75,8241,984185.2795609338
3.75,8242,802866.9562659276
3.75,8243,116253.16900069134
3.75,8244,638045.1926482859
3.75,8245,128866.72028296735
3.75,8246,244288.32901708802
3.75,8247,310329.40335308237
3.75,8248,286687.71620137064
3.75,8249,440403.5679517466
3.75,8250,339619.90392325475
3.75,8251,1069128.0083360719
3.75,8252,189148.3139333412
3.75,8253,748372.6562948565
3.75,8254,692547.7839425423
3.75,8255,483609.4604142603
3.75,8256,360823.53726446244
3.75,8257,483655.0241149476
3.75,8258,141433.35805642116
3.75,8259,599783.4703499259
3.75,8260,702328.7579466657
3.75,8261,1314704.8590180664
3.75,8262,2713854.847597996
3.75,8263,794883.6395514454
3.75,8264,2597161.797747176
3.75,8265,649288.3597392283
3.75,8266,448581.9924858927
3.75,8267,632787.2794125486
3.75,8268,903698.6756254879
3.75,8269,872872.4311217282
3.75,8270,306494.80567153374
3.75,8271,2713697.7035834556
3.75,8272,654195.7234573564
3.75,8273,1308181.2226098613
3.75,8274,4053883.07011909
3.75,8275,669373.759191881
3.75,8276,495774.0008686592
3.75,8277,1432545.6082681809
3.75,8278,398612.21903697785
3.75,8279,1618419.3951134095
3.75,8280,795570.4491995455
3.75,8281,1104327.0434261353
3.75,8282,707743.1363279435
3.75,8283,460059.53045404784
3.75,8284,785348.0523719105
3.75,8285,401761.3436243833
3.75,8286,671946.745256301
3.75,8287,252372.89167776649
3.75,8288,537048.9701389256
3.75,8289,178688.76651401992
3.75,8290,123731.76343951076
3.75,8291,299705.0348048749
3.75,8292,833042.2574988145
3.75,8293,330693.5635027869
3.75,8294,983179.1178606448
3.75,8295,536084.1225113533
3.75,8296,326624.13980978547
3.75,8297,516121.9527138689
3.75,8298,438945.68538925727
3.75,8299,614192.4595038455
3.75,8300,556079.7263630431
3.75,8301,3052477.750432024
3.75,8302,299221.1994439459
3.75,8303,430702.57554885664
3.75,8304,404168.27140753344
3.75,8305,328381.2587446036
3.75,8306,1646071.820763798
3.75,8307,120327.23493645168
3.75,8308,265876.56242608145
3.75,8309,736413.4310285507
3.75,8310,5641722.44783311
3.75,8311,108723.4579140084
3.75,8312,194246.0449570696
3.75,8313,448890.42350956507
3.75,8314,247790.35099559283
3.75,8315,340017.0879763956
3.75,8316,1187385.1037184352
3.75,8317,956381.1146761987
3.75,8318,831507.2841384808
3.75,8319,502669.7554017412
3.75,8320,3083123.656949238
3.75,8321,170608.4502398163
3.75,8322,272050.7646038156
3.75,8323,667025.9526280919
3.75,8324,1124474.5817637756
3.75,8325,118662.56418383037
3.75,8326,2712837.4993825285
3.75,8327,653508.7086996094
3.75,8328,366093.15659334767
3.75,8329,168073.24006837505
3.75,8330,807558.55599596
3.75,8331,430413.2322951865
3.75,8332,1505419.5260771392
3.75,8333,1830891.0362689414
3.75,8334,499209.2621448846
3.75,8335,396255.65977007535
3.75,8336,911535.8105109041
3.75,8337,355284.7943603571
3.75,8338,399991.8589025319
3.75,8339,132415.64949054373
3.75,8340,245447.71851873703
3.75,8341,386754.77918972826
3.75,8342,576455.2911968981
3.75,8343,462924.35148336506
3.75,8344,540122.6089570876
3.75,8345,1930261.340798802
3.75,8346,3323690.1508681905
3.75,8347,227421.13694807136
3.75,8348,1135147.142958056
3.75,8349,764225.9923434008
3.75,8350,181620.2745477217
3.75,8351,452387.9343502077
3.75,8352,1466943.1766622479
3.75,8353,185830.80932222016
3.75,8354,419304.69064462505
3.75,8355,222274.14306159486
3.75,8356,340271.73126248876
3.75,8357,698511.5948286575
3.75,8358,296371.5972666956
3.75,8359,2310924.5020248545
3.75,8360,947717.5159319689
3.75,8361,627832.8447698344
3.75,8362,642638.7296057756
3.75,8363,245760.42704161673
3.75,8364,820383.2894437558
3.75,8365,2729340.4989028247
3.75,8366,335380.0842477056
3.75,8367,382364.83411360154
3.75,8368,797659.9685265472
3.75,8369,868126.0867674326
3.75,8370,499401.7693510169
3.75,8371,503583.72821783565
3.75,8372,880681.1243517476
3.75,8373,1001738.8046001917
3.75,8374,750121.2757920572
3.75,8375,405331.75579786306
3.75,8376,122687.37056059409
3.75,8377,626557.3198415347
3.75,8378,933535.2101609692
3.75,8379,1819576.910094072
3.75,8380,2801253.360526438
3.75,8381,186239.55582002472
3.75,8382,3565906.4342005677
3.75,8383,609405.3848394367
3.75,8384,605749.9031124271
3.75,8385,100558.51253501093
3.75,8386,155262.64420634758
3.75,8387,130509.82221685548
3.75,8388,745452.7969821928
3.75,8389,525959.5310477961
3.75,8390,459050.0397119521
3.75,8391,101907.9743143167
3.75,8392,247109.89149326208
3.75,8393,1090593.1461914536
3.75,8394,215554.82843720887
3.75,8395,1184358.0603278754
3.75,8396,319576.33101035806
3.75,8397,378870.0361114389
3.75,8398,406272.1155819679
3.75,8399,629544.2766568407
3.75,8400,1237737.223440752
3.75,8401,1308557.3800254227
3.75,8402,214834.0044980072
3.75,8403,891714.7983832014
3.75,8404,312853.6124647618
3.75,8405,543337.855104939
3.75,8406,131638.5014051436
3.75,8407,99571.12093206904
3.75,8408,523459.3731817669
3.75,8409,119499.3661093461
3.75,8410,416704.8368880651
3.75,8411,1736072.840404762
3.75,8412,175390.4044699113
3.75,8413,198324.07038854138
3.75,8414,126546.99453435058
3.75,8415,188149.7500155989
3.75,8416,1134404.6833114363
3.75,8417,901397.6161863202
3.75,8418,181398.5403206514
3.75,8419,678994.0352627996
3.75,8420,1671891.4109823476
3.75,8421,175199.2319021034
3.75,8422,1095989.1406890065
3.75,8423,214712.66460883847
3.75,8424,531745.6732185694
3.75,8425,790367.2861676741
3.75,8426,433668.7319504673
3.75,8427,369969.93068943266
3.75,8428,109787.22260608226
3.75,8429,637593.5806061297
3.75,8430,169112.92134022905
3.75,8431,981512.8251307348
3.75,8432,968686.791412955
3.75,8433,119654.00630828537
3.75,8434,861184.6419042299
3.75,8435,1285638.1991803718
3.75,8436,531374.326457345
3.75,8437,452514.99846249796
3.75,8438,1112032.1852023543
3.75,8439,322223.4775807614
3.75,8440,404031.25159110123
3.75,8441,612508.2082658687
3.75,8442,853136.6593690165
3.75,8443,340236.3278757814
3.75,8444,996165.002219361
3.75,8445,511751.6897404669
3.75,8446,956832.8013561391
3.75,8447,619012.1907753255
3.75,8448,197309.32173580685
3.75,8449,332477.3111898976
3.75,8450,117764.76494194526
3.75,8451,241089.91634652595
3.75,8452,658272.2395087347
3.75,8453,1105246.7979334125
3.75,8454,907321.8406924309
3.75,8455,519763.49795984756
3.75,8456,159658.46058210658
3.75,8457,425651.12876978173
3.75,8458,445543.4948135542
3.75,8459,351154.07802729856
3.75,8460,421134.96990088676
3.75,8461,1221600.9315015827
3.75,8462,110770.8746773646
3.75,8463,303846.4027474496
3.75,8464,2885612.047947421
3.75,8465,419817.3002710192
3.75,8466,382947.12313972285
3.75,8467,641656.7495685954
3.75,8468,880106.6933047479
3.75,8469,416120.08472379606
3.75,8470,675271.7673331152
3.75,8471,2105281.5310775875
3.75,8472,500011.77293035685
3.75,8473,2152646.256099385
3.75,8474,3517866.5599784176
3.75,8475,537523.6430660004
3.75,8476,97527.65997688095
3.75,8477,146950.4512729823
3.75,8478,971667.8770119075
3.75,8479,443534.05479498
3.75,8480,1205094.9176737585
3.75,8481,144052.18001437015
3.75,8482,631049.2143118792
3.75,8483,577557.6258313394
3.75,8484,272403.6973264801
3.75,8485,268206.7960402471
3.75,8486,741537.2636911198
3.75,8487,446983.02153690223
3.75,8488,738457.9487866105
3.75,8489,1120631.4425544639
3.75,8490,1349585.5997145502
3.75,8491,174654.5425946777
3.75,8492,591219.3351203505
3.75,8493,119602.59741058173
3.75,8494,708971.1785129177
3.75,8495,579735.3241743793
3.75,8496,185548.04504443024
3.75,8497,189239.77538261737
3.75,8498,146843.9017725619
3.75,8499,594754.2752605142
3.75,8500,147215.2042674765
3.75,8501,1038159.5045795214
3.75,8502,798319.8878996904
3.75,8503,709482.3506251599
3.75,8504,1460678.9431184116
3.75,8505,770854.9148791593
3.75,8506,1525286.5526726602
3.75,8507,807583.7922409794
3.75,8508,636446.7263281873
3.75,8509,1001667.5962856311
3.75,8510,790961.9701862816
3.75,8511,593880.3708812773
3.75,8512,438506.0901677687
3.75,8513,1555641.58357372
3.75,8514,207630.78634914604
3.75,8515,651609.0433799275
3.75,8516,157555.97408056265
3.75,8517,635052.125765872
3.75,8518,128737.67215575426
3.75,8519,279577.53411342704
3.75,8520,359725.9664960675
3.75,8521,199890.07648426594
3.75,8522,512747.9717140396
3.75,8523,538697.3196788663
3.75,8524,525246.2926748072
3.75,8525,510267.8076987284
3.75,8526,717454.3569446446
3.75,8527,147390.48600890953
3.75,8528,621444.7441770374
3.75,8529,335947.0447105605
3.75,8530,314735.82769582176
3.75,8531,711332.6959477375
3.75,8532,221791.74907928339
3.75,8533,224849.4602027643
3.75,8534,873828.5962316733
3.75,8535,472417.91022020916
3.75,8536,252662.089625105
3.75,8537,501156.49300054874
3.75,8538,2723557.171463645
3.75,8539,666929.2933908668
3.75,8540,161197.49543288056
3.75,8541,479661.6381344318
3.75,8542,167570.48797435005
3.75,8543,196118.44689421152
3.75,8544,920460.8720827308
3.75,8545,772578.8626334063
3.75,8546,152650.40694342286
3.75,8547,548251.0920919889
3.75,8548,474927.09769405413
3.75,8549,503656.7883802753
3.75,8550,2406164.145880629
3.75,8551,430873.4905692582
3.75,8552,756747.6962865005
3.75,8553,1094071.0893089704
3.75,8554,665982.6028033656
3.75,8555,823612.1047791459
3.75,8556,521982.28289128887
3.75,8557,616758.4775512813
3.75,8558,871887.3618220785
3.75,8559,5317246.414115116
3.75,8560,182829.27161076185
3.75,8561,1742094.0469965436
3.75,8562,225584.33035249292
3.75,8563,138144.3728461087
3.75,8564,1119787.1233011452
3.75,8565,564884.3112256639
3.75,8566,1158783.8537273705
3.75,8567,1110340.2900709256
3.75,8568,1722665.6109506532
3.75,8569,114068.85189393451
3.75,8570,337667.35009386984
3.75,8571,317140.82062122284
3.75,8572,269514.9752351784
3.75,8573,350754.90282079123
3.75,8574,1900455.7722340599
3.75,8575,1151132.7677344417
3.75,8576,382278.489422016
3.75,8577,372193.8977451133
3.75,8578,387739.07736422727
3.75,8579,105798.84194747404
3.75,8580,354820.79302871914
3.75,8581,276632.618403545
3.75,8582,2330316.796796928
3.75,8583,2111290.5364228296
3.75,8584,192394.69921869395
3.75,8585,323954.4174467954
3.75,8586,108916.11478718255
3.75,8587,870052.4889887603
3.75,8588,2847243.550716112
3.75,8589,636529.0022308715
3.75,8590,2470400.974832142
3.75,8591,312038.27350512554
3.75,8592,159145.4721008606
3.75,8593,1126403.2906541883
3.75,8594,124873.25517007502
3.75,8595,3486660.076916497
3.75,8596,369042.1788566227
3.75,8597,1964344.8995374013
3.75,8598,3082120.5173949176
3.75,8599,142548.45609638162
3.75,8600,539749.7116438322
3.75,8601,758278.9482665148
3.75,8602,859728.5295379373
3.75,8603,533550.4478629858
3.75,8604,680632.085310093
3.75,8605,359378.9170135628
3.75,8606,842908.572614213
3.75,8607,1067380.7621031275
3.75,8608,383464.78225360357
3.75,8609,131536.99288462746
3.75,8610,105053.94193427415
3.75,8611,282215.57489594346
3.75,8612,210888.99120235426
3.75,8613,127852.64821373182
3.75,8614,864512.527281249
3.75,8615,329572.7842638912
3.75,8616,160350.2521362757
3.75,8617,720643.0435494832
3.75,8618,301783.86880057945
3.75,8619,625881.2779653692
3.75,8620,184336.2026998325
3.75,8621,349302.6049959122
3.75,8622,1376425.8152396933
3.75,8623,167908.27153697924
3.75,8624,110044.06557788039
3.75,8625,611374.7989598825
3.75,8626,210005.27441465354
3.75,8627,1281346.2414415102
3.75,8628,1565762.3391037383
3.75,8629,426699.6652190052
3.75,8630,1388161.8371224557
3.75,8631,283450.74543235404
3.75,8632,868692.5746614402
3.75,8633,1239712.3842325686
3.75,8634,263031.4498241538
3.75,8635,480851.95629427093
3.75,8636,506091.84013963246
3.75,8637,968769.3976762667
3.75,8638,130248.01692133243
3.75,8639,1066140.161037024
3.75,8640,428348.2105690046
3.75,8641,893925.1441872413
3.75,8642,773661.7092955732
3.75,8643,420400.65056327183
3.75,8644,537750.1711916304
3.75,8645,856422.175015052
3.75,8646,146583.8306007669
3.75,8647,1362293.9759834376
3.75,8648,1042277.63653913
3.75,8649,688867.0542061093
3.75,8650,176257.0465362029
3.75,8651,133921.39928016881
3.75,8652,708003.4572900237
3.75,8653,510550.9174596741
3.75,8654,1467111.1567406333
3.75,8655,1142777.355065535
3.75,8656,221291.72965605016
3.75,8657,249139.49085017262
3.75,8658,193274.82609977285
3.75,8659,1648156.9492976419
3.75,8660,544414.3949130076
3.75,8661,2260063.084295767
3.75,8662,266265.64943502576
3.75,8663,816552.8461540145
3.75,8664,625950.3459093504
3.75,8665,2174937.5241478407
3.75,8666,191732.41140231318
3.75,8667,452064.1105397149
3.75,8668,216642.81985544847
3.75,8669,1600514.632848178
3.75,8670,711085.7328464151
3.75,8671,569027.2087381395
3.75,8672,519434.6048394351
3.75,8673,2261317.097982672
3.75,8674,1625368.805525719
3.75,8675,133343.53105910722
3.75,8676,410912.2558923217
3.75,8677,176264.08509774206
3.75,8678,1087469.133861402
3.75,8679,166502.87077132144
3.75,8680,667260.1082974552
3.75,8681,866396.7041413733
3.75,8682,3566953.6392155243
3.75,8683,310218.84885681025
3.75,8684,1173628.5250639939
3.75,8685,138244.42339704797
3.75,8686,391126.2334538998
3.75,8687,653762.8252970194
3.75,8688,114836.1009897389
3.75,8689,479786.92780067585
3.75,8690,816870.5644900535
3.75,8691,364919.2532157808
3.75,8692,256695.52110817755
3.75,8693,424611.6473359121
3.75,8694,715433.9379420216
3.75,8695,708468.8137950317
3.75,8696,579928.6035577592
3.75,8697,319936.17633094743
3.75,8698,808884.0521642268
3.75,8699,117166.93925428581
3.75,8700,448462.55064395576
3.75,8701,641659.8032760293
3.75,8702,175976.79212569605
3.75,8703,315647.4734797736
3.75,8704,533564.8535410325
3.75,8705,996421.674511273
3.75,8706,987211.2319022636
3.75,8707,1043878.6367341084
3.75,8708,211844.37140589458
3.75,8709,924126.0256245481
3.75,8710,128934.94670278588
3.75,8711,2262406.7245363826
3.75,8712,352628.0089900015
3.75,8713,333158.83304703754
3.75,8714,1040180.0667859279
3.75,8715,625178.3522788706
3.75,8716,243247.9194032891
3.75,8717,1146687.7072426649
3.75,8718,385279.184125327
3.75,8719,363601.5442559887
3.75,8720,229047.4089787639
3.75,8721,980346.7497920395
3.75,8722,732716.87582679
3.75,8723,328617.7633455442
3.75,8724,602623.8084930326
3.75,8725,317224.5017633624
3.75,8726,188938.14147016068
3.75,8727,1054835.4440322057
3.75,8728,792521.4241570899
3.75,8729,524917.6190101202
3.75,8730,2125767.940287721
3.75,8731,1203307.7424622742
3.75,8732,931356.7452129398
3.75,8733,139192.11614080134
3.75,8734,570834.6987980915
3.75,8735,443391.33774208394
3.75,8736,451908.61718466814
3.75,8737,595022.3121994983
3.75,8738,573032.3540510432
3.75,8739,124356.29490441471
3.75,8740,891384.5965496697
3.75,8741,572156.0510442134
3.75,8742,1040831.4211255354
3.75,8743,442503.7212739638
3.75,8744,833168.7365520254
3.75,8745,2158987.4484098824
3.75,8746,649855.5764848846
3.75,8747,556274.0825755134
3.75,8748,665320.4920431768
3.75,8749,696498.088648935
3.75,8750,679753.8942153342
3.75,8751,1056975.8519658397
3.75,8752,735855.2673710572
3.75,8753,117470.13865951666
3.75,8754,244013.10235698026
3.75,8755,945960.5796729542
3.75,8756,1819158.2231893642
3.75,8757,112130.026104649
3.75,8758,2454422.502698547
3.75,8759,2357161.230936396
3.75,8760,6233364.87105843
3.75,8761,462215.9838941617
3.75,8762,1837704.3206836728
3.75,8763,1837763.6286617569
3.75,8764,710229.7748938252
3.75,8765,619002.5995623997
3.75,8766,235773.64357432185
3.75,8767,843946.9454348121
3.75,8768,937071.0631572207
3.75,8769,1408657.7317676032
3.75,8770,493369.54429957736
3.75,8771,503153.36474265234
3.75,8772,116090.7718194488
3.75,8773,2550551.0719147664
3.75,8774,503899.5384713613
3.75,8775,280573.8272142949
3.75,8776,98498.98572689967
3.75,8777,1434160.2878622885
3.75,8778,1051804.0739146182
3.75,8779,611310.3782713758
3.75,8780,109188.03827960732
3.75,8781,152486.91036571123
3.75,8782,281019.3153101803
3.75,8783,1303469.5641422854
3.75,8784,852783.4923287578
3.75,8785,103806.04473397537
3.75,8786,482279.9614806545
3.75,8787,2707040.850591215
3.75,8788,645010.3714518959
3.75,8789,531556.1983209588
3.75,8790,461824.504543136
3.75,8791,310889.65768441866
3.75,8792,146693.76344873308
3.75,8793,892373.0316591667
3.75,8794,2359029.4736014656
3.75,8795,160781.77563487814
3.75,8796,255510.20309246407
3.75,8797,468597.07554573304
3.75,8798,1499282.5863031354
3.75,8799,1101865.1505886856
3.75,8800,451842.00626460795
3.75,8801,391704.3190415415
3.75,8802,501239.3821397912
3.75,8803,99339.30901789575
3.75,8804,1173531.164001735
3.75,8805,538128.4815594705
3.75,8806,706551.2610377513
3.75,8807,1398560.0319631333
3.75,8808,253265.64387356033
3.75,8809,203167.92713607728
3.75,8810,1467697.7595543175
3.75,8811,764085.5559118972
3.75,8812,129634.51892445244
3.75,8813,1384290.6338378938
3.75,8814,103838.39875806822
3.75,8815,113800.91759149224
3.75,8816,524476.0095890943
3.75,8817,283143.7054735342
3.75,8818,774810.9803474221
3.75,8819,282225.1530385931
3.75,8820,503521.7522368698
3.75,8821,173233.1721432498
3.75,8822,444730.6720060312
3.75,8823,1583705.1014897448
3.75,8824,423274.3576039415
3.75,8825,606029.4311490899
3.75,8826,278792.2390689577
3.75,8827,554736.5158865519
3.75,8828,236966.53127563276
3.75,8829,1218291.7022246616
3.75,8830,955788.1252668918
3.75,8831,233633.21467816
3.75,8832,701416.6480061032
3.75,8833,385208.87748552696
3.75,8834,292283.4627536879
3.75,8835,550147.6663481703
3.75,8836,120249.75274579991
3.75,8837,265299.4865990719
3.75,8838,1293054.9927858561
3.75,8839,319015.3133883785
3.75,8840,201945.23288823263
3.75,8841,475332.0949524462
3.75,8842,584594.4914480977
3.75,8843,1567841.9948114771
3.75,8844,499509.55259507155
3.75,8845,841339.8099121638
3.75,8846,150676.99069129903
3.75,8847,282275.32343010063
3.75,8848,368800.5962399765
3.75,8849,297947.3285102735
3.75,8850,97426.6478883834
3.75,8851,1479824.088136244
3.75,8852,201186.74445659376
3.75,8853,154483.24685331006
3.75,8854,993387.1660316695
3.75,8855,353885.6352056219
3.75,8856,2297531.4545997847
3.75,8857,481927.5862476091
3.75,8858,241185.4605584121
3.75,8859,515702.99686368374
3.75,8860,831909.8749103402
3.75,8861,635287.2220039796
3.75,8862,209801.71556518532
3.75,8863,569334.7084086693
3.75,8864,1206797.9622029427
3.75,8865,310424.78840218636
3.75,8866,687856.5586998847
3.75,8867,1346854.87084196
3.75,8868,1216620.5915801094
3.75,8869,103928.66319524968
3.75,8870,262003.54136680925
3.75,8871,196620.06565834917
3.75,8872,204262.19521132688
3.75,8873,294218.76096782595
3.75,8874,304854.65643795865
3.75,8875,177417.7109496778
3.75,8876,1452283.2313636108
3.75,8877,1409940.9785933862
3.75,8878,335387.5569425946
3.75,8879,188671.0290354686
3.75,8880,199487.24155362893
3.75,8881,403187.8597966809
3.75,8882,147201.15381068387
3.75,8883,1120925.3416470378
3.75,8884,901621.0084619242
3.75,8885,101149.05009289423
3.75,8886,286372.93359846744
3.75,8887,132841.22114127217
3.75,8888,449845.8901919558
3.75,8889,595574.5879782401
3.75,8890,650857.2894034768
3.75,8891,583446.641438034
3.75,8892,449386.4179316326
3.75,8893,245821.6835551752
3.75,8894,103116.41770421389
3.75,8895,428480.6236722786
3.75,8896,629988.717661863
3.75,8897,1224496.1693618246
3.75,8898,99593.43597545245
3.75,8899,2017504.9935124905
3.75,8900,252512.5731590111
3.75,8901,1369287.9837037616
3.75,8902,1408593.3909929567
3.75,8903,707044.0571943154
3.75,8904,325742.71238874353
3.75,8905,939163.3318145237
3.75,8906,515420.3095109022
3.75,8907,835456.3076419955
3.75,8908,991762.6931329313
3.75,8909,410486.1109407637
3.75,8910,325531.72515577986
3.75,8911,1649779.7939914402
3.75,8912,580733.6258777002
3.75,8913,456301.774249766
3.75,8914,633834.9670862709
3.75,8915,110028.76563290597
3.75,8916,871656.1318037303
3.75,8917,303773.9574770413
3.75,8918,219041.1784203375
3.75,8919,321669.3799466294
3.75,8920,207744.8217229744
3.75,8921,846170.9021370325
3.75,8922,525224.370976203
3.75,8923,427896.1862154776
3.75,8924,374322.4784208615
3.75,8925,172301.92314367788
3.75,8926,431918.88611985726
3.75,8927,377115.0530989238
3.75,8928,122033.20853821447
3.75,8929,250847.870735145
3.75,8930,466100.9915087816
3.75,8931,185587.9681361545
3.75,8932,899613.1408998623
3.75,8933,708817.7233614534
3.75,8934,100108.59054617946
3.75,8935,273639.38626440364
3.75,8936,209503.7500144857
3.75,8937,933837.0662233805
3.75,8938,303525.955004351
3.75,8939,188581.50637942398
3.75,8940,215674.9877987777
3.75,8941,354409.1597625687
3.75,8942,395034.8612410243
3.75,8943,434494.8211127242
3.75,8944,486571.068375522
3.75,8945,331887.96652971546
3.75,8946,639117.7204329252
3.75,8947,355182.4897664396
3.75,8948,1836156.052267868
3.75,8949,700633.4506839581
3.75,8950,906065.745789519
3.75,8951,1114847.0779468035
3.75,8952,743727.5238956525
3.75,8953,375219.15239551256
3.75,8954,593874.4961175288
3.75,8955,333531.2330509943
3.75,8956,823591.3557423891
3.75,8957,1019562.584507503
3.75,8958,335686.3545717545
3.75,8959,259590.44585759824
3.75,8960,217652.52050951062
3.75,8961,1421364.982195802
3.75,8962,923228.565062187
3.75,8963,953703.5315292034
3.75,8964,657332.9951278405
3.75,8965,970890.6131349404
3.75,8966,998346.0184986287
3.75,8967,1315565.0917042957
3.75,8968,750139.3873683568
3.75,8969,640533.7143395087
3.75,8970,1398476.2724226317
3.75,8971,681136.0500859736
3.75,8972,1855014.7261546892
3.75,8973,1197776.3887304435
3.75,8974,305848.94314139656
3.75,8975,401655.3593826849
3.75,8976,417044.39373184065
3.75,8977,608460.0888540088
3.75,8978,432424.82610793435
3.75,8979,724632.2853138115
3.75,8980,115310.7775585785
3.75,8981,474716.530593295
3.75,8982,1335375.52541823
3.75,8983,387698.7378982399
3.75,8984,552739.8290808982
3.75,8985,237961.0612550212
3.75,8986,481147.9880633549
3.75,8987,112818.9221026918
3.75,8988,662607.11853742
3.75,8989,717513.5782863903
3.75,8990,98779.5874501788
3.75,8991,1265287.1576990366
3.75,8992,577795.561946987
3.75,8993,339375.56837195175
3.75,8994,1403152.6533991038
3.75,8995,1120688.2774422206
3.75,8996,272677.9652094587
3.75,8997,184562.72547753595
3.75,8998,265828.41920947225
3.75,8999,2917896.3174619917
3.75,9000,978213.9191826103
3.75,9001,412754.56854332704
3.75,9002,301316.70419452054
3.75,9003,299894.08586838807
3.75,9004,326600.82679621613
3.75,9005,722566.0770126195
3.75,9006,550174.3429500378
3.75,9007,226657.2355646407
3.75,9008,517531.39701680065
3.75,9009,303074.2003441364
3.75,9010,1423196.1540326546
3.75,9011,431355.7475118003
3.75,9012,446516.44288631435
3.75,9013,701664.1451427669
3.75,9014,516883.1759984862
3.75,9015,1944309.6985553845
3.75,9016,170330.7181485883
3.75,9017,606441.1269205428
3.75,9018,678036.0740477407
3.75,9019,225658.04034685832
3.75,9020,512650.56202848075
3.75,9021,726056.1185363086
3.75,9022,1307252.5287027708
3.75,9023,1175315.3259753082
3.75,9024,185536.19539527138
3.75,9025,601502.4100223277
3.75,9026,2131026.3772729915
3.75,9027,2524917.247492746
3.75,9028,1011937.1463723514
3.75,9029,1308566.5605372456
3.75,9030,373978.2972652552
3.75,9031,752505.1498455065
3.75,9032,376870.26629112836
3.75,9033,546189.5936519157
3.75,9034,856431.8593675762
3.75,9035,329601.7415051128
3.75,9036,1311728.4601335123
3.75,9037,369387.8222771541
3.75,9038,351630.79100929725
3.75,9039,1484472.6812472134
3.75,9040,502918.9437698153
3.75,9041,677497.0016711729
3.75,9042,729829.1483518404
3.75,9043,186058.43119428624
3.75,9044,1733645.0674890727
3.75,9045,176462.0596154476
3.75,9046,97649.05359249059
3.75,9047,1891431.7734840075
3.75,9048,1510084.065028763
3.75,9049,663798.6366451482
3.75,9050,111153.46080514678
3.75,9051,962062.2651510714
3.75,9052,860608.8651148612
3.75,9053,359671.73796588625
3.75,9054,608320.4655182764
3.75,9055,543027.7886263527
3.75,9056,630494.5055937339
3.75,9057,265279.9205317566
3.75,9058,611406.2464243668
3.75,9059,508079.35950316815
3.75,9060,517879.4738506029
3.75,9061,119473.13361894473
3.75,9062,514952.740193059
3.75,9063,2283187.164015621
3.75,9064,361307.13087134116
3.75,9065,777779.0345695443
3.75,9066,1048729.7734560678
3.75,9067,115195.521734587
3.75,9068,321520.55712330213
3.75,9069,239112.00425676265
3.75,9070,104891.43338820984
3.75,9071,138048.30755076505
3.75,9072,377957.5916100003
3.75,9073,956147.502281788
3.75,9074,332442.02592845657
3.75,9075,376121.504919612
3.75,9076,124288.59232340494
3.75,9077,362421.39029928675
3.75,9078,2876600.9917200846
3.75,9079,264125.92975350394
3.75,9080,1039366.3705802013
3.75,9081,307338.4211557479
3.75,9082,2036771.3718603826
3.75,9083,596720.8461281104
3.75,9084,3255409.9723918955
3.75,9085,958723.8970822706
3.75,9086,119617.81122828863
3.75,9087,363065.2014223215
3.75,9088,788511.3350481732
3.75,9089,1700704.454527263
3.75,9090,866001.8431211798
3.75,9091,270001.5797465641
3.75,9092,381028.5328374846
3.75,9093,1216377.535969498
3.75,9094,437541.850744276
3.75,9095,1302596.432397523
3.75,9096,169733.9073962495
3.75,9097,452410.60895178234
3.75,9098,244995.91495015938
3.75,9099,326942.3287509127
3.75,9100,2124710.373045025
3.75,9101,1085359.0844305134
3.75,9102,107829.9354212496
3.75,9103,384352.8549212886
3.75,9104,625730.2156096598
3.75,9105,975600.0397956027
3.75,9106,1857473.239671655
3.75,9107,684062.702408415
3.75,9108,640939.0519381203
3.75,9109,1118642.0153948872
3.75,9110,505846.30391264346
3.75,9111,369253.0787475378
3.75,9112,1560703.4527762881
3.75,9113,794110.5885617645
3.75,9114,496986.8993129835
3.75,9115,192108.54983835734
3.75,9116,1157773.3573026448
3.75,9117,480056.2966367422
3.75,9118,190428.2780935226
3.75,9119,1020782.5524303523
3.75,9120,1515180.1193356533
3.75,9121,726689.9093701104
3.75,9122,672432.6553375185
3.75,9123,102398.74432227071
3.75,9124,1209203.8118625216
3.75,9125,511070.99421722395
3.75,9126,1767988.1042090994
3.75,9127,234695.35854959005
3.75,9128,109888.10828920419
3.75,9129,453883.1857602363
3.75,9130,902092.9953291221
3.75,9131,477302.24131672777
3.75,9132,1337135.2000418555
3.75,9133,369893.8132863566
3.75,9134,448440.1419731096
3.75,9135,1279433.8540855295
3.75,9136,287114.7454807779
3.75,9137,1188280.7549997377
3.75,9138,735060.8158675963
3.75,9139,584649.4263827262
3.75,9140,1218264.4607924107
3.75,9141,451414.6819565193
3.75,9142,108214.63306043937
3.75,9143,2004840.9254855032
3.75,9144,1563073.0682772356
3.75,9145,982155.2905970659
3.75,9146,499756.6654897728
3.75,9147,137826.1668814268
3.75,9148,106873.39461213301
3.75,9149,515853.62577874935
3.75,9150,776960.7877075651
3.75,9151,932457.2225393016
3.75,9152,353248.230368306
3.75,9153,150883.74992904192
3.75,9154,727242.3406994086
3.75,9155,1831903.2321010672
3.75,9156,168088.9993515891
3.75,9157,918670.7301354058
3.75,9158,266458.0271244299
3.75,9159,728584.9023895857
3.75,9160,602835.7080054947
3.75,9161,872432.4894493776
3.75,9162,265538.9234294783
3.75,9163,472140.6647045981
3.75,9164,949707.5797823323
3.75,9165,680047.1317896021
3.75,9166,532428.1794382732
3.75,9167,801209.8317514919
3.75,9168,579623.9420018662
3.75,9169,114896.84184463174
3.75,9170,501316.36825436086
3.75,9171,385397.1639509804
3.75,9172,415967.6270171596
3.75,9173,2085704.050766045
3.75,9174,391459.2851482454
3.75,9175,356629.3981801877
3.75,9176,301444.8498329653
3.75,9177,574098.4708744067
3.75,9178,352014.9843044559
3.75,9179,255377.35710401964
3.75,9180,428009.3867116233
3.75,9181,564457.9924522269
3.75,9182,489927.6320683387
3.75,9183,575629.8882084447
3.75,9184,1025922.3208682932
3.75,9185,341493.45775227324
3.75,9186,1036000.8893090988
3.75,9187,303417.8567111184
3.75,9188,678114.7096474154
3.75,9189,145892.19707090774
3.75,9190,143926.8097768072
3.75,9191,868870.5541707084
3.75,9192,929817.6046168408
3.75,9193,380525.0666780877
3.75,9194,1344903.7255796434
3.75,9195,1682433.9784640805
3.75,9196,794834.6025891228
3.75,9197,1838895.0605273058
3.75,9198,459772.97690789436
3.75,9199,581572.4100019811
3.75,9200,362028.3624266189
3.75,9201,635339.8364636148
3.75,9202,1038077.8092387555
3.75,9203,259604.6178719354
3.75,9204,109114.93663087398
3.75,9205,364084.787552883
3.75,9206,246961.77412653304
3.75,9207,287681.1371224282
3.75,9208,479814.4652586894
3.75,9209,713482.5708855595
3.75,9210,1977697.5383172627
3.75,9211,303094.6954424829
3.75,9212,408362.8759554557
3.75,9213,416266.81071908004
3.75,9214,546013.6652482059
3.75,9215,465224.1889494332
3.75,9216,208854.62112924553
3.75,9217,879801.6849730518
3.75,9218,174992.5408102007
3.75,9219,1086277.795169491
3.75,9220,537907.3449065691
3.75,9221,955197.5768389693
3.75,9222,1339920.2768585377
3.75,9223,427864.23975051806
3.75,9224,673996.1665599331
3.75,9225,246422.57009335546
3.75,9226,119448.15481105418
3.75,9227,538303.4303972068
3.75,9228,236663.86187467398
3.75,9229,577575.0612825729
3.75,9230,525367.6097808717
3.75,9231,513152.88961406995
3.75,9232,1126319.2052344903
3.75,9233,1087047.1814632884
3.75,9234,565147.2269159727
3.75,9235,160060.27925870637
3.75,9236,1729520.1951649857
3.75,9237,703800.1020023898
3.75,9238,901228.9178239738
3.75,9239,354633.7057008467
3.75,9240,343406.5557924759
3.75,9241,100510.74698741731
3.75,9242,1232465.026668001
3.75,9243,140336.44899834052
3.75,9244,348844.51889366034
3.75,9245,194948.62586728335
3.75,9246,986244.6033232219
3.75,9247,237071.59469723466
3.75,9248,267246.307661727
3.75,9249,556702.9028827988
3.75,9250,1497098.3839287588
3.75,9251,357306.850430788
3.75,9252,362583.69036670343
3.75,9253,1085369.932549728
3.75,9254,1087904.8147781363
3.75,9255,1180556.8954713012
3.75,9256,275308.88119221386
3.75,9257,1312390.2791044642
3.75,9258,647308.4974854656
3.75,9259,300878.0573451214
3.75,9260,548131.8348124123
3.75,9261,120756.80571959929
3.75,9262,370813.8693883994
3.75,9263,374895.63203341013
3.75,9264,483244.6410139182
3.75,9265,1115886.0477392243
3.75,9266,496386.1896479024
3.75,9267,586662.3789487496
3.75,9268,926660.2402939503
3.75,9269,685841.5580078734
3.75,9270,632019.5271058119
3.75,9271,577128.940342318
3.75,9272,856737.8376087504
3.75,9273,306115.50058859354
3.75,9274,853860.2798217654
3.75,9275,486233.7670107103
3.75,9276,455283.3264268255
3.75,9277,270626.0994582804
3.75,9278,571979.5450026763
3.75,9279,2512204.832938422
3.75,9280,560688.9145633759
3.75,9281,926889.5513574628
3.75,9282,888457.471419207
3.75,9283,987522.1592349953
3.75,9284,344130.7548074056
3.75,9285,205441.38043192078
3.75,9286,364481.7005214349
3.75,9287,452162.095901962
3.75,9288,175411.14967403378
3.75,9289,597322.8586957
3.75,9290,393686.168022731
3.75,9291,106121.32981786676
3.75,9292,127037.22510372536
3.75,9293,269861.7548352156
3.75,9294,863403.432935512
3.75,9295,506224.6864457374
3.75,9296,972676.3561405378
3.75,9297,774193.0616953397
3.75,9298,103234.13164637321
3.75,9299,415430.24254758726
3.75,9300,280549.21834704955
3.75,9301,400027.28120846016
3.75,9302,176094.99600275134
3.75,9303,422774.4127996458
3.75,9304,153359.4421304081
3.75,9305,953653.104771728
3.75,9306,443405.1042593085
3.75,9307,1163791.669070522
3.75,9308,753310.6363578194
3.75,9309,764674.3600780494
3.75,9310,313335.9762425012
3.75,9311,940913.0092519935
3.75,9312,645375.2096973659
3.75,9313,655916.7836478372
3.75,9314,664936.1500197204
3.75,9315,285314.5756284398
3.75,9316,202389.70977491137
3.75,9317,412444.08676923584
3.75,9318,510951.83155091846
3.75,9319,146526.8759806461
3.75,9320,1529968.2798728955
3.75,9321,503709.62341586547
3.75,9322,1034751.3872112766
3.75,9323,423655.50783403695
3.75,9324,539115.2400604078
3.75,9325,563666.8781964632
3.75,9326,922063.3527214898
3.75,9327,111077.49681095855
3.75,9328,3921560.643287807
3.75,9329,1157721.7354333107
3.75,9330,485742.1428394951
3.75,9331,177224.6893523017
3.75,9332,3119470.332345166
3.75,9333,312259.5249764604
3.75,9334,669469.9273362939
3.75,9335,578629.6322479639
3.75,9336,465599.111414467
3.75,9337,394475.9143453616
3.75,9338,960828.1826378157
3.75,9339,307061.4826524078
3.75,9340,172385.02575765786
3.75,9341,1298986.7639958414
3.75,9342,426311.47644785093
3.75,9343,562368.5895566638
3.75,9344,447219.3284813017
3.75,9345,709713.7381972516
3.75,9346,4022618.093003078
3.75,9347,458438.0780851039
3.75,9348,3273111.190490583
3.75,9349,271389.92321023345
3.75,9350,1324158.7297894869
3.75,9351,347273.80884387065
3.75,9352,613219.051214397
3.75,9353,817310.8836033656
3.75,9354,365607.06271569035
3.75,9355,97559.42195057606
3.75,9356,425991.5381596363
3.75,9357,1894328.2086879578
3.75,9358,148760.60132659326
3.75,9359,1166143.8167498838
3.75,9360,951229.8571648936
3.75,9361,517436.256845957
3.75,9362,365383.0269316316
3.75,9363,286973.7255704508
3.75,9364,488873.10796733917
3.75,9365,711075.3931303091
3.75,9366,655597.9256630406
3.75,9367,2215858.7802091725
3.75,9368,2061466.4619260014
3.75,9369,583690.9887118388
3.75,9370,1326748.4576910222
3.75,9371,412352.285200617
3.75,9372,97818.70028279432
3.75,9373,222478.48000249788
3.75,9374,550779.1733306657
3.75,9375,718584.3139394791
3.75,9376,156977.57284868413
3.75,9377,673337.5678930202
3.75,9378,371328.71018251515
3.75,9379,334299.63688841637
3.75,9380,1473317.7417142354
3.75,9381,426589.23698867287
3.75,9382,127675.0584067901
3.75,9383,814453.6146301441
3.75,9384,1063884.8918959815
3.75,9385,2646644.3177301222
3.75,9386,381715.4229529457
3.75,9387,648759.4045758296
3.75,9388,850255.0845150668
3.75,9389,894769.7426215402
3.75,9390,117236.24520106148
3.75,9391,314321.616973717
3.75,9392,317255.07884292345
3.75,9393,648956.4558828062
3.75,9394,861861.651272147
3.75,9395,658267.3296850659
3.75,9396,848501.5844858299
3.75,9397,316916.13344567607
3.75,9398,818619.1607255416
3.75,9399,301804.32080290455
3.75,9400,1590689.0282494496
3.75,9401,499758.52643001365
3.75,9402,327298.7881422882
3.75,9403,1564087.6816467065
3.75,9404,234367.24667612006
3.75,9405,933408.346367506
3.75,9406,714305.0786140198
3.75,9407,483135.66525473114
3.75,9408,837122.0004930987
3.75,9409,228734.06144065163
3.75,9410,701329.3764821441
3.75,9411,849290.8679087313
3.75,9412,887661.9603116332
3.75,9413,498167.57508607116
3.75,9414,210456.98859911977
3.75,9415,2110785.169478596
3.75,9416,311013.15667457413
3.75,9417,654827.7610647003
3.75,9418,884532.2812297764
3.75,9419,547676.0871330345
3.75,9420,676312.0997270914
3.75,9421,162333.75363401664
3.75,9422,351400.0613763552
3.75,9423,425120.3853745103
3.75,9424,1626004.109045349
3.75,9425,538832.4178805811
3.75,9426,343087.3157699511
3.75,9427,129301.34670385701
3.75,9428,98899.24829801376
3.75,9429,338497.9491427867
3.75,9430,443842.7626584755
3.75,9431,510966.8251944713
3.75,9432,275230.8585694324
3.75,9433,127686.94750946372
3.75,9434,321688.29048714123
3.75,9435,521101.5312794406
3.75,9436,106429.11406457955
3.75,9437,301477.76417279476
3.75,9438,1998581.5508070032
3.75,9439,857610.1329588887
3.75,9440,243189.81891468418
3.75,9441,502504.10765461973
3.75,9442,775683.8279668347
3.75,9443,488994.5323651887
3.75,9444,235594.37260445708
3.75,9445,486960.68556773994
3.75,9446,234035.51184027566
3.75,9447,151886.754197966
3.75,9448,367844.2008150578
3.75,9449,697166.8521526798
3.75,9450,504570.20655543305
3.75,9451,106710.69768282151
3.75,9452,268063.20310176077
3.75,9453,112048.95702139061
3.75,9454,807447.1000894512
3.75,9455,231687.36383578932
3.75,9456,573674.8113078438
3.75,9457,913193.3928865815
3.75,9458,1421348.8614520193
3.75,9459,337427.8430925911
3.75,9460,667260.2674222974
3.75,9461,437076.4616787484
3.75,9462,1168762.4590108935
3.75,9463,182212.06162464045
3.75,9464,541505.4492809557
3.75,9465,1507937.1803836063
3.75,9466,620066.27816159
3.75,9467,337594.3201556517
3.75,9468,104207.1622600099
3.75,9469,1633780.286723476
3.75,9470,956468.6497422445
3.75,9471,1206673.4110555402
3.75,9472,649571.782607766
3.75,9473,584407.4837576533
3.75,9474,462076.9233521797
3.75,9475,542606.5432044844
3.75,9476,375616.52179944253
3.75,9477,234036.06475544797
3.75,9478,861551.7176061257
3.75,9479,210042.24453389342
3.75,9480,590304.0374471091
3.75,9481,192529.7374220006
3.75,9482,598623.6369061046
3.75,9483,1667202.0150068775
3.75,9484,3816757.9803964444
3.75,9485,269244.251656883
3.75,9486,1198953.7868297414
3.75,9487,275723.9657568598
3.75,9488,823346.416592069
3.75,9489,428863.6484320127
3.75,9490,99196.1319423769
3.75,9491,386983.67619923205
3.75,9492,791429.801809009
3.75,9493,464284.0052169242
3.75,9494,725449.0525420012
3.75,9495,141210.60714887778
3.75,9496,901287.1663026029
3.75,9497,989175.8014286344
3.75,9498,1189744.6956138774
3.75,9499,582420.5318680872
3.75,9500,336497.3730277132
3.75,9501,616834.418396228
3.75,9502,98307.55832118606
3.75,9503,226318.40681395275
3.75,9504,783834.1974846679
3.75,9505,418336.61115217
3.75,9506,641026.3941454263
3.75,9507,1074554.7226869853
3.75,9508,423851.30932900193
3.75,9509,477718.5829116257
3.75,9510,193360.50588661112
3.75,9511,693373.2626377477
3.75,9512,3249986.875719932
3.75,9513,946720.2660206462
3.75,9514,736987.1211711623
3.75,9515,330986.98900372535
3.75,9516,2434534.2513334863
3.75,9517,473952.481590731
3.75,9518,478963.7134006355
3.75,9519,438600.1288854508
3.75,9520,114854.17800118164
3.75,9521,352393.7175470973
3.75,9522,736565.5447511608
3.75,9523,618519.4590349346
3.75,9524,456753.994986413
3.75,9525,305615.06477584806
3.75,9526,155071.66883905165
3.75,9527,140718.72418577844
3.75,9528,1445708.2124061342
3.75,9529,1092441.0455576489
3.75,9530,144597.78854282957
3.75,9531,159591.25912462262
3.75,9532,958808.6126543607
3.75,9533,509950.27208677796
3.75,9534,925496.4241631397
3.75,9535,437163.2909353065
3.75,9536,329264.3280659899
3.75,9537,692668.202544644
3.75,9538,507381.28781521675
3.75,9539,806712.5586542585
3.75,9540,133336.3209964527
3.75,9541,669988.8008961269
3.75,9542,960350.7887915518
3.75,9543,927957.9079004173
3.75,9544,469901.02961854596
3.75,9545,170070.06579026277
3.75,9546,120525.60576537883
3.75,9547,620666.8095897102
3.75,9548,789597.4678765744
3.75,9549,250010.1764053648
3.75,9550,155629.1936197541
3.75,9551,647883.6497648244
3.75,9552,222909.55581939672
3.75,9553,2393127.6045645433
3.75,9554,749221.3279848496
3.75,9555,667197.6831675534
3.75,9556,611451.8554646358
3.75,9557,332992.5680393722
3.75,9558,149218.20771406664
3.75,9559,961044.9775483818
3.75,9560,598064.7621544028
3.75,9561,246571.2660583816
3.75,9562,1331077.1536965016
3.75,9563,557192.780092938
3.75,9564,608827.6719195857
3.75,9565,145152.52367256675
3.75,9566,537038.9163345951
3.75,9567,222123.2407910187
3.75,9568,598930.043072638
3.75,9569,105706.55709463957
3.75,9570,549189.8714741797
3.75,9571,846803.2787447025
3.75,9572,175687.029345745
3.75,9573,132458.28376733436
3.75,9574,849437.7621595254
3.75,9575,888585.6635144785
3.75,9576,1591451.5743825317
3.75,9577,683357.0996112718
3.75,9578,349549.91983005503
3.75,9579,340011.7229953933
3.75,9580,738502.5683099034
3.75,9581,242844.1358163966
3.75,9582,109967.97458847823
3.75,9583,419097.6014359815
3.75,9584,1159463.0309408014
3.75,9585,840541.9708526749
3.75,9586,269134.8200596799
3.75,9587,450384.66816990694
3.75,9588,97227.02578093475
3.75,9589,1022938.7881693455
3.75,9590,117418.29271784556
3.75,9591,637245.1379441349
3.75,9592,414743.4744862441
3.75,9593,1278580.9277020174
3.75,9594,2345566.938172512
3.75,9595,525755.0023976996
3.75,9596,293511.6912129665
3.75,9597,1159232.4086126671
3.75,9598,293727.1714538919
3.75,9599,291138.46712148364
3.75,9600,979527.2468262076
3.75,9601,250854.14538169192
3.75,9602,473855.39465003187
3.75,9603,2604782.2117252415
3.75,9604,1236067.2401118355
3.75,9605,843051.466183869
3.75,9606,301192.90704848187
3.75,9607,336557.5467076394
3.75,9608,846819.6230536909
3.75,9609,495798.242660524
3.75,9610,1518902.0105085843
3.75,9611,368145.83516303624
3.75,9612,218311.87405322277
3.75,9613,658711.8557668317
3.75,9614,679458.5787751459
3.75,9615,725753.4748345279
3.75,9616,409063.92790371395
3.75,9617,398809.89883911615
3.75,9618,476637.58031386574
3.75,9619,344415.7643715054
3.75,9620,3907926.2448280184
3.75,9621,590113.3139289755
3.75,9622,157789.25153730437
3.75,9623,106747.86226786624
3.75,9624,410590.02404040174
3.75,9625,622206.3036874132
3.75,9626,276498.68912530824
3.75,9627,801721.0427563936
3.75,9628,1234571.8171482813
3.75,9629,321664.9199227034
3.75,9630,852922.3303943591
3.75,9631,567016.3222224264
3.75,9632,646034.8262591449
3.75,9633,395359.18429611705
3.75,9634,783123.8321861709
3.75,9635,382772.6381381135
3.75,9636,967722.6472948833
3.75,9637,332146.6634264587
3.75,9638,263878.61570051877
3.75,9639,546522.6606224225
3.75,9640,235929.144733735
3.75,9641,144289.8003868723
3.75,9642,535533.8689064467
3.75,9643,1644654.5564974372
3.75,9644,499881.7900059957
3.75,9645,418726.8021350127
3.75,9646,429035.87379338354
3.75,9647,205965.04059340362
3.75,9648,954295.974699576
3.75,9649,1246195.798343832
3.75,9650,393825.94601779286
3.75,9651,1913596.679247031
3.75,9652,1042803.0999237674
3.75,9653,474180.84041378484
3.75,9654,776567.0393487784
3.75,9655,257573.0791550729
3.75,9656,447157.07435640553
3.75,9657,742405.0401483807
3.75,9658,1001388.1911684192
3.75,9659,961233.2065787393
3.75,9660,240876.8675595206
3.75,9661,1319245.0092420513
3.75,9662,190292.31387095654
3.75,9663,208739.61896389347
3.75,9664,181383.4154919579
3.75,9665,530392.5787649655
3.75,9666,775276.0756086729
3.75,9667,136679.5134007795
3.75,9668,130739.29767039667
3.75,9669,440256.37649867055
3.75,9670,374816.62242008053
3.75,9671,578077.3814603126
3.75,9672,855439.5908801276
3.75,9673,411289.39897718123
3.75,9674,830849.7545845744
3.75,9675,824715.9599661902
3.75,9676,539273.2996664826
3.75,9677,1641452.6950534373
3.75,9678,358253.38830078766
3.75,9679,2276690.469583658
3.75,9680,1887922.992423838
3.75,9681,897125.1281563548
3.75,9682,108602.53144548298
3.75,9683,643444.5555398896
3.75,9684,420340.1693373185
3.75,9685,180899.41246163636
3.75,9686,763235.8778098744
3.75,9687,107999.65666711555
3.75,9688,200738.5707468252
3.75,9689,341351.9888679409
3.75,9690,886776.677202512
3.75,9691,3504026.9622190213
3.75,9692,524172.63848374446
3.75,9693,1487820.3517914948
3.75,9694,358750.34112585464
3.75,9695,598179.9191381529
3.75,9696,372768.9056682065
3.75,9697,409701.5640248839
3.75,9698,286328.5832648685
3.75,9699,370178.4165506586
3.75,9700,134149.73908276382
3.75,9701,403061.03946176433
3.75,9702,134510.715577118
3.75,9703,130200.29893290624
3.75,9704,462317.0681393307
3.75,9705,133548.22310909664
3.75,9706,362419.05564836
3.75,9707,379292.33363728714
3.75,9708,113644.12836931487
3.75,9709,569575.1558101746
3.75,9710,300593.97846728895
3.75,9711,577474.5270574098
3.75,9712,141527.6265731194
3.75,9713,423886.74451958016
3.75,9714,1137647.2653442041
3.75,9715,1215424.76295521
3.75,9716,886400.8387799314
3.75,9717,662464.9798306021
3.75,9718,187717.66754409496
3.75,9719,543427.8877541199
3.75,9720,457067.05553500593
3.75,9721,150764.29662501195
3.75,9722,619168.3670949494
3.75,9723,243880.40513088417
3.75,9724,423282.845604912
3.75,9725,2021208.2282276086
3.75,9726,1238868.2491860462
3.75,9727,269619.3634089994
3.75,9728,1314337.5051109858
3.75,9729,618576.7436581883
3.75,9730,588248.9266087316
3.75,9731,200117.09856493253
3.75,9732,418850.2843346964
3.75,9733,640740.054711008
3.75,9734,733722.6585390244
3.75,9735,442589.2182591468
3.75,9736,304929.4010190773
3.75,9737,745064.5607057874
3.75,9738,954697.9174530831
3.75,9739,221539.39210028778
3.75,9740,526966.1130747475
3.75,9741,829852.442641894
3.75,9742,411342.0649472503
3.75,9743,121033.5635231849
3.75,9744,517228.7439839912
3.75,9745,847430.3168538419
3.75,9746,99420.62073233968
3.75,9747,643688.1621242183
3.75,9748,658211.0361219418
3.75,9749,200743.2484973744
3.75,9750,151369.4685642473
3.75,9751,551011.6257625439
3.75,9752,257162.6809874797
3.75,9753,1404111.1784974555
3.75,9754,635388.0222569441
3.75,9755,183034.68195829852
3.75,9756,1079250.4153909266
3.75,9757,241593.26228096677
3.75,9758,524079.672692446
3.75,9759,214345.73751972165
3.75,9760,217984.65849390213
3.75,9761,2110216.6664481387
3.75,9762,906182.4025515232
3.75,9763,174380.6692137405
3.75,9764,689959.7340098303
3.75,9765,641265.9712075108
3.75,9766,434966.5519036247
3.75,9767,297182.47311612347
3.75,9768,569789.0150057849
3.75,9769,97313.00329113929
3.75,9770,609862.0403226346
3.75,9771,384557.8178157082
3.75,9772,294916.12037839234
3.75,9773,695202.680440373
3.75,9774,2463833.699491117
3.75,9775,105450.82046099468
3.75,9776,469508.77396163496
3.75,9777,1288199.1499459248
3.75,9778,1473366.3018384143
3.75,9779,744137.8959420408
3.75,9780,231153.29992600577
3.75,9781,302608.8384494991
3.75,9782,158742.72056520366
3.75,9783,1272138.1180914491
3.75,9784,322485.6410353749
3.75,9785,192459.6299450706
3.75,9786,817608.2552913039
3.75,9787,595986.137357106
3.75,9788,478632.05783094774
3.75,9789,240389.969296551
3.75,9790,775072.8729635068
3.75,9791,555368.5937233345
3.75,9792,310542.28508565336
3.75,9793,2360521.4577014456
3.75,9794,590121.8876194158
3.75,9795,658159.8329897278
3.75,9796,302093.5954644466
3.75,9797,1268445.123042353
3.75,9798,612016.1435711131
3.75,9799,611985.8430234842
3.75,9800,182926.21069643256
3.75,9801,155276.49036932294
3.75,9802,621027.886193001
3.75,9803,481690.9734747854
3.75,9804,724472.2356985274
3.75,9805,298451.2004483089
3.75,9806,602526.4214735205
3.75,9807,119775.17433829258
3.75,9808,518919.83950001665
3.75,9809,405480.4838909247
3.75,9810,794911.7855957695
3.75,9811,1741767.294413179
3.75,9812,395657.56534738734
3.75,9813,155308.39461162986
3.75,9814,314209.7387520615
3.75,9815,541656.2262858205
3.75,9816,1945282.1562578604
3.75,9817,376763.93902276485
3.75,9818,528786.878763264
3.75,9819,236752.66188752596
3.75,9820,819135.8648482399
3.75,9821,573027.2070961265
3.75,9822,1169539.442413846
3.75,9823,744219.748754841
3.75,9824,620865.1203962839
3.75,9825,109919.03228892597
3.75,9826,1138116.3524124143
3.75,9827,239963.89194450504
3.75,9828,447328.50072907784
3.75,9829,739016.7155475952
3.75,9830,902314.0154234307
3.75,9831,1151321.3076760918
3.75,9832,1255745.3752827386
3.75,9833,154369.97603581415
3.75,9834,141779.36505176735
3.75,9835,298279.40526016726
3.75,9836,134947.97386693957
3.75,9837,412421.69073422486
3.75,9838,276531.6157862349
3.75,9839,192219.8634337688
3.75,9840,407242.1444579785
3.75,9841,536233.2917235382
3.75,9842,462033.6798876742
3.75,9843,659810.8819944395
3.75,9844,1376132.761258505
3.75,9845,354558.1039784411
3.75,9846,746390.0794415923
3.75,9847,1214433.8183770552
3.75,9848,904181.4570018454
3.75,9849,117249.92098638357
3.75,9850,138023.84424147967
3.75,9851,521095.68584449706
3.75,9852,109791.87063645062
3.75,9853,786143.937014094
3.75,9854,1478923.937880743
3.75,9855,239665.03598503108
3.75,9856,2244056.823662132
3.75,9857,650155.4126020193
3.75,9858,160283.61026668956
3.75,9859,493202.2436946391
3.75,9860,119127.39951642715
3.75,9861,280152.0846161126
3.75,9862,738410.1055422788
3.75,9863,464647.0971581859
3.75,9864,1649986.4931463387
3.75,9865,649130.5373499964
3.75,9866,558750.4077560038
3.75,9867,152572.88322743957
3.75,9868,267126.33672247577
3.75,9869,251476.60587172964
3.75,9870,531558.8365251947
3.75,9871,189139.95845958072
3.75,9872,4045280.4658638244
3.75,9873,169804.53074308572
3.75,9874,417793.6794558612
3.75,9875,106929.50012593904
3.75,9876,3899979.9983341694
3.75,9877,1582944.4980314663
3.75,9878,930183.5891173959
3.75,9879,969145.8744936793
3.75,9880,2042536.8990904551
3.75,9881,501389.38517979597
3.75,9882,256782.9813641273
3.75,9883,892221.5458478958
3.75,9884,378974.3977052281
3.75,9885,879330.6836834201
3.75,9886,355884.79606353695
3.75,9887,1628816.7566075143
3.75,9888,151793.0525461364
3.75,9889,1601080.5634263281
3.75,9890,593049.3885332289
3.75,9891,121234.92412330306
3.75,9892,674893.0345754928
3.75,9893,727144.7629937145
3.75,9894,468811.04081664514
3.75,9895,711771.4757227453
3.75,9896,306626.28540866653
3.75,9897,364084.7995834115
3.75,9898,2087994.4159172014
3.75,9899,910945.1420707103
3.75,9900,363878.67470208457
3.75,9901,439536.31447500666
3.75,9902,103860.64997307258
3.75,9903,101502.09048286146
3.75,9904,1334082.8411813315
3.75,9905,999097.6630396423
3.75,9906,667077.8630726105
3.75,9907,251325.08736844166
3.75,9908,98270.02249055576
3.75,9909,485727.9313380838
3.75,9910,384427.4531793715
3.75,9911,217755.79063495382
3.75,9912,145579.79764286772
3.75,9913,146398.67057126889
3.75,9914,1366057.7253497283
3.75,9915,495086.600148306
3.75,9916,965070.6151540591
3.75,9917,641137.5816806561
3.75,9918,591137.4678629445
3.75,9919,1100370.2648476253
3.75,9920,865768.810608421
3.75,9921,1089958.6065462222
3.75,9922,1208097.6596434
3.75,9923,522355.58671246876
3.75,9924,428156.6100625625
3.75,9925,244203.28173831204
3.75,9926,194771.48433001633
3.75,9927,300371.6301770882
3.75,9928,402130.9837723272
3.75,9929,192329.86909421935
3.75,9930,704319.271742774
3.75,9931,1444604.5032052658
3.75,9932,872937.793260379
3.75,9933,232723.59892146013
3.75,9934,1669834.5983878593
3.75,9935,240676.6442855507
3.75,9936,673710.7411282468
3.75,9937,162401.20004522573
3.75,9938,248320.99078860003
3.75,9939,280679.4088202313
3.75,9940,999254.2723910009
3.75,9941,353448.6449771973
3.75,9942,555950.8155535238
3.75,9943,271885.32021986874
3.75,9944,473271.03295296547
3.75,9945,464801.29792606074
3.75,9946,605987.3420143843
3.75,9947,268439.72039220994
3.75,9948,371451.3880710105
3.75,9949,386426.66159876913
3.75,9950,532223.7396442881
3.75,9951,340382.6688260533
3.75,9952,269299.4548407678
3.75,9953,1113930.478934974
3.75,9954,107916.41201281232
3.75,9955,943204.5171195612
3.75,9956,1291988.1251261132
3.75,9957,490803.4296753968
3.75,9958,955291.0002989273
3.75,9959,509859.46088470874
3.75,9960,396003.84914586256
3.75,9961,1353240.5854198944
3.75,9962,1006117.0222718599
3.75,9963,604056.4341546531
3.75,9964,335673.7282666039
3.75,9965,1024531.5883310596
3.75,9966,470325.6883538429
3.75,9967,259398.2214276109
3.75,9968,206342.07859175478
3.75,9969,407030.7621751776
3.75,9970,303267.1662503142
3.75,9971,614065.4405443396
3.75,9972,129403.35285285092
3.75,9973,127163.85036784207
3.75,9974,285955.81247877923
3.75,9975,750764.8567677212
3.75,9976,631187.0612396259
3.75,9977,452642.64642911585
3.75,9978,277212.7291574175
3.75,9979,568590.5141438727
3.75,9980,113041.09496237774
3.75,9981,581098.9927197457
3.75,9982,856211.4959915873
3.75,9983,3349495.9761073277
3.75,9984,384039.85586514004
3.75,9985,1302569.3420536793
3.75,9986,108053.65019450418
3.75,9987,560881.8418410972
3.75,9988,510228.835790143
3.75,9989,926104.2372560194
3.75,9990,1851453.6589274353
3.75,9991,471981.85107256734
3.75,9992,782901.930312242
3.75,9993,303530.80237353116
3.75,9994,1235897.1224210032
3.75,9995,145668.9018896235
3.75,9996,825710.7351804327
3.75,9997,1631846.6040334178
3.75,9998,702913.9376761548
3.75,9999,1430281.327632512
