risk_factor,path,time_years,value
USD_RATE,0,0.0,0.04
USD_RATE,0,0.25,0.04100291656169967
USD_RATE,0,0.5,0.029286030038924243
USD_RATE,0,0.75,0.02998824210230154
USD_RATE,0,1.0,0.031054586598225308
USD_RATE,0,1.25,0.03366063745951273
USD_RATE,0,1.5,0.0328162410643437
USD_RATE,0,1.75,0.03073167983759523
USD_RATE,0,2.0,0.033627991288494814
USD_RATE,0,2.25,0.03096237468674
USD_RATE,0,2.5,0.030889310111403816
USD_RATE,0,2.75,0.03560695060554223
USD_RATE,0,3.0,0.03617315231552271
USD_RATE,0,3.25,0.03979597459983948
USD_RATE,0,3.5,0.031001521313054496
USD_RATE,0,3.75,0.030024036681978995
USD_RATE,0,4.0,0.021331952266308227
USD_RATE,0,4.25,0.027202241800445774
USD_RATE,0,4.5,0.033073253004530866
USD_RATE,0,4.75,0.028213940046212263
USD_RATE,0,5.0,0.026776438789438705
USD_RATE,1,0.0,0.04
USD_RATE,1,0.25,0.04185092970069953
USD_RATE,1,0.5,0.034227571729676776
USD_RATE,1,0.75,0.037016240864611964
USD_RATE,1,1.0,0.034374702241610766
USD_RATE,1,1.25,0.02708523777446146
USD_RATE,1,1.5,0.02607872627646159
USD_RATE,1,1.75,0.022114696114316674
USD_RATE,1,2.0,0.028595830611801203
USD_RATE,1,2.25,0.026174365442165066
USD_RATE,1,2.5,0.02870131790024774
USD_RATE,1,2.75,0.02387073091759896
USD_RATE,1,3.0,0.03007828122946391
USD_RATE,1,3.25,0.027196007078752343
USD_RATE,1,3.5,0.03182521435477882
USD_RATE,1,3.75,0.03401587204498284
USD_RATE,1,4.0,0.036464073184319774
USD_RATE,1,4.25,0.03172644828006917
USD_RATE,1,4.5,0.03812729306372117
USD_RATE,1,4.75,0.028352146784026033
USD_RATE,1,5.0,0.030004667688638093
USD_RATE,2,0.0,0.04
USD_RATE,2,0.25,0.03392118021877538
USD_RATE,2,0.5,0.03874762164259051
USD_RATE,2,0.75,0.0373520539502407
USD_RATE,2,1.0,0.034487034228186685
USD_RATE,2,1.25,0.04336492028344521
USD_RATE,2,1.5,0.04948319471269623
USD_RATE,2,1.75,0.04985693299146238
USD_RATE,2,2.0,0.040157393703952333
USD_RATE,2,2.25,0.03730201253046684
USD_RATE,2,2.5,0.04056912974280939
USD_RATE,2,2.75,0.041676013889800294
USD_RATE,2,3.0,0.029312493632310505
USD_RATE,2,3.25,0.025207349975464404
USD_RATE,2,3.5,0.026742216784340855
USD_RATE,2,3.75,0.030893476094891216
USD_RATE,2,4.0,0.030217043885474405
USD_RATE,2,4.25,0.031387923983752494
USD_RATE,2,4.5,0.02713260452665363
USD_RATE,2,4.75,0.029988567504325634
USD_RATE,2,5.0,0.01871140390538202
USD_RATE,3,0.0,0.04
USD_RATE,3,0.25,0.034413375015579846
USD_RATE,3,0.5,0.04636968539828428
USD_RATE,3,0.75,0.06098724798397222
USD_RATE,3,1.0,0.06700820550399765
USD_RATE,3,1.25,0.06497436470545757
USD_RATE,3,1.5,0.059470903639449145
USD_RATE,3,1.75,0.058692025135303645
USD_RATE,3,2.0,0.05568835706908829
USD_RATE,3,2.25,0.052264076318602595
USD_RATE,3,2.5,0.04560383444656613
USD_RATE,3,2.75,0.046804516631272906
USD_RATE,3,3.0,0.03896748074760762
USD_RATE,3,3.25,0.03678543284207572
USD_RATE,3,3.5,0.044743099860619626
USD_RATE,3,3.75,0.04503669264379086
USD_RATE,3,4.0,0.05327192081059204
USD_RATE,3,4.25,0.050384788242535436
USD_RATE,3,4.5,0.05149121997020614
USD_RATE,3,4.75,0.05891987301396759
USD_RATE,3,5.0,0.05595914485811386
USD_RATE,4,0.0,0.04
USD_RATE,4,0.25,0.04366662950031487
USD_RATE,4,0.5,0.05261299868123656
USD_RATE,4,0.75,0.04362348155096901
USD_RATE,4,1.0,0.038524434254085395
USD_RATE,4,1.25,0.03429062646738811
USD_RATE,4,1.5,0.02161114410057483
USD_RATE,4,1.75,0.032489544692456775
USD_RATE,4,2.0,0.024018837299042226
USD_RATE,4,2.25,0.022364329971622812
USD_RATE,4,2.5,0.025431608355662737
USD_RATE,4,2.75,0.025913806080181883
USD_RATE,4,3.0,0.026482277557707372
USD_RATE,4,3.25,0.028796969752502226
USD_RATE,4,3.5,0.034439256742295817
USD_RATE,4,3.75,0.03337319758441906
USD_RATE,4,4.0,0.03420143663401064
USD_RATE,4,4.25,0.025382503226873986
USD_RATE,4,4.5,0.028262897282551602
USD_RATE,4,4.75,0.026570274194982754
USD_RATE,4,5.0,0.03198365395812151
USD_RATE,5,0.0,0.04
USD_RATE,5,0.25,0.038301864989807
USD_RATE,5,0.5,0.04074843919800825
USD_RATE,5,0.75,0.028832629102792988
USD_RATE,5,1.0,0.0259090817244835
USD_RATE,5,1.25,0.033249831175675766
USD_RATE,5,1.5,0.034007396893476566
USD_RATE,5,1.75,0.02919262490721395
USD_RATE,5,2.0,0.022293257853817264
USD_RATE,5,2.25,0.023332148539262645
USD_RATE,5,2.5,0.021979878945009614
USD_RATE,5,2.75,0.022738081190539355
USD_RATE,5,3.0,0.02253438459248667
USD_RATE,5,3.25,0.030486715982695617
USD_RATE,5,3.5,0.0419959823769441
USD_RATE,5,3.75,0.047023581560080754
USD_RATE,5,4.0,0.04709942725585262
USD_RATE,5,4.25,0.03918253409875247
USD_RATE,5,4.5,0.044767954875998696
USD_RATE,5,4.75,0.041821487989106884
USD_RATE,5,5.0,0.04680430272746178
USD_RATE,6,0.0,0.04
USD_RATE,6,0.25,0.04054763329693603
USD_RATE,6,0.5,0.03945821803261286
USD_RATE,6,0.75,0.03408828607795075
USD_RATE,6,1.0,0.032618899995263795
USD_RATE,6,1.25,0.02273699965727266
USD_RATE,6,1.5,0.0320512610483347
USD_RATE,6,1.75,0.015929116012548143
USD_RATE,6,2.0,0.015464859357059678
USD_RATE,6,2.25,0.018740724546478613
USD_RATE,6,2.5,0.02473269929114754
USD_RATE,6,2.75,0.020752425535377306
USD_RATE,6,3.0,0.030565970523450503
USD_RATE,6,3.25,0.0326237117844929
USD_RATE,6,3.5,0.030453112050566944
USD_RATE,6,3.75,0.028081783517224193
USD_RATE,6,4.0,0.019640171671903295
USD_RATE,6,4.25,0.020366611879306957
USD_RATE,6,4.5,0.0263469558789077
USD_RATE,6,4.75,0.02920534945088792
USD_RATE,6,5.0,0.025810150095090564
USD_RATE,7,0.0,0.04
USD_RATE,7,0.25,0.03890936246227162
USD_RATE,7,0.5,0.043385058741687466
USD_RATE,7,0.75,0.045275614608924694
USD_RATE,7,1.0,0.045305650974772155
USD_RATE,7,1.25,0.05132193224639889
USD_RATE,7,1.5,0.035608523483911456
USD_RATE,7,1.75,0.03950787875454733
USD_RATE,7,2.0,0.04019303920408564
USD_RATE,7,2.25,0.049626891810953186
USD_RATE,7,2.5,0.04468621293662535
USD_RATE,7,2.75,0.04621139300760024
USD_RATE,7,3.0,0.041099395621384725
USD_RATE,7,3.25,0.030849390797248598
USD_RATE,7,3.5,0.023487512991110262
USD_RATE,7,3.75,0.029072014116232035
USD_RATE,7,4.0,0.02744026077948045
USD_RATE,7,4.25,0.03112075214398965
USD_RATE,7,4.5,0.025857856080110493
USD_RATE,7,4.75,0.02487113764337662
USD_RATE,7,5.0,0.025222821110108973
USD_RATE,8,0.0,0.04
USD_RATE,8,0.25,0.030969389193255346
USD_RATE,8,0.5,0.02964959243520649
USD_RATE,8,0.75,0.03131165204193829
USD_RATE,8,1.0,0.0411270518973894
USD_RATE,8,1.25,0.0354270128505893
USD_RATE,8,1.5,0.025931626882309787
USD_RATE,8,1.75,0.026739772092320056
USD_RATE,8,2.0,0.024975206060404778
USD_RATE,8,2.25,0.0223903713938796
USD_RATE,8,2.5,0.03743432672964436
USD_RATE,8,2.75,0.0416503217604989
USD_RATE,8,3.0,0.03829576105277716
USD_RATE,8,3.25,0.035277780284048696
USD_RATE,8,3.5,0.040548595716533894
USD_RATE,8,3.75,0.02683532716480103
USD_RATE,8,4.0,0.034179500437882634
USD_RATE,8,4.25,0.0401449258430129
USD_RATE,8,4.5,0.038192793949200964
USD_RATE,8,4.75,0.031975536093485336
USD_RATE,8,5.0,0.02367745963665313
USD_RATE,9,0.0,0.04
USD_RATE,9,0.25,0.0387671595695892
USD_RATE,9,0.5,0.0330955788998019
USD_RATE,9,0.75,0.027002286148096823
USD_RATE,9,1.0,0.03117656540890848
USD_RATE,9,1.25,0.03604667029589402
USD_RATE,9,1.5,0.04148751137228056
USD_RATE,9,1.75,0.04113616007773006
USD_RATE,9,2.0,0.03820841508139408
USD_RATE,9,2.25,0.03210057625713426
USD_RATE,9,2.5,0.027368952281516992
USD_RATE,9,2.75,0.03540115457771197
USD_RATE,9,3.0,0.03724583654529804
USD_RATE,9,3.25,0.02979546440215657
USD_RATE,9,3.5,0.03194371439971089
USD_RATE,9,3.75,0.02627125012866897
USD_RATE,9,4.0,0.02720157418905761
USD_RATE,9,4.25,0.028351662770137825
USD_RATE,9,4.5,0.0232411348880886
USD_RATE,9,4.75,0.027730083937813843
USD_RATE,9,5.0,0.03429565230816546
USD_RATE,10,0.0,0.04
USD_RATE,10,0.25,0.034590806599529636
USD_RATE,10,0.5,0.041827120842029025
USD_RATE,10,0.75,0.03909653178650861
USD_RATE,10,1.0,0.0399362309068509
USD_RATE,10,1.25,0.03700678089818868
USD_RATE,10,1.5,0.03404341870628448
USD_RATE,10,1.75,0.023793338630606606
USD_RATE,10,2.0,0.032125752417226
USD_RATE,10,2.25,0.026236591640844062
USD_RATE,10,2.5,0.025637733951476904
USD_RATE,10,2.75,0.037566153226758395
USD_RATE,10,3.0,0.037939604939997866
USD_RATE,10,3.25,0.0335857978681298
USD_RATE,10,3.5,0.03884996386132568
USD_RATE,10,3.75,0.04019078504038669
USD_RATE,10,4.0,0.03399112599380002
USD_RATE,10,4.25,0.03026403957216082
USD_RATE,10,4.5,0.027661936525431596
USD_RATE,10,4.75,0.03272332229386972
USD_RATE,10,5.0,0.03297174187394849
USD_RATE,11,0.0,0.04
USD_RATE,11,0.25,0.040561464549233046
USD_RATE,11,0.5,0.033689439084077
USD_RATE,11,0.75,0.019920259925771476
USD_RATE,11,1.0,0.019743204903719454
USD_RATE,11,1.25,0.018098273859458454
USD_RATE,11,1.5,0.022625821163675577
USD_RATE,11,1.75,0.020879456877322664
USD_RATE,11,2.0,0.023236270413532163
USD_RATE,11,2.25,0.027973289858039613
USD_RATE,11,2.5,0.036962165787143564
USD_RATE,11,2.75,0.03491591871563341
USD_RATE,11,3.0,0.03400098490047578
USD_RATE,11,3.25,0.03284479691112776
USD_RATE,11,3.5,0.039643803095993226
USD_RATE,11,3.75,0.032578702093864445
USD_RATE,11,4.0,0.034096095895970804
USD_RATE,11,4.25,0.03583572960779115
USD_RATE,11,4.5,0.0378546345996547
USD_RATE,11,4.75,0.04012014012677443
USD_RATE,11,5.0,0.03670755781074512
USD_RATE,12,0.0,0.04
USD_RATE,12,0.25,0.0483206867018038
USD_RATE,12,0.5,0.04626662378133632
USD_RATE,12,0.75,0.049852323724426696
USD_RATE,12,1.0,0.049027842680674026
USD_RATE,12,1.25,0.05323456159457783
USD_RATE,12,1.5,0.05327879967851688
USD_RATE,12,1.75,0.052820624482214376
USD_RATE,12,2.0,0.04865067350261769
USD_RATE,12,2.25,0.05675626591000864
USD_RATE,12,2.5,0.05800228607331089
USD_RATE,12,2.75,0.05446763771117564
USD_RATE,12,3.0,0.051772644345830524
USD_RATE,12,3.25,0.053653869151719415
USD_RATE,12,3.5,0.04826293061273788
USD_RATE,12,3.75,0.046706475549547335
USD_RATE,12,4.0,0.04697130778035841
USD_RATE,12,4.25,0.03354795512038563
USD_RATE,12,4.5,0.033724375767228934
USD_RATE,12,4.75,0.031111596359516516
USD_RATE,12,5.0,0.03715280358901732
USD_RATE,13,0.0,0.04
USD_RATE,13,0.25,0.03397876140502723
USD_RATE,13,0.5,0.029869610108674036
USD_RATE,13,0.75,0.025254806510150087
USD_RATE,13,1.0,0.027223728793061917
USD_RATE,13,1.25,0.0291425575026762
USD_RATE,13,1.5,0.029101366063850727
USD_RATE,13,1.75,0.026329427733732518
USD_RATE,13,2.0,0.03559649222754255
USD_RATE,13,2.25,0.03423466342041284
USD_RATE,13,2.5,0.041697273392926754
USD_RATE,13,2.75,0.04212377983553701
USD_RATE,13,3.0,0.04174716004800081
USD_RATE,13,3.25,0.04445041585572503
USD_RATE,13,3.5,0.04756730598229851
USD_RATE,13,3.75,0.054623740119718774
USD_RATE,13,4.0,0.05819276051668893
USD_RATE,13,4.25,0.048842451503881015
USD_RATE,13,4.5,0.0541841604385968
USD_RATE,13,4.75,0.045085983357085975
USD_RATE,13,5.0,0.05000350897818129
USD_RATE,14,0.0,0.04
USD_RATE,14,0.25,0.0418149143063413
USD_RATE,14,0.5,0.0398385213828964
USD_RATE,14,0.75,0.03780436973352163
USD_RATE,14,1.0,0.033588811614362765
USD_RATE,14,1.25,0.034129499473371246
USD_RATE,14,1.5,0.043836301091609894
USD_RATE,14,1.75,0.04268649537630013
USD_RATE,14,2.0,0.047298932645588154
USD_RATE,14,2.25,0.047106304796962775
USD_RATE,14,2.5,0.04542746529513287
USD_RATE,14,2.75,0.0373548295023398
USD_RATE,14,3.0,0.03153269271349944
USD_RATE,14,3.25,0.029719375637695805
USD_RATE,14,3.5,0.02980309538024063
USD_RATE,14,3.75,0.026277527390774158
USD_RATE,14,4.0,0.020128263246213703
USD_RATE,14,4.25,0.022140446717178002
USD_RATE,14,4.5,0.027350126541535586
USD_RATE,14,4.75,0.026984358556020056
USD_RATE,14,5.0,0.021252440947751788
USD_RATE,15,0.0,0.04
USD_RATE,15,0.25,0.031927860246756666
USD_RATE,15,0.5,0.028727656560405747
USD_RATE,15,0.75,0.04232578234516475
USD_RATE,15,1.0,0.040268297506568886
USD_RATE,15,1.25,0.029436826384604493
USD_RATE,15,1.5,0.029963916031687
USD_RATE,15,1.75,0.02564118991282778
USD_RATE,15,2.0,0.030065298196407342
USD_RATE,15,2.25,0.02414889751195168
USD_RATE,15,2.5,0.02580863332535372
USD_RATE,15,2.75,0.03421051178145902
USD_RATE,15,3.0,0.040147632372184994
USD_RATE,15,3.25,0.03847381012683005
USD_RATE,15,3.5,0.033545643195099374
USD_RATE,15,3.75,0.03806750300506594
USD_RATE,15,4.0,0.0432134230885196
USD_RATE,15,4.25,0.04179297408530905
USD_RATE,15,4.5,0.044473140652732036
USD_RATE,15,4.75,0.04106257868386944
USD_RATE,15,5.0,0.03687336713305646
USD_RATE,16,0.0,0.04
USD_RATE,16,0.25,0.04596023128568653
USD_RATE,16,0.5,0.0447707849788619
USD_RATE,16,0.75,0.05458316418161707
USD_RATE,16,1.0,0.049654892280416585
USD_RATE,16,1.25,0.03882651126667557
USD_RATE,16,1.5,0.03859177045329087
USD_RATE,16,1.75,0.03669109145747905
USD_RATE,16,2.0,0.0209629396249868
USD_RATE,16,2.25,0.019153147175513967
USD_RATE,16,2.5,0.02022870044871814
USD_RATE,16,2.75,0.018044942865498327
USD_RATE,16,3.0,0.021682474656042634
USD_RATE,16,3.25,0.02284702765768502
USD_RATE,16,3.5,0.02942823578608384
USD_RATE,16,3.75,0.03281741008491729
USD_RATE,16,4.0,0.028671715072966755
USD_RATE,16,4.25,0.02379561975635418
USD_RATE,16,4.5,0.030464352248638846
USD_RATE,16,4.75,0.02389143359108116
USD_RATE,16,5.0,0.02334067100670267
USD_RATE,17,0.0,0.04
USD_RATE,17,0.25,0.03719655063269538
USD_RATE,17,0.5,0.03477311487124004
USD_RATE,17,0.75,0.041751499759073864
USD_RATE,17,1.0,0.04306890603036998
USD_RATE,17,1.25,0.045046147971371006
USD_RATE,17,1.5,0.05048426819339491
USD_RATE,17,1.75,0.038556154627340175
USD_RATE,17,2.0,0.039936885045363225
USD_RATE,17,2.25,0.036223425634721834
USD_RATE,17,2.5,0.039413944625214296
USD_RATE,17,2.75,0.04539397303036752
USD_RATE,17,3.0,0.0407079406907917
USD_RATE,17,3.25,0.03986382297780587
USD_RATE,17,3.5,0.030442140106431266
USD_RATE,17,3.75,0.04350944961453814
USD_RATE,17,4.0,0.04111270259823835
USD_RATE,17,4.25,0.04127242314391689
USD_RATE,17,4.5,0.044049695350294404
USD_RATE,17,4.75,0.037947317036020625
USD_RATE,17,5.0,0.03508301185618618
USD_RATE,18,0.0,0.04
USD_RATE,18,0.25,0.035596987147843706
USD_RATE,18,0.5,0.03471060374379888
USD_RATE,18,0.75,0.033041228523107674
USD_RATE,18,1.0,0.032727245292407295
USD_RATE,18,1.25,0.04586840028874943
USD_RATE,18,1.5,0.04972485363253583
USD_RATE,18,1.75,0.05318686154298318
USD_RATE,18,2.0,0.042694579806577974
USD_RATE,18,2.25,0.0415479677127703
USD_RATE,18,2.5,0.05232506345263537
USD_RATE,18,2.75,0.05242130451390534
USD_RATE,18,3.0,0.054331306337858105
USD_RATE,18,3.25,0.05346988490469218
USD_RATE,18,3.5,0.04742533308884489
USD_RATE,18,3.75,0.04749479247415171
USD_RATE,18,4.0,0.042596197436235585
USD_RATE,18,4.25,0.04035728948220047
USD_RATE,18,4.5,0.050750998591105996
USD_RATE,18,4.75,0.05355171099809289
USD_RATE,18,5.0,0.0469808105402289
USD_RATE,19,0.0,0.04
USD_RATE,19,0.25,0.03223195307971494
USD_RATE,19,0.5,0.030250333853902887
USD_RATE,19,0.75,0.019006951366116985
USD_RATE,19,1.0,0.026708269879300958
USD_RATE,19,1.25,0.032041583083290075
USD_RATE,19,1.5,0.030998654741450946
USD_RATE,19,1.75,0.039162067085427604
USD_RATE,19,2.0,0.04165626548610339
USD_RATE,19,2.25,0.03748489900951411
USD_RATE,19,2.5,0.0330753845888528
USD_RATE,19,2.75,0.03115710142971038
USD_RATE,19,3.0,0.02644886689564034
USD_RATE,19,3.25,0.0317095228647234
USD_RATE,19,3.5,0.03407241986898242
USD_RATE,19,3.75,0.03436571672089742
USD_RATE,19,4.0,0.04108847027386033
USD_RATE,19,4.25,0.03957470157317373
USD_RATE,19,4.5,0.03344426392947587
USD_RATE,19,4.75,0.03269149008666088
USD_RATE,19,5.0,0.034802393493879515
USD_RATE,20,0.0,0.04
USD_RATE,20,0.25,0.0389971736272504
USD_RATE,20,0.5,0.036698424164130654
USD_RATE,20,0.75,0.03524784146039632
USD_RATE,20,1.0,0.034975862410499645
USD_RATE,20,1.25,0.051231675539946384
USD_RATE,20,1.5,0.05219084903778991
USD_RATE,20,1.75,0.05086941421844237
USD_RATE,20,2.0,0.05075061551080785
USD_RATE,20,2.25,0.049370563675171335
USD_RATE,20,2.5,0.03752440161906111
USD_RATE,20,2.75,0.028968510070693777
USD_RATE,20,3.0,0.021487323486550816
USD_RATE,20,3.25,0.022373189531419684
USD_RATE,20,3.5,0.027122878075896202
USD_RATE,20,3.75,0.030386580096182617
USD_RATE,20,4.0,0.04434098416158323
USD_RATE,20,4.25,0.049684120450669764
USD_RATE,20,4.5,0.0492111792732275
USD_RATE,20,4.75,0.04798524533248428
USD_RATE,20,5.0,0.05168944757130526
USD_RATE,21,0.0,0.04
USD_RATE,21,0.25,0.030934456702103156
USD_RATE,21,0.5,0.0279343079996221
USD_RATE,21,0.75,0.028129953961570062
USD_RATE,21,1.0,0.021379905034678865
USD_RATE,21,1.25,0.02067953314891802
USD_RATE,21,1.5,0.016383778747638446
USD_RATE,21,1.75,0.02029762544596458
USD_RATE,21,2.0,0.028061434730907893
USD_RATE,21,2.25,0.032602662665664424
USD_RATE,21,2.5,0.029681465657087625
USD_RATE,21,2.75,0.03626306767844908
USD_RATE,21,3.0,0.04237427718653025
USD_RATE,21,3.25,0.04175574829612577
USD_RATE,21,3.5,0.0396191778976455
USD_RATE,21,3.75,0.03134469972827965
USD_RATE,21,4.0,0.029686485515608887
USD_RATE,21,4.25,0.034169987192878094
USD_RATE,21,4.5,0.03154317517532977
USD_RATE,21,4.75,0.02836416846947628
USD_RATE,21,5.0,0.03882467329452082
USD_RATE,22,0.0,0.04
USD_RATE,22,0.25,0.03274398834591775
USD_RATE,22,0.5,0.027191962650854364
USD_RATE,22,0.75,0.023161340278095816
USD_RATE,22,1.0,0.017586382906188244
USD_RATE,22,1.25,0.012500977745741167
USD_RATE,22,1.5,0.02014771017740607
USD_RATE,22,1.75,0.026052090730675114
USD_RATE,22,2.0,0.02898019017694719
USD_RATE,22,2.25,0.03134589333760898
USD_RATE,22,2.5,0.030029531597676892
USD_RATE,22,2.75,0.03050044023385775
USD_RATE,22,3.0,0.031642242254061224
USD_RATE,22,3.25,0.0323313179533227
USD_RATE,22,3.5,0.03423002073861357
USD_RATE,22,3.75,0.03804230670844325
USD_RATE,22,4.0,0.025864164722250053
USD_RATE,22,4.25,0.022231035859189615
USD_RATE,22,4.5,0.01912367328410327
USD_RATE,22,4.75,0.015103894664614332
USD_RATE,22,5.0,0.019099866616622847
USD_RATE,23,0.0,0.04
USD_RATE,23,0.25,0.03602811072510217
USD_RATE,23,0.5,0.028577509168761672
USD_RATE,23,0.75,0.027327513407642657
USD_RATE,23,1.0,0.026726852015666974
USD_RATE,23,1.25,0.02693868157758885
USD_RATE,23,1.5,0.0317178752932788
USD_RATE,23,1.75,0.03379171139356661
USD_RATE,23,2.0,0.03189222358839815
USD_RATE,23,2.25,0.02888866676700638
USD_RATE,23,2.5,0.03381010890722439
USD_RATE,23,2.75,0.03801829325720645
USD_RATE,23,3.0,0.02640005034316182
USD_RATE,23,3.25,0.018891282169600423
USD_RATE,23,3.5,0.014794594538484609
USD_RATE,23,3.75,0.008959166204413744
USD_RATE,23,4.0,0.009493651794928133
USD_RATE,23,4.25,0.016499169422800514
USD_RATE,23,4.5,0.016455956331336438
USD_RATE,23,4.75,0.022116654877617235
USD_RATE,23,5.0,0.020475558284574993
USD_RATE,24,0.0,0.04
USD_RATE,24,0.25,0.03320387767164006
USD_RATE,24,0.5,0.03314676428965005
USD_RATE,24,0.75,0.03823575655744413
USD_RATE,24,1.0,0.03297114136553887
USD_RATE,24,1.25,0.033068063757742495
USD_RATE,24,1.5,0.026228747710635332
USD_RATE,24,1.75,0.025333095484159195
USD_RATE,24,2.0,0.021820933270966562
USD_RATE,24,2.25,0.013749876500232891
USD_RATE,24,2.5,0.021774024868274136
USD_RATE,24,2.75,0.02453269759207859
USD_RATE,24,3.0,0.021895102247697976
USD_RATE,24,3.25,0.021319886898017917
USD_RATE,24,3.5,0.023809263361548472
USD_RATE,24,3.75,0.014810017479686405
USD_RATE,24,4.0,0.018573879999987764
USD_RATE,24,4.25,0.016478594555971244
USD_RATE,24,4.5,0.014561925520581994
USD_RATE,24,4.75,0.018700733402351365
USD_RATE,24,5.0,0.022665562166062567
USD_RATE,25,0.0,0.04
USD_RATE,25,0.25,0.03678305446630023
USD_RATE,25,0.5,0.02870030723123964
USD_RATE,25,0.75,0.036207534302456025
USD_RATE,25,1.0,0.039713381444149674
USD_RATE,25,1.25,0.03890022850359696
USD_RATE,25,1.5,0.038438827454956366
USD_RATE,25,1.75,0.030523173302857393
USD_RATE,25,2.0,0.03229231351881624
USD_RATE,25,2.25,0.03634735015702007
USD_RATE,25,2.5,0.033580048056621445
USD_RATE,25,2.75,0.03892330549861521
USD_RATE,25,3.0,0.03068544288811614
USD_RATE,25,3.25,0.031856701443406105
USD_RATE,25,3.5,0.03875788377647276
USD_RATE,25,3.75,0.03548581089979148
USD_RATE,25,4.0,0.027348341506186057
USD_RATE,25,4.25,0.02669076967557437
USD_RATE,25,4.5,0.03080780620041592
USD_RATE,25,4.75,0.02036203662834179
USD_RATE,25,5.0,0.022208725292868062
USD_RATE,26,0.0,0.04
USD_RATE,26,0.25,0.041574809887746464
USD_RATE,26,0.5,0.04636085416055918
USD_RATE,26,0.75,0.04126858654549009
USD_RATE,26,1.0,0.04113086950792402
USD_RATE,26,1.25,0.0451333797887814
USD_RATE,26,1.5,0.045153240885545294
USD_RATE,26,1.75,0.04217924569951082
USD_RATE,26,2.0,0.036728012583990874
USD_RATE,26,2.25,0.04156919765766005
USD_RATE,26,2.5,0.041003822989465574
USD_RATE,26,2.75,0.043263530285145915
USD_RATE,26,3.0,0.04195623404550066
USD_RATE,26,3.25,0.04334234975612636
USD_RATE,26,3.5,0.04007203965427994
USD_RATE,26,3.75,0.0407538245100251
USD_RATE,26,4.0,0.03942275061086598
USD_RATE,26,4.25,0.034794220100665386
USD_RATE,26,4.5,0.0327907878775176
USD_RATE,26,4.75,0.02837630637992907
USD_RATE,26,5.0,0.03115343352198637
USD_RATE,27,0.0,0.04
USD_RATE,27,0.25,0.03639497101830885
USD_RATE,27,0.5,0.039574650234184064
USD_RATE,27,0.75,0.034819585598100965
USD_RATE,27,1.0,0.0331735807147596
USD_RATE,27,1.25,0.03611063510945815
USD_RATE,27,1.5,0.04778533712229707
USD_RATE,27,1.75,0.03629783053726122
USD_RATE,27,2.0,0.04733178691516338
USD_RATE,27,2.25,0.04004193622521525
USD_RATE,27,2.5,0.03833408049142374
USD_RATE,27,2.75,0.03486073592139646
USD_RATE,27,3.0,0.04090796125721051
USD_RATE,27,3.25,0.04349165038779517
USD_RATE,27,3.5,0.04951243746148831
USD_RATE,27,3.75,0.04755386526665259
USD_RATE,27,4.0,0.04632207597176968
USD_RATE,27,4.25,0.038612316478704556
USD_RATE,27,4.5,0.05029949322753545
USD_RATE,27,4.75,0.040991441761666046
USD_RATE,27,5.0,0.03993883094114139
USD_RATE,28,0.0,0.04
USD_RATE,28,0.25,0.04615964531176925
USD_RATE,28,0.5,0.04735068637804947
USD_RATE,28,0.75,0.04532525310649705
USD_RATE,28,1.0,0.047652241955580404
USD_RATE,28,1.25,0.047741391235555174
USD_RATE,28,1.5,0.03270870574343304
USD_RATE,28,1.75,0.03569145203188525
USD_RATE,28,2.0,0.02529830141703821
USD_RATE,28,2.25,0.03017022668199215
USD_RATE,28,2.5,0.023715204601378128
USD_RATE,28,2.75,0.03217593773778169
USD_RATE,28,3.0,0.03512664552795498
USD_RATE,28,3.25,0.040524210043107925
USD_RATE,28,3.5,0.04646207376562249
USD_RATE,28,3.75,0.059212170789505955
USD_RATE,28,4.0,0.0531056886205773
USD_RATE,28,4.25,0.052643583574499525
USD_RATE,28,4.5,0.05738591304252391
USD_RATE,28,4.75,0.06190130891765467
USD_RATE,28,5.0,0.056546431992642525
USD_RATE,29,0.0,0.04
USD_RATE,29,0.25,0.041642853639625985
USD_RATE,29,0.5,0.027425636675944907
USD_RATE,29,0.75,0.029425823901507137
USD_RATE,29,1.0,0.031656463292799905
USD_RATE,29,1.25,0.047555904490139043
USD_RATE,29,1.5,0.05405777956376581
USD_RATE,29,1.75,0.055930151757881845
USD_RATE,29,2.0,0.061391415488036706
USD_RATE,29,2.25,0.057507566463449636
USD_RATE,29,2.5,0.055209429439594095
USD_RATE,29,2.75,0.061150141655726103
USD_RATE,29,3.0,0.07162781468418905
USD_RATE,29,3.25,0.06160033624198093
USD_RATE,29,3.5,0.057255016436217436
USD_RATE,29,3.75,0.05696830751351988
USD_RATE,29,4.0,0.05238187769342182
USD_RATE,29,4.25,0.053775531808007
USD_RATE,29,4.5,0.05742363642403932
USD_RATE,29,4.75,0.045043174018399065
USD_RATE,29,5.0,0.04117975201564658
USD_RATE,30,0.0,0.04
USD_RATE,30,0.25,0.036815855569069786
USD_RATE,30,0.5,0.03173366124131745
USD_RATE,30,0.75,0.018959138955763573
USD_RATE,30,1.0,0.011697276923847377
USD_RATE,30,1.25,0.010788465031084053
USD_RATE,30,1.5,0.0037812476869601482
USD_RATE,30,1.75,0.008692685263125357
USD_RATE,30,2.0,0.012263187643197162
USD_RATE,30,2.25,0.009751200361976164
USD_RATE,30,2.5,0.007785495624129181
USD_RATE,30,2.75,0.011967273083595527
USD_RATE,30,3.0,0.019744942735479092
USD_RATE,30,3.25,0.02615829629445615
USD_RATE,30,3.5,0.0304077076626556
USD_RATE,30,3.75,0.03660162779835975
USD_RATE,30,4.0,0.029354913099965046
USD_RATE,30,4.25,0.026222034547884764
USD_RATE,30,4.5,0.031136350624627433
USD_RATE,30,4.75,0.033502335450084506
USD_RATE,30,5.0,0.022380809020123973
USD_RATE,31,0.0,0.04
USD_RATE,31,0.25,0.04943412927194733
USD_RATE,31,0.5,0.04686422013637588
USD_RATE,31,0.75,0.05289512611018208
USD_RATE,31,1.0,0.05467413474017044
USD_RATE,31,1.25,0.05125283506630324
USD_RATE,31,1.5,0.052073398710096835
USD_RATE,31,1.75,0.05648634204233888
USD_RATE,31,2.0,0.05854200712877865
USD_RATE,31,2.25,0.056468545174399795
USD_RATE,31,2.5,0.053539398567399976
USD_RATE,31,2.75,0.04975661141697656
USD_RATE,31,3.0,0.05825847746512823
USD_RATE,31,3.25,0.061054925542085095
USD_RATE,31,3.5,0.05879024886747005
USD_RATE,31,3.75,0.05065052652814253
USD_RATE,31,4.0,0.051148789897514285
USD_RATE,31,4.25,0.04864531915768053
USD_RATE,31,4.5,0.037068846942202575
USD_RATE,31,4.75,0.034362375946769115
USD_RATE,31,5.0,0.02274412805687232
USD_RATE,32,0.0,0.04
USD_RATE,32,0.25,0.04130540405303993
USD_RATE,32,0.5,0.04674891085277111
USD_RATE,32,0.75,0.035020328426227355
USD_RATE,32,1.0,0.04323457424036702
USD_RATE,32,1.25,0.03753778010471884
USD_RATE,32,1.5,0.03165698677530295
USD_RATE,32,1.75,0.034689235178686176
USD_RATE,32,2.0,0.03645808670301325
USD_RATE,32,2.25,0.038875153465957504
USD_RATE,32,2.5,0.04523892902698587
USD_RATE,32,2.75,0.040780105566457926
USD_RATE,32,3.0,0.04654989474527309
USD_RATE,32,3.25,0.049554146513525604
USD_RATE,32,3.5,0.04416412024785858
USD_RATE,32,3.75,0.04284542933773028
USD_RATE,32,4.0,0.03793492312384981
USD_RATE,32,4.25,0.034447525036210895
USD_RATE,32,4.5,0.029969306517142247
USD_RATE,32,4.75,0.030359492022689363
USD_RATE,32,5.0,0.029169909878265975
USD_RATE,33,0.0,0.04
USD_RATE,33,0.25,0.042586327139504554
USD_RATE,33,0.5,0.04959971391072668
USD_RATE,33,0.75,0.049190112500279666
USD_RATE,33,1.0,0.054388727507945565
USD_RATE,33,1.25,0.053183549429723156
USD_RATE,33,1.5,0.045027488214318415
USD_RATE,33,1.75,0.04127415874807985
USD_RATE,33,2.0,0.04028922885151426
USD_RATE,33,2.25,0.036962678456223357
USD_RATE,33,2.5,0.04542148885710867
USD_RATE,33,2.75,0.05084541638545069
USD_RATE,33,3.0,0.04035357294622132
USD_RATE,33,3.25,0.046784453541141885
USD_RATE,33,3.5,0.04478984463557047
USD_RATE,33,3.75,0.046188285054650974
USD_RATE,33,4.0,0.04941042260274959
USD_RATE,33,4.25,0.04857913647549196
USD_RATE,33,4.5,0.04837333493360408
USD_RATE,33,4.75,0.04609355725069799
USD_RATE,33,5.0,0.045189288143153934
USD_RATE,34,0.0,0.04
USD_RATE,34,0.25,0.04028340375466486
USD_RATE,34,0.5,0.036282870391478886
USD_RATE,34,0.75,0.04637267519960757
USD_RATE,34,1.0,0.05442219128607167
USD_RATE,34,1.25,0.04644988301678241
USD_RATE,34,1.5,0.04009825673265318
USD_RATE,34,1.75,0.0450738206639897
USD_RATE,34,2.0,0.04274052620898854
USD_RATE,34,2.25,0.032632931029513125
USD_RATE,34,2.5,0.03652494204676487
USD_RATE,34,2.75,0.03243956658125907
USD_RATE,34,3.0,0.02977351296827161
USD_RATE,34,3.25,0.03510644332317767
USD_RATE,34,3.5,0.03372901902685655
USD_RATE,34,3.75,0.03700632234130914
USD_RATE,34,4.0,0.04511734114896135
USD_RATE,34,4.25,0.04585389191813431
USD_RATE,34,4.5,0.041125841551040654
USD_RATE,34,4.75,0.03589025347704379
USD_RATE,34,5.0,0.03889114805820318
USD_RATE,35,0.0,0.04
USD_RATE,35,0.25,0.037855698392849906
USD_RATE,35,0.5,0.032686736916806076
USD_RATE,35,0.75,0.03456119098112517
USD_RATE,35,1.0,0.03227718060027516
USD_RATE,35,1.25,0.024500469046736202
USD_RATE,35,1.5,0.01737044776027058
USD_RATE,35,1.75,0.01987726205417406
USD_RATE,35,2.0,0.012701789668377723
USD_RATE,35,2.25,0.02122012268905991
USD_RATE,35,2.5,0.02623099268258692
USD_RATE,35,2.75,0.026516228560171027
USD_RATE,35,3.0,0.023991616844523302
USD_RATE,35,3.25,0.029909551505417242
USD_RATE,35,3.5,0.038250427327956665
USD_RATE,35,3.75,0.037457381063514185
USD_RATE,35,4.0,0.02892463225564547
USD_RATE,35,4.25,0.023713958768786406
USD_RATE,35,4.5,0.025646224347307404
USD_RATE,35,4.75,0.02096168313504654
USD_RATE,35,5.0,0.015543354026361957
USD_RATE,36,0.0,0.04
USD_RATE,36,0.25,0.04100773005183102
USD_RATE,36,0.5,0.04016020245082478
USD_RATE,36,0.75,0.03722631446568577
USD_RATE,36,1.0,0.03639189339506456
USD_RATE,36,1.25,0.04165691401535439
USD_RATE,36,1.5,0.03760409202866206
USD_RATE,36,1.75,0.034960973447594565
USD_RATE,36,2.0,0.028279053244122783
USD_RATE,36,2.25,0.029208982940487547
USD_RATE,36,2.5,0.03880437526948154
USD_RATE,36,2.75,0.034247964797042015
USD_RATE,36,3.0,0.030581357101300617
USD_RATE,36,3.25,0.023665673616877648
USD_RATE,36,3.5,0.031815073970620215
USD_RATE,36,3.75,0.02240453896705127
USD_RATE,36,4.0,0.03331993839913394
USD_RATE,36,4.25,0.032817242326598925
USD_RATE,36,4.5,0.03717027436828079
USD_RATE,36,4.75,0.035225191974362365
USD_RATE,36,5.0,0.0381564033477261
USD_RATE,37,0.0,0.04
USD_RATE,37,0.25,0.03222595401945939
USD_RATE,37,0.5,0.03277033192199872
USD_RATE,37,0.75,0.044409822462716894
USD_RATE,37,1.0,0.04292765397252341
USD_RATE,37,1.25,0.0374496637365748
USD_RATE,37,1.5,0.03660802558764761
USD_RATE,37,1.75,0.029014925169301438
USD_RATE,37,2.0,0.031086574104712567
USD_RATE,37,2.25,0.031302410575575146
USD_RATE,37,2.5,0.025069111561381675
USD_RATE,37,2.75,0.033418079775807
USD_RATE,37,3.0,0.032158541859095356
USD_RATE,37,3.25,0.03104635976361132
USD_RATE,37,3.5,0.029248342247111002
USD_RATE,37,3.75,0.026530692568568638
USD_RATE,37,4.0,0.020876512022597854
USD_RATE,37,4.25,0.021893443626875425
USD_RATE,37,4.5,0.01902919314165752
USD_RATE,37,4.75,0.014396959352865855
USD_RATE,37,5.0,0.01804261083673336
USD_RATE,38,0.0,0.04
USD_RATE,38,0.25,0.04632879344268547
USD_RATE,38,0.5,0.04587090490061623
USD_RATE,38,0.75,0.049314444850400166
USD_RATE,38,1.0,0.04228163561316173
USD_RATE,38,1.25,0.03880409089038123
USD_RATE,38,1.5,0.04484631390983758
USD_RATE,38,1.75,0.041857133108299055
USD_RATE,38,2.0,0.05248360053781127
USD_RATE,38,2.25,0.04128641945191311
USD_RATE,38,2.5,0.04036094807764205
USD_RATE,38,2.75,0.03701305256311327
USD_RATE,38,3.0,0.034106925098661416
USD_RATE,38,3.25,0.035090612015819665
USD_RATE,38,3.5,0.040305648083874636
USD_RATE,38,3.75,0.046975407094865015
USD_RATE,38,4.0,0.0396411058329936
USD_RATE,38,4.25,0.038600263026984355
USD_RATE,38,4.5,0.03088502786515622
USD_RATE,38,4.75,0.04047038302878139
USD_RATE,38,5.0,0.035989999495941775
USD_RATE,39,0.0,0.04
USD_RATE,39,0.25,0.04116370936237382
USD_RATE,39,0.5,0.04165835664730981
USD_RATE,39,0.75,0.03668126596285764
USD_RATE,39,1.0,0.0367361414571701
USD_RATE,39,1.25,0.043553410970131386
USD_RATE,39,1.5,0.04130658472399908
USD_RATE,39,1.75,0.03820976013096737
USD_RATE,39,2.0,0.04767125504790096
USD_RATE,39,2.25,0.04824017777646003
USD_RATE,39,2.5,0.0612960837920589
USD_RATE,39,2.75,0.05734566038501633
USD_RATE,39,3.0,0.05063676669309106
USD_RATE,39,3.25,0.043340718645904254
USD_RATE,39,3.5,0.04762568816143917
USD_RATE,39,3.75,0.05068038328068924
USD_RATE,39,4.0,0.04299152307987896
USD_RATE,39,4.25,0.04572693846624834
USD_RATE,39,4.5,0.042240106912859676
USD_RATE,39,4.75,0.04171264678860181
USD_RATE,39,5.0,0.033517733227007074
USD_RATE,40,0.0,0.04
USD_RATE,40,0.25,0.036104241387898806
USD_RATE,40,0.5,0.03834272645670967
USD_RATE,40,0.75,0.04357047272034297
USD_RATE,40,1.0,0.04630363799744768
USD_RATE,40,1.25,0.03738477195472052
USD_RATE,40,1.5,0.045010743579982616
USD_RATE,40,1.75,0.04503889389758352
USD_RATE,40,2.0,0.047073613638941754
USD_RATE,40,2.25,0.03939507980450558
USD_RATE,40,2.5,0.044902566010650284
USD_RATE,40,2.75,0.04973398636180146
USD_RATE,40,3.0,0.05038713958070729
USD_RATE,40,3.25,0.05310883511757904
USD_RATE,40,3.5,0.04274995771797294
USD_RATE,40,3.75,0.03805963394345801
USD_RATE,40,4.0,0.03823268200926342
USD_RATE,40,4.25,0.03504713677068302
USD_RATE,40,4.5,0.03329476547270457
USD_RATE,40,4.75,0.032542516844369984
USD_RATE,40,5.0,0.03824474690085217
USD_RATE,41,0.0,0.04
USD_RATE,41,0.25,0.04902754465947199
USD_RATE,41,0.5,0.042943836904808706
USD_RATE,41,0.75,0.03957235706330431
USD_RATE,41,1.0,0.036176301677322865
USD_RATE,41,1.25,0.038478680450485976
USD_RATE,41,1.5,0.04106283810616273
USD_RATE,41,1.75,0.05744265675184304
USD_RATE,41,2.0,0.048689671326373786
USD_RATE,41,2.25,0.04581145519062954
USD_RATE,41,2.5,0.04340360385880732
USD_RATE,41,2.75,0.033275115235261325
USD_RATE,41,3.0,0.038590922944214
USD_RATE,41,3.25,0.034332732546544995
USD_RATE,41,3.5,0.023910026065131672
USD_RATE,41,3.75,0.02407825935275587
USD_RATE,41,4.0,0.023657862604819918
USD_RATE,41,4.25,0.017049371723932175
USD_RATE,41,4.5,0.022557398617815375
USD_RATE,41,4.75,0.028895238075559385
USD_RATE,41,5.0,0.026279751475588697
USD_RATE,42,0.0,0.04
USD_RATE,42,0.25,0.03899153780261252
USD_RATE,42,0.5,0.04114418717742266
USD_RATE,42,0.75,0.04197871981194093
USD_RATE,42,1.0,0.03276839872810611
USD_RATE,42,1.25,0.03656598739558317
USD_RATE,42,1.5,0.037607455561654284
USD_RATE,42,1.75,0.03683447465287101
USD_RATE,42,2.0,0.027938894632273288
USD_RATE,42,2.25,0.024485028962056312
USD_RATE,42,2.5,0.020908836153139584
USD_RATE,42,2.75,0.025096705038637757
USD_RATE,42,3.0,0.018023292769252505
USD_RATE,42,3.25,0.023139833523902927
USD_RATE,42,3.5,0.025513564157543592
USD_RATE,42,3.75,0.02747702512505987
USD_RATE,42,4.0,0.02856949742201871
USD_RATE,42,4.25,0.04516110711766415
USD_RATE,42,4.5,0.054214348339309416
USD_RATE,42,4.75,0.049636796746352164
USD_RATE,42,5.0,0.043965358435981323
USD_RATE,43,0.0,0.04
USD_RATE,43,0.25,0.05035840733369138
USD_RATE,43,0.5,0.05438719017527171
USD_RATE,43,0.75,0.048684669004085156
USD_RATE,43,1.0,0.057602524583701076
USD_RATE,43,1.25,0.05577213008303288
USD_RATE,43,1.5,0.053446581426183006
USD_RATE,43,1.75,0.05361790171607902
USD_RATE,43,2.0,0.05894977489865159
USD_RATE,43,2.25,0.06172338121650786
USD_RATE,43,2.5,0.04608040031340767
USD_RATE,43,2.75,0.04175446411345664
USD_RATE,43,3.0,0.04568974142093494
USD_RATE,43,3.25,0.04469992844696611
USD_RATE,43,3.5,0.041776039223072825
USD_RATE,43,3.75,0.046428477926203936
USD_RATE,43,4.0,0.043478450575590515
USD_RATE,43,4.25,0.04319827686940367
USD_RATE,43,4.5,0.04510063398013114
USD_RATE,43,4.75,0.04020465315980837
USD_RATE,43,5.0,0.041969554954880445
USD_RATE,44,0.0,0.04
USD_RATE,44,0.25,0.035247082735230285
USD_RATE,44,0.5,0.030079376381599115
USD_RATE,44,0.75,0.022174377696666376
USD_RATE,44,1.0,0.031249890379526662
USD_RATE,44,1.25,0.037000722311779796
USD_RATE,44,1.5,0.0377094241570312
USD_RATE,44,1.75,0.03584635313702709
USD_RATE,44,2.0,0.03148519630551503
USD_RATE,44,2.25,0.037740232289817266
USD_RATE,44,2.5,0.03617876554012465
USD_RATE,44,2.75,0.040017256844250955
USD_RATE,44,3.0,0.04702164791612137
USD_RATE,44,3.25,0.04808319388144743
USD_RATE,44,3.5,0.04828669119454288
USD_RATE,44,3.75,0.048330109257427756
USD_RATE,44,4.0,0.050070524933817646
USD_RATE,44,4.25,0.04969459625656053
USD_RATE,44,4.5,0.04318814673653764
USD_RATE,44,4.75,0.05209154767443394
USD_RATE,44,5.0,0.04732640282942702
USD_RATE,45,0.0,0.04
USD_RATE,45,0.25,0.0447033487182512
USD_RATE,45,0.5,0.043742888411631445
USD_RATE,45,0.75,0.04691139905691411
USD_RATE,45,1.0,0.04202075677015664
USD_RATE,45,1.25,0.04768821976974087
USD_RATE,45,1.5,0.04775160301887778
USD_RATE,45,1.75,0.04561920656489888
USD_RATE,45,2.0,0.05098256235741053
USD_RATE,45,2.25,0.04511573925895862
USD_RATE,45,2.5,0.042236681561373876
USD_RATE,45,2.75,0.03255190874061447
USD_RATE,45,3.0,0.03136488365463152
USD_RATE,45,3.25,0.039497087935097666
USD_RATE,45,3.5,0.0436290726869551
USD_RATE,45,3.75,0.041128526534025434
USD_RATE,45,4.0,0.04035788870889102
USD_RATE,45,4.25,0.03866995933651156
USD_RATE,45,4.5,0.02848626732976544
USD_RATE,45,4.75,0.032556632645738416
USD_RATE,45,5.0,0.027056795703396343
USD_RATE,46,0.0,0.04
USD_RATE,46,0.25,0.03577194452667795
USD_RATE,46,0.5,0.02980771392586592
USD_RATE,46,0.75,0.04517860162770153
USD_RATE,46,1.0,0.032948574100237556
USD_RATE,46,1.25,0.029334662344533934
USD_RATE,46,1.5,0.029842309834719857
USD_RATE,46,1.75,0.03347388560704825
USD_RATE,46,2.0,0.03289432047906418
USD_RATE,46,2.25,0.03236741064233666
USD_RATE,46,2.5,0.03702356803859534
USD_RATE,46,2.75,0.03699937220016994
USD_RATE,46,3.0,0.03615884724191911
USD_RATE,46,3.25,0.03757060502065315
USD_RATE,46,3.5,0.05308046253305547
USD_RATE,46,3.75,0.04784036013465136
USD_RATE,46,4.0,0.0371985116724642
USD_RATE,46,4.25,0.05250590794617391
USD_RATE,46,4.5,0.04601348680636036
USD_RATE,46,4.75,0.04348694445131313
USD_RATE,46,5.0,0.041195916819705296
USD_RATE,47,0.0,0.04
USD_RATE,47,0.25,0.03682671894692978
USD_RATE,47,0.5,0.0362095183566591
USD_RATE,47,0.75,0.041213872135074346
USD_RATE,47,1.0,0.04269264684729565
USD_RATE,47,1.25,0.036566047134266394
USD_RATE,47,1.5,0.03843984997527394
USD_RATE,47,1.75,0.04813787409081187
USD_RATE,47,2.0,0.056241597460998376
USD_RATE,47,2.25,0.051192650743981966
USD_RATE,47,2.5,0.03968173806080792
USD_RATE,47,2.75,0.03724998849060681
USD_RATE,47,3.0,0.04241820842445614
USD_RATE,47,3.25,0.04083356145111663
USD_RATE,47,3.5,0.03708278528757742
USD_RATE,47,3.75,0.036442403096414076
USD_RATE,47,4.0,0.04158865668231945
USD_RATE,47,4.25,0.038835809939461334
USD_RATE,47,4.5,0.03961369938807768
USD_RATE,47,4.75,0.03797933157824705
USD_RATE,47,5.0,0.040788646604915296
USD_RATE,48,0.0,0.04
USD_RATE,48,0.25,0.0315921473915681
USD_RATE,48,0.5,0.032546442262361454
USD_RATE,48,0.75,0.03771984113335215
USD_RATE,48,1.0,0.02979093981346739
USD_RATE,48,1.25,0.024107773909826914
USD_RATE,48,1.5,0.018850890338593638
USD_RATE,48,1.75,0.011531720140237432
USD_RATE,48,2.0,0.016557627837249997
USD_RATE,48,2.25,0.01639305062505973
USD_RATE,48,2.5,0.012720998976990113
USD_RATE,48,2.75,0.013098952297886133
USD_RATE,48,3.0,0.01193542738411293
USD_RATE,48,3.25,0.013686409339003875
USD_RATE,48,3.5,0.0036066812645917344
USD_RATE,48,3.75,0.0003496358679707665
USD_RATE,48,4.0,0.008758293694561454
USD_RATE,48,4.25,0.0033888624218477038
USD_RATE,48,4.5,0.0019887148438139596
USD_RATE,48,4.75,0.003933718294449886
USD_RATE,48,5.0,0.006496665212340094
USD_RATE,49,0.0,0.04
USD_RATE,49,0.25,0.04110534290065989
USD_RATE,49,0.5,0.040324705318223
USD_RATE,49,0.75,0.031584502522542135
USD_RATE,49,1.0,0.03401947300681776
USD_RATE,49,1.25,0.040846825597994484
USD_RATE,49,1.5,0.040674761695266806
USD_RATE,49,1.75,0.04678321981204671
USD_RATE,49,2.0,0.04483265335468854
USD_RATE,49,2.25,0.0430938934791059
USD_RATE,49,2.5,0.037728771251199576
USD_RATE,49,2.75,0.04465176869324541
USD_RATE,49,3.0,0.04197184811980982
USD_RATE,49,3.25,0.03755389767103109
USD_RATE,49,3.5,0.038506476189583506
USD_RATE,49,3.75,0.0397620188063028
USD_RATE,49,4.0,0.04092464650458322
USD_RATE,49,4.25,0.03560486765105406
USD_RATE,49,4.5,0.04219408836464802
USD_RATE,49,4.75,0.03949148878595843
USD_RATE,49,5.0,0.04450778917697181
SP500,0,0.0,5000.0
SP500,0,0.25,4549.35123382512
SP500,0,0.5,4169.9504076464
SP500,0,0.75,3864.170858880502
SP500,0,1.0,4266.7681335490615
SP500,0,1.25,3898.2164668801192
SP500,0,1.5,3680.46696998734
SP500,0,1.75,3589.068392346676
SP500,0,2.0,3708.171507980627
SP500,0,2.25,3475.193850298773
SP500,0,2.5,3229.6396292849754
SP500,0,2.75,3355.463017389346
SP500,0,3.0,3419.7776696345954
SP500,0,3.25,3413.2564225399587
SP500,0,3.5,3390.7206993819495
SP500,0,3.75,3887.3580945424947
SP500,0,4.0,3858.7985260661094
SP500,0,4.25,4091.373442760657
SP500,0,4.5,3972.024892565916
SP500,0,4.75,4205.508275515274
SP500,0,5.0,4286.7278092077295
SP500,1,0.0,5000.0
SP500,1,0.25,4695.347500506216
SP500,1,0.5,4996.36351639931
SP500,1,0.75,5169.160442057581
SP500,1,1.0,5169.548776054053
SP500,1,1.25,4819.637751990777
SP500,1,1.5,5432.410011537508
SP500,1,1.75,5394.749669269435
SP500,1,2.0,4563.595204962458
SP500,1,2.25,4042.276298368886
SP500,1,2.5,4032.3723609162294
SP500,1,2.75,4151.624408670407
SP500,1,3.0,4229.773180686946
SP500,1,3.25,3927.708774384156
SP500,1,3.5,3814.108477132173
SP500,1,3.75,4092.7158649598846
SP500,1,4.0,3729.474699825515
SP500,1,4.25,3638.5996790267077
SP500,1,4.5,3637.564039742715
SP500,1,4.75,3569.3437558751316
SP500,1,5.0,3885.9091000384906
SP500,2,0.0,5000.0
SP500,2,0.25,4759.46426160552
SP500,2,0.5,4345.547560048653
SP500,2,0.75,4347.1748226166765
SP500,2,1.0,3928.076734130767
SP500,2,1.25,3903.5651796160955
SP500,2,1.5,3922.8621487402083
SP500,2,1.75,4491.821748262233
SP500,2,2.0,5324.374159799446
SP500,2,2.25,6108.91640015336
SP500,2,2.5,5856.061917516254
SP500,2,2.75,6622.696150943466
SP500,2,3.0,6796.881059689928
SP500,2,3.25,6673.310973592133
SP500,2,3.5,6379.70723555097
SP500,2,3.75,7125.979671998666
SP500,2,4.0,7302.89221800703
SP500,2,4.25,7441.788924037909
SP500,2,4.5,7338.284980767048
SP500,2,4.75,8126.4697004880145
SP500,2,5.0,8242.7814802929
SP500,3,0.0,5000.0
SP500,3,0.25,5028.329828236805
SP500,3,0.5,4360.51117998525
SP500,3,0.75,3792.0822378795174
SP500,3,1.0,3418.536055497098
SP500,3,1.25,3316.215069357495
SP500,3,1.5,3276.511887708826
SP500,3,1.75,3587.9986889948436
SP500,3,2.0,3610.1795117176152
SP500,3,2.25,4381.743538386368
SP500,3,2.5,4031.061322220895
SP500,3,2.75,3441.5172086071157
SP500,3,3.0,3363.0465312145016
SP500,3,3.25,3351.891736602443
SP500,3,3.5,2618.6799822289427
SP500,3,3.75,2531.891411409695
SP500,3,4.0,2165.434222209786
SP500,3,4.25,1984.3234474759684
SP500,3,4.5,2307.933361007587
SP500,3,4.75,2355.9511683132873
SP500,3,5.0,2227.5852554593716
SP500,4,0.0,5000.0
SP500,4,0.25,4874.959126168891
SP500,4,0.5,5092.0233058156455
SP500,4,0.75,4966.588383150183
SP500,4,1.0,4595.475620500697
SP500,4,1.25,4776.590018208089
SP500,4,1.5,5065.815099795717
SP500,4,1.75,4115.286589106198
SP500,4,2.0,4795.67706785652
SP500,4,2.25,5186.387780707463
SP500,4,2.5,5284.192100029224
SP500,4,2.75,5470.947124542722
SP500,4,3.0,6244.120591855127
SP500,4,3.25,6705.0744124787525
SP500,4,3.5,7139.221611915368
SP500,4,3.75,5994.8834697230295
SP500,4,4.0,6729.624599523281
SP500,4,4.25,6412.334137115238
SP500,4,4.5,5625.60727832252
SP500,4,4.75,5893.444012633393
SP500,4,5.0,5946.584062268625
SP500,5,0.0,5000.0
SP500,5,0.25,5111.905065200863
SP500,5,0.5,4966.2104087001535
SP500,5,0.75,4556.651882857715
SP500,5,1.0,4912.774124350365
SP500,5,1.25,5440.9377856721685
SP500,5,1.5,5046.561045425112
SP500,5,1.75,4950.763161377858
SP500,5,2.0,5220.816550316406
SP500,5,2.25,4433.900255489602
SP500,5,2.5,4052.4914925255093
SP500,5,2.75,4173.798616581652
SP500,5,3.0,3669.0226396878575
SP500,5,3.25,3731.55664063257
SP500,5,3.5,4371.568314484717
SP500,5,3.75,4007.001437232379
SP500,5,4.0,3719.5649729999886
SP500,5,4.25,3639.5226619877326
SP500,5,4.5,3297.975244792584
SP500,5,4.75,3377.1434438471583
SP500,5,5.0,3015.3380406841225
SP500,6,0.0,5000.0
SP500,6,0.25,5675.486326920754
SP500,6,0.5,5607.452824725593
SP500,6,0.75,6030.812914207025
SP500,6,1.0,6308.2789498902
SP500,6,1.25,6278.170832816954
SP500,6,1.5,6660.575526800583
SP500,6,1.75,6606.662932438159
SP500,6,2.0,6911.583872225678
SP500,6,2.25,6822.736987632726
SP500,6,2.5,6339.9502780643215
SP500,6,2.75,5926.076838549354
SP500,6,3.0,5575.71932248633
SP500,6,3.25,6385.361281292769
SP500,6,3.5,6690.36931939834
SP500,6,3.75,7462.497438818269
SP500,6,4.0,7087.683547864099
SP500,6,4.25,6991.706489556667
SP500,6,4.5,7326.068489480303
SP500,6,4.75,8734.7425693912
SP500,6,5.0,8045.636569611933
SP500,7,0.0,5000.0
SP500,7,0.25,5167.237741145302
SP500,7,0.5,5462.504229125328
SP500,7,0.75,5530.487898494826
SP500,7,1.0,5104.900966464252
SP500,7,1.25,5622.2599714798525
SP500,7,1.5,5266.701768887342
SP500,7,1.75,6237.534640684518
SP500,7,2.0,7191.0942388665035
SP500,7,2.25,6071.026322359249
SP500,7,2.5,6602.636339705644
SP500,7,2.75,6249.441579890307
SP500,7,3.0,6639.190870752217
SP500,7,3.25,7142.734972824764
SP500,7,3.5,7575.679392512424
SP500,7,3.75,7651.336148234672
SP500,7,4.0,7714.904447075735
SP500,7,4.25,7303.738261749971
SP500,7,4.5,5975.81814284563
SP500,7,4.75,5050.632065039701
SP500,7,5.0,4578.740444487709
SP500,8,0.0,5000.0
SP500,8,0.25,5441.355104177808
SP500,8,0.5,5397.245192191964
SP500,8,0.75,5199.37089174102
SP500,8,1.0,4608.195269573197
SP500,8,1.25,4748.530560120618
SP500,8,1.5,4855.7845867293445
SP500,8,1.75,4171.113942586871
SP500,8,2.0,3339.794788903491
SP500,8,2.25,2994.6178673399754
SP500,8,2.5,3003.6800125502414
SP500,8,2.75,3145.5585819824037
SP500,8,3.0,3039.979073254245
SP500,8,3.25,2950.6391657515164
SP500,8,3.5,2386.484764139754
SP500,8,3.75,2265.3679659926056
SP500,8,4.0,2181.0688881724477
SP500,8,4.25,1972.9967705119334
SP500,8,4.5,2100.961030102228
SP500,8,4.75,2131.959080706933
SP500,8,5.0,2314.887966301597
SP500,9,0.0,5000.0
SP500,9,0.25,5547.289379841639
SP500,9,0.5,6408.840740462301
SP500,9,0.75,5893.948933631209
SP500,9,1.0,5747.526143789788
SP500,9,1.25,6110.8923430638715
SP500,9,1.5,6708.978867060361
SP500,9,1.75,7297.335424330481
SP500,9,2.0,6790.599098086814
SP500,9,2.25,8275.476747735811
SP500,9,2.5,9043.391446051264
SP500,9,2.75,9400.307961704246
SP500,9,3.0,7992.337210716816
SP500,9,3.25,9458.591810052536
SP500,9,3.5,10626.044040440389
SP500,9,3.75,11173.90044677334
SP500,9,4.0,11088.907007004587
SP500,9,4.25,11324.048471231934
SP500,9,4.5,11329.25673788017
SP500,9,4.75,11626.798753543593
SP500,9,5.0,12594.431782842063
SP500,10,0.0,5000.0
SP500,10,0.25,4602.578166153128
SP500,10,0.5,4992.633130032254
SP500,10,0.75,5125.65222765208
SP500,10,1.0,4893.828552565024
SP500,10,1.25,5039.4992550771385
SP500,10,1.5,5772.995328074037
SP500,10,1.75,5939.512651110108
SP500,10,2.0,4597.673427521428
SP500,10,2.25,4514.123481200845
SP500,10,2.5,5141.756960143754
SP500,10,2.75,5020.108863936833
SP500,10,3.0,5185.127500079268
SP500,10,3.25,5715.892883978966
SP500,10,3.5,5665.226641459374
SP500,10,3.75,5868.09309268896
SP500,10,4.0,5241.964836249031
SP500,10,4.25,5701.351043677048
SP500,10,4.5,5721.434532324291
SP500,10,4.75,5692.578418612846
SP500,10,5.0,5584.798646461366
SP500,11,0.0,5000.0
SP500,11,0.25,5435.308961017548
SP500,11,0.5,5673.038764071199
SP500,11,0.75,5045.496028164796
SP500,11,1.0,5076.501263293792
SP500,11,1.25,4731.081291605296
SP500,11,1.5,4733.869150760801
SP500,11,1.75,5722.055200888472
SP500,11,2.0,5181.205863294157
SP500,11,2.25,4855.853897866111
SP500,11,2.5,4988.30584008519
SP500,11,2.75,4644.487279116775
SP500,11,3.0,5508.71999700127
SP500,11,3.25,5567.272588102554
SP500,11,3.5,6348.20949827807
SP500,11,3.75,6410.908551535205
SP500,11,4.0,6919.626687698425
SP500,11,4.25,6682.745069853816
SP500,11,4.5,4810.8640125125885
SP500,11,4.75,4317.423333933366
SP500,11,5.0,5317.494145178102
SP500,12,0.0,5000.0
SP500,12,0.25,4960.314414763741
SP500,12,0.5,4414.051428373849
SP500,12,0.75,4389.259833234039
SP500,12,1.0,4644.560473461096
SP500,12,1.25,4430.666761542525
SP500,12,1.5,3863.5927880416834
SP500,12,1.75,4088.9892786618475
SP500,12,2.0,3954.3998062876326
SP500,12,2.25,4357.774095492873
SP500,12,2.5,4387.593858836243
SP500,12,2.75,4142.869434153281
SP500,12,3.0,4294.940162290807
SP500,12,3.25,4419.742817003784
SP500,12,3.5,3861.98680169619
SP500,12,3.75,3782.46330346474
SP500,12,4.0,3887.5776665567023
SP500,12,4.25,3887.468222520602
SP500,12,4.5,4269.261740640153
SP500,12,4.75,4490.6495900980535
SP500,12,5.0,4216.60777596948
SP500,13,0.0,5000.0
SP500,13,0.25,5535.5249068178055
SP500,13,0.5,5184.73538943376
SP500,13,0.75,5458.738667703644
SP500,13,1.0,6765.4118606347065
SP500,13,1.25,6996.380843938937
SP500,13,1.5,7975.2045408714785
SP500,13,1.75,7997.6702428716435
SP500,13,2.0,7779.874046660963
SP500,13,2.25,6780.189953837582
SP500,13,2.5,8558.505430351019
SP500,13,2.75,8438.46952936384
SP500,13,3.0,8147.4693044272935
SP500,13,3.25,7900.326541103723
SP500,13,3.5,7968.802327416011
SP500,13,3.75,8185.0845667747535
SP500,13,4.0,8563.909045233064
SP500,13,4.25,9313.5521917613
SP500,13,4.5,9905.075481095504
SP500,13,4.75,9904.153157299887
SP500,13,5.0,9478.0113254644
SP500,14,0.0,5000.0
SP500,14,0.25,4982.019014058404
SP500,14,0.5,4888.7490909550625
SP500,14,0.75,4078.600251058878
SP500,14,1.0,4662.7747125135265
SP500,14,1.25,4677.143174788577
SP500,14,1.5,3720.3328319486995
SP500,14,1.75,3967.684901611991
SP500,14,2.0,4301.508992307107
SP500,14,2.25,4093.2864285095748
SP500,14,2.5,4685.031478996381
SP500,14,2.75,4625.71700688903
SP500,14,3.0,4348.672117332954
SP500,14,3.25,4234.054542837128
SP500,14,3.5,3878.999174827992
SP500,14,3.75,3969.89522343359
SP500,14,4.0,4355.272188436538
SP500,14,4.25,3843.1388530216354
SP500,14,4.5,3755.435183825667
SP500,14,4.75,4024.7133020631372
SP500,14,5.0,3764.192033711823
SP500,15,0.0,5000.0
SP500,15,0.25,4885.295710981233
SP500,15,0.5,4642.262217578709
SP500,15,0.75,4619.353301699385
SP500,15,1.0,4358.174614972061
SP500,15,1.25,3664.0681826874647
SP500,15,1.5,4110.603106879172
SP500,15,1.75,4358.138056738223
SP500,15,2.0,4542.519386900746
SP500,15,2.25,4650.065287461252
SP500,15,2.5,4881.863248078421
SP500,15,2.75,4383.481289248988
SP500,15,3.0,4351.58278189332
SP500,15,3.25,3805.076258131407
SP500,15,3.5,3958.1734369728283
SP500,15,3.75,3905.884242815566
SP500,15,4.0,3893.770804142802
SP500,15,4.25,3868.137617270176
SP500,15,4.5,4053.004940701515
SP500,15,4.75,4225.059947383097
SP500,15,5.0,4932.038474253333
SP500,16,0.0,5000.0
SP500,16,0.25,4064.858472706363
SP500,16,0.5,4168.423086603789
SP500,16,0.75,4380.758324435843
SP500,16,1.0,3665.3896090939975
SP500,16,1.25,3546.514156299603
SP500,16,1.5,2949.619235021952
SP500,16,1.75,2377.801111265626
SP500,16,2.0,2396.7858620437473
SP500,16,2.25,2500.8431135190244
SP500,16,2.5,2585.236532410957
SP500,16,2.75,2477.9811324903876
SP500,16,3.0,2683.585682645291
SP500,16,3.25,2864.7265723711157
SP500,16,3.5,2893.841586962152
SP500,16,3.75,3047.606426754047
SP500,16,4.0,3201.432423492939
SP500,16,4.25,3984.602688979599
SP500,16,4.5,3890.390452661041
SP500,16,4.75,4084.27162149195
SP500,16,5.0,3916.7883460524076
SP500,17,0.0,5000.0
SP500,17,0.25,5464.503609988561
SP500,17,0.5,5688.460574605563
SP500,17,0.75,6097.646660559004
SP500,17,1.0,5271.080691798102
SP500,17,1.25,5330.625796502504
SP500,17,1.5,4076.599492261164
SP500,17,1.75,4229.645372561365
SP500,17,2.0,3888.1140226700577
SP500,17,2.25,4090.067347099272
SP500,17,2.5,3996.59333138718
SP500,17,2.75,3829.380050095439
SP500,17,3.0,4120.2061973540995
SP500,17,3.25,4323.496005417356
SP500,17,3.5,4951.040460651092
SP500,17,3.75,5248.2440137253925
SP500,17,4.0,5182.408454806624
SP500,17,4.25,4778.843135565678
SP500,17,4.5,5074.431440188882
SP500,17,4.75,4453.192066087751
SP500,17,5.0,3449.5773477529524
SP500,18,0.0,5000.0
SP500,18,0.25,5221.0390730958015
SP500,18,0.5,5373.870204962178
SP500,18,0.75,5123.198137319659
SP500,18,1.0,4955.46100380086
SP500,18,1.25,4844.780749181467
SP500,18,1.5,4500.065587524227
SP500,18,1.75,4477.029685445475
SP500,18,2.0,3921.3531123650046
SP500,18,2.25,3216.6997013853324
SP500,18,2.5,2753.817797285021
SP500,18,2.75,2893.0733337202723
SP500,18,3.0,2678.0729058773145
SP500,18,3.25,2724.6827837892833
SP500,18,3.5,2511.705304169672
SP500,18,3.75,2266.697408371216
SP500,18,4.0,2169.4295819409263
SP500,18,4.25,2280.8510633449423
SP500,18,4.5,2251.615480837651
SP500,18,4.75,1871.4377160980778
SP500,18,5.0,2135.4812247721384
SP500,19,0.0,5000.0
SP500,19,0.25,3991.172887508485
SP500,19,0.5,4419.709248945835
SP500,19,0.75,4804.6377532381775
SP500,19,1.0,4261.558680436885
SP500,19,1.25,3626.450714717615
SP500,19,1.5,3922.4824185579905
SP500,19,1.75,3770.4867094527926
SP500,19,2.0,3884.314850320426
SP500,19,2.25,3799.592388736639
SP500,19,2.5,4116.295600653714
SP500,19,2.75,4191.948765414463
SP500,19,3.0,4012.2862135182986
SP500,19,3.25,3445.604959624731
SP500,19,3.5,3426.245973802377
SP500,19,3.75,3755.903227495836
SP500,19,4.0,3648.965926553343
SP500,19,4.25,3171.7886642479375
SP500,19,4.5,3093.0359694572844
SP500,19,4.75,2907.059095036232
SP500,19,5.0,2957.7074723422
SP500,20,0.0,5000.0
SP500,20,0.25,5546.506354636072
SP500,20,0.5,6297.686310235889
SP500,20,0.75,6112.552165115857
SP500,20,1.0,6165.227330403875
SP500,20,1.25,5065.269327646605
SP500,20,1.5,5072.1412190099245
SP500,20,1.75,5624.573195385661
SP500,20,2.0,6189.828994707592
SP500,20,2.25,6198.509662443735
SP500,20,2.5,6954.118795324648
SP500,20,2.75,7430.085887324298
SP500,20,3.0,7613.170839410424
SP500,20,3.25,7157.049188014675
SP500,20,3.5,6850.605435476384
SP500,20,3.75,5821.057159040879
SP500,20,4.0,5109.812485518504
SP500,20,4.25,4741.78683601873
SP500,20,4.5,4459.599034940106
SP500,20,4.75,4654.2515334865775
SP500,20,5.0,4763.907874120622
SP500,21,0.0,5000.0
SP500,21,0.25,4667.642715019836
SP500,21,0.5,4983.778844642573
SP500,21,0.75,5392.272546804821
SP500,21,1.0,5235.845469567055
SP500,21,1.25,6492.565823868243
SP500,21,1.5,6292.455288109865
SP500,21,1.75,7402.177036082721
SP500,21,2.0,7175.146982852154
SP500,21,2.25,7036.5311111828205
SP500,21,2.5,6768.810588107849
SP500,21,2.75,5891.0747221706415
SP500,21,3.0,5860.118922199974
SP500,21,3.25,5890.336532718449
SP500,21,3.5,5209.773375653106
SP500,21,3.75,5229.139249929921
SP500,21,4.0,5995.3877577295225
SP500,21,4.25,5543.4698974143475
SP500,21,4.5,6046.318598804618
SP500,21,4.75,5801.200458591057
SP500,21,5.0,6931.322256299689
SP500,22,0.0,5000.0
SP500,22,0.25,4750.851610781103
SP500,22,0.5,4759.162411147779
SP500,22,0.75,6180.874009150261
SP500,22,1.0,7306.381473104301
SP500,22,1.25,7555.472053955186
SP500,22,1.5,7501.969029355153
SP500,22,1.75,8256.841889114483
SP500,22,2.0,8989.404029996971
SP500,22,2.25,8714.882295428037
SP500,22,2.5,8639.213334218426
SP500,22,2.75,8988.314345219329
SP500,22,3.0,7565.339449078314
SP500,22,3.25,8237.029037973276
SP500,22,3.5,8203.762846117865
SP500,22,3.75,8840.730332464162
SP500,22,4.0,9756.969493293018
SP500,22,4.25,10469.627650376608
SP500,22,4.5,10359.597459515826
SP500,22,4.75,10879.404430824754
SP500,22,5.0,10557.779442102705
SP500,23,0.0,5000.0
SP500,23,0.25,5055.84122382882
SP500,23,0.5,4297.870463521325
SP500,23,0.75,4579.116358557964
SP500,23,1.0,4876.290980183761
SP500,23,1.25,5357.071698275347
SP500,23,1.5,4816.22673936678
SP500,23,1.75,4865.637057698646
SP500,23,2.0,4996.873936581306
SP500,23,2.25,4531.384145914047
SP500,23,2.5,5267.507469661369
SP500,23,2.75,5923.726759257421
SP500,23,3.0,6243.316607189498
SP500,23,3.25,6683.837308541952
SP500,23,3.5,5585.181134063793
SP500,23,3.75,5913.658479674312
SP500,23,4.0,6517.675100297631
SP500,23,4.25,5797.5375225518355
SP500,23,4.5,6042.686439663886
SP500,23,4.75,4609.588646544877
SP500,23,5.0,5080.561057051145
SP500,24,0.0,5000.0
SP500,24,0.25,5572.140230422103
SP500,24,0.5,5017.454128902811
SP500,24,0.75,5295.66208556296
SP500,24,1.0,6021.875308776868
SP500,24,1.25,5435.220245616397
SP500,24,1.5,5579.015162498035
SP500,24,1.75,4770.608214909984
SP500,24,2.0,5759.309988314578
SP500,24,2.25,5552.584565429729
SP500,24,2.5,4906.810278976809
SP500,24,2.75,4613.825546699482
SP500,24,3.0,4857.2345578411205
SP500,24,3.25,5232.201317787178
SP500,24,3.5,6061.237471838242
SP500,24,3.75,6327.83055215548
SP500,24,4.0,5981.591978636167
SP500,24,4.25,5872.892471061399
SP500,24,4.5,5241.013486409544
SP500,24,4.75,5669.554300298863
SP500,24,5.0,5583.068278257775
SP500,25,0.0,5000.0
SP500,25,0.25,4751.6327389507205
SP500,25,0.5,5358.835034888607
SP500,25,0.75,5571.959566469484
SP500,25,1.0,5524.527096414311
SP500,25,1.25,5222.365520842286
SP500,25,1.5,4876.281683298782
SP500,25,1.75,4363.306606559979
SP500,25,2.0,4169.296243143727
SP500,25,2.25,3990.031845981273
SP500,25,2.5,4392.970893676773
SP500,25,2.75,4603.773988470202
SP500,25,3.0,4301.432354242658
SP500,25,3.25,3886.528321654196
SP500,25,3.5,4934.712899617504
SP500,25,3.75,4236.602462913369
SP500,25,4.0,5041.109721301687
SP500,25,4.25,4980.113880232403
SP500,25,4.5,4853.597968722111
SP500,25,4.75,4869.774392433077
SP500,25,5.0,4882.154051327729
SP500,26,0.0,5000.0
SP500,26,0.25,5158.165582283113
SP500,26,0.5,5465.838373669649
SP500,26,0.75,5768.610863059025
SP500,26,1.0,6209.1449096944225
SP500,26,1.25,5726.826979269587
SP500,26,1.5,4916.624097568124
SP500,26,1.75,4731.877070671745
SP500,26,2.0,4887.355626447415
SP500,26,2.25,4920.457658552576
SP500,26,2.5,4976.446076153581
SP500,26,2.75,4970.930231108553
SP500,26,3.0,5074.310976579293
SP500,26,3.25,5563.639708098874
SP500,26,3.5,5773.218122303772
SP500,26,3.75,6217.654020281535
SP500,26,4.0,6058.766446092176
SP500,26,4.25,5763.23018633084
SP500,26,4.5,5862.925416734739
SP500,26,4.75,5391.216989172581
SP500,26,5.0,4990.566524434671
SP500,27,0.0,5000.0
SP500,27,0.25,4639.859368719418
SP500,27,0.5,5148.958347120904
SP500,27,0.75,4933.397244447871
SP500,27,1.0,4449.192168927966
SP500,27,1.25,4626.962539162241
SP500,27,1.5,4596.765597382362
SP500,27,1.75,4732.901859166882
SP500,27,2.0,4842.905844116252
SP500,27,2.25,4944.675503008428
SP500,27,2.5,4973.919340223141
SP500,27,2.75,4940.853726127473
SP500,27,3.0,4747.746991862885
SP500,27,3.25,4541.307027012182
SP500,27,3.5,5244.018508554359
SP500,27,3.75,5221.512960535152
SP500,27,4.0,4890.3059577806725
SP500,27,4.25,5087.20748321928
SP500,27,4.5,5072.058115235727
SP500,27,4.75,5969.9450123267225
SP500,27,5.0,5939.874081346506
SP500,28,0.0,5000.0
SP500,28,0.25,4587.442259172454
SP500,28,0.5,4328.416208438587
SP500,28,0.75,4824.472562526262
SP500,28,1.0,3881.528289406099
SP500,28,1.25,3966.2076340224894
SP500,28,1.5,3835.148395026235
SP500,28,1.75,4089.3121194697187
SP500,28,2.0,4030.521083415205
SP500,28,2.25,4326.36826030113
SP500,28,2.5,5204.697553248404
SP500,28,2.75,5115.130736921137
SP500,28,3.0,5251.730225533676
SP500,28,3.25,4507.800421408527
SP500,28,3.5,4279.960844928521
SP500,28,3.75,3881.7804798714005
SP500,28,4.0,3635.400857179809
SP500,28,4.25,3481.007392372946
SP500,28,4.5,3520.1914566629534
SP500,28,4.75,3495.795097954381
SP500,28,5.0,3666.2306295691055
SP500,29,0.0,5000.0
SP500,29,0.25,5572.782584788211
SP500,29,0.5,6041.534718862967
SP500,29,0.75,6582.267675671502
SP500,29,1.0,6536.654542655261
SP500,29,1.25,6783.117218811398
SP500,29,1.5,6564.262032946124
SP500,29,1.75,5990.060897621855
SP500,29,2.0,6313.528491801604
SP500,29,2.25,6477.433267580867
SP500,29,2.5,6697.299223894907
SP500,29,2.75,6035.784552041107
SP500,29,3.0,6704.067761677792
SP500,29,3.25,7351.784077445959
SP500,29,3.5,8549.157077369777
SP500,29,3.75,8031.218512254999
SP500,29,4.0,8704.143896288502
SP500,29,4.25,8208.891106498797
SP500,29,4.5,8098.640448520122
SP500,29,4.75,8568.889070035855
SP500,29,5.0,8510.10718244359
SP500,30,0.0,5000.0
SP500,30,0.25,5500.719699006185
SP500,30,0.5,4813.2667111565
SP500,30,0.75,4739.185175872328
SP500,30,1.0,4252.634237124916
SP500,30,1.25,4040.935013488813
SP500,30,1.5,4020.95400348715
SP500,30,1.75,4411.383662583694
SP500,30,2.0,5159.906743917693
SP500,30,2.25,5254.315466336132
SP500,30,2.5,5427.915854114763
SP500,30,2.75,5672.211902993126
SP500,30,3.0,7038.429283008444
SP500,30,3.25,7470.975221995745
SP500,30,3.5,6881.385171168902
SP500,30,3.75,6432.59788736681
SP500,30,4.0,5829.218934856351
SP500,30,4.25,5490.555473016255
SP500,30,4.5,5442.746849878763
SP500,30,4.75,5707.74348934625
SP500,30,5.0,5981.461096763364
SP500,31,0.0,5000.0
SP500,31,0.25,4520.852886931171
SP500,31,0.5,4501.634861152189
SP500,31,0.75,4435.130402839631
SP500,31,1.0,4124.055689982221
SP500,31,1.25,3418.6898809345785
SP500,31,1.5,3486.6899198480332
SP500,31,1.75,3741.714081647152
SP500,31,2.0,3619.426903496277
SP500,31,2.25,3903.4161710048743
SP500,31,2.5,4462.897524012159
SP500,31,2.75,5274.482004208358
SP500,31,3.0,5488.6588818777245
SP500,31,3.25,5189.35900796774
SP500,31,3.5,5278.905952405046
SP500,31,3.75,4655.1626044906725
SP500,31,4.0,4819.338109694801
SP500,31,4.25,4640.836439408126
SP500,31,4.5,4988.574207646793
SP500,31,4.75,4174.279951105498
SP500,31,5.0,4631.023887008772
SP500,32,0.0,5000.0
SP500,32,0.25,5007.267383119288
SP500,32,0.5,4546.391554923108
SP500,32,0.75,4876.43996515306
SP500,32,1.0,4863.486243050759
SP500,32,1.25,4526.818727732026
SP500,32,1.5,5008.407614332296
SP500,32,1.75,5438.473161930803
SP500,32,2.0,5730.109214262815
SP500,32,2.25,6074.8070484302625
SP500,32,2.5,6140.374025669903
SP500,32,2.75,7037.9567757201075
SP500,32,3.0,6410.495384302701
SP500,32,3.25,5652.983272361354
SP500,32,3.5,5529.023454748038
SP500,32,3.75,6026.347093655577
SP500,32,4.0,5740.298458166163
SP500,32,4.25,5713.565467351432
SP500,32,4.5,5759.818759437279
SP500,32,4.75,5765.107041705908
SP500,32,5.0,5680.390600083785
SP500,33,0.0,5000.0
SP500,33,0.25,4932.614629149612
SP500,33,0.5,4783.9273584210305
SP500,33,0.75,5922.952323461978
SP500,33,1.0,5432.463295323673
SP500,33,1.25,5002.757676020285
SP500,33,1.5,4791.304238761917
SP500,33,1.75,4886.785992453526
SP500,33,2.0,4622.671775384442
SP500,33,2.25,4868.023826083259
SP500,33,2.5,4994.074584352729
SP500,33,2.75,4832.895766062389
SP500,33,3.0,5017.70883997004
SP500,33,3.25,4170.16423555991
SP500,33,3.5,4055.8660302603334
SP500,33,3.75,4095.2753305771344
SP500,33,4.0,3680.5310541177946
SP500,33,4.25,3629.457684592445
SP500,33,4.5,3593.983154278907
SP500,33,4.75,3264.4987398346216
SP500,33,5.0,3319.0741518822765
SP500,34,0.0,5000.0
SP500,34,0.25,5607.170050596996
SP500,34,0.5,5480.701757666014
SP500,34,0.75,4783.3240093259565
SP500,34,1.0,4501.762266381334
SP500,34,1.25,4491.110856375571
SP500,34,1.5,4830.980646648865
SP500,34,1.75,5294.866286722944
SP500,34,2.0,5692.634219015478
SP500,34,2.25,5894.669753166985
SP500,34,2.5,6021.188402103789
SP500,34,2.75,5270.42658212729
SP500,34,3.0,4992.721074311191
SP500,34,3.25,5285.588650574175
SP500,34,3.5,5231.442381349101
SP500,34,3.75,4985.554855205731
SP500,34,4.0,4612.926004742359
SP500,34,4.25,4643.894880441348
SP500,34,4.5,4513.200346461884
SP500,34,4.75,4367.3445270841685
SP500,34,5.0,4241.209974493138
SP500,35,0.0,5000.0
SP500,35,0.25,5481.822355562514
SP500,35,0.5,5608.726176239481
SP500,35,0.75,4945.584165680963
SP500,35,1.0,4747.006266752608
SP500,35,1.25,5190.971073649453
SP500,35,1.5,5433.829177435108
SP500,35,1.75,5358.677659625302
SP500,35,2.0,6822.795804286556
SP500,35,2.25,6134.599567850033
SP500,35,2.5,6199.644826084338
SP500,35,2.75,6841.765105359401
SP500,35,3.0,6282.9362765362175
SP500,35,3.25,6768.411382782472
SP500,35,3.5,6787.804282215823
SP500,35,3.75,6882.212976497238
SP500,35,4.0,7438.319545499
SP500,35,4.25,6745.354374545577
SP500,35,4.5,7078.271096897928
SP500,35,4.75,6058.792812764408
SP500,35,5.0,5864.986629550798
SP500,36,0.0,5000.0
SP500,36,0.25,5403.486250472161
SP500,36,0.5,5565.156969492914
SP500,36,0.75,5444.174019364189
SP500,36,1.0,5146.472245285047
SP500,36,1.25,5121.209447076397
SP500,36,1.5,4564.997863565385
SP500,36,1.75,4614.499801099609
SP500,36,2.0,4926.983443493639
SP500,36,2.25,4035.517135074187
SP500,36,2.5,4647.285453154121
SP500,36,2.75,4796.511854114524
SP500,36,3.0,5247.41350945841
SP500,36,3.25,5196.997732757924
SP500,36,3.5,5608.543442449854
SP500,36,3.75,6519.499738218231
SP500,36,4.0,7120.649900768739
SP500,36,4.25,7282.874924206394
SP500,36,4.5,8005.848191457124
SP500,36,4.75,6435.020440848018
SP500,36,5.0,6460.559250050282
SP500,37,0.0,5000.0
SP500,37,0.25,5085.175563434258
SP500,37,0.5,4409.83536658404
SP500,37,0.75,4279.84338159889
SP500,37,1.0,4078.2418119055073
SP500,37,1.25,4088.011642167658
SP500,37,1.5,4703.608251271878
SP500,37,1.75,4607.747157616764
SP500,37,2.0,5193.053464847109
SP500,37,2.25,6428.7283402051735
SP500,37,2.5,8041.026068968452
SP500,37,2.75,8392.632301980193
SP500,37,3.0,8087.62518128658
SP500,37,3.25,8671.47409123553
SP500,37,3.5,8813.149767180861
SP500,37,3.75,9760.518318781369
SP500,37,4.0,11328.29464277918
SP500,37,4.25,11338.466130582487
SP500,37,4.5,11722.561045352919
SP500,37,4.75,12266.216513521607
SP500,37,5.0,12088.30190377184
SP500,38,0.0,5000.0
SP500,38,0.25,4874.6120404118965
SP500,38,0.5,4720.313957973479
SP500,38,0.75,5313.29710135401
SP500,38,1.0,5366.611018524159
SP500,38,1.25,5189.860799074843
SP500,38,1.5,5209.205555548207
SP500,38,1.75,5249.446156889524
SP500,38,2.0,4747.096518618736
SP500,38,2.25,5220.754908828157
SP500,38,2.5,4489.580188827913
SP500,38,2.75,4102.854046296245
SP500,38,3.0,4416.196087592693
SP500,38,3.25,4807.538144995088
SP500,38,3.5,4431.458894636832
SP500,38,3.75,4115.068677881323
SP500,38,4.0,3998.2065980998227
SP500,38,4.25,4026.4480839761313
SP500,38,4.5,3818.4980203093987
SP500,38,4.75,4004.1308276061172
SP500,38,5.0,3994.867890505039
SP500,39,0.0,5000.0
SP500,39,0.25,5071.528733681322
SP500,39,0.5,5324.859075071494
SP500,39,0.75,5571.7036086374555
SP500,39,1.0,5274.491140616398
SP500,39,1.25,5708.77693195616
SP500,39,1.5,7518.897114255269
SP500,39,1.75,7833.788921292205
SP500,39,2.0,7826.324070873441
SP500,39,2.25,7721.703755676073
SP500,39,2.5,7306.626003289413
SP500,39,2.75,7734.146834071819
SP500,39,3.0,8094.46253870852
SP500,39,3.25,7408.911599065668
SP500,39,3.5,7359.7935934331235
SP500,39,3.75,7420.504591652651
SP500,39,4.0,6613.706342445737
SP500,39,4.25,5818.566800454698
SP500,39,4.5,5198.196183616014
SP500,39,4.75,4687.2963234254985
SP500,39,5.0,4695.892661182864
SP500,40,0.0,5000.0
SP500,40,0.25,5600.816187848978
SP500,40,0.5,5407.789687588777
SP500,40,0.75,5088.847967700199
SP500,40,1.0,4615.479959838741
SP500,40,1.25,5251.341610063294
SP500,40,1.5,5198.4576790917345
SP500,40,1.75,4931.759177511517
SP500,40,2.0,4312.751863399144
SP500,40,2.25,4746.719955625233
SP500,40,2.5,5006.0602760445245
SP500,40,2.75,4586.7254155987575
SP500,40,3.0,4717.286242713543
SP500,40,3.25,4762.58051998429
SP500,40,3.5,5318.570024488836
SP500,40,3.75,6228.562035988104
SP500,40,4.0,5653.221506334497
SP500,40,4.25,5904.799329487368
SP500,40,4.5,5518.587723541231
SP500,40,4.75,5352.042906015409
SP500,40,5.0,4380.190109847609
SP500,41,0.0,5000.0
SP500,41,0.25,5240.886783040848
SP500,41,0.5,5816.717058108506
SP500,41,0.75,5352.890471295538
SP500,41,1.0,5672.901015127002
SP500,41,1.25,5615.6293631790495
SP500,41,1.5,6708.714735917793
SP500,41,1.75,6753.690294813703
SP500,41,2.0,6624.478361310102
SP500,41,2.25,6751.702978293324
SP500,41,2.5,6398.179739268798
SP500,41,2.75,6378.1872054565765
SP500,41,3.0,6464.84333041659
SP500,41,3.25,6385.793433015177
SP500,41,3.5,6327.754321162015
SP500,41,3.75,6618.556895113634
SP500,41,4.0,7104.933775365545
SP500,41,4.25,7085.489963920435
SP500,41,4.5,6460.005354583587
SP500,41,4.75,5933.585894952358
SP500,41,5.0,5707.487622999117
SP500,42,0.0,5000.0
SP500,42,0.25,4101.547717642473
SP500,42,0.5,3642.5869290851806
SP500,42,0.75,3677.3194486836123
SP500,42,1.0,3571.0718467290144
SP500,42,1.25,3455.516582383875
SP500,42,1.5,3550.800815636742
SP500,42,1.75,3697.601018011171
SP500,42,2.0,3613.052123211119
SP500,42,2.25,3324.459896321141
SP500,42,2.5,3282.729546372804
SP500,42,2.75,3504.7549969846414
SP500,42,3.0,3196.4491151624284
SP500,42,3.25,3153.444343321747
SP500,42,3.5,3043.0861706036617
SP500,42,3.75,3300.031694179015
SP500,42,4.0,3262.9467597207404
SP500,42,4.25,3245.823516550531
SP500,42,4.5,3407.6970821678387
SP500,42,4.75,3476.1565937791765
SP500,42,5.0,3554.60262256685
SP500,43,0.0,5000.0
SP500,43,0.25,4898.927096222677
SP500,43,0.5,4709.618353671569
SP500,43,0.75,4755.54450951728
SP500,43,1.0,4961.24419200721
SP500,43,1.25,4577.453306669872
SP500,43,1.5,4056.0597416244527
SP500,43,1.75,4868.510105424746
SP500,43,2.0,5220.17249066016
SP500,43,2.25,5439.335311942204
SP500,43,2.5,5530.713698480499
SP500,43,2.75,6049.092135081767
SP500,43,3.0,6599.314659307822
SP500,43,3.25,6477.0689495446595
SP500,43,3.5,6665.434189819009
SP500,43,3.75,7257.76231999989
SP500,43,4.0,8221.989907378937
SP500,43,4.25,9529.127668625284
SP500,43,4.5,8651.587880593379
SP500,43,4.75,9634.820378830476
SP500,43,5.0,9547.319990837275
SP500,44,0.0,5000.0
SP500,44,0.25,5078.655597847852
SP500,44,0.5,5918.163858407264
SP500,44,0.75,5980.835841012594
SP500,44,1.0,6049.495279183582
SP500,44,1.25,5798.086338245467
SP500,44,1.5,5976.946214373178
SP500,44,1.75,5671.076857105354
SP500,44,2.0,6033.899271867336
SP500,44,2.25,5113.451259440538
SP500,44,2.5,5327.200592614243
SP500,44,2.75,5335.961996156906
SP500,44,3.0,6093.438617848629
SP500,44,3.25,6555.181844102868
SP500,44,3.5,6508.631565476821
SP500,44,3.75,6615.206696933395
SP500,44,4.0,7907.113857757388
SP500,44,4.25,9479.673039250563
SP500,44,4.5,9169.61608263663
SP500,44,4.75,9341.394544782459
SP500,44,5.0,8976.676872737746
SP500,45,0.0,5000.0
SP500,45,0.25,6133.141754603394
SP500,45,0.5,6605.247092170269
SP500,45,0.75,6533.3498819340075
SP500,45,1.0,6343.508416944663
SP500,45,1.25,5880.512078423006
SP500,45,1.5,5559.406111178396
SP500,45,1.75,6688.717916424871
SP500,45,2.0,6983.798802694002
SP500,45,2.25,7000.826262172571
SP500,45,2.5,7940.521478104156
SP500,45,2.75,9429.816363532482
SP500,45,3.0,8301.698021409047
SP500,45,3.25,8187.736077760105
SP500,45,3.5,8646.712714892677
SP500,45,3.75,10317.780609737754
SP500,45,4.0,10718.376844361117
SP500,45,4.25,9353.622396518122
SP500,45,4.5,9710.66352519458
SP500,45,4.75,8108.592024557963
SP500,45,5.0,8686.363805095783
SP500,46,0.0,5000.0
SP500,46,0.25,5312.984621793831
SP500,46,0.5,5525.098507755213
SP500,46,0.75,6011.269388442924
SP500,46,1.0,5504.93193534792
SP500,46,1.25,5478.227420866647
SP500,46,1.5,5061.519876198087
SP500,46,1.75,4921.535502366042
SP500,46,2.0,4813.127484516751
SP500,46,2.25,4859.467043066411
SP500,46,2.5,5004.957144301817
SP500,46,2.75,5329.348188080205
SP500,46,3.0,6046.3592286159255
SP500,46,3.25,6164.86921537294
SP500,46,3.5,5747.116101793359
SP500,46,3.75,6673.766326625568
SP500,46,4.0,6400.409681883046
SP500,46,4.25,5974.127126701418
SP500,46,4.5,6808.665327830482
SP500,46,4.75,7328.20210664699
SP500,46,5.0,6581.839613857134
SP500,47,0.0,5000.0
SP500,47,0.25,5393.556331187892
SP500,47,0.5,5998.898179182181
SP500,47,0.75,6341.277969038778
SP500,47,1.0,6635.943576569085
SP500,47,1.25,7018.388101224002
SP500,47,1.5,5929.733757217605
SP500,47,1.75,5201.682815548415
SP500,47,2.0,4880.822546089527
SP500,47,2.25,5264.028339187722
SP500,47,2.5,4925.29890241864
SP500,47,2.75,4637.559608798175
SP500,47,3.0,3628.57965073614
SP500,47,3.25,3776.7868743313893
SP500,47,3.5,3730.5264897266748
SP500,47,3.75,3800.687874676953
SP500,47,4.0,4191.976962835608
SP500,47,4.25,4126.577012140301
SP500,47,4.5,3728.6880725367378
SP500,47,4.75,3496.0017581878274
SP500,47,5.0,3432.2843587435364
SP500,48,0.0,5000.0
SP500,48,0.25,5065.6423140002435
SP500,48,0.5,4111.216044675572
SP500,48,0.75,3781.81940093983
SP500,48,1.0,3740.102683875545
SP500,48,1.25,3800.733705158559
SP500,48,1.5,4109.749911961212
SP500,48,1.75,3804.635751089659
SP500,48,2.0,3963.52659679218
SP500,48,2.25,3568.88286239138
SP500,48,2.5,3714.144095042762
SP500,48,2.75,4217.695216742618
SP500,48,3.0,4262.9462214448795
SP500,48,3.25,3991.2108622640435
SP500,48,3.5,3733.355081295441
SP500,48,3.75,4429.275001854868
SP500,48,4.0,4621.894885171917
SP500,48,4.25,5839.925441067032
SP500,48,4.5,5148.152456526054
SP500,48,4.75,4573.433094604613
SP500,48,5.0,4304.947951160349
SP500,49,0.0,5000.0
SP500,49,0.25,4850.816044441961
SP500,49,0.5,5261.95139393005
SP500,49,0.75,5027.4645627251775
SP500,49,1.0,5518.336978985665
SP500,49,1.25,5665.426707188719
SP500,49,1.5,5518.787735607356
SP500,49,1.75,5415.825827319305
SP500,49,2.0,5421.660244174761
SP500,49,2.25,5251.024797889856
SP500,49,2.5,5807.4719200838435
SP500,49,2.75,6438.8961200580325
SP500,49,3.0,6033.92827879425
SP500,49,3.25,5564.2581927959645
SP500,49,3.5,6463.200378482242
SP500,49,3.75,6303.737435196616
SP500,49,4.0,6147.932770318945
SP500,49,4.25,5894.853195518401
SP500,49,4.5,5356.042678530217
SP500,49,4.75,5071.636976976645
SP500,49,5.0,4904.800578068588
NASDAQ100,0,0.0,18000.0
NASDAQ100,0,0.25,17426.92510386417
NASDAQ100,0,0.5,16183.501274320724
NASDAQ100,0,0.75,16073.347275290858
NASDAQ100,0,1.0,18202.745977018807
NASDAQ100,0,1.25,17853.86084759187
NASDAQ100,0,1.5,18492.56722539793
NASDAQ100,0,1.75,18758.772588321008
NASDAQ100,0,2.0,22584.836369545003
NASDAQ100,0,2.25,22220.90032660917
NASDAQ100,0,2.5,19546.506451868587
NASDAQ100,0,2.75,19294.059288130866
NASDAQ100,0,3.0,20908.185015300118
NASDAQ100,0,3.25,21321.675695089732
NASDAQ100,0,3.5,20425.69210193025
NASDAQ100,0,3.75,21721.11506610849
NASDAQ100,0,4.0,21762.897427140735
NASDAQ100,0,4.25,22391.339081479997
NASDAQ100,0,4.5,19866.670489106586
NASDAQ100,0,4.75,21113.062596735705
NASDAQ100,0,5.0,22456.234911727963
NASDAQ100,1,0.0,18000.0
NASDAQ100,1,0.25,16547.876684115694
NASDAQ100,1,0.5,16894.707853223234
NASDAQ100,1,0.75,18295.18002081733
NASDAQ100,1,1.0,16163.152036490217
NASDAQ100,1,1.25,15562.418182795613
NASDAQ100,1,1.5,16904.304592285545
NASDAQ100,1,1.75,15641.049673377429
NASDAQ100,1,2.0,13845.831895354368
NASDAQ100,1,2.25,12430.016369511626
NASDAQ100,1,2.5,13927.377865753719
NASDAQ100,1,2.75,14503.706929469592
NASDAQ100,1,3.0,16416.168053581576
NASDAQ100,1,3.25,14881.903476182206
NASDAQ100,1,3.5,13016.820004342886
NASDAQ100,1,3.75,16054.511756906164
NASDAQ100,1,4.0,12621.103227989237
NASDAQ100,1,4.25,11779.795481545629
NASDAQ100,1,4.5,11650.445907180643
NASDAQ100,1,4.75,11371.013668930465
NASDAQ100,1,5.0,11848.662666594772
NASDAQ100,2,0.0,18000.0
NASDAQ100,2,0.25,20044.76019089265
NASDAQ100,2,0.5,19739.166266050826
NASDAQ100,2,0.75,18812.074250892347
NASDAQ100,2,1.0,15597.399160210793
NASDAQ100,2,1.25,15398.328309247214
NASDAQ100,2,1.5,15032.753162997862
NASDAQ100,2,1.75,17257.58865328036
NASDAQ100,2,2.0,22819.34768691459
NASDAQ100,2,2.25,23862.094174028163
NASDAQ100,2,2.5,22950.703419756184
NASDAQ100,2,2.75,25865.609124223654
NASDAQ100,2,3.0,24828.955129815495
NASDAQ100,2,3.25,26043.091045918263
NASDAQ100,2,3.5,24379.382958841397
NASDAQ100,2,3.75,26684.43956917127
NASDAQ100,2,4.0,27615.893387463508
NASDAQ100,2,4.25,33723.57215733556
NASDAQ100,2,4.5,29871.9822421863
NASDAQ100,2,4.75,31101.445825958122
NASDAQ100,2,5.0,29056.272867975167
NASDAQ100,3,0.0,18000.0
NASDAQ100,3,0.25,15893.228953023354
NASDAQ100,3,0.5,12903.002344895369
NASDAQ100,3,0.75,11088.997313128903
NASDAQ100,3,1.0,9925.34292043553
NASDAQ100,3,1.25,9564.093520855968
NASDAQ100,3,1.5,9616.059898093648
NASDAQ100,3,1.75,10577.056122828777
NASDAQ100,3,2.0,10091.996592037845
NASDAQ100,3,2.25,13515.101602669165
NASDAQ100,3,2.5,13631.71695980386
NASDAQ100,3,2.75,12613.543298311224
NASDAQ100,3,3.0,12563.07560229146
NASDAQ100,3,3.25,12284.949823312561
NASDAQ100,3,3.5,9638.024948564016
NASDAQ100,3,3.75,8222.630434940711
NASDAQ100,3,4.0,7598.916772822537
NASDAQ100,3,4.25,6841.570383813573
NASDAQ100,3,4.5,8567.406764579036
NASDAQ100,3,4.75,9292.75685407673
NASDAQ100,3,5.0,9484.3057383184
NASDAQ100,4,0.0,18000.0
NASDAQ100,4,0.25,19160.053988933996
NASDAQ100,4,0.5,17824.403986979763
NASDAQ100,4,0.75,19406.64494894526
NASDAQ100,4,1.0,18086.16749487432
NASDAQ100,4,1.25,20351.78720244859
NASDAQ100,4,1.5,21510.15817691638
NASDAQ100,4,1.75,17045.364717787368
NASDAQ100,4,2.0,20092.373524512845
NASDAQ100,4,2.25,23297.52009265621
NASDAQ100,4,2.5,22244.90581018668
NASDAQ100,4,2.75,24672.342389496524
NASDAQ100,4,3.0,26365.083210560035
NASDAQ100,4,3.25,28156.174948359272
NASDAQ100,4,3.5,31066.819056759556
NASDAQ100,4,3.75,29705.129970279428
NASDAQ100,4,4.0,29384.255041725213
NASDAQ100,4,4.25,28936.79745888988
NASDAQ100,4,4.5,21677.89924698862
NASDAQ100,4,4.75,23774.852966839593
NASDAQ100,4,5.0,24919.803855676473
NASDAQ100,5,0.0,18000.0
NASDAQ100,5,0.25,19483.69817522069
NASDAQ100,5,0.5,18813.621214744526
NASDAQ100,5,0.75,15553.741836964022
NASDAQ100,5,1.0,16297.008530964818
NASDAQ100,5,1.25,17822.644627165697
NASDAQ100,5,1.5,15918.801528543772
NASDAQ100,5,1.75,16550.263392474088
NASDAQ100,5,2.0,16067.257161543876
NASDAQ100,5,2.25,14776.748459439219
NASDAQ100,5,2.5,12950.51896247425
NASDAQ100,5,2.75,13644.914380149517
NASDAQ100,5,3.0,13080.68416335775
NASDAQ100,5,3.25,13167.753045618803
NASDAQ100,5,3.5,15337.089733243627
NASDAQ100,5,3.75,14519.019366757691
NASDAQ100,5,4.0,12078.543241949028
NASDAQ100,5,4.25,11566.4680419013
NASDAQ100,5,4.5,10846.13439748071
NASDAQ100,5,4.75,11585.743052349364
NASDAQ100,5,5.0,10454.75816863912
NASDAQ100,6,0.0,18000.0
NASDAQ100,6,0.25,20352.9713605577
NASDAQ100,6,0.5,19006.860223051357
NASDAQ100,6,0.75,21952.013603069245
NASDAQ100,6,1.0,22346.02440645394
NASDAQ100,6,1.25,19185.08013501326
NASDAQ100,6,1.5,19242.668029981345
NASDAQ100,6,1.75,22665.207823987737
NASDAQ100,6,2.0,21049.96605615931
NASDAQ100,6,2.25,22012.42570997626
NASDAQ100,6,2.5,21964.12351662183
NASDAQ100,6,2.75,22698.416263344297
NASDAQ100,6,3.0,23882.59319061019
NASDAQ100,6,3.25,26338.692136590562
NASDAQ100,6,3.5,24499.87315734921
NASDAQ100,6,3.75,22722.376047066817
NASDAQ100,6,4.0,21995.174818476244
NASDAQ100,6,4.25,22015.53574430541
NASDAQ100,6,4.5,23634.650123997875
NASDAQ100,6,4.75,27593.297090807704
NASDAQ100,6,5.0,23328.37888360752
NASDAQ100,7,0.0,18000.0
NASDAQ100,7,0.25,18609.209955189654
NASDAQ100,7,0.5,19371.13274744693
NASDAQ100,7,0.75,17638.345694419357
NASDAQ100,7,1.0,16613.22693597411
NASDAQ100,7,1.25,17849.215767539088
NASDAQ100,7,1.5,16392.39850542213
NASDAQ100,7,1.75,17585.032983014404
NASDAQ100,7,2.0,18331.356694800914
NASDAQ100,7,2.25,14322.23024853522
NASDAQ100,7,2.5,15727.743107700175
NASDAQ100,7,2.75,16409.48305290314
NASDAQ100,7,3.0,18313.072586893588
NASDAQ100,7,3.25,18113.161828771215
NASDAQ100,7,3.5,17980.438688146045
NASDAQ100,7,3.75,17354.488097680318
NASDAQ100,7,4.0,17807.22044509792
NASDAQ100,7,4.25,16430.902055028608
NASDAQ100,7,4.5,15328.629078194983
NASDAQ100,7,4.75,12821.497364664616
NASDAQ100,7,5.0,12206.79488026665
NASDAQ100,8,0.0,18000.0
NASDAQ100,8,0.25,22528.01113646444
NASDAQ100,8,0.5,23354.900389598643
NASDAQ100,8,0.75,25799.379645541863
NASDAQ100,8,1.0,24136.93078122526
NASDAQ100,8,1.25,27051.58163836686
NASDAQ100,8,1.5,25779.535099878627
NASDAQ100,8,1.75,19913.550379824654
NASDAQ100,8,2.0,17161.11646768379
NASDAQ100,8,2.25,16466.191085475806
NASDAQ100,8,2.5,17025.507217537484
NASDAQ100,8,2.75,19466.78602405673
NASDAQ100,8,3.0,19959.59144911299
NASDAQ100,8,3.25,19843.81825099358
NASDAQ100,8,3.5,15385.281278475879
NASDAQ100,8,3.75,13669.23536569468
NASDAQ100,8,4.0,12256.269815147134
NASDAQ100,8,4.25,10469.253368260363
NASDAQ100,8,4.5,11070.913888682146
NASDAQ100,8,4.75,11027.481929944597
NASDAQ100,8,5.0,11560.336119481006
NASDAQ100,9,0.0,18000.0
NASDAQ100,9,0.25,16763.631117295787
NASDAQ100,9,0.5,19502.647395798638
NASDAQ100,9,0.75,18612.655624436484
NASDAQ100,9,1.0,18557.850346119507
NASDAQ100,9,1.25,17456.943742151936
NASDAQ100,9,1.5,17673.41151184173
NASDAQ100,9,1.75,21751.421113538934
NASDAQ100,9,2.0,20354.440627146272
NASDAQ100,9,2.25,27739.744515902967
NASDAQ100,9,2.5,31466.37837699117
NASDAQ100,9,2.75,34441.264205786894
NASDAQ100,9,3.0,29845.521889084313
NASDAQ100,9,3.25,39416.35985169597
NASDAQ100,9,3.5,43886.06862835158
NASDAQ100,9,3.75,46058.754433516595
NASDAQ100,9,4.0,52077.9836808182
NASDAQ100,9,4.25,53219.64695983504
NASDAQ100,9,4.5,50312.076067799695
NASDAQ100,9,4.75,45236.48349175514
NASDAQ100,9,5.0,52487.5672994115
NASDAQ100,10,0.0,18000.0
NASDAQ100,10,0.25,17074.15302825788
NASDAQ100,10,0.5,18243.976408862414
NASDAQ100,10,0.75,18399.35344152294
NASDAQ100,10,1.0,16841.70234091437
NASDAQ100,10,1.25,17629.08237559405
NASDAQ100,10,1.5,18330.832469100766
NASDAQ100,10,1.75,18796.208482050235
NASDAQ100,10,2.0,15301.150069872154
NASDAQ100,10,2.25,14210.586874925266
NASDAQ100,10,2.5,18283.127218466045
NASDAQ100,10,2.75,20355.75539171016
NASDAQ100,10,3.0,26414.03866290999
NASDAQ100,10,3.25,28093.24024161515
NASDAQ100,10,3.5,28451.12832232376
NASDAQ100,10,3.75,25520.834689870295
NASDAQ100,10,4.0,22864.86949511751
NASDAQ100,10,4.25,22365.04935330384
NASDAQ100,10,4.5,22860.838352843162
NASDAQ100,10,4.75,19832.98293083417
NASDAQ100,10,5.0,19327.32251104649
NASDAQ100,11,0.0,18000.0
NASDAQ100,11,0.25,17921.617416480778
NASDAQ100,11,0.5,20364.930784996435
NASDAQ100,11,0.75,17137.37735305945
NASDAQ100,11,1.0,16821.55772242775
NASDAQ100,11,1.25,16294.094853765599
NASDAQ100,11,1.5,16121.460683329251
NASDAQ100,11,1.75,18843.80866834301
NASDAQ100,11,2.0,16271.068697543373
NASDAQ100,11,2.25,16469.11872477852
NASDAQ100,11,2.5,18664.183564526793
NASDAQ100,11,2.75,17611.769856984043
NASDAQ100,11,3.0,20330.92505727814
NASDAQ100,11,3.25,20517.485828204644
NASDAQ100,11,3.5,23697.263088634554
NASDAQ100,11,3.75,25548.921769963817
NASDAQ100,11,4.0,28390.310027389216
NASDAQ100,11,4.25,28167.88190472479
NASDAQ100,11,4.5,18368.858420545832
NASDAQ100,11,4.75,15791.281257986713
NASDAQ100,11,5.0,19097.127743764162
NASDAQ100,12,0.0,18000.0
NASDAQ100,12,0.25,16640.434186232764
NASDAQ100,12,0.5,14666.19109119268
NASDAQ100,12,0.75,14305.61465370086
NASDAQ100,12,1.0,14010.77960728331
NASDAQ100,12,1.25,12116.832129239207
NASDAQ100,12,1.5,10867.49481556111
NASDAQ100,12,1.75,10339.326179844606
NASDAQ100,12,2.0,10673.743668024803
NASDAQ100,12,2.25,11602.232602798325
NASDAQ100,12,2.5,11796.741337562897
NASDAQ100,12,2.75,10855.128475579828
NASDAQ100,12,3.0,11778.04480770084
NASDAQ100,12,3.25,11061.440551305714
NASDAQ100,12,3.5,9047.328927247387
NASDAQ100,12,3.75,8658.26551715946
NASDAQ100,12,4.0,9148.228026738829
NASDAQ100,12,4.25,7779.868294277542
NASDAQ100,12,4.5,9237.952629774281
NASDAQ100,12,4.75,9299.644749624884
NASDAQ100,12,5.0,9312.464023063214
NASDAQ100,13,0.0,18000.0
NASDAQ100,13,0.25,20754.891971837595
NASDAQ100,13,0.5,18760.21273594127
NASDAQ100,13,0.75,17932.48502960751
NASDAQ100,13,1.0,19745.583050980073
NASDAQ100,13,1.25,20527.60078246455
NASDAQ100,13,1.5,22373.9168506847
NASDAQ100,13,1.75,20713.845723313385
NASDAQ100,13,2.0,19931.274518566446
NASDAQ100,13,2.25,16420.050151077907
NASDAQ100,13,2.5,19512.502581417724
NASDAQ100,13,2.75,19872.74466820701
NASDAQ100,13,3.0,17374.766268520067
NASDAQ100,13,3.25,16179.263969275875
NASDAQ100,13,3.5,15557.976076651934
NASDAQ100,13,3.75,17146.87120180139
NASDAQ100,13,4.0,18694.61146671642
NASDAQ100,13,4.25,18264.83270861619
NASDAQ100,13,4.5,21567.955399618135
NASDAQ100,13,4.75,21685.41460202171
NASDAQ100,13,5.0,21390.708493670892
NASDAQ100,14,0.0,18000.0
NASDAQ100,14,0.25,16989.192348176188
NASDAQ100,14,0.5,18977.822369119065
NASDAQ100,14,0.75,15041.22949190336
NASDAQ100,14,1.0,16780.736306136376
NASDAQ100,14,1.25,16709.624320734645
NASDAQ100,14,1.5,11725.566935208324
NASDAQ100,14,1.75,12869.614027635182
NASDAQ100,14,2.0,14061.138777049373
NASDAQ100,14,2.25,14133.356559032603
NASDAQ100,14,2.5,13382.023345806087
NASDAQ100,14,2.75,12955.880195961552
NASDAQ100,14,3.0,14607.640111257882
NASDAQ100,14,3.25,13092.98135840246
NASDAQ100,14,3.5,11994.759514074762
NASDAQ100,14,3.75,12560.364988989973
NASDAQ100,14,4.0,12868.362597657288
NASDAQ100,14,4.25,11198.89091893132
NASDAQ100,14,4.5,12255.28141717542
NASDAQ100,14,4.75,15015.494345134473
NASDAQ100,14,5.0,15690.249980546616
NASDAQ100,15,0.0,18000.0
NASDAQ100,15,0.25,18122.97412897294
NASDAQ100,15,0.5,16392.36797365522
NASDAQ100,15,0.75,17447.319228001357
NASDAQ100,15,1.0,13626.463988220854
NASDAQ100,15,1.25,10617.620185382848
NASDAQ100,15,1.5,12148.988274143183
NASDAQ100,15,1.75,13490.0605708644
NASDAQ100,15,2.0,13463.488966764486
NASDAQ100,15,2.25,14052.99492633318
NASDAQ100,15,2.5,15358.304013767018
NASDAQ100,15,2.75,15738.392664828294
NASDAQ100,15,3.0,15183.207007388486
NASDAQ100,15,3.25,14388.241413324062
NASDAQ100,15,3.5,14128.174378725587
NASDAQ100,15,3.75,15845.522193666773
NASDAQ100,15,4.0,16755.321232582286
NASDAQ100,15,4.25,15662.20659581254
NASDAQ100,15,4.5,18289.74485654507
NASDAQ100,15,4.75,18141.023565582294
NASDAQ100,15,5.0,21443.627461052587
NASDAQ100,16,0.0,18000.0
NASDAQ100,16,0.25,12867.101797818877
NASDAQ100,16,0.5,11952.500440270449
NASDAQ100,16,0.75,12696.02515014684
NASDAQ100,16,1.0,10972.053853328145
NASDAQ100,16,1.25,9759.682829178675
NASDAQ100,16,1.5,8611.175543895499
NASDAQ100,16,1.75,6563.842143546256
NASDAQ100,16,2.0,6040.573964409419
NASDAQ100,16,2.25,6532.461269870319
NASDAQ100,16,2.5,6037.411605444132
NASDAQ100,16,2.75,5785.610871276114
NASDAQ100,16,3.0,6355.006333984549
NASDAQ100,16,3.25,5879.906982562131
NASDAQ100,16,3.5,6117.274460363094
NASDAQ100,16,3.75,7812.78410011048
NASDAQ100,16,4.0,8424.211866607553
NASDAQ100,16,4.25,10524.947664342424
NASDAQ100,16,4.5,10112.283611437873
NASDAQ100,16,4.75,12121.993949157466
NASDAQ100,16,5.0,11305.212588494043
NASDAQ100,17,0.0,18000.0
NASDAQ100,17,0.25,17198.58508227408
NASDAQ100,17,0.5,16421.561592732683
NASDAQ100,17,0.75,15694.597926876892
NASDAQ100,17,1.0,13704.334173454557
NASDAQ100,17,1.25,14146.874552116888
NASDAQ100,17,1.5,10817.582846965503
NASDAQ100,17,1.75,12219.824128798233
NASDAQ100,17,2.0,10769.072684114497
NASDAQ100,17,2.25,9833.124613287193
NASDAQ100,17,2.5,10040.004085559547
NASDAQ100,17,2.75,9521.327075626961
NASDAQ100,17,3.0,10361.972746024174
NASDAQ100,17,3.25,10499.88482435593
NASDAQ100,17,3.5,13100.483444072097
NASDAQ100,17,3.75,14868.419395599336
NASDAQ100,17,4.0,15108.2500741694
NASDAQ100,17,4.25,14885.893586663185
NASDAQ100,17,4.5,15428.795036414745
NASDAQ100,17,4.75,13897.994871075396
NASDAQ100,17,5.0,10025.070341447641
NASDAQ100,18,0.0,18000.0
NASDAQ100,18,0.25,16902.38732616994
NASDAQ100,18,0.5,20538.374894447177
NASDAQ100,18,0.75,19174.90751264775
NASDAQ100,18,1.0,20674.0446599353
NASDAQ100,18,1.25,23115.62063041694
NASDAQ100,18,1.5,20317.271175002927
NASDAQ100,18,1.75,18433.910287754232
NASDAQ100,18,2.0,16412.67614927258
NASDAQ100,18,2.25,13485.330516382457
NASDAQ100,18,2.5,11390.79906215183
NASDAQ100,18,2.75,12022.5963181077
NASDAQ100,18,3.0,11946.85271947973
NASDAQ100,18,3.25,11607.75107649077
NASDAQ100,18,3.5,10485.320492963858
NASDAQ100,18,3.75,10049.028765742534
NASDAQ100,18,4.0,10615.863980835255
NASDAQ100,18,4.25,9528.364245651515
NASDAQ100,18,4.5,9483.96733464276
NASDAQ100,18,4.75,7086.311387072305
NASDAQ100,18,5.0,7808.636264862497
NASDAQ100,19,0.0,18000.0
NASDAQ100,19,0.25,14351.911796801523
NASDAQ100,19,0.5,17175.294067467155
NASDAQ100,19,0.75,19237.165440477806
NASDAQ100,19,1.0,19947.865760913875
NASDAQ100,19,1.25,16076.403693721273
NASDAQ100,19,1.5,17559.673829004918
NASDAQ100,19,1.75,14893.277558563172
NASDAQ100,19,2.0,13659.493038518882
NASDAQ100,19,2.25,12094.136376146498
NASDAQ100,19,2.5,13783.998519631139
NASDAQ100,19,2.75,13191.601359050652
NASDAQ100,19,3.0,11618.67073391086
NASDAQ100,19,3.25,10121.798753412713
NASDAQ100,19,3.5,9056.767036655798
NASDAQ100,19,3.75,8383.07393080119
NASDAQ100,19,4.0,8505.227186226268
NASDAQ100,19,4.25,6300.484927618131
NASDAQ100,19,4.5,5554.996431730147
NASDAQ100,19,4.75,5388.436061773506
NASDAQ100,19,5.0,6138.834372285563
NASDAQ100,20,0.0,18000.0
NASDAQ100,20,0.25,21694.109356307657
NASDAQ100,20,0.5,25271.992007578512
NASDAQ100,20,0.75,25085.674429115177
NASDAQ100,20,1.0,24049.843032624656
NASDAQ100,20,1.25,20625.38391411197
NASDAQ100,20,1.5,21838.12528697682
NASDAQ100,20,1.75,20248.41573359608
NASDAQ100,20,2.0,20237.13708344861
NASDAQ100,20,2.25,20681.720217779664
NASDAQ100,20,2.5,22935.75424847791
NASDAQ100,20,2.75,20393.848927671326
NASDAQ100,20,3.0,20615.4590633869
NASDAQ100,20,3.25,18750.345943909422
NASDAQ100,20,3.5,17700.997587559978
NASDAQ100,20,3.75,16092.584034255939
NASDAQ100,20,4.0,14206.743858127273
NASDAQ100,20,4.25,13497.524919251326
NASDAQ100,20,4.5,12675.151576760012
NASDAQ100,20,4.75,12963.878103705001
NASDAQ100,20,5.0,12575.300099326929
NASDAQ100,21,0.0,18000.0
NASDAQ100,21,0.25,16205.537137413821
NASDAQ100,21,0.5,16523.192431190964
NASDAQ100,21,0.75,17068.651329381915
NASDAQ100,21,1.0,15128.348369351588
NASDAQ100,21,1.25,16220.28960413817
NASDAQ100,21,1.5,15882.689652458557
NASDAQ100,21,1.75,17828.45918054689
NASDAQ100,21,2.0,16616.182587938205
NASDAQ100,21,2.25,15163.172296613597
NASDAQ100,21,2.5,15268.367085761713
NASDAQ100,21,2.75,12815.160403685319
NASDAQ100,21,3.0,11921.059966241417
NASDAQ100,21,3.25,11893.620906071608
NASDAQ100,21,3.5,10224.201938288476
NASDAQ100,21,3.75,9641.052548922238
NASDAQ100,21,4.0,11327.766484176842
NASDAQ100,21,4.25,10108.980595379378
NASDAQ100,21,4.5,10334.602698116352
NASDAQ100,21,4.75,10759.175699752677
NASDAQ100,21,5.0,11774.642722565288
NASDAQ100,22,0.0,18000.0
NASDAQ100,22,0.25,16368.12437876314
NASDAQ100,22,0.5,14972.77660966373
NASDAQ100,22,0.75,18384.246234722268
NASDAQ100,22,1.0,23195.009221907585
NASDAQ100,22,1.25,21982.51870015229
NASDAQ100,22,1.5,18292.52224121399
NASDAQ100,22,1.75,21656.034274772384
NASDAQ100,22,2.0,20745.692712862605
NASDAQ100,22,2.25,17613.947688098164
NASDAQ100,22,2.5,16751.362490976837
NASDAQ100,22,2.75,16977.85895822877
NASDAQ100,22,3.0,14993.066494795412
NASDAQ100,22,3.25,14055.56958224247
NASDAQ100,22,3.5,14172.978553532637
NASDAQ100,22,3.75,15729.073395340456
NASDAQ100,22,4.0,18754.52220971469
NASDAQ100,22,4.25,21257.8408948035
NASDAQ100,22,4.5,22180.479839623575
NASDAQ100,22,4.75,24136.715200248083
NASDAQ100,22,5.0,26125.87366024303
NASDAQ100,23,0.0,18000.0
NASDAQ100,23,0.25,19358.275913923037
NASDAQ100,23,0.5,16672.039908248815
NASDAQ100,23,0.75,16843.635732589322
NASDAQ100,23,1.0,18450.15725914075
NASDAQ100,23,1.25,20677.12992863642
NASDAQ100,23,1.5,20781.433088541045
NASDAQ100,23,1.75,20653.863591163168
NASDAQ100,23,2.0,22523.77489935774
NASDAQ100,23,2.25,19023.369136261204
NASDAQ100,23,2.5,24238.007320001496
NASDAQ100,23,2.75,26125.54401843649
NASDAQ100,23,3.0,25289.741090879215
NASDAQ100,23,3.25,28920.261802836118
NASDAQ100,23,3.5,23987.478744949516
NASDAQ100,23,3.75,24387.104851574255
NASDAQ100,23,4.0,27807.654031766968
NASDAQ100,23,4.25,25021.751610237407
NASDAQ100,23,4.5,24515.992771379963
NASDAQ100,23,4.75,20839.63073867869
NASDAQ100,23,5.0,22228.589273187055
NASDAQ100,24,0.0,18000.0
NASDAQ100,24,0.25,17254.081074393216
NASDAQ100,24,0.5,15006.430217303
NASDAQ100,24,0.75,13922.70956085545
NASDAQ100,24,1.0,14176.554805317688
NASDAQ100,24,1.25,12272.523625461108
NASDAQ100,24,1.5,11467.657264360674
NASDAQ100,24,1.75,9389.288434054246
NASDAQ100,24,2.0,11186.066950940716
NASDAQ100,24,2.25,10949.554695684947
NASDAQ100,24,2.5,9573.655807785084
NASDAQ100,24,2.75,8864.183136214786
NASDAQ100,24,3.0,9437.493365929948
NASDAQ100,24,3.25,9917.799272974344
NASDAQ100,24,3.5,10290.221944235092
NASDAQ100,24,3.75,11962.396048639923
NASDAQ100,24,4.0,11375.60727035446
NASDAQ100,24,4.25,11324.144594639209
NASDAQ100,24,4.5,10470.533088216716
NASDAQ100,24,4.75,11318.358918358235
NASDAQ100,24,5.0,10730.70002244315
NASDAQ100,25,0.0,18000.0
NASDAQ100,25,0.25,17706.16563366118
NASDAQ100,25,0.5,19588.966279985136
NASDAQ100,25,0.75,18535.55393165895
NASDAQ100,25,1.0,20651.58976103968
NASDAQ100,25,1.25,20446.46522419562
NASDAQ100,25,1.5,19369.003442600253
NASDAQ100,25,1.75,18176.98445420823
NASDAQ100,25,2.0,19164.3228954882
NASDAQ100,25,2.25,18562.362399148446
NASDAQ100,25,2.5,18839.73141378744
NASDAQ100,25,2.75,22624.880757136794
NASDAQ100,25,3.0,22245.362001695354
NASDAQ100,25,3.25,21414.873251581972
NASDAQ100,25,3.5,27414.620757532357
NASDAQ100,25,3.75,22777.24697044352
NASDAQ100,25,4.0,27185.840992554073
NASDAQ100,25,4.25,28801.05912163117
NASDAQ100,25,4.5,27433.8886725944
NASDAQ100,25,4.75,27533.592912431228
NASDAQ100,25,5.0,23567.85390444264
NASDAQ100,26,0.0,18000.0
NASDAQ100,26,0.25,17031.587908885886
NASDAQ100,26,0.5,17854.948623891512
NASDAQ100,26,0.75,19004.818987854636
NASDAQ100,26,1.0,20467.634299102225
NASDAQ100,26,1.25,16671.071305807465
NASDAQ100,26,1.5,13755.73624194706
NASDAQ100,26,1.75,14692.008589108891
NASDAQ100,26,2.0,15545.449759528332
NASDAQ100,26,2.25,16219.5181007615
NASDAQ100,26,2.5,16639.990613503545
NASDAQ100,26,2.75,15676.445761402709
NASDAQ100,26,3.0,18747.197040957457
NASDAQ100,26,3.25,20549.589606251648
NASDAQ100,26,3.5,20038.961104835584
NASDAQ100,26,3.75,21951.32210967962
NASDAQ100,26,4.0,26076.86012462495
NASDAQ100,26,4.25,23217.809449088276
NASDAQ100,26,4.5,23450.02358125962
NASDAQ100,26,4.75,22025.36439759145
NASDAQ100,26,5.0,21545.591795126013
NASDAQ100,27,0.0,18000.0
NASDAQ100,27,0.25,18449.168149001613
NASDAQ100,27,0.5,24915.99251255655
NASDAQ100,27,0.75,22481.55211063058
NASDAQ100,27,1.0,20926.802246838994
NASDAQ100,27,1.25,22666.046905009574
NASDAQ100,27,1.5,19721.267061132923
NASDAQ100,27,1.75,20021.291949333638
NASDAQ100,27,2.0,21604.7606704252
NASDAQ100,27,2.25,22259.800669535867
NASDAQ100,27,2.5,22015.043215530764
NASDAQ100,27,2.75,21995.479352979648
NASDAQ100,27,3.0,20529.427532619327
NASDAQ100,27,3.25,20880.324046799644
NASDAQ100,27,3.5,22405.733201175877
NASDAQ100,27,3.75,21280.058118088036
NASDAQ100,27,4.0,20156.212043742373
NASDAQ100,27,4.25,21089.554166765713
NASDAQ100,27,4.5,21841.22086833432
NASDAQ100,27,4.75,23670.69280689713
NASDAQ100,27,5.0,22050.547269983796
NASDAQ100,28,0.0,18000.0
NASDAQ100,28,0.25,15044.399733276408
NASDAQ100,28,0.5,12714.497628950023
NASDAQ100,28,0.75,13020.816724058777
NASDAQ100,28,1.0,11500.357238224022
NASDAQ100,28,1.25,12694.386252878949
NASDAQ100,28,1.5,12386.084711459207
NASDAQ100,28,1.75,13732.419901645948
NASDAQ100,28,2.0,13922.18480813412
NASDAQ100,28,2.25,14996.654157396733
NASDAQ100,28,2.5,17036.606184013854
NASDAQ100,28,2.75,18185.53177225857
NASDAQ100,28,3.0,19599.420613988616
NASDAQ100,28,3.25,17607.243122981712
NASDAQ100,28,3.5,18293.02285452256
NASDAQ100,28,3.75,16168.18165063553
NASDAQ100,28,4.0,12440.26770393062
NASDAQ100,28,4.25,13764.018360688073
NASDAQ100,28,4.5,14790.15855215045
NASDAQ100,28,4.75,15262.006909134134
NASDAQ100,28,5.0,18748.629268535275
NASDAQ100,29,0.0,18000.0
NASDAQ100,29,0.25,21606.849053682516
NASDAQ100,29,0.5,19724.991893384893
NASDAQ100,29,0.75,19974.435766934657
NASDAQ100,29,1.0,19142.029238275838
NASDAQ100,29,1.25,21442.99154963481
NASDAQ100,29,1.5,17947.417982905543
NASDAQ100,29,1.75,16302.953175446642
NASDAQ100,29,2.0,17974.241794728136
NASDAQ100,29,2.25,16879.273119429163
NASDAQ100,29,2.5,19005.427325616412
NASDAQ100,29,2.75,16868.836130358442
NASDAQ100,29,3.0,20222.99457800764
NASDAQ100,29,3.25,20294.260198643184
NASDAQ100,29,3.5,22712.354844373596
NASDAQ100,29,3.75,21521.715284475835
NASDAQ100,29,4.0,20715.608892719494
NASDAQ100,29,4.25,17473.041034783386
NASDAQ100,29,4.5,14982.42842041783
NASDAQ100,29,4.75,14755.803112037413
NASDAQ100,29,5.0,13976.20444319159
NASDAQ100,30,0.0,18000.0
NASDAQ100,30,0.25,20032.135025040585
NASDAQ100,30,0.5,18064.379886200157
NASDAQ100,30,0.75,16611.011321289338
NASDAQ100,30,1.0,16246.28059216387
NASDAQ100,30,1.25,16176.70335185847
NASDAQ100,30,1.5,17957.03469126232
NASDAQ100,30,1.75,22765.536892832948
NASDAQ100,30,2.0,23507.581387023438
NASDAQ100,30,2.25,23424.222985972992
NASDAQ100,30,2.5,25880.681364618576
NASDAQ100,30,2.75,25081.976563002823
NASDAQ100,30,3.0,29758.981678000262
NASDAQ100,30,3.25,30238.506730085053
NASDAQ100,30,3.5,27210.77929925584
NASDAQ100,30,3.75,22381.72109622756
NASDAQ100,30,4.0,20167.388223023412
NASDAQ100,30,4.25,18453.24378666502
NASDAQ100,30,4.5,17703.20940360471
NASDAQ100,30,4.75,17307.169742956426
NASDAQ100,30,5.0,19030.627120207104
NASDAQ100,31,0.0,18000.0
NASDAQ100,31,0.25,16703.097489899108
NASDAQ100,31,0.5,16759.22092692288
NASDAQ100,31,0.75,17568.115019034765
NASDAQ100,31,1.0,17802.90745737822
NASDAQ100,31,1.25,14391.79214420142
NASDAQ100,31,1.5,15777.231010585707
NASDAQ100,31,1.75,18831.352304092125
NASDAQ100,31,2.0,17501.180255263043
NASDAQ100,31,2.25,18930.91493185949
NASDAQ100,31,2.5,22288.30701963965
NASDAQ100,31,2.75,25571.016607462032
NASDAQ100,31,3.0,26449.436999056237
NASDAQ100,31,3.25,27345.516350350645
NASDAQ100,31,3.5,27432.989509872088
NASDAQ100,31,3.75,25520.36409430926
NASDAQ100,31,4.0,25747.33451425963
NASDAQ100,31,4.25,24301.720272000257
NASDAQ100,31,4.5,22919.012710021667
NASDAQ100,31,4.75,19990.372876757694
NASDAQ100,31,5.0,24323.132525345183
NASDAQ100,32,0.0,18000.0
NASDAQ100,32,0.25,19851.03663456559
NASDAQ100,32,0.5,18452.792220357856
NASDAQ100,32,0.75,23149.872392432415
NASDAQ100,32,1.0,23002.85730195992
NASDAQ100,32,1.25,23574.259559168797
NASDAQ100,32,1.5,25654.639778222034
NASDAQ100,32,1.75,27836.74256267215
NASDAQ100,32,2.0,27481.218559894434
NASDAQ100,32,2.25,25795.950004397553
NASDAQ100,32,2.5,22692.001286421204
NASDAQ100,32,2.75,25527.976799481934
NASDAQ100,32,3.0,21820.160244866947
NASDAQ100,32,3.25,17229.950539330224
NASDAQ100,32,3.5,14731.273564736384
NASDAQ100,32,3.75,15067.283849827705
NASDAQ100,32,4.0,16089.906258477537
NASDAQ100,32,4.25,17653.62691581408
NASDAQ100,32,4.5,17869.159117350446
NASDAQ100,32,4.75,19414.317339211353
NASDAQ100,32,5.0,20075.49207263218
NASDAQ100,33,0.0,18000.0
NASDAQ100,33,0.25,16570.754647270467
NASDAQ100,33,0.5,18180.584763590618
NASDAQ100,33,0.75,20486.028038186563
NASDAQ100,33,1.0,18919.996252928973
NASDAQ100,33,1.25,17313.676628324887
NASDAQ100,33,1.5,16196.808187646671
NASDAQ100,33,1.75,16003.680331665562
NASDAQ100,33,2.0,15981.85272511433
NASDAQ100,33,2.25,16450.084793254802
NASDAQ100,33,2.5,14826.063184634399
NASDAQ100,33,2.75,15486.006033730398
NASDAQ100,33,3.0,14072.302759746011
NASDAQ100,33,3.25,10830.254624231497
NASDAQ100,33,3.5,11682.121897913928
NASDAQ100,33,3.75,12131.113138183333
NASDAQ100,33,4.0,11695.135499165228
NASDAQ100,33,4.25,11886.065095737411
NASDAQ100,33,4.5,11736.271511500036
NASDAQ100,33,4.75,10628.329169509083
NASDAQ100,33,5.0,11635.745507927675
NASDAQ100,34,0.0,18000.0
NASDAQ100,34,0.25,17622.724492107238
NASDAQ100,34,0.5,16135.377599099025
NASDAQ100,34,0.75,13102.446337590098
NASDAQ100,34,1.0,12393.442344127518
NASDAQ100,34,1.25,14764.221738233342
NASDAQ100,34,1.5,14836.911276925302
NASDAQ100,34,1.75,17432.56116281629
NASDAQ100,34,2.0,19157.30943174449
NASDAQ100,34,2.25,21336.811902384838
NASDAQ100,34,2.5,22981.672386805552
NASDAQ100,34,2.75,19528.587248449476
NASDAQ100,34,3.0,16250.958857320098
NASDAQ100,34,3.25,18381.006926518625
NASDAQ100,34,3.5,17632.383287906083
NASDAQ100,34,3.75,17451.742819580857
NASDAQ100,34,4.0,16877.541931256732
NASDAQ100,34,4.25,16996.23482869052
NASDAQ100,34,4.5,18414.25333347534
NASDAQ100,34,4.75,19323.58170728213
NASDAQ100,34,5.0,19613.840620248335
NASDAQ100,35,0.0,18000.0
NASDAQ100,35,0.25,20854.769759338622
NASDAQ100,35,0.5,24103.662890374315
NASDAQ100,35,0.75,20496.482539744688
NASDAQ100,35,1.0,19724.118609670993
NASDAQ100,35,1.25,22555.75157527114
NASDAQ100,35,1.5,24634.092929290626
NASDAQ100,35,1.75,27780.16729173425
NASDAQ100,35,2.0,32343.498035631364
NASDAQ100,35,2.25,30411.563385497997
NASDAQ100,35,2.5,33494.161641352104
NASDAQ100,35,2.75,38209.2339369002
NASDAQ100,35,3.0,33841.61547944586
NASDAQ100,35,3.25,35838.306949818274
NASDAQ100,35,3.5,33886.176557049264
NASDAQ100,35,3.75,33458.42487849686
NASDAQ100,35,4.0,33853.335395932074
NASDAQ100,35,4.25,32038.963152512362
NASDAQ100,35,4.5,29262.51634261723
NASDAQ100,35,4.75,25521.48558514801
NASDAQ100,35,5.0,23251.1439869739
NASDAQ100,36,0.0,18000.0
NASDAQ100,36,0.25,20415.267073818635
NASDAQ100,36,0.5,21759.100997806774
NASDAQ100,36,0.75,20070.128399406207
NASDAQ100,36,1.0,18149.031971709537
NASDAQ100,36,1.25,16980.449371391092
NASDAQ100,36,1.5,16434.18496638895
NASDAQ100,36,1.75,18014.870120055224
NASDAQ100,36,2.0,18426.19339242967
NASDAQ100,36,2.25,15729.395214621212
NASDAQ100,36,2.5,16651.373955416282
NASDAQ100,36,2.75,15600.864377068367
NASDAQ100,36,3.0,17930.528726856264
NASDAQ100,36,3.25,16788.501652172552
NASDAQ100,36,3.5,17056.79097816721
NASDAQ100,36,3.75,18962.310883275346
NASDAQ100,36,4.0,20628.476504783062
NASDAQ100,36,4.25,23638.508228187267
NASDAQ100,36,4.5,23690.507826430032
NASDAQ100,36,4.75,16584.850628245604
NASDAQ100,36,5.0,16871.40577567978
NASDAQ100,37,0.0,18000.0
NASDAQ100,37,0.25,18646.985497392987
NASDAQ100,37,0.5,18112.5786353985
NASDAQ100,37,0.75,19030.326855841988
NASDAQ100,37,1.0,18353.697096981014
NASDAQ100,37,1.25,17567.185360526386
NASDAQ100,37,1.5,19687.09417848066
NASDAQ100,37,1.75,19567.229026636025
NASDAQ100,37,2.0,22871.277599493602
NASDAQ100,37,2.25,26840.282761724615
NASDAQ100,37,2.5,34908.161546659234
NASDAQ100,37,2.75,41928.279955952734
NASDAQ100,37,3.0,35067.89194603746
NASDAQ100,37,3.25,44340.33422178155
NASDAQ100,37,3.5,48291.713366834534
NASDAQ100,37,3.75,54432.34640173008
NASDAQ100,37,4.0,64105.01855768845
NASDAQ100,37,4.25,67604.16176473255
NASDAQ100,37,4.5,69054.90456689014
NASDAQ100,37,4.75,77730.30161045604
NASDAQ100,37,5.0,72109.95708530316
NASDAQ100,38,0.0,18000.0
NASDAQ100,38,0.25,16502.34907606477
NASDAQ100,38,0.5,16594.722511652053
NASDAQ100,38,0.75,19907.15299962699
NASDAQ100,38,1.0,19409.830888583932
NASDAQ100,38,1.25,17903.242388806728
NASDAQ100,38,1.5,21526.27013669421
NASDAQ100,38,1.75,22067.8721200777
NASDAQ100,38,2.0,21467.887143393767
NASDAQ100,38,2.25,25627.047389930452
NASDAQ100,38,2.5,20345.409344128962
NASDAQ100,38,2.75,19021.037309083473
NASDAQ100,38,3.0,18678.559064364217
NASDAQ100,38,3.25,22087.27466390424
NASDAQ100,38,3.5,23421.09480297194
NASDAQ100,38,3.75,25363.707428515318
NASDAQ100,38,4.0,26096.73236162351
NASDAQ100,38,4.25,27736.978563529847
NASDAQ100,38,4.5,26808.466723182417
NASDAQ100,38,4.75,28638.681875517625
NASDAQ100,38,5.0,26874.51388595471
NASDAQ100,39,0.0,18000.0
NASDAQ100,39,0.25,19169.995011270144
NASDAQ100,39,0.5,19981.97471408313
NASDAQ100,39,0.75,21835.55303992665
NASDAQ100,39,1.0,19971.25110841303
NASDAQ100,39,1.25,22359.39262670056
NASDAQ100,39,1.5,28304.9849398905
NASDAQ100,39,1.75,31200.179109048004
NASDAQ100,39,2.0,31852.480597163765
NASDAQ100,39,2.25,30104.454903560647
NASDAQ100,39,2.5,25822.84829632451
NASDAQ100,39,2.75,28322.693353405197
NASDAQ100,39,3.0,27678.446449664196
NASDAQ100,39,3.25,27524.954542718184
NASDAQ100,39,3.5,28972.830149976064
NASDAQ100,39,3.75,30579.320334318913
NASDAQ100,39,4.0,26075.62267620352
NASDAQ100,39,4.25,21593.10502004567
NASDAQ100,39,4.5,17537.776083464392
NASDAQ100,39,4.75,15806.969765052496
NASDAQ100,39,5.0,17018.693461891817
NASDAQ100,40,0.0,18000.0
NASDAQ100,40,0.25,19511.47205832758
NASDAQ100,40,0.5,19562.586245481696
NASDAQ100,40,0.75,18570.63015365834
NASDAQ100,40,1.0,18289.441388577357
NASDAQ100,40,1.25,24171.173666294457
NASDAQ100,40,1.5,21250.39362296521
NASDAQ100,40,1.75,18941.064364947924
NASDAQ100,40,2.0,16213.06629712334
NASDAQ100,40,2.25,17059.84195973362
NASDAQ100,40,2.5,19157.812760921854
NASDAQ100,40,2.75,18034.51048645853
NASDAQ100,40,3.0,17409.32836571201
NASDAQ100,40,3.25,19111.018479799553
NASDAQ100,40,3.5,20542.82970694451
NASDAQ100,40,3.75,22252.82619442806
NASDAQ100,40,4.0,20842.249639393947
NASDAQ100,40,4.25,17737.676330736987
NASDAQ100,40,4.5,18012.81403855427
NASDAQ100,40,4.75,15218.713115970148
NASDAQ100,40,5.0,11980.163517980487
NASDAQ100,41,0.0,18000.0
NASDAQ100,41,0.25,18082.838715040143
NASDAQ100,41,0.5,18002.01882296819
NASDAQ100,41,0.75,16399.241916435603
NASDAQ100,41,1.0,16558.67741259844
NASDAQ100,41,1.25,15886.18110872529
NASDAQ100,41,1.5,20033.553857764993
NASDAQ100,41,1.75,20959.6377132122
NASDAQ100,41,2.0,19813.955262199976
NASDAQ100,41,2.25,21809.26393537562
NASDAQ100,41,2.5,22529.21812129576
NASDAQ100,41,2.75,22673.910557257117
NASDAQ100,41,3.0,23969.036156232538
NASDAQ100,41,3.25,23695.602887920486
NASDAQ100,41,3.5,23515.231861755226
NASDAQ100,41,3.75,22628.44944713579
NASDAQ100,41,4.0,27269.089497945224
NASDAQ100,41,4.25,27630.939203288457
NASDAQ100,41,4.5,25494.137765145075
NASDAQ100,41,4.75,22999.197966680953
NASDAQ100,41,5.0,20571.683841501675
NASDAQ100,42,0.0,18000.0
NASDAQ100,42,0.25,15231.514115904181
NASDAQ100,42,0.5,13688.842127420525
NASDAQ100,42,0.75,13553.139866440806
NASDAQ100,42,1.0,13150.534699037295
NASDAQ100,42,1.25,11895.903728346411
NASDAQ100,42,1.5,13978.36967951545
NASDAQ100,42,1.75,14473.417833694228
NASDAQ100,42,2.0,13067.578258881316
NASDAQ100,42,2.25,12605.872119033878
NASDAQ100,42,2.5,10861.438983191269
NASDAQ100,42,2.75,10947.33629443987
NASDAQ100,42,3.0,10560.19974385374
NASDAQ100,42,3.25,8887.385441546392
NASDAQ100,42,3.5,7930.530060628291
NASDAQ100,42,3.75,8623.13526290334
NASDAQ100,42,4.0,9213.518125110684
NASDAQ100,42,4.25,9456.433943311782
NASDAQ100,42,4.5,8818.351927193717
NASDAQ100,42,4.75,8176.726703777977
NASDAQ100,42,5.0,8164.870585638591
NASDAQ100,43,0.0,18000.0
NASDAQ100,43,0.25,17787.119447443303
NASDAQ100,43,0.5,16656.499274766767
NASDAQ100,43,0.75,14964.02376369678
NASDAQ100,43,1.0,17343.837846963404
NASDAQ100,43,1.25,15844.025184925504
NASDAQ100,43,1.5,12882.6938278296
NASDAQ100,43,1.75,16830.24823899894
NASDAQ100,43,2.0,16063.700401974256
NASDAQ100,43,2.25,15187.62051644041
NASDAQ100,43,2.5,16700.408736218295
NASDAQ100,43,2.75,19443.76147845643
NASDAQ100,43,3.0,22232.20922019574
NASDAQ100,43,3.25,20002.042745605373
NASDAQ100,43,3.5,22785.356468787882
NASDAQ100,43,3.75,24249.561440319045
NASDAQ100,43,4.0,28460.20323735195
NASDAQ100,43,4.25,32157.337680997975
NASDAQ100,43,4.5,30547.012544614565
NASDAQ100,43,4.75,34563.33958983084
NASDAQ100,43,5.0,34308.20809465225
NASDAQ100,44,0.0,18000.0
NASDAQ100,44,0.25,17821.496767438013
NASDAQ100,44,0.5,21052.498499186597
NASDAQ100,44,0.75,23743.98111472873
NASDAQ100,44,1.0,24853.682590230925
NASDAQ100,44,1.25,25466.19956432119
NASDAQ100,44,1.5,25885.54445529143
NASDAQ100,44,1.75,27693.73156954595
NASDAQ100,44,2.0,27728.084074546907
NASDAQ100,44,2.25,25494.584970069845
NASDAQ100,44,2.5,27590.316705823592
NASDAQ100,44,2.75,25228.23832038483
NASDAQ100,44,3.0,30069.50341990801
NASDAQ100,44,3.25,33909.3597535864
NASDAQ100,44,3.5,32232.937472585658
NASDAQ100,44,3.75,34074.514742905776
NASDAQ100,44,4.0,40394.94974983888
NASDAQ100,44,4.25,44300.813106168884
NASDAQ100,44,4.5,42748.497500102174
NASDAQ100,44,4.75,42394.632865081796
NASDAQ100,44,5.0,35886.99604415868
NASDAQ100,45,0.0,18000.0
NASDAQ100,45,0.25,19644.686731662474
NASDAQ100,45,0.5,18647.5157281176
NASDAQ100,45,0.75,19359.702820126466
NASDAQ100,45,1.0,16445.809445028444
NASDAQ100,45,1.25,15750.872808512346
NASDAQ100,45,1.5,14028.23265807568
NASDAQ100,45,1.75,16674.649644437686
NASDAQ100,45,2.0,18314.775091841824
NASDAQ100,45,2.25,18105.327919585656
NASDAQ100,45,2.5,20663.78218122417
NASDAQ100,45,2.75,23976.47347189224
NASDAQ100,45,3.0,23627.013303622283
NASDAQ100,45,3.25,25915.867806836595
NASDAQ100,45,3.5,28529.520498080554
NASDAQ100,45,3.75,31390.899848218203
NASDAQ100,45,4.0,31492.64946248975
NASDAQ100,45,4.25,27784.58296613451
NASDAQ100,45,4.5,29706.351667752926
NASDAQ100,45,4.75,22797.45056773167
NASDAQ100,45,5.0,23051.65646263794
NASDAQ100,46,0.0,18000.0
NASDAQ100,46,0.25,19195.143652362465
NASDAQ100,46,0.5,18179.242338530177
NASDAQ100,46,0.75,20758.536545382176
NASDAQ100,46,1.0,20951.59647349452
NASDAQ100,46,1.25,19274.62082269629
NASDAQ100,46,1.5,16967.80669454657
NASDAQ100,46,1.75,16321.93844517578
NASDAQ100,46,2.0,16533.020393080413
NASDAQ100,46,2.25,15742.617036306305
NASDAQ100,46,2.5,16725.90272552085
NASDAQ100,46,2.75,18956.176666275645
NASDAQ100,46,3.0,21627.792575693136
NASDAQ100,46,3.25,20864.36684923089
NASDAQ100,46,3.5,19729.25853124266
NASDAQ100,46,3.75,21531.856962875278
NASDAQ100,46,4.0,18250.179025495414
NASDAQ100,46,4.25,15224.325771834487
NASDAQ100,46,4.5,16797.085269295916
NASDAQ100,46,4.75,17664.199185785583
NASDAQ100,46,5.0,16459.858907602666
NASDAQ100,47,0.0,18000.0
NASDAQ100,47,0.25,19704.58170166246
NASDAQ100,47,0.5,23223.08250118291
NASDAQ100,47,0.75,23685.035141126038
NASDAQ100,47,1.0,26734.522421031215
NASDAQ100,47,1.25,27951.783654568335
NASDAQ100,47,1.5,22347.210615889147
NASDAQ100,47,1.75,19381.436165200445
NASDAQ100,47,2.0,17693.748001415475
NASDAQ100,47,2.25,17021.003123672705
NASDAQ100,47,2.5,16974.140952358954
NASDAQ100,47,2.75,15788.643444552506
NASDAQ100,47,3.0,11870.579951044632
NASDAQ100,47,3.25,12549.156725482486
NASDAQ100,47,3.5,13471.770498422698
NASDAQ100,47,3.75,15340.683660511353
NASDAQ100,47,4.0,16720.40219781697
NASDAQ100,47,4.25,17519.560397108482
NASDAQ100,47,4.5,14872.196127138757
NASDAQ100,47,4.75,15542.07600958891
NASDAQ100,47,5.0,14934.371916508524
NASDAQ100,48,0.0,18000.0
NASDAQ100,48,0.25,18566.826800517814
NASDAQ100,48,0.5,15211.683231293324
NASDAQ100,48,0.75,14714.151299875179
NASDAQ100,48,1.0,14625.281632580301
NASDAQ100,48,1.25,14374.313455091826
NASDAQ100,48,1.5,14133.749509434236
NASDAQ100,48,1.75,13526.075188894856
NASDAQ100,48,2.0,14052.359477113749
NASDAQ100,48,2.25,11607.45415062785
NASDAQ100,48,2.5,10924.209497757189
NASDAQ100,48,2.75,12548.012683533674
NASDAQ100,48,3.0,11773.146646383208
NASDAQ100,48,3.25,10128.562808279255
NASDAQ100,48,3.5,9926.741501256298
NASDAQ100,48,3.75,11053.89191363342
NASDAQ100,48,4.0,10285.057950813924
NASDAQ100,48,4.25,11315.363276144131
NASDAQ100,48,4.5,11088.51355698372
NASDAQ100,48,4.75,8434.980909369538
NASDAQ100,48,5.0,8094.177219907931
NASDAQ100,49,0.0,18000.0
NASDAQ100,49,0.25,16155.803436170556
NASDAQ100,49,0.5,18430.143830327732
NASDAQ100,49,0.75,16324.594102884115
NASDAQ100,49,1.0,18299.66782740403
NASDAQ100,49,1.25,18859.311937960923
NASDAQ100,49,1.5,17314.88701728096
NASDAQ100,49,1.75,18738.592022355973
NASDAQ100,49,2.0,17781.828309556644
NASDAQ100,49,2.25,17289.67806446626
NASDAQ100,49,2.5,18089.719678386813
NASDAQ100,49,2.75,20677.149388392707
NASDAQ100,49,3.0,18104.34840423702
NASDAQ100,49,3.25,14977.179400654843
NASDAQ100,49,3.5,16366.721267192073
NASDAQ100,49,3.75,16882.46810360884
NASDAQ100,49,4.0,16073.166521993726
NASDAQ100,49,4.25,14225.974624410186
NASDAQ100,49,4.5,13311.385495442977
NASDAQ100,49,4.75,13214.376479102746
NASDAQ100,49,5.0,12233.165768245166
RUSSELL2000,0,0.0,2000.0
RUSSELL2000,0,0.25,2049.0022850441705
RUSSELL2000,0,0.5,1870.2213539553934
RUSSELL2000,0,0.75,1920.215080297221
RUSSELL2000,0,1.0,1927.05622930141
RUSSELL2000,0,1.25,1807.2590358964874
RUSSELL2000,0,1.5,1737.248599555961
RUSSELL2000,0,1.75,1778.4031927495969
RUSSELL2000,0,2.0,1819.2428661630192
RUSSELL2000,0,2.25,1942.6882134848313
RUSSELL2000,0,2.5,1915.856094228778
RUSSELL2000,0,2.75,1983.9620835652922
RUSSELL2000,0,3.0,2084.4356004956844
RUSSELL2000,0,3.25,2210.1568596967963
RUSSELL2000,0,3.5,2059.520318675058
RUSSELL2000,0,3.75,2471.9657420942117
RUSSELL2000,0,4.0,2614.5064669978865
RUSSELL2000,0,4.25,2591.168836587888
RUSSELL2000,0,4.5,2209.717802076117
RUSSELL2000,0,4.75,2476.6837136266477
RUSSELL2000,0,5.0,2467.9423347826228
RUSSELL2000,1,0.0,2000.0
RUSSELL2000,1,0.25,1816.7411700887915
RUSSELL2000,1,0.5,1899.428412660854
RUSSELL2000,1,0.75,1949.1121665378628
RUSSELL2000,1,1.0,1648.4901547824898
RUSSELL2000,1,1.25,1446.0770719780514
RUSSELL2000,1,1.5,1691.5101907529076
RUSSELL2000,1,1.75,1602.614935878606
RUSSELL2000,1,2.0,1437.8554487598585
RUSSELL2000,1,2.25,1243.5277139223472
RUSSELL2000,1,2.5,1244.9829347109612
RUSSELL2000,1,2.75,1455.752190878859
RUSSELL2000,1,3.0,1348.7305366148667
RUSSELL2000,1,3.25,1109.0220317704266
RUSSELL2000,1,3.5,953.8867448439458
RUSSELL2000,1,3.75,1371.7003022315712
RUSSELL2000,1,4.0,1252.155219534879
RUSSELL2000,1,4.25,1199.300097198698
RUSSELL2000,1,4.5,1077.6471163940516
RUSSELL2000,1,4.75,1257.8563795433495
RUSSELL2000,1,5.0,1189.034303653571
RUSSELL2000,2,0.0,2000.0
RUSSELL2000,2,0.25,1853.4024798432922
RUSSELL2000,2,0.5,1808.8165693123146
RUSSELL2000,2,0.75,1861.9463828060575
RUSSELL2000,2,1.0,1705.2534163643004
RUSSELL2000,2,1.25,1725.398383064599
RUSSELL2000,2,1.5,1895.5352185446825
RUSSELL2000,2,1.75,1881.3558432824918
RUSSELL2000,2,2.0,2192.5549214227453
RUSSELL2000,2,2.25,2201.6882101022934
RUSSELL2000,2,2.5,2086.9927531271865
RUSSELL2000,2,2.75,2441.294982910621
RUSSELL2000,2,3.0,2200.477286192069
RUSSELL2000,2,3.25,1947.6075436404512
RUSSELL2000,2,3.5,2047.3329201981308
RUSSELL2000,2,3.75,2077.95693917983
RUSSELL2000,2,4.0,1916.200567578753
RUSSELL2000,2,4.25,2423.3374878812815
RUSSELL2000,2,4.5,2208.880418868352
RUSSELL2000,2,4.75,2214.0271773479317
RUSSELL2000,2,5.0,2100.8097792992353
RUSSELL2000,3,0.0,2000.0
RUSSELL2000,3,0.25,1696.7645581962688
RUSSELL2000,3,0.5,1748.1458482226983
RUSSELL2000,3,0.75,1585.3711368772495
RUSSELL2000,3,1.0,1552.719009054909
RUSSELL2000,3,1.25,1325.5062955530227
RUSSELL2000,3,1.5,1251.540917904777
RUSSELL2000,3,1.75,1390.6234210663667
RUSSELL2000,3,2.0,1419.2542782827597
RUSSELL2000,3,2.25,1764.9362905854668
RUSSELL2000,3,2.5,1732.963452868711
RUSSELL2000,3,2.75,1617.0072012576911
RUSSELL2000,3,3.0,1607.2192536297896
RUSSELL2000,3,3.25,1617.244384505644
RUSSELL2000,3,3.5,1335.805544494308
RUSSELL2000,3,3.75,1295.4778604713886
RUSSELL2000,3,4.0,1117.961165960469
RUSSELL2000,3,4.25,1170.5634262283634
RUSSELL2000,3,4.5,1400.2668015025506
RUSSELL2000,3,4.75,1394.285800839806
RUSSELL2000,3,5.0,1213.774206645583
RUSSELL2000,4,0.0,2000.0
RUSSELL2000,4,0.25,2138.8526653781346
RUSSELL2000,4,0.5,2120.0701003999006
RUSSELL2000,4,0.75,2275.5968328256417
RUSSELL2000,4,1.0,1910.6035558403971
RUSSELL2000,4,1.25,2131.733965381249
RUSSELL2000,4,1.5,2339.875738934481
RUSSELL2000,4,1.75,2056.8373053397854
RUSSELL2000,4,2.0,2541.0377145968278
RUSSELL2000,4,2.25,2816.45414527831
RUSSELL2000,4,2.5,2764.8050405179697
RUSSELL2000,4,2.75,2614.100448531579
RUSSELL2000,4,3.0,2644.9671675507857
RUSSELL2000,4,3.25,3161.953199742662
RUSSELL2000,4,3.5,4156.369018354713
RUSSELL2000,4,3.75,3562.9607559832325
RUSSELL2000,4,4.0,3362.2639138514337
RUSSELL2000,4,4.25,3439.4281131639636
RUSSELL2000,4,4.5,2976.4047228533263
RUSSELL2000,4,4.75,3166.5183114364427
RUSSELL2000,4,5.0,2996.981812974414
RUSSELL2000,5,0.0,2000.0
RUSSELL2000,5,0.25,1988.3298425959413
RUSSELL2000,5,0.5,2088.35109906007
RUSSELL2000,5,0.75,1532.175440231648
RUSSELL2000,5,1.0,1648.462342103001
RUSSELL2000,5,1.25,2014.6616415202377
RUSSELL2000,5,1.5,1628.7476914510498
RUSSELL2000,5,1.75,1916.1573386372247
RUSSELL2000,5,2.0,2056.1356626180495
RUSSELL2000,5,2.25,1730.9705492224723
RUSSELL2000,5,2.5,1656.6876933832707
RUSSELL2000,5,2.75,1929.067441508205
RUSSELL2000,5,3.0,1718.3276286554808
RUSSELL2000,5,3.25,1782.9645134889374
RUSSELL2000,5,3.5,2035.3590886441293
RUSSELL2000,5,3.75,1895.2819391199923
RUSSELL2000,5,4.0,1423.8080021354215
RUSSELL2000,5,4.25,1674.8416735582255
RUSSELL2000,5,4.5,1490.9585619176223
RUSSELL2000,5,4.75,1487.2404688705076
RUSSELL2000,5,5.0,1726.2852838159372
RUSSELL2000,6,0.0,2000.0
RUSSELL2000,6,0.25,2333.4408494298837
RUSSELL2000,6,0.5,2368.817437879775
RUSSELL2000,6,0.75,2652.8239913034395
RUSSELL2000,6,1.0,2982.1042421951856
RUSSELL2000,6,1.25,2499.704841488307
RUSSELL2000,6,1.5,2226.94928441587
RUSSELL2000,6,1.75,2429.7559754192584
RUSSELL2000,6,2.0,2377.4941049986355
RUSSELL2000,6,2.25,2457.3021383174046
RUSSELL2000,6,2.5,2732.1142281638654
RUSSELL2000,6,2.75,2608.1279355862816
RUSSELL2000,6,3.0,2562.6284376689523
RUSSELL2000,6,3.25,2585.85687277328
RUSSELL2000,6,3.5,2767.500860431501
RUSSELL2000,6,3.75,2681.835979012997
RUSSELL2000,6,4.0,2551.990692599883
RUSSELL2000,6,4.25,2299.5254749252576
RUSSELL2000,6,4.5,2518.48380043359
RUSSELL2000,6,4.75,2798.3278968702903
RUSSELL2000,6,5.0,2357.674232517512
RUSSELL2000,7,0.0,2000.0
RUSSELL2000,7,0.25,1908.6733228820049
RUSSELL2000,7,0.5,1860.4180471693
RUSSELL2000,7,0.75,1811.3052165850095
RUSSELL2000,7,1.0,1483.3070852217568
RUSSELL2000,7,1.25,1638.770381377581
RUSSELL2000,7,1.5,1409.542537078681
RUSSELL2000,7,1.75,1451.2976741743441
RUSSELL2000,7,2.0,1622.1337564887058
RUSSELL2000,7,2.25,1319.7632435581138
RUSSELL2000,7,2.5,1199.3537857489391
RUSSELL2000,7,2.75,1103.6691442469253
RUSSELL2000,7,3.0,1225.6690577888917
RUSSELL2000,7,3.25,1308.8647254777063
RUSSELL2000,7,3.5,1201.059253661914
RUSSELL2000,7,3.75,1365.0115737203255
RUSSELL2000,7,4.0,1301.3198399248884
RUSSELL2000,7,4.25,1399.9204821714704
RUSSELL2000,7,4.5,1565.173987896423
RUSSELL2000,7,4.75,1324.012600771229
RUSSELL2000,7,5.0,1297.8755572527796
RUSSELL2000,8,0.0,2000.0
RUSSELL2000,8,0.25,2264.7030494345154
RUSSELL2000,8,0.5,1930.9555635694892
RUSSELL2000,8,0.75,1901.2889641820798
RUSSELL2000,8,1.0,1784.1730170872008
RUSSELL2000,8,1.25,1814.2495783545507
RUSSELL2000,8,1.5,1766.094934332457
RUSSELL2000,8,1.75,1586.7960638067198
RUSSELL2000,8,2.0,1383.3484147342117
RUSSELL2000,8,2.25,1331.0112075138259
RUSSELL2000,8,2.5,1307.4108683736122
RUSSELL2000,8,2.75,1314.2952128410498
RUSSELL2000,8,3.0,1494.0187314053753
RUSSELL2000,8,3.25,1433.3565793528203
RUSSELL2000,8,3.5,1101.9859916683747
RUSSELL2000,8,3.75,1027.1445366123323
RUSSELL2000,8,4.0,966.3908544980255
RUSSELL2000,8,4.25,919.5507001194092
RUSSELL2000,8,4.5,1031.2092777828345
RUSSELL2000,8,4.75,928.4623310172943
RUSSELL2000,8,5.0,897.4897340283261
RUSSELL2000,9,0.0,2000.0
RUSSELL2000,9,0.25,1806.7116071862479
RUSSELL2000,9,0.5,2192.240283436446
RUSSELL2000,9,0.75,2083.3531695985644
RUSSELL2000,9,1.0,2073.6897440241087
RUSSELL2000,9,1.25,1701.5903610882103
RUSSELL2000,9,1.5,1500.9361774286597
RUSSELL2000,9,1.75,1736.653390777583
RUSSELL2000,9,2.0,1594.1310150819877
RUSSELL2000,9,2.25,2147.9998867531804
RUSSELL2000,9,2.5,2433.554181422694
RUSSELL2000,9,2.75,2681.426642928044
RUSSELL2000,9,3.0,2232.7563044831068
RUSSELL2000,9,3.25,3001.4436530416815
RUSSELL2000,9,3.5,3344.7583016424915
RUSSELL2000,9,3.75,3087.5510507474214
RUSSELL2000,9,4.0,3441.186567337388
RUSSELL2000,9,4.25,3426.433088840067
RUSSELL2000,9,4.5,3010.0969504306995
RUSSELL2000,9,4.75,2926.359593675244
RUSSELL2000,9,5.0,3168.718528705862
RUSSELL2000,10,0.0,2000.0
RUSSELL2000,10,0.25,1955.3398502851878
RUSSELL2000,10,0.5,1837.821421327679
RUSSELL2000,10,0.75,1769.4476919069398
RUSSELL2000,10,1.0,1731.3386842932634
RUSSELL2000,10,1.25,1598.985801187998
RUSSELL2000,10,1.5,1428.1621672872984
RUSSELL2000,10,1.75,1452.1599258629967
RUSSELL2000,10,2.0,1372.709218022508
RUSSELL2000,10,2.25,1228.8513346207778
RUSSELL2000,10,2.5,1363.1542948881824
RUSSELL2000,10,2.75,1355.6045021340897
RUSSELL2000,10,3.0,1592.7324702843005
RUSSELL2000,10,3.25,1633.380029514004
RUSSELL2000,10,3.5,1623.122051771981
RUSSELL2000,10,3.75,1710.0725082553895
RUSSELL2000,10,4.0,1576.9419699699934
RUSSELL2000,10,4.25,1583.5971113636595
RUSSELL2000,10,4.5,1451.135983441071
RUSSELL2000,10,4.75,1155.0566579229449
RUSSELL2000,10,5.0,1129.956685504263
RUSSELL2000,11,0.0,2000.0
RUSSELL2000,11,0.25,1870.1494460280023
RUSSELL2000,11,0.5,1904.3912506834733
RUSSELL2000,11,0.75,1632.8655697382615
RUSSELL2000,11,1.0,1798.363267004523
RUSSELL2000,11,1.25,1483.673689418942
RUSSELL2000,11,1.5,1711.5266137278181
RUSSELL2000,11,1.75,1755.85660301651
RUSSELL2000,11,2.0,1656.3993859789305
RUSSELL2000,11,2.25,1777.684974526139
RUSSELL2000,11,2.5,1547.298786977092
RUSSELL2000,11,2.75,1387.1258836550965
RUSSELL2000,11,3.0,1643.770582381501
RUSSELL2000,11,3.25,1726.8886209096113
RUSSELL2000,11,3.5,2024.0275804712223
RUSSELL2000,11,3.75,2256.5896828213668
RUSSELL2000,11,4.0,2700.2853919251284
RUSSELL2000,11,4.25,1998.6776599485459
RUSSELL2000,11,4.5,1551.4144104305476
RUSSELL2000,11,4.75,1592.8987910203589
RUSSELL2000,11,5.0,1952.654821403422
RUSSELL2000,12,0.0,2000.0
RUSSELL2000,12,0.25,1916.1676305680098
RUSSELL2000,12,0.5,1618.908135509416
RUSSELL2000,12,0.75,1579.488062976088
RUSSELL2000,12,1.0,1467.278800343821
RUSSELL2000,12,1.25,1428.2139496399661
RUSSELL2000,12,1.5,1374.6425675879857
RUSSELL2000,12,1.75,1442.1933767507808
RUSSELL2000,12,2.0,1639.8552510633767
RUSSELL2000,12,2.25,1812.7247022050633
RUSSELL2000,12,2.5,1966.5986470639857
RUSSELL2000,12,2.75,1978.0253326273046
RUSSELL2000,12,3.0,1986.5628717477937
RUSSELL2000,12,3.25,2266.8073264016975
RUSSELL2000,12,3.5,1816.0764442309815
RUSSELL2000,12,3.75,1878.887460803842
RUSSELL2000,12,4.0,2044.3580074668325
RUSSELL2000,12,4.25,1983.614826942627
RUSSELL2000,12,4.5,2220.564995207723
RUSSELL2000,12,4.75,2288.100627732181
RUSSELL2000,12,5.0,2340.0591409302333
RUSSELL2000,13,0.0,2000.0
RUSSELL2000,13,0.25,2220.6852062702837
RUSSELL2000,13,0.5,2198.3461139852598
RUSSELL2000,13,0.75,2198.5543705642917
RUSSELL2000,13,1.0,2911.3343136487947
RUSSELL2000,13,1.25,3114.744754799789
RUSSELL2000,13,1.5,3805.6410875127713
RUSSELL2000,13,1.75,3903.654799549195
RUSSELL2000,13,2.0,3398.9076571627124
RUSSELL2000,13,2.25,3057.730691678458
RUSSELL2000,13,2.5,4137.030819125257
RUSSELL2000,13,2.75,4135.962444125075
RUSSELL2000,13,3.0,3382.999228006263
RUSSELL2000,13,3.25,3254.341872799866
RUSSELL2000,13,3.5,3617.3636763894156
RUSSELL2000,13,3.75,4196.884731535537
RUSSELL2000,13,4.0,4593.986333065822
RUSSELL2000,13,4.25,4458.712957022984
RUSSELL2000,13,4.5,4659.72932902376
RUSSELL2000,13,4.75,4717.172731666036
RUSSELL2000,13,5.0,4152.597742991977
RUSSELL2000,14,0.0,2000.0
RUSSELL2000,14,0.25,1917.09769569283
RUSSELL2000,14,0.5,1930.2082668140067
RUSSELL2000,14,0.75,1602.670685598394
RUSSELL2000,14,1.0,2007.2189906206531
RUSSELL2000,14,1.25,2004.568216310178
RUSSELL2000,14,1.5,1518.2181952459594
RUSSELL2000,14,1.75,1551.5627200908236
RUSSELL2000,14,2.0,1807.3351257601755
RUSSELL2000,14,2.25,1773.6125241283519
RUSSELL2000,14,2.5,1649.4720008049394
RUSSELL2000,14,2.75,1414.0235125537743
RUSSELL2000,14,3.0,1670.989332033738
RUSSELL2000,14,3.25,1337.3544549759376
RUSSELL2000,14,3.5,1069.1422863190812
RUSSELL2000,14,3.75,1140.6169647171898
RUSSELL2000,14,4.0,1287.0569775369636
RUSSELL2000,14,4.25,1195.7444523483111
RUSSELL2000,14,4.5,1320.6352980387417
RUSSELL2000,14,4.75,1735.5222519661002
RUSSELL2000,14,5.0,1533.3597969155792
RUSSELL2000,15,0.0,2000.0
RUSSELL2000,15,0.25,1965.3249864781003
RUSSELL2000,15,0.5,1714.9248308049816
RUSSELL2000,15,0.75,1639.8421772642396
RUSSELL2000,15,1.0,1308.8699091729723
RUSSELL2000,15,1.25,1270.231652627451
RUSSELL2000,15,1.5,1505.8458660273786
RUSSELL2000,15,1.75,1515.267384565428
RUSSELL2000,15,2.0,1388.1624953047115
RUSSELL2000,15,2.25,1322.8272928569943
RUSSELL2000,15,2.5,1604.7266395846652
RUSSELL2000,15,2.75,1434.3949459402152
RUSSELL2000,15,3.0,1186.5922007384836
RUSSELL2000,15,3.25,1250.7196363092899
RUSSELL2000,15,3.5,1201.4589314981226
RUSSELL2000,15,3.75,1166.626951824616
RUSSELL2000,15,4.0,1125.585889237976
RUSSELL2000,15,4.25,1171.8592556367948
RUSSELL2000,15,4.5,1427.4765345182248
RUSSELL2000,15,4.75,1461.4345863767303
RUSSELL2000,15,5.0,1630.1152029902448
RUSSELL2000,16,0.0,2000.0
RUSSELL2000,16,0.25,1751.8945640637826
RUSSELL2000,16,0.5,1737.521319670886
RUSSELL2000,16,0.75,1723.8517573205047
RUSSELL2000,16,1.0,1628.4186019296192
RUSSELL2000,16,1.25,1424.4478629970106
RUSSELL2000,16,1.5,1333.052846602196
RUSSELL2000,16,1.75,1237.7212205095525
RUSSELL2000,16,2.0,1325.7576669489933
RUSSELL2000,16,2.25,1646.2956535362803
RUSSELL2000,16,2.5,1836.1503185661911
RUSSELL2000,16,2.75,1531.5217003421915
RUSSELL2000,16,3.0,1406.7811661464639
RUSSELL2000,16,3.25,1290.8339265218224
RUSSELL2000,16,3.5,1552.5508821047135
RUSSELL2000,16,3.75,1658.6788251526148
RUSSELL2000,16,4.0,1655.530861424672
RUSSELL2000,16,4.25,1851.700611144612
RUSSELL2000,16,4.5,1895.1648432879515
RUSSELL2000,16,4.75,2136.1101613151386
RUSSELL2000,16,5.0,1999.628074325312
RUSSELL2000,17,0.0,2000.0
RUSSELL2000,17,0.25,2254.058587898285
RUSSELL2000,17,0.5,2581.927072234885
RUSSELL2000,17,0.75,2850.164354303831
RUSSELL2000,17,1.0,2617.660244526269
RUSSELL2000,17,1.25,3038.792412442536
RUSSELL2000,17,1.5,2389.4192904578526
RUSSELL2000,17,1.75,2283.6200011794044
RUSSELL2000,17,2.0,2417.113492785163
RUSSELL2000,17,2.25,2898.346722555101
RUSSELL2000,17,2.5,2507.096631165151
RUSSELL2000,17,2.75,2290.6606604043627
RUSSELL2000,17,3.0,2594.692186622393
RUSSELL2000,17,3.25,3294.3306209163147
RUSSELL2000,17,3.5,3484.324968144556
RUSSELL2000,17,3.75,3684.860894528462
RUSSELL2000,17,4.0,4188.451275386047
RUSSELL2000,17,4.25,4337.035235363477
RUSSELL2000,17,4.5,4129.312531506466
RUSSELL2000,17,4.75,3714.907944596701
RUSSELL2000,17,5.0,3293.796889961242
RUSSELL2000,18,0.0,2000.0
RUSSELL2000,18,0.25,2312.1170014061718
RUSSELL2000,18,0.5,2842.3085858486565
RUSSELL2000,18,0.75,2851.08449321583
RUSSELL2000,18,1.0,2816.0166151189856
RUSSELL2000,18,1.25,2923.4820940018612
RUSSELL2000,18,1.5,2819.9981644706027
RUSSELL2000,18,1.75,2401.3405219910055
RUSSELL2000,18,2.0,2417.583615338395
RUSSELL2000,18,2.25,2023.7523089277115
RUSSELL2000,18,2.5,2065.923957928224
RUSSELL2000,18,2.75,2214.295467426001
RUSSELL2000,18,3.0,1851.7614569469938
RUSSELL2000,18,3.25,1847.9099235803515
RUSSELL2000,18,3.5,1552.8035207774496
RUSSELL2000,18,3.75,1293.7167991850595
RUSSELL2000,18,4.0,1321.1104084317521
RUSSELL2000,18,4.25,1316.2071398590822
RUSSELL2000,18,4.5,1360.824961418383
RUSSELL2000,18,4.75,1156.901312722322
RUSSELL2000,18,5.0,1066.0514762680486
RUSSELL2000,19,0.0,2000.0
RUSSELL2000,19,0.25,1640.4390050802424
RUSSELL2000,19,0.5,1787.6974657503604
RUSSELL2000,19,0.75,1997.4895965121686
RUSSELL2000,19,1.0,1709.5883752088648
RUSSELL2000,19,1.25,1696.5949051834689
RUSSELL2000,19,1.5,1793.112087844488
RUSSELL2000,19,1.75,1548.1416199770163
RUSSELL2000,19,2.0,1433.1574797716482
RUSSELL2000,19,2.25,1294.867351764284
RUSSELL2000,19,2.5,1382.06262585701
RUSSELL2000,19,2.75,1238.9770937835058
RUSSELL2000,19,3.0,1190.8205818518736
RUSSELL2000,19,3.25,1028.5792571214963
RUSSELL2000,19,3.5,882.2299850258032
RUSSELL2000,19,3.75,939.4081437173147
RUSSELL2000,19,4.0,862.2146813617366
RUSSELL2000,19,4.25,806.6481339481896
RUSSELL2000,19,4.5,676.2302896597009
RUSSELL2000,19,4.75,675.3078968424503
RUSSELL2000,19,5.0,634.9607999150106
RUSSELL2000,20,0.0,2000.0
RUSSELL2000,20,0.25,1940.3621262611452
RUSSELL2000,20,0.5,2204.507648423375
RUSSELL2000,20,0.75,2110.620552080576
RUSSELL2000,20,1.0,2202.3544785171553
RUSSELL2000,20,1.25,1741.738637217711
RUSSELL2000,20,1.5,1968.0814951454474
RUSSELL2000,20,1.75,2373.105191127985
RUSSELL2000,20,2.0,2309.3978342615555
RUSSELL2000,20,2.25,2568.883570899261
RUSSELL2000,20,2.5,2775.3601987041197
RUSSELL2000,20,2.75,2985.5279500751067
RUSSELL2000,20,3.0,3400.982517081454
RUSSELL2000,20,3.25,3609.015109315419
RUSSELL2000,20,3.5,2980.086506305178
RUSSELL2000,20,3.75,2676.3006326584928
RUSSELL2000,20,4.0,2821.4481896448688
RUSSELL2000,20,4.25,2653.9990743723315
RUSSELL2000,20,4.5,2165.678123989905
RUSSELL2000,20,4.75,1912.521353415226
RUSSELL2000,20,5.0,1862.7997318038522
RUSSELL2000,21,0.0,2000.0
RUSSELL2000,21,0.25,2112.8251500029055
RUSSELL2000,21,0.5,2255.8801431436573
RUSSELL2000,21,0.75,2046.6012999662682
RUSSELL2000,21,1.0,2036.486188154086
RUSSELL2000,21,1.25,2382.963109625304
RUSSELL2000,21,1.5,1874.3517807806597
RUSSELL2000,21,1.75,2158.425720343378
RUSSELL2000,21,2.0,1670.2761132712792
RUSSELL2000,21,2.25,1625.8930829627823
RUSSELL2000,21,2.5,1405.049517873319
RUSSELL2000,21,2.75,1480.7117968414157
RUSSELL2000,21,3.0,1370.351930337623
RUSSELL2000,21,3.25,1366.8343742024954
RUSSELL2000,21,3.5,1337.362301107717
RUSSELL2000,21,3.75,1339.469469557504
RUSSELL2000,21,4.0,1330.4835547183463
RUSSELL2000,21,4.25,1267.9795667510207
RUSSELL2000,21,4.5,1263.0320777763807
RUSSELL2000,21,4.75,1323.0532608299347
RUSSELL2000,21,5.0,1492.2011727110596
RUSSELL2000,22,0.0,2000.0
RUSSELL2000,22,0.25,1722.7279001917075
RUSSELL2000,22,0.5,1829.4284368304582
RUSSELL2000,22,0.75,2249.8058720622967
RUSSELL2000,22,1.0,2701.916522114864
RUSSELL2000,22,1.25,3125.9526582305107
RUSSELL2000,22,1.5,2693.2558450943006
RUSSELL2000,22,1.75,2538.618495311021
RUSSELL2000,22,2.0,2623.1462466816556
RUSSELL2000,22,2.25,2391.2512201882387
RUSSELL2000,22,2.5,2251.7721660650213
RUSSELL2000,22,2.75,2218.2598977818034
RUSSELL2000,22,3.0,1945.9738539392547
RUSSELL2000,22,3.25,1664.1078090729154
RUSSELL2000,22,3.5,1587.7223422704676
RUSSELL2000,22,3.75,1650.7367739253355
RUSSELL2000,22,4.0,1950.6906908279577
RUSSELL2000,22,4.25,2428.334563481479
RUSSELL2000,22,4.5,2455.184130246487
RUSSELL2000,22,4.75,2603.8357906588426
RUSSELL2000,22,5.0,2389.8238991700737
RUSSELL2000,23,0.0,2000.0
RUSSELL2000,23,0.25,1780.9729214867793
RUSSELL2000,23,0.5,1413.6269283032548
RUSSELL2000,23,0.75,1499.988501038554
RUSSELL2000,23,1.0,1487.8940206365642
RUSSELL2000,23,1.25,1412.827208392996
RUSSELL2000,23,1.5,1459.7354957044327
RUSSELL2000,23,1.75,1557.3985967232877
RUSSELL2000,23,2.0,1531.446630066913
RUSSELL2000,23,2.25,1169.8688877972274
RUSSELL2000,23,2.5,1154.8764606646287
RUSSELL2000,23,2.75,1263.0108989546036
RUSSELL2000,23,3.0,1323.114632510267
RUSSELL2000,23,3.25,1325.9302869996695
RUSSELL2000,23,3.5,1084.4559528592922
RUSSELL2000,23,3.75,1019.5867411567023
RUSSELL2000,23,4.0,1098.3786811728803
RUSSELL2000,23,4.25,1009.5986213440635
RUSSELL2000,23,4.5,1077.674818191956
RUSSELL2000,23,4.75,663.2159511721245
RUSSELL2000,23,5.0,620.0855740779168
RUSSELL2000,24,0.0,2000.0
RUSSELL2000,24,0.25,2345.669823478796
RUSSELL2000,24,0.5,1936.3524225505498
RUSSELL2000,24,0.75,1875.4144396113647
RUSSELL2000,24,1.0,2359.604697826371
RUSSELL2000,24,1.25,1987.943059304003
RUSSELL2000,24,1.5,1620.1105605161852
RUSSELL2000,24,1.75,1293.8746292919345
RUSSELL2000,24,2.0,1540.034069093987
RUSSELL2000,24,2.25,1368.712165502791
RUSSELL2000,24,2.5,1160.278643931318
RUSSELL2000,24,2.75,1071.5640326045948
RUSSELL2000,24,3.0,1111.7000618950258
RUSSELL2000,24,3.25,1139.3384368204738
RUSSELL2000,24,3.5,1339.116926974019
RUSSELL2000,24,3.75,1499.4351137746232
RUSSELL2000,24,4.0,1395.6622835221813
RUSSELL2000,24,4.25,1284.0339951382398
RUSSELL2000,24,4.5,1243.4988542027093
RUSSELL2000,24,4.75,1369.8960662193429
RUSSELL2000,24,5.0,1644.1786753285353
RUSSELL2000,25,0.0,2000.0
RUSSELL2000,25,0.25,1981.8779784756032
RUSSELL2000,25,0.5,1966.4406522857607
RUSSELL2000,25,0.75,2327.117219599002
RUSSELL2000,25,1.0,2404.2667607596327
RUSSELL2000,25,1.25,2425.9479612292616
RUSSELL2000,25,1.5,2283.0782964936084
RUSSELL2000,25,1.75,1657.6524897369668
RUSSELL2000,25,2.0,1558.0830637566908
RUSSELL2000,25,2.25,1608.4427941477684
RUSSELL2000,25,2.5,1752.17172052862
RUSSELL2000,25,2.75,1742.625576222241
RUSSELL2000,25,3.0,1756.7610237256044
RUSSELL2000,25,3.25,1460.4795235769805
RUSSELL2000,25,3.5,1865.0404918354564
RUSSELL2000,25,3.75,1474.1530109188323
RUSSELL2000,25,4.0,1768.2484099532503
RUSSELL2000,25,4.25,1774.269517297739
RUSSELL2000,25,4.5,1506.2608373214437
RUSSELL2000,25,4.75,1345.8548101504498
RUSSELL2000,25,5.0,1186.1935891990722
RUSSELL2000,26,0.0,2000.0
RUSSELL2000,26,0.25,2030.6038277774933
RUSSELL2000,26,0.5,2019.5682065736369
RUSSELL2000,26,0.75,2246.1500189530125
RUSSELL2000,26,1.0,2562.2919156319995
RUSSELL2000,26,1.25,2675.277463421865
RUSSELL2000,26,1.5,2509.360075806942
RUSSELL2000,26,1.75,2261.096123900501
RUSSELL2000,26,2.0,2450.9623491346456
RUSSELL2000,26,2.25,2412.995171312535
RUSSELL2000,26,2.5,2623.3040926274557
RUSSELL2000,26,2.75,2588.9443225779487
RUSSELL2000,26,3.0,2603.2903595900116
RUSSELL2000,26,3.25,3484.889390197242
RUSSELL2000,26,3.5,3420.374457996985
RUSSELL2000,26,3.75,4096.646265647364
RUSSELL2000,26,4.0,4368.613708049686
RUSSELL2000,26,4.25,4510.734627344259
RUSSELL2000,26,4.5,4888.77473499866
RUSSELL2000,26,4.75,4863.908533976663
RUSSELL2000,26,5.0,4301.86326814678
RUSSELL2000,27,0.0,2000.0
RUSSELL2000,27,0.25,2048.560492289619
RUSSELL2000,27,0.5,1985.110500601843
RUSSELL2000,27,0.75,1708.274735932993
RUSSELL2000,27,1.0,1589.3673140923297
RUSSELL2000,27,1.25,1593.8974779605305
RUSSELL2000,27,1.5,1380.837835762013
RUSSELL2000,27,1.75,1355.7933884493912
RUSSELL2000,27,2.0,1269.4908027247902
RUSSELL2000,27,2.25,1089.3157735346258
RUSSELL2000,27,2.5,1008.4575382964978
RUSSELL2000,27,2.75,1063.6413655118608
RUSSELL2000,27,3.0,1058.4108206945011
RUSSELL2000,27,3.25,1132.002213181742
RUSSELL2000,27,3.5,1242.601046220164
RUSSELL2000,27,3.75,1062.4201816895147
RUSSELL2000,27,4.0,935.5751339931801
RUSSELL2000,27,4.25,1024.7837140266022
RUSSELL2000,27,4.5,922.5540918205359
RUSSELL2000,27,4.75,938.906759325367
RUSSELL2000,27,5.0,892.2911365509599
RUSSELL2000,28,0.0,2000.0
RUSSELL2000,28,0.25,1977.2405460627592
RUSSELL2000,28,0.5,1704.3225448728358
RUSSELL2000,28,0.75,1805.9614970649889
RUSSELL2000,28,1.0,1379.5429079466721
RUSSELL2000,28,1.25,1503.439121224817
RUSSELL2000,28,1.5,1451.2721158124332
RUSSELL2000,28,1.75,1507.1218213021032
RUSSELL2000,28,2.0,1360.995919884556
RUSSELL2000,28,2.25,1075.908875452741
RUSSELL2000,28,2.5,1025.6417109416768
RUSSELL2000,28,2.75,1051.7079150551606
RUSSELL2000,28,3.0,1342.4618767110871
RUSSELL2000,28,3.25,1327.2612479314698
RUSSELL2000,28,3.5,1410.8530529665059
RUSSELL2000,28,3.75,1242.9801038627133
RUSSELL2000,28,4.0,1077.9256043717971
RUSSELL2000,28,4.25,1077.3114395379116
RUSSELL2000,28,4.5,1125.9857734022723
RUSSELL2000,28,4.75,1162.5160460204559
RUSSELL2000,28,5.0,1226.1182025811706
RUSSELL2000,29,0.0,2000.0
RUSSELL2000,29,0.25,2220.270169322109
RUSSELL2000,29,0.5,2629.197686539846
RUSSELL2000,29,0.75,2384.17878402264
RUSSELL2000,29,1.0,2360.5696551349497
RUSSELL2000,29,1.25,2649.364707969017
RUSSELL2000,29,1.5,2425.622116583425
RUSSELL2000,29,1.75,2097.697221590137
RUSSELL2000,29,2.0,2331.1191357779517
RUSSELL2000,29,2.25,1893.577595933199
RUSSELL2000,29,2.5,2301.116603239142
RUSSELL2000,29,2.75,2187.3992975526494
RUSSELL2000,29,3.0,2315.8121298123165
RUSSELL2000,29,3.25,2395.0574357577066
RUSSELL2000,29,3.5,2130.973275787084
RUSSELL2000,29,3.75,2007.0387970746567
RUSSELL2000,29,4.0,1981.5037506784251
RUSSELL2000,29,4.25,1948.746744904553
RUSSELL2000,29,4.5,1977.5414605963758
RUSSELL2000,29,4.75,1833.671764215187
RUSSELL2000,29,5.0,1905.0528022133844
RUSSELL2000,30,0.0,2000.0
RUSSELL2000,30,0.25,2029.9927138509029
RUSSELL2000,30,0.5,1777.177713721891
RUSSELL2000,30,0.75,2015.9103477806739
RUSSELL2000,30,1.0,2151.834708756806
RUSSELL2000,30,1.25,1677.2711973625214
RUSSELL2000,30,1.5,1655.0442725649516
RUSSELL2000,30,1.75,1745.8753356193426
RUSSELL2000,30,2.0,2111.1577042267613
RUSSELL2000,30,2.25,1949.0736731003512
RUSSELL2000,30,2.5,2012.1203270465314
RUSSELL2000,30,2.75,2186.371445684298
RUSSELL2000,30,3.0,2452.625551468612
RUSSELL2000,30,3.25,2437.478764201685
RUSSELL2000,30,3.5,2275.072666427605
RUSSELL2000,30,3.75,1730.2890985512788
RUSSELL2000,30,4.0,1430.2103602608026
RUSSELL2000,30,4.25,1532.554847489251
RUSSELL2000,30,4.5,1441.5183822192685
RUSSELL2000,30,4.75,1472.159371377242
RUSSELL2000,30,5.0,1516.8271317415629
RUSSELL2000,31,0.0,2000.0
RUSSELL2000,31,0.25,1831.4825004864845
RUSSELL2000,31,0.5,1978.758197171715
RUSSELL2000,31,0.75,1845.4846392447748
RUSSELL2000,31,1.0,2179.263223319908
RUSSELL2000,31,1.25,2086.265457681615
RUSSELL2000,31,1.5,2251.528404900204
RUSSELL2000,31,1.75,2517.713938521393
RUSSELL2000,31,2.0,2835.8432408887493
RUSSELL2000,31,2.25,2850.6019335501155
RUSSELL2000,31,2.5,2722.7547886079337
RUSSELL2000,31,2.75,2612.6228538215096
RUSSELL2000,31,3.0,2578.6861320053026
RUSSELL2000,31,3.25,2637.301621301193
RUSSELL2000,31,3.5,2935.485674188151
RUSSELL2000,31,3.75,2857.3816355065333
RUSSELL2000,31,4.0,3134.8626591126217
RUSSELL2000,31,4.25,3654.844285681441
RUSSELL2000,31,4.5,3734.163046605875
RUSSELL2000,31,4.75,3148.237124834635
RUSSELL2000,31,5.0,4060.2949468545426
RUSSELL2000,32,0.0,2000.0
RUSSELL2000,32,0.25,2395.71296026485
RUSSELL2000,32,0.5,2307.207781030506
RUSSELL2000,32,0.75,2713.976523390272
RUSSELL2000,32,1.0,2782.2234903604262
RUSSELL2000,32,1.25,3064.3874749398806
RUSSELL2000,32,1.5,3428.434931591252
RUSSELL2000,32,1.75,4169.328266429923
RUSSELL2000,32,2.0,5227.8512684553
RUSSELL2000,32,2.25,4902.448294005725
RUSSELL2000,32,2.5,5231.1226233548905
RUSSELL2000,32,2.75,5935.438612899816
RUSSELL2000,32,3.0,5280.224122396088
RUSSELL2000,32,3.25,4986.238040363408
RUSSELL2000,32,3.5,4446.308728646396
RUSSELL2000,32,3.75,5478.319664636044
RUSSELL2000,32,4.0,5533.575407120035
RUSSELL2000,32,4.25,6487.326104726429
RUSSELL2000,32,4.5,5964.225225379932
RUSSELL2000,32,4.75,6812.374263732601
RUSSELL2000,32,5.0,6441.371956263444
RUSSELL2000,33,0.0,2000.0
RUSSELL2000,33,0.25,1769.1212683586818
RUSSELL2000,33,0.5,1682.9439840815207
RUSSELL2000,33,0.75,1631.5989244277566
RUSSELL2000,33,1.0,1432.1311703614988
RUSSELL2000,33,1.25,1391.8623888669076
RUSSELL2000,33,1.5,1171.0528340047956
RUSSELL2000,33,1.75,1150.9630042576432
RUSSELL2000,33,2.0,1274.4559503115838
RUSSELL2000,33,2.25,1368.084781195546
RUSSELL2000,33,2.5,1399.7495184424854
RUSSELL2000,33,2.75,1293.2762790036847
RUSSELL2000,33,3.0,1266.777558016458
RUSSELL2000,33,3.25,963.1183596479493
RUSSELL2000,33,3.5,1055.871569591103
RUSSELL2000,33,3.75,984.6152236371944
RUSSELL2000,33,4.0,1022.1203145862012
RUSSELL2000,33,4.25,775.9442663201452
RUSSELL2000,33,4.5,819.987245849112
RUSSELL2000,33,4.75,761.6617490534246
RUSSELL2000,33,5.0,708.5723434973104
RUSSELL2000,34,0.0,2000.0
RUSSELL2000,34,0.25,2152.996359690473
RUSSELL2000,34,0.5,2047.3036110437658
RUSSELL2000,34,0.75,1577.172290285404
RUSSELL2000,34,1.0,1434.8914038992073
RUSSELL2000,34,1.25,1711.5068606889065
RUSSELL2000,34,1.5,1513.3992409654447
RUSSELL2000,34,1.75,1578.143899198662
RUSSELL2000,34,2.0,1620.5060010926384
RUSSELL2000,34,2.25,1524.1562335349493
RUSSELL2000,34,2.5,1697.934742815517
RUSSELL2000,34,2.75,1645.6712573726704
RUSSELL2000,34,3.0,1798.1070666259739
RUSSELL2000,34,3.25,2010.568357374573
RUSSELL2000,34,3.5,2532.763416949553
RUSSELL2000,34,3.75,2225.641778135966
RUSSELL2000,34,4.0,2316.973565113977
RUSSELL2000,34,4.25,2310.247376314892
RUSSELL2000,34,4.5,2297.6798475719133
RUSSELL2000,34,4.75,2436.352168396971
RUSSELL2000,34,5.0,2254.310816501094
RUSSELL2000,35,0.0,2000.0
RUSSELL2000,35,0.25,1990.9962407913463
RUSSELL2000,35,0.5,1748.783324012664
RUSSELL2000,35,0.75,1506.5208921223782
RUSSELL2000,35,1.0,1385.844214372861
RUSSELL2000,35,1.25,1637.967679872832
RUSSELL2000,35,1.5,1564.978209093181
RUSSELL2000,35,1.75,1912.640285626495
RUSSELL2000,35,2.0,2506.993158611987
RUSSELL2000,35,2.25,2285.549402563078
RUSSELL2000,35,2.5,2360.602236296681
RUSSELL2000,35,2.75,2758.3024148711593
RUSSELL2000,35,3.0,2405.996837513967
RUSSELL2000,35,3.25,2895.998825266052
RUSSELL2000,35,3.5,3292.022202608293
RUSSELL2000,35,3.75,3036.373823385335
RUSSELL2000,35,4.0,4261.308795849038
RUSSELL2000,35,4.25,4603.229918363073
RUSSELL2000,35,4.5,4325.755624772886
RUSSELL2000,35,4.75,3105.834466972208
RUSSELL2000,35,5.0,3100.6429205353415
RUSSELL2000,36,0.0,2000.0
RUSSELL2000,36,0.25,2393.692519521907
RUSSELL2000,36,0.5,2501.8057049435324
RUSSELL2000,36,0.75,2519.11385363975
RUSSELL2000,36,1.0,2120.0853002382887
RUSSELL2000,36,1.25,2230.554076356874
RUSSELL2000,36,1.5,1972.2904762382798
RUSSELL2000,36,1.75,2033.7744116194622
RUSSELL2000,36,2.0,2542.381433291266
RUSSELL2000,36,2.25,2616.3200101844786
RUSSELL2000,36,2.5,3104.496288217753
RUSSELL2000,36,2.75,2929.1353726993334
RUSSELL2000,36,3.0,3277.0322279084635
RUSSELL2000,36,3.25,3490.8176628950378
RUSSELL2000,36,3.5,2805.9087044755693
RUSSELL2000,36,3.75,2936.8324376419614
RUSSELL2000,36,4.0,3038.1819332394452
RUSSELL2000,36,4.25,3307.7683289860497
RUSSELL2000,36,4.5,3729.263815752023
RUSSELL2000,36,4.75,2737.795443291661
RUSSELL2000,36,5.0,3297.806928326837
RUSSELL2000,37,0.0,2000.0
RUSSELL2000,37,0.25,1906.908143293777
RUSSELL2000,37,0.5,1634.5965028117423
RUSSELL2000,37,0.75,1602.4733866773556
RUSSELL2000,37,1.0,1590.0395620103184
RUSSELL2000,37,1.25,1958.6069761557828
RUSSELL2000,37,1.5,2231.5577867683987
RUSSELL2000,37,1.75,2565.9082810826344
RUSSELL2000,37,2.0,3316.346037753486
RUSSELL2000,37,2.25,3615.020539811996
RUSSELL2000,37,2.5,4255.731530844409
RUSSELL2000,37,2.75,3915.5498812620376
RUSSELL2000,37,3.0,4047.8097509177965
RUSSELL2000,37,3.25,4314.01708135237
RUSSELL2000,37,3.5,4214.305068839214
RUSSELL2000,37,3.75,3794.962310525199
RUSSELL2000,37,4.0,4012.1696861541354
RUSSELL2000,37,4.25,3572.311151900628
RUSSELL2000,37,4.5,3864.8374648653185
RUSSELL2000,37,4.75,4285.1000830752555
RUSSELL2000,37,5.0,4127.940273525443
RUSSELL2000,38,0.0,2000.0
RUSSELL2000,38,0.25,1829.108553577723
RUSSELL2000,38,0.5,1885.1704756282236
RUSSELL2000,38,0.75,1921.664167136257
RUSSELL2000,38,1.0,1729.0052920054557
RUSSELL2000,38,1.25,1614.0993232128706
RUSSELL2000,38,1.5,1709.953950854776
RUSSELL2000,38,1.75,1799.6886361153138
RUSSELL2000,38,2.0,1704.8470332076488
RUSSELL2000,38,2.25,1743.3663568644722
RUSSELL2000,38,2.5,1665.2420458240979
RUSSELL2000,38,2.75,1481.7562492145953
RUSSELL2000,38,3.0,1411.782158482558
RUSSELL2000,38,3.25,1446.7985641360613
RUSSELL2000,38,3.5,1252.9693859763256
RUSSELL2000,38,3.75,1286.9236347897486
RUSSELL2000,38,4.0,1411.8656894061457
RUSSELL2000,38,4.25,1455.0238867424837
RUSSELL2000,38,4.5,1575.2828462021844
RUSSELL2000,38,4.75,1749.8182501925983
RUSSELL2000,38,5.0,1530.479660018948
RUSSELL2000,39,0.0,2000.0
RUSSELL2000,39,0.25,2149.446270208623
RUSSELL2000,39,0.5,2314.600398695788
RUSSELL2000,39,0.75,2282.165608877108
RUSSELL2000,39,1.0,1942.071645713353
RUSSELL2000,39,1.25,2497.607931552446
RUSSELL2000,39,1.5,3167.046067034262
RUSSELL2000,39,1.75,3285.261856034793
RUSSELL2000,39,2.0,3002.423253497688
RUSSELL2000,39,2.25,2722.1759736311737
RUSSELL2000,39,2.5,2348.800053672228
RUSSELL2000,39,2.75,2643.808444955932
RUSSELL2000,39,3.0,2548.161677883038
RUSSELL2000,39,3.25,2589.18130934539
RUSSELL2000,39,3.5,2201.087174803246
RUSSELL2000,39,3.75,2311.638728851374
RUSSELL2000,39,4.0,2201.31944513074
RUSSELL2000,39,4.25,1816.7473295254542
RUSSELL2000,39,4.5,1497.65765329955
RUSSELL2000,39,4.75,1517.7290915073702
RUSSELL2000,39,5.0,1493.133737245308
RUSSELL2000,40,0.0,2000.0
RUSSELL2000,40,0.25,2415.3556845456837
RUSSELL2000,40,0.5,2433.174233126666
RUSSELL2000,40,0.75,2293.5563994251884
RUSSELL2000,40,1.0,2249.447494019989
RUSSELL2000,40,1.25,2861.7345729685117
RUSSELL2000,40,1.5,2298.1435505699446
RUSSELL2000,40,1.75,2149.1989299311185
RUSSELL2000,40,2.0,2200.535325345952
RUSSELL2000,40,2.25,2483.7486074256494
RUSSELL2000,40,2.5,2349.204267902709
RUSSELL2000,40,2.75,2243.153624394927
RUSSELL2000,40,3.0,1982.6303587893296
RUSSELL2000,40,3.25,2022.0453541868385
RUSSELL2000,40,3.5,2273.074272535056
RUSSELL2000,40,3.75,2458.001005378893
RUSSELL2000,40,4.0,2658.6130641907544
RUSSELL2000,40,4.25,2607.494594261862
RUSSELL2000,40,4.5,2441.500405993887
RUSSELL2000,40,4.75,2064.969302042747
RUSSELL2000,40,5.0,1662.8940224118717
RUSSELL2000,41,0.0,2000.0
RUSSELL2000,41,0.25,2304.4686975190134
RUSSELL2000,41,0.5,2705.226859833793
RUSSELL2000,41,0.75,2588.5137476184586
RUSSELL2000,41,1.0,2842.9522123214288
RUSSELL2000,41,1.25,2827.092065933747
RUSSELL2000,41,1.5,3616.2030135058717
RUSSELL2000,41,1.75,3867.4627233662673
RUSSELL2000,41,2.0,4021.711554522703
RUSSELL2000,41,2.25,4513.427249571765
RUSSELL2000,41,2.5,4743.993430744471
RUSSELL2000,41,2.75,5128.990503309591
RUSSELL2000,41,3.0,5241.8697347242
RUSSELL2000,41,3.25,5178.17966023193
RUSSELL2000,41,3.5,5035.102420878649
RUSSELL2000,41,3.75,4380.86069769554
RUSSELL2000,41,4.0,5136.948959249007
RUSSELL2000,41,4.25,5250.3972358797355
RUSSELL2000,41,4.5,5056.081799774523
RUSSELL2000,41,4.75,3619.290957119085
RUSSELL2000,41,5.0,3498.1458970176495
RUSSELL2000,42,0.0,2000.0
RUSSELL2000,42,0.25,1569.3387734246444
RUSSELL2000,42,0.5,1386.1581585251747
RUSSELL2000,42,0.75,1199.2821110224427
RUSSELL2000,42,1.0,1110.272205451628
RUSSELL2000,42,1.25,1030.55727577652
RUSSELL2000,42,1.5,1020.1521781866819
RUSSELL2000,42,1.75,1002.7388424879844
RUSSELL2000,42,2.0,823.483859994082
RUSSELL2000,42,2.25,824.7404872871657
RUSSELL2000,42,2.5,753.8666449654801
RUSSELL2000,42,2.75,861.6521955297162
RUSSELL2000,42,3.0,952.3596827058323
RUSSELL2000,42,3.25,744.5813129726567
RUSSELL2000,42,3.5,711.4317290708168
RUSSELL2000,42,3.75,851.2434684512323
RUSSELL2000,42,4.0,782.3769758618721
RUSSELL2000,42,4.25,813.7493048853584
RUSSELL2000,42,4.5,929.4977151685194
RUSSELL2000,42,4.75,969.4559234333254
RUSSELL2000,42,5.0,1177.9532394917292
RUSSELL2000,43,0.0,2000.0
RUSSELL2000,43,0.25,1884.5341676223866
RUSSELL2000,43,0.5,1976.6506937867198
RUSSELL2000,43,0.75,2069.704617765101
RUSSELL2000,43,1.0,2012.3670073211008
RUSSELL2000,43,1.25,2017.9206821152081
RUSSELL2000,43,1.5,1569.1234229657082
RUSSELL2000,43,1.75,1550.5915758585948
RUSSELL2000,43,2.0,1538.516821282716
RUSSELL2000,43,2.25,1635.8142363674094
RUSSELL2000,43,2.5,1707.2299807858328
RUSSELL2000,43,2.75,2111.380539638702
RUSSELL2000,43,3.0,2339.0308154241216
RUSSELL2000,43,3.25,2056.1803871790935
RUSSELL2000,43,3.5,2149.5318663939183
RUSSELL2000,43,3.75,2408.686321116198
RUSSELL2000,43,4.0,2403.306599891345
RUSSELL2000,43,4.25,2802.4043204597556
RUSSELL2000,43,4.5,2288.7681185189804
RUSSELL2000,43,4.75,2439.777970734404
RUSSELL2000,43,5.0,2568.1256981473884
RUSSELL2000,44,0.0,2000.0
RUSSELL2000,44,0.25,1735.4060122129545
RUSSELL2000,44,0.5,1744.0837070113055
RUSSELL2000,44,0.75,1783.6369528605987
RUSSELL2000,44,1.0,1588.5403512184848
RUSSELL2000,44,1.25,1436.6393902011444
RUSSELL2000,44,1.5,1520.3934264432573
RUSSELL2000,44,1.75,1655.7004343635892
RUSSELL2000,44,2.0,1535.7029440000267
RUSSELL2000,44,2.25,1329.0660331901747
RUSSELL2000,44,2.5,1282.048573633239
RUSSELL2000,44,2.75,1228.8736638464989
RUSSELL2000,44,3.0,1228.0144299362978
RUSSELL2000,44,3.25,1415.0201958451455
RUSSELL2000,44,3.5,1160.4159469652484
RUSSELL2000,44,3.75,1044.0222935516006
RUSSELL2000,44,4.0,1192.9480209938245
RUSSELL2000,44,4.25,1374.8594025781224
RUSSELL2000,44,4.5,1521.1178617402834
RUSSELL2000,44,4.75,1922.6131869487083
RUSSELL2000,44,5.0,2057.4786260093624
RUSSELL2000,45,0.0,2000.0
RUSSELL2000,45,0.25,2616.4663710807954
RUSSELL2000,45,0.5,3086.3543166040713
RUSSELL2000,45,0.75,2867.108478645994
RUSSELL2000,45,1.0,2938.372718317197
RUSSELL2000,45,1.25,2698.75957782321
RUSSELL2000,45,1.5,2796.7393786823895
RUSSELL2000,45,1.75,2967.0621350144856
RUSSELL2000,45,2.0,3459.230204406383
RUSSELL2000,45,2.25,3062.7403121906827
RUSSELL2000,45,2.5,2992.559065162686
RUSSELL2000,45,2.75,3234.481557443994
RUSSELL2000,45,3.0,2887.2320725123095
RUSSELL2000,45,3.25,2980.5676039851014
RUSSELL2000,45,3.5,3236.270159722394
RUSSELL2000,45,3.75,3660.7654223110308
RUSSELL2000,45,4.0,3848.909239539869
RUSSELL2000,45,4.25,3110.7977130816757
RUSSELL2000,45,4.5,3412.6352448187818
RUSSELL2000,45,4.75,3458.409565159545
RUSSELL2000,45,5.0,3639.944468297306
RUSSELL2000,46,0.0,2000.0
RUSSELL2000,46,0.25,2017.7877694567142
RUSSELL2000,46,0.5,2123.2654970754547
RUSSELL2000,46,0.75,2254.171747757397
RUSSELL2000,46,1.0,2008.4688200324817
RUSSELL2000,46,1.25,1748.7270379549373
RUSSELL2000,46,1.5,1501.8487108810646
RUSSELL2000,46,1.75,1541.8905306190948
RUSSELL2000,46,2.0,1624.2912056562016
RUSSELL2000,46,2.25,1485.2788379190067
RUSSELL2000,46,2.5,1566.109999251001
RUSSELL2000,46,2.75,1820.3654126311542
RUSSELL2000,46,3.0,2140.9221271939455
RUSSELL2000,46,3.25,2284.433290469636
RUSSELL2000,46,3.5,2048.545829725944
RUSSELL2000,46,3.75,2180.1998910957927
RUSSELL2000,46,4.0,2179.090407658616
RUSSELL2000,46,4.25,2151.5669072169144
RUSSELL2000,46,4.5,2240.5697400905897
RUSSELL2000,46,4.75,2255.108328885831
RUSSELL2000,46,5.0,1760.9227928548232
RUSSELL2000,47,0.0,2000.0
RUSSELL2000,47,0.25,2257.154060996656
RUSSELL2000,47,0.5,2600.078789115271
RUSSELL2000,47,0.75,2361.8986370121893
RUSSELL2000,47,1.0,2279.0677501652617
RUSSELL2000,47,1.25,1995.4530686904766
RUSSELL2000,47,1.5,1941.864109138923
RUSSELL2000,47,1.75,1731.3848532692507
RUSSELL2000,47,2.0,1872.8695454540202
RUSSELL2000,47,2.25,1905.435763429483
RUSSELL2000,47,2.5,1835.3550315879254
RUSSELL2000,47,2.75,1791.4111677190729
RUSSELL2000,47,3.0,1465.7363708288294
RUSSELL2000,47,3.25,1475.267353517227
RUSSELL2000,47,3.5,1392.4603063708407
RUSSELL2000,47,3.75,1410.770265964096
RUSSELL2000,47,4.0,1484.7667193742457
RUSSELL2000,47,4.25,1521.1095988802658
RUSSELL2000,47,4.5,1682.5911451869035
RUSSELL2000,47,4.75,1682.8350686718563
RUSSELL2000,47,5.0,1615.9458710780707
RUSSELL2000,48,0.0,2000.0
RUSSELL2000,48,0.25,2426.2017852216395
RUSSELL2000,48,0.5,2649.0799034032284
RUSSELL2000,48,0.75,2323.9604751560164
RUSSELL2000,48,1.0,1940.0737114005753
RUSSELL2000,48,1.25,2027.9031055057565
RUSSELL2000,48,1.5,2469.2749441505584
RUSSELL2000,48,1.75,2746.470186147553
RUSSELL2000,48,2.0,2564.7731742838796
RUSSELL2000,48,2.25,2391.225783460874
RUSSELL2000,48,2.5,2480.9789917992302
RUSSELL2000,48,2.75,3096.654780942009
RUSSELL2000,48,3.0,2948.857995796038
RUSSELL2000,48,3.25,2390.322507392825
RUSSELL2000,48,3.5,1982.9725701945808
RUSSELL2000,48,3.75,2316.71758299233
RUSSELL2000,48,4.0,2266.185232873126
RUSSELL2000,48,4.25,2407.173740148818
RUSSELL2000,48,4.5,2804.3171093907963
RUSSELL2000,48,4.75,2390.0080220492514
RUSSELL2000,48,5.0,2367.609579701204
RUSSELL2000,49,0.0,2000.0
RUSSELL2000,49,0.25,2031.1652522292372
RUSSELL2000,49,0.5,1918.8775273340157
RUSSELL2000,49,0.75,1955.7962158043265
RUSSELL2000,49,1.0,2155.351983501061
RUSSELL2000,49,1.25,2516.4318406799484
RUSSELL2000,49,1.5,2587.3922001280885
RUSSELL2000,49,1.75,2154.3927985592068
RUSSELL2000,49,2.0,2659.8088336768187
RUSSELL2000,49,2.25,2145.237540998581
RUSSELL2000,49,2.5,2126.9660697678305
RUSSELL2000,49,2.75,2217.3164785494096
RUSSELL2000,49,3.0,1872.763894962943
RUSSELL2000,49,3.25,1743.1569135821544
RUSSELL2000,49,3.5,1988.469520569694
RUSSELL2000,49,3.75,2118.9732193248797
RUSSELL2000,49,4.0,1808.619560092648
RUSSELL2000,49,4.25,1788.2246119962144
RUSSELL2000,49,4.5,1501.2719441941256
RUSSELL2000,49,4.75,1362.4973386862641
RUSSELL2000,49,5.0,1158.5747857355623
