counterparty,time_years,path,exposure,hazard_rate,default_weight
Bank B,1.5,0,2399964.789690327,0.027081490692734526,0.006338284738373057
Bank B,1.5,1,3571115.26882876,0.023178321461459733,0.006780795913475579
Bank B,1.5,2,3214749.2383682155,0.02392160948091006,0.0064580570053138775
Bank B,1.5,3,4265053.098410355,0.054982749690391165,0.012127038626490894
Bank B,1.5,4,2196814.0793817313,0.02561844383218316,0.004757800901775133
Bank B,1.5,5,3630321.591427472,0.04060563928700577,0.010090135314756665
Bank B,1.5,6,2168989.709917032,0.027660321147006017,0.006108934728299875
Bank B,1.5,7,3243557.4001221433,0.022750676442072498,0.004777892217889046
Bank B,1.5,8,1534372.7968054027,0.032199694934987894,0.006519537489319327
Bank B,1.5,9,2210924.8820496453,0.02118081559933792,0.004966790219748662
Bank B,1.5,10,2389011.780103969,0.018541274073291245,0.005318364035607703
Bank B,1.5,11,4247660.438370974,0.025166158168021275,0.006966734970913824
Bank B,1.5,12,3858904.4218820506,0.03242110532753266,0.007193636606556586
Bank B,1.5,13,1590667.5145112574,0.028515703598638566,0.006830859135065093
Bank B,1.5,14,6466151.625273785,0.029782026366123565,0.005878236415073013
Bank B,1.5,15,4641245.995040006,0.02078020445786121,0.0061020237922485565
Bank B,1.5,16,6352610.293332417,0.03622922062807879,0.008312145812932825
Bank B,1.5,17,6950312.455725212,0.038447377386755105,0.007379369052178064
Bank B,1.5,18,778973.9948767776,0.03050244570783451,0.006563964090416929
Bank B,1.5,19,2922992.51662982,0.025614066564107824,0.006057420586889517
Bank B,1.5,20,313781.53130312247,0.04625717693447996,0.010754259925984666
Bank B,1.5,21,4810938.600487299,0.019080752580537586,0.005493219917733105
Bank B,1.5,22,3282097.2785789547,0.017409969168707764,0.0042262102319490236
Bank B,1.5,23,1742540.1236107098,0.02045701332809775,0.004930079675406818
Bank B,1.5,24,5314363.38289954,0.03630895776862546,0.00959976586024558
Bank B,1.5,25,1734320.6791419336,0.04814173305458823,0.01080656666921731
Bank B,1.5,26,4455872.087357282,0.051379506433287994,0.011162745410499775
Bank B,1.5,27,1059388.5642527496,0.042835948456342476,0.00956673672856978
Bank B,1.5,28,4314531.6019604765,0.02537683065713963,0.006309129907257072
Bank B,1.5,29,1317834.7174147638,0.023059052090476605,0.00642567951428441
Bank B,1.5,30,4494865.732209889,0.040185149530154826,0.010249315336791742
Bank B,1.5,31,2564098.7320593195,0.026687917439062583,0.006077840071336271
Bank B,1.5,32,1201973.8169363223,0.017882564557180045,0.00408384230824832
Bank B,1.5,33,2757095.8614400416,0.02636475093626169,0.0076469647277884745
Bank B,1.5,34,2570411.3862710213,0.017490803397152373,0.004208775086943062
Bank B,1.5,35,2089603.2513556397,0.02658444722260138,0.006873795452313924
Bank B,1.5,36,3091941.893995038,0.034635574983812784,0.008776976970614414
Bank B,1.5,37,1744629.3645690866,0.02420595931095107,0.007028397155171562
Bank B,1.5,38,798700.1576483133,0.023077411766238627,0.005914003970686532
Bank B,1.5,39,761405.2317384529,0.022410974107940435,0.005873128113717319
Bank B,1.5,40,843083.4060972962,0.023042708937125442,0.007531203448152501
Bank B,1.5,41,1372574.429897923,0.023940013789397432,0.00674575913600528
Bank B,1.5,42,3129316.6702750903,0.03929732773438934,0.008408878395353203
Bank B,1.5,43,4698365.1004255945,0.031270839948806126,0.007648397008850338
Bank B,1.5,44,845993.4701338455,0.01754450432430779,0.004671449769143132
Bank B,1.5,45,4067974.1052050316,0.04052245084986922,0.009637234875208067
Bank B,1.5,46,3294929.934785487,0.0210728570897662,0.00568549236725735
Bank B,1.5,47,1038833.9040217396,0.02756474248217189,0.005789172002268805
Bank B,1.5,48,5908330.256953303,0.02916282921376681,0.005461695453212401
Bank B,1.5,49,2431438.2344570835,0.026119320359603317,0.0069093826670861835
Bank B,1.5,50,189912.09853647338,0.029125778464194296,0.006994080028783767
Bank B,1.5,51,651415.4580785511,0.02499406585862103,0.004397424949967199
Bank B,1.5,52,5940418.555247569,0.012084052039731345,0.005260733590254474
Bank B,1.5,53,2440334.132806382,0.028419940434374766,0.0065753230666071305
Bank B,1.5,54,1952953.6722326805,0.029937583590755608,0.006345269467334713
Bank B,1.5,55,2684260.061003426,0.03593484418540719,0.007298744536557322
Bank B,1.5,56,2988224.293891332,0.03590139035182614,0.007215245142941584
Bank B,1.5,57,3202385.3487024973,0.03164158899317515,0.008691727392118542
Bank B,1.5,58,4484799.739059923,0.03404329399896817,0.007611095574457716
Bank B,1.5,59,3616262.160693491,0.02944826258681959,0.006214578663936932
Bank B,1.5,60,1121238.5788904973,0.026176745216919917,0.006547801135111775
Bank B,1.5,61,2295191.4901393154,0.016130556114265823,0.0034763471695939963
Bank B,1.5,62,3720721.571180303,0.0322956511489226,0.007221592045487668
Bank B,1.5,63,1775174.1124256323,0.03695593676394003,0.007244970172143872
Bank B,1.5,64,7309963.16581583,0.04490678995240086,0.00964992905264117
Bank B,1.5,65,3200416.4453158844,0.029499887467149148,0.006807826009895934
Bank B,1.5,66,1251192.4216270112,0.03913753333965392,0.0090596081877099
Bank B,1.5,67,613421.869729765,0.01723154424307444,0.0037264800466154657
Bank B,1.5,68,3018687.866767067,0.018612032689959826,0.005158867426969027
Bank B,1.5,69,3988629.4686410106,0.03595331106843417,0.007923348934107177
Bank B,1.5,70,0.0,0.026122588710558902,0.008440041370768703
Bank B,1.5,71,1123247.3919769935,0.02294009461229289,0.006486223046872186
Bank B,1.5,72,807932.5327936003,0.034567092530237584,0.007759966168327637
Bank B,1.5,73,750778.7524148423,0.02766422744774572,0.0076254399947986995
Bank B,1.5,74,2193700.4195195823,0.04375423659013576,0.009644223047060474
Bank B,1.5,75,5481375.760982828,0.028365375324971825,0.006027623179150954
Bank B,1.5,76,5823480.608808129,0.043782409051229626,0.010087158511189687
Bank B,1.5,77,1703457.897048002,0.03396427957905907,0.006960123435008958
Bank B,1.5,78,2665426.7470752564,0.027891928120678356,0.006432430061994121
Bank B,1.5,79,2242148.633705046,0.051280251597416976,0.01210870166382405
Bank B,1.5,80,3350444.3783479338,0.03799680188066993,0.007461253190005013
Bank B,1.5,81,864720.2360657607,0.02260121726568994,0.005811058640270317
Bank B,1.5,82,5131628.301345412,0.034181761530143254,0.007913151734652901
Bank B,1.5,83,3949333.0296859927,0.048101820576221095,0.011381205876469402
Bank B,1.5,84,2650695.832710231,0.029829089845706903,0.008036749578518743
Bank B,1.5,85,1402186.1402010773,0.03020726163578557,0.006346869299705071
Bank B,1.5,86,3058450.8242724156,0.03911481249592021,0.00936898907985706
Bank B,1.5,87,517281.05282297113,0.02432672367896528,0.005089708446436969
Bank B,1.5,88,0.0,0.0048511063775397885,0.00175924983984177
Bank B,1.5,89,2925159.957206485,0.030158399319050674,0.006529735798366576
Bank B,1.5,90,2488902.2953522885,0.016722674788235376,0.00418064362284265
Bank B,1.5,91,1894869.6081865989,0.022253009976285335,0.004603029482627474
Bank B,1.5,92,4491549.690014954,0.02574518887523068,0.006260196646979188
Bank B,1.5,93,2341851.311190649,0.030085009638887477,0.007265630069632434
Bank B,1.5,94,1111147.043403059,0.01625083009383669,0.0037139459372481642
Bank B,1.5,95,2807305.8158954866,0.02354642592185865,0.005575375378984115
Bank B,1.5,96,4025733.5314413966,0.038162882492812765,0.007735715197254134
Bank B,1.5,97,1796949.5115172397,0.02593312301296278,0.005584121902097339
Bank B,1.5,98,5663249.264085022,0.03242440108061325,0.007632126146194129
Bank B,1.5,99,1572708.2109341077,0.045659942848390575,0.010119080938869374
Bank B,1.5,100,2441760.723105909,0.017383258342129605,0.005962943121359809
Bank B,1.5,101,2781062.0206937697,0.035849598771323946,0.007412974765494629
Bank B,1.5,102,2875189.482911385,0.03014036116123001,0.007397411470903004
Bank B,1.5,103,2897514.6712863515,0.03891369866450141,0.00864152848022759
Bank B,1.5,104,2532339.0244134455,0.029388329133998695,0.006245056335865362
Bank B,1.5,105,839606.6000357984,0.020323871353517837,0.005095754179564538
Bank B,1.5,106,785663.8958560005,0.024468294894658446,0.004842051752398158
Bank B,1.5,107,5040819.909312712,0.01773729836319162,0.00405462325647632
Bank B,1.5,108,4379403.0733315,0.023871698780399696,0.005414105040152828
Bank B,1.5,109,580112.8267954051,0.016202299179843616,0.002789748246472934
Bank B,1.5,110,503833.15869268146,0.020208958735054947,0.005250378143324186
Bank B,1.5,111,1783107.189778186,0.022085541433672595,0.004773391290194717
Bank B,1.5,112,3933265.2009134796,0.035860190249461694,0.00784973058275762
Bank B,1.5,113,1295624.5043446594,0.029539614925930623,0.0069652537919767665
Bank B,1.5,114,5149320.015353397,0.04402645101748614,0.010191085091542873
Bank B,1.5,115,4044781.075708463,0.031488058811172864,0.007612953039307646
Bank B,1.5,116,4066545.479753246,0.04997572065369436,0.011192526308136164
Bank B,1.5,117,1939516.4547339873,0.026374876736813168,0.006200675816008916
Bank B,1.5,118,1904269.051280885,0.023847780501424495,0.0063270286042664825
Bank B,1.5,119,2978889.539698651,0.02361943008676695,0.0074366192712397305
Bank B,1.5,120,286020.46625963436,0.02781137964887459,0.00592481308639603
Bank B,1.5,121,1308818.5097528247,0.013329141826175804,0.003664096000557726
Bank B,1.5,122,4931261.100425445,0.029903279352178437,0.00754203820517152
Bank B,1.5,123,3430843.6814999566,0.046216654162011435,0.00941704391675069
Bank B,1.5,124,2090914.6166287598,0.030235417999134356,0.005951606145208066
Bank B,1.5,125,1159317.7048007173,0.043041157998923066,0.00939692221961197
Bank B,1.5,126,2745669.6393367383,0.025697266308487753,0.005088265855817897
Bank B,1.5,127,3695479.0350876558,0.037238318212036534,0.008306697658857165
Bank B,1.5,128,1428941.9821702621,0.02036837817534107,0.004313863520429839
Bank B,1.5,129,941388.0086248962,0.02645170047503506,0.00825391329047298
Bank B,1.5,130,5399996.073638828,0.021303346626378644,0.005507857677441552
Bank B,1.5,131,1025630.4338422103,0.030984272792016272,0.00689911162363821
Bank B,1.5,132,2083672.3000502032,0.01915291247476188,0.004339305997895226
Bank B,1.5,133,1609330.0370193592,0.01742907130261289,0.0036205251405042604
Bank B,1.5,134,2812631.3238944337,0.03016759745429226,0.00799490641059053
Bank B,1.5,135,1360880.9848317148,0.021135824662293697,0.006357740556551028
Bank B,1.5,136,1374461.024193503,0.03775390191612773,0.008061948198967328
Bank B,1.5,137,1064378.9219773156,0.02199181740561926,0.005941055088837022
Bank B,1.5,138,1192012.209371169,0.027720034541085157,0.007429788556989392
Bank B,1.5,139,3237231.8254051874,0.020791857685237725,0.005346788323673635
Bank B,1.5,140,2410452.4456452206,0.03484275739230231,0.009172678657869082
Bank B,1.5,141,2463502.082954094,0.04000996481784894,0.008641295645823721
Bank B,1.5,142,3982022.8932952466,0.02449169970994213,0.005866650633598147
Bank B,1.5,143,2320544.8667758014,0.016359252510748205,0.004247416183833175
Bank B,1.5,144,68954.14528934381,0.009083508254228281,0.002725095469277683
Bank B,1.5,145,3682564.4851481365,0.031259357560603156,0.007341846982886202
Bank B,1.5,146,1138955.3221462427,0.027340531836797733,0.00654556224463354
Bank B,1.5,147,4284115.224263693,0.04871244470771159,0.010930811195191237
Bank B,1.5,148,2724314.359106143,0.02974258156481485,0.006893053012548611
Bank B,1.5,149,1118293.8082362497,0.015561395363621338,0.005027786796102829
Bank B,1.5,150,5268370.88702501,0.0394075421056585,0.01093297467822496
Bank B,1.5,151,4708685.03663488,0.038167104046994166,0.008846175765139686
Bank B,1.5,152,5833182.130136071,0.020886625732767852,0.004857277890911282
Bank B,1.5,153,973547.3955528759,0.02209169387903182,0.006095744946583381
Bank B,1.5,154,1176439.7130137684,0.029516913212795017,0.00644748003338913
Bank B,1.5,155,2627091.696441052,0.014361549618930377,0.003651978721238347
Bank B,1.5,156,1806390.4760794751,0.02327819034752953,0.0067800929288986955
Bank B,1.5,157,1447188.80999409,0.03217299638401873,0.006958329645574968
Bank B,1.5,158,2855466.002731862,0.023420324639801947,0.007064840526190941
Bank B,1.5,159,1760101.23689843,0.014343120202613132,0.0038969329141766984
Bank B,1.5,160,4407572.768634518,0.035353118788055034,0.007685566776073238
Bank B,1.5,161,1867938.030045036,0.025991156137649147,0.005984790319686462
Bank B,1.5,162,4471242.8237120565,0.04452709317057886,0.011967542871308412
Bank B,1.5,163,2522682.6141679194,0.042806831146482885,0.011063088055161985
Bank B,1.5,164,1756759.5453307529,0.02888676404971898,0.0069086701608764844
Bank B,1.5,165,1480176.2583909808,0.026776179246378994,0.007246521508513126
Bank B,1.5,166,1761804.7122478678,0.02212800130687332,0.006709694373625674
Bank B,1.5,167,2480911.020278368,0.03793690614651093,0.00823741895036667
Bank B,1.5,168,0.0,0.02697907276998874,0.007257408787522901
Bank B,1.5,169,3108715.177749631,0.03262606846388423,0.007003266366697791
Bank B,1.5,170,2531042.963254457,0.021019611907050637,0.005236262362476762
Bank B,1.5,171,2582623.625589842,0.02490783880052894,0.005264032666751239
Bank B,1.5,172,1112800.1008950134,0.041281746343326015,0.008482067854814757
Bank B,1.5,173,2418867.0182170477,0.025340255785224003,0.0073473956485533565
Bank B,1.5,174,455056.18667587626,0.015103285139063302,0.004069373435358736
Bank B,1.5,175,741366.0254473875,0.02185189716210596,0.005581755506515407
Bank B,1.5,176,1489057.4887242275,0.03897006295936398,0.008930993415549371
Bank B,1.5,177,1827860.3793826266,0.03376876328243693,0.006944553180117885
Bank B,1.5,178,1313935.838740765,0.005875664384672304,0.0026091462399224774
Bank B,1.5,179,807169.1464205462,0.029268301690809573,0.005861333878386166
Bank B,1.5,180,1549173.3445485123,0.02693552610787838,0.007861265453389943
Bank B,1.5,181,4466169.381192364,0.03545202853113172,0.009419698524323228
Bank B,1.5,182,1999117.295971089,0.031497957804296525,0.007136029941785749
Bank B,1.5,183,4567681.253581892,0.03520947361336143,0.0077047377785388615
Bank B,1.5,184,0.0,0.019229156976308594,0.004011250492583773
Bank B,1.5,185,2278549.592913391,0.01828189392290438,0.003977839247077841
Bank B,1.5,186,2586107.0077479235,0.02931989981293841,0.006976937852347764
Bank B,1.5,187,4273645.218111279,0.0200804799732657,0.005415908246835799
Bank B,1.5,188,4942557.244553223,0.054936335121175225,0.012487518832051903
Bank B,1.5,189,3899718.228051253,0.018772135387255445,0.004714988352304883
Bank B,1.5,190,3910129.6761732083,0.04925152613764436,0.012277029867414524
Bank B,1.5,191,3385826.455303353,0.028356924765940476,0.006891809979303054
Bank B,1.5,192,1625338.8840707287,0.016710930479242533,0.004846586076236781
Bank B,1.5,193,3023584.951817352,0.030495681912860978,0.006854108614831933
Bank B,1.5,194,4804652.759345388,0.030998820455669828,0.007363266047085926
Bank B,1.5,195,2032959.7216265611,0.02177476428058826,0.0056160788792528615
Bank B,1.5,196,4022120.226052237,0.021098833045525664,0.005007026874479514
Bank B,1.5,197,2280788.1814064155,0.015197689183053116,0.004727384337720353
Bank B,1.5,198,729632.4522443792,0.021683160546565612,0.004746622858420979
Bank B,1.5,199,1592292.6864270954,0.023989139489039735,0.008338887160317388
Bank B,1.5,200,5204103.485309732,0.05045311745699242,0.010276186668358167
Bank B,1.5,201,343954.2387121152,0.023207729750726387,0.00592390954167632
Bank B,1.5,202,3589431.566766143,0.032062711634306816,0.00660404602510567
Bank B,1.5,203,337317.507394517,0.007101995716607818,0.00181028668218286
Bank B,1.5,204,264027.3931531308,0.02930858142588697,0.007077009643680077
Bank B,1.5,205,3006301.2345147864,0.012695783480445696,0.003541169173804759
Bank B,1.5,206,2246792.83749764,0.04196451210261996,0.0104042228720852
Bank B,1.5,207,4190101.7714220374,0.02090199458786241,0.004927875452176433
Bank B,1.5,208,5000739.218788543,0.019009764089921836,0.0041094342913845505
Bank B,1.5,209,3046542.822849944,0.016076009692198634,0.0038688894173962707
Bank B,1.5,210,804260.3780160574,0.033048869478191294,0.006816892174615785
Bank B,1.5,211,501390.62020209833,0.02410934396068392,0.005567679214952492
Bank B,1.5,212,0.0,0.01585793189778873,0.00385433153772341
Bank B,1.5,213,2765944.444086156,0.03442300614399977,0.0082058958824619
Bank B,1.5,214,1113551.1509572903,0.036128021401660604,0.009877861580854685
Bank B,1.5,215,1489361.2189423526,0.022950851338400417,0.004998971331677926
Bank B,1.5,216,650573.2320068341,0.019206274223121975,0.00635707569715116
Bank B,1.5,217,1783877.3789427122,0.01884350002154075,0.0046696391423658445
Bank B,1.5,218,5697816.649457057,0.0198047413637346,0.006363522799535226
Bank B,1.5,219,1446710.2250462556,0.023205700544063613,0.0043930361731118195
Bank B,1.5,220,1465433.934064843,0.027776541030313025,0.007140981103268218
Bank B,1.5,221,1185459.0500055435,0.03933641918243587,0.0077570993473468075
Bank B,1.5,222,4141852.670325137,0.04900237212335112,0.010581056589603954
Bank B,1.5,223,3534991.0227085603,0.031126471234099833,0.007233326618284686
Bank B,1.5,224,1906407.3658433117,0.02677781202594285,0.008248103158638664
Bank B,1.5,225,801388.4326697192,0.023996819914525246,0.006145417543420906
Bank B,1.5,226,0.0,0.01992550303925713,0.005743175241924137
Bank B,1.5,227,4519592.774082642,0.047614814740327464,0.011675140265087092
Bank B,1.5,228,1951659.8579643231,0.024996968939109708,0.0066827575362677916
Bank B,1.5,229,2431686.7376456317,0.03354208980950066,0.0072186894902870335
Bank B,1.5,230,1408587.1129139643,0.02576475504328118,0.0058350824392492395
Bank B,1.5,231,2062357.9978976185,0.02355313807998606,0.005907507693857061
Bank B,1.5,232,2396783.777181774,0.025288142346728083,0.00561592223383911
Bank B,1.5,233,5576641.367514795,0.03244973095966928,0.009493473222198845
Bank B,1.5,234,523321.892972023,0.014219536068133837,0.004069077901226903
Bank B,1.5,235,632176.7432551716,0.011755153855542759,0.003930804442170643
Bank B,1.5,236,0.0,0.01649224832712595,0.004550323578731863
Bank B,1.5,237,4490547.568420613,0.023430630882288292,0.006084118775156466
Bank B,1.5,238,2371436.072993929,0.018157800844335225,0.0035250585934542
Bank B,1.5,239,1935983.203761504,0.02166458595522756,0.005222061458922456
Bank B,1.5,240,1050214.834628831,0.03907221315280723,0.008832865404650336
Bank B,1.5,241,1644812.0521576668,0.027564590198751175,0.00824416693647756
Bank B,1.5,242,413943.94981895713,0.025273775130239002,0.005574602728903311
Bank B,1.5,243,2853851.1104179835,0.036893582561245294,0.007916998305634082
Bank B,1.5,244,3911512.752287758,0.028935326677639723,0.007760142339538256
Bank B,1.5,245,1243276.6195874484,0.028951521381577396,0.007272875280798674
Bank B,1.5,246,1279513.4814554127,0.03901522786541172,0.009428268247458127
Bank B,1.5,247,0.0,0.029837706432465402,0.007458080241238951
Bank B,1.5,248,2316662.5157901975,0.033624760404244995,0.007528405527984727
Bank B,1.5,249,1012528.0923153373,0.03164048060054539,0.007022350007934053
Bank B,1.5,250,2951133.4628365785,0.029012664894756898,0.006598043511631402
Bank B,1.5,251,1234191.537410085,0.021722849097372307,0.004869181795418842
Bank B,1.5,252,6640687.739352313,0.018003964030872004,0.004442080655852054
Bank B,1.5,253,562352.7691785004,0.020223402945284952,0.004633953718728878
Bank B,1.5,254,1078305.844966418,0.02166250566436231,0.004803437532738264
Bank B,1.5,255,3059944.8480847143,0.04005750383523563,0.009673511546260505
Bank B,1.5,256,1883993.3375264078,0.007523629705155218,0.0025661844627716812
Bank B,1.5,257,4071868.694098383,0.037650416111519695,0.008666086878242107
Bank B,1.5,258,3703768.5290503423,0.035633079551781716,0.008611819758595263
Bank B,1.5,259,2441989.847049826,0.021246894406283037,0.00553764224257991
Bank B,1.5,260,991415.2041937023,0.027481646443174218,0.007505359891473162
Bank B,1.5,261,1698828.2206961485,0.030071254577032778,0.006018391792457223
Bank B,1.5,262,1915036.2973494043,0.017090928948479564,0.006423241029480664
Bank B,1.5,263,1261564.8674557006,0.03494730661822994,0.007382764569828781
Bank B,1.5,264,1856034.1681142158,0.031249202579109063,0.00677565078540987
Bank B,1.5,265,0.0,0.006676494063410643,0.0018238073809988542
Bank B,1.5,266,2121442.331393496,0.023803845981571488,0.0045641581414738175
Bank B,1.5,267,984505.6279095241,0.0251044752609634,0.0055196809675833736
Bank B,1.5,268,5914528.041415092,0.03243134241775285,0.007980568437108482
Bank B,1.5,269,2640296.3251806283,0.006798570980746765,0.00391925432034268
Bank B,1.5,270,1015739.993305539,0.02525591639864494,0.006013832686040166
Bank B,1.5,271,1856537.931002046,0.02891620658226168,0.007331958852696108
Bank B,1.5,272,1965961.93990102,0.01951150709968266,0.004104770835750227
Bank B,1.5,273,1673541.3657039558,0.009712739158270856,0.0035848829807737514
Bank B,1.5,274,1079491.0551173682,0.029349022036881812,0.006966053981145692
Bank B,1.5,275,1500332.7054420747,0.03227208048742803,0.007482717302117026
Bank B,1.5,276,1214024.4507106356,0.012276441762990576,0.0027080585058176787
Bank B,1.5,277,1653173.5067601518,0.01785938319875766,0.003793146100153799
Bank B,1.5,278,2415050.4229272977,0.04171023143546796,0.008431316671179467
Bank B,1.5,279,2195016.098533742,0.025778707557283898,0.008151394508817078
Bank B,1.5,280,3764572.0575592,0.028753851158739994,0.007303179547351268
Bank B,1.5,281,506448.8288508135,0.021695779331776827,0.004851445587184644
Bank B,1.5,282,4421287.911454495,0.02427797774983536,0.005661405016627596
Bank B,1.5,283,1395317.076091623,0.04663821074632158,0.0101467142410131
Bank B,1.5,284,4177582.156983728,0.027207745286652513,0.0053512084219539124
Bank B,1.5,285,56832.875987251595,0.014191919263649079,0.0037787481993112326
Bank B,1.5,286,6722303.747076965,0.04434982476570226,0.009646159562089363
Bank B,1.5,287,33711.685130452504,0.017608237049487177,0.004494881877632695
Bank B,1.5,288,1962704.2437170355,0.04061167341503758,0.009627533890500417
Bank B,1.5,289,1564812.4020270861,0.024026840764122086,0.0056137981937387504
Bank B,1.5,290,3213536.693558569,0.03750496380199254,0.00929437410901679
Bank B,1.5,291,2976380.864175723,0.03133183599475677,0.006973294650934991
Bank B,1.5,292,4170940.628992457,0.0467819251612268,0.0109451634864558
Bank B,1.5,293,901961.6424693501,0.014197537936115036,0.0029253612100463844
Bank B,1.5,294,3435231.496483353,0.0313927966983494,0.007453836816686321
Bank B,1.5,295,766555.8852797679,0.01729016599616747,0.0051130914221290125
Bank B,1.5,296,1336339.0669694592,0.026632157445050996,0.006950747217362774
Bank B,1.5,297,686957.5740366008,0.01904262755572124,0.004594423242856416
Bank B,1.5,298,956925.6008317464,0.021965766008809888,0.006427166328565881
Bank B,1.5,299,4304817.240219023,0.023838809637168053,0.005291230602358699
Bank B,1.5,300,4732584.53287528,0.04002405885635992,0.009002128755995042
Bank B,1.5,301,4464387.9817949105,0.031421731538056524,0.008544639638390028
Bank B,1.5,302,3184322.1637125267,0.021938818551984107,0.005169551019533758
Bank B,1.5,303,2096450.4018088134,0.04113357600977585,0.008417983805617202
Bank B,1.5,304,1221303.5702842642,0.02473929285750908,0.0057738627955062904
Bank B,1.5,305,3148977.27049581,0.026500094705956368,0.006558134047298103
Bank B,1.5,306,847522.9670801144,0.025946476258552217,0.0077697740674791405
Bank B,1.5,307,2117623.9068248584,0.026554670079438892,0.0071122225843839315
Bank B,1.5,308,2080322.1208685893,0.0353634636165653,0.007727384778716595
Bank B,1.5,309,1241247.1688050013,0.030604830787787862,0.007190975477431083
Bank B,1.5,310,2539787.670616263,0.036851810632257356,0.007942632676808503
Bank B,1.5,311,2023757.453889389,0.022375244576806237,0.007058630904077101
Bank B,1.5,312,1500470.0928813815,0.016660820895213268,0.003548238199061693
Bank B,1.5,313,1786733.0370327244,0.024983765189365806,0.006041507222054876
Bank B,1.5,314,4876712.591586528,0.026943598238483808,0.00715215732001373
Bank B,1.5,315,2331935.2419109554,0.030799281437013538,0.007067698233945818
Bank B,1.5,316,2972524.269748777,0.026830859519038668,0.008967787558284757
Bank B,1.5,317,971771.291157014,0.03420820982082577,0.009369511292149468
Bank B,1.5,318,5140625.548885261,0.02335593462881079,0.004450477012151621
Bank B,1.5,319,3671511.273717307,0.04714809206429265,0.011089404782970713
Bank B,1.5,320,1849004.8572540923,0.01851016562089912,0.0037051188483885333
Bank B,1.5,321,1222888.72407981,0.021038850225050074,0.0048961384559835786
Bank B,1.5,322,3636778.7771172756,0.0330226956549478,0.0071539691864185295
Bank B,1.5,323,2326786.7576395925,0.022401973235112636,0.004659497976474358
Bank B,1.5,324,4065991.2388283005,0.047467737546803564,0.011616228183981114
Bank B,1.5,325,2173638.889638338,0.022035061618233244,0.004597845482585572
Bank B,1.5,326,2277056.922954695,0.02830072031797886,0.0064723644287415505
Bank B,1.5,327,1997015.5770489953,0.049229889129810994,0.011467177654132965
Bank B,1.5,328,1836980.0724396165,0.03764648727328335,0.00867688806922351
Bank B,1.5,329,368165.88543282787,0.006419751980985361,0.0015081948734425588
Bank B,1.5,330,1222756.1894174444,0.03086329691804794,0.006482096771534884
Bank B,1.5,331,6078558.247423147,0.057153219437232894,0.012385744410088662
Bank B,1.5,332,3527146.8928162223,0.023424553012967978,0.0062079066131103255
Bank B,1.5,333,4800447.88325371,0.03617893442067099,0.008396321117655758
Bank B,1.5,334,1601457.8473243404,0.022256401466368793,0.005093971759092875
Bank B,1.5,335,5419338.5311398655,0.037536610813945034,0.008611545608083304
Bank B,1.5,336,0.0,0.03221051901221575,0.0072733956899379
Bank B,1.5,337,871748.2411301762,0.02051410675465718,0.005604347092306616
Bank B,1.5,338,3251301.658523743,0.022017220948128743,0.004398458896135549
Bank B,1.5,339,972830.0618836317,0.036583166126068344,0.008418305000203352
Bank B,1.5,340,3506236.172921053,0.02521402879817852,0.006449907862650206
Bank B,1.5,341,2110754.635241304,0.023742328134206035,0.006865560148571648
Bank B,1.5,342,2531131.31316618,0.01928723262970752,0.005462804570314006
Bank B,1.5,343,2410587.469899752,0.02194070269330421,0.005126939647103201
Bank B,1.5,344,4449285.838564655,0.03776825169135205,0.009290886414020538
Bank B,1.5,345,6202159.8629205655,0.03325060414878364,0.007061118025081692
Bank B,1.5,346,1997899.3506522756,0.030617912158387425,0.00822795840326096
Bank B,1.5,347,2972670.6046154583,0.03224327407329069,0.00668265687243097
Bank B,1.5,348,1819541.6372187252,0.018070867310895515,0.003836512087347921
Bank B,1.5,349,5290020.7190163955,0.03396940802450413,0.00759808478645152
Bank B,1.5,350,2349560.676331536,0.02546676930450795,0.005499761936763603
Bank B,1.5,351,5542916.318423436,0.05471036746301973,0.012450156932750645
Bank B,1.5,352,4326351.113509364,0.039925844083611974,0.008594335690383037
Bank B,1.5,353,2452735.583612247,0.01846879050923083,0.0041403936245062445
Bank B,1.5,354,4450798.805975095,0.038903681158866346,0.00946114860255065
Bank B,1.5,355,3124866.165843583,0.01913614639495115,0.0054713124575856975
Bank B,1.5,356,5258071.660767518,0.022765693051555062,0.00679572545068996
Bank B,1.5,357,321518.4956139097,0.01703309931258289,0.004096433224886398
Bank B,1.5,358,4189128.733486917,0.025379268203375847,0.00618925518943636
Bank B,1.5,359,2091825.655192946,0.025157491914974933,0.005746201613357149
Bank B,1.5,360,3750198.8547303956,0.029483890353787505,0.007916169505595372
Bank B,1.5,361,2610065.779427807,0.03984684303197225,0.008013727691896455
Bank B,1.5,362,906737.0308032287,0.007397476173856665,0.0025226190217907396
Bank B,1.5,363,2403924.529251277,0.033624344728986726,0.00782562499432471
Bank B,1.5,364,2009605.8537664837,0.016273099948771373,0.0032272949597491607
Bank B,1.5,365,2941052.4596458278,0.021886442253822785,0.005000293933214661
Bank B,1.5,366,2447880.899772699,0.017073845036679438,0.0030358428124548364
Bank B,1.5,367,4750163.817484167,0.03243371709675622,0.008516546258375723
Bank B,1.5,368,1569679.3120949692,0.024148529625947508,0.008052780213888444
Bank B,1.5,369,1667704.558430782,0.030250410775840293,0.006274866381718258
Bank B,1.5,370,3111339.7544113058,0.037281290077110736,0.009446456837374329
Bank B,1.5,371,2654431.240567769,0.03843069077493672,0.009613718736792398
Bank B,1.5,372,4361505.942749843,0.02354676427714449,0.006251783208653938
Bank B,1.5,373,4432613.272208684,0.03234553179817232,0.007847474424929501
Bank B,1.5,374,808100.099143237,0.024357201972146827,0.006266292515499816
Bank B,1.5,375,5312460.766888119,0.024641520886512436,0.005593109632899829
Bank B,1.5,376,2547417.247908932,0.017450309109949838,0.00507920526961958
Bank B,1.5,377,2414985.2661588797,0.03107842671604742,0.006711955615495646
Bank B,1.5,378,232650.13916447642,0.02814328481237281,0.006482552279489795
Bank B,1.5,379,1013084.1871796517,0.03683851610613095,0.008078559268032692
Bank B,1.5,380,2958547.21912311,0.02800848496913723,0.006501588876246744
Bank B,1.5,381,1049389.3129337314,0.01707549984483503,0.003638403445370031
Bank B,1.5,382,1164362.726727129,0.024322163959572304,0.006386402994786322
Bank B,1.5,383,4702040.425814714,0.06353219329632848,0.013776409115373367
Bank B,1.5,384,1456326.8830926747,0.014377518064472036,0.003977156074984833
Bank B,1.5,385,1331754.0950223259,0.03524424560880971,0.008387950157911939
Bank B,1.5,386,1555118.227676954,0.027284744855339084,0.0070426790002459105
Bank B,1.5,387,4464660.203644857,0.03453001433493986,0.008083396130082354
Bank B,1.5,388,5907555.063441183,0.04373416780210445,0.012082767236406333
Bank B,1.5,389,1402652.1835629519,0.02793183182201369,0.00619807317087695
Bank B,1.5,390,4770484.976427155,0.032236949228765036,0.00715099739293823
Bank B,1.5,391,1089301.445043784,0.028682677378690204,0.005727352026265287
Bank B,1.5,392,4610951.280632963,0.04559683293087792,0.011683234870146997
Bank B,1.5,393,2717039.537332475,0.028227635551721204,0.006083596717876172
Bank B,1.5,394,795105.6015863382,0.02218467428499575,0.00516331706260309
Bank B,1.5,395,2690592.568803058,0.02226640307502921,0.005884936008508923
Bank B,1.5,396,6200562.711608993,0.02503064973764941,0.00605536249529659
Bank B,1.5,397,4284518.066627022,0.010338634900676802,0.0030137871563227225
Bank B,1.5,398,4752076.540459999,0.033715250892371644,0.0072715899991241395
Bank B,1.5,399,555735.0387021076,0.0128726900995293,0.003210612906239807
Bank B,1.5,400,2767433.7118108086,0.021495971059881484,0.004959548384910195
Bank B,1.5,401,4334708.3557493305,0.0377062438366291,0.008157289496629083
Bank B,1.5,402,4303831.303805523,0.050660746131513945,0.013246003035609522
Bank B,1.5,403,919415.9893129967,0.022999871810209266,0.005489525412249896
Bank B,1.5,404,5014384.641767307,0.03094562313028031,0.008667214368162646
Bank B,1.5,405,1622730.655554323,0.025290930699264164,0.0062581347643798635
Bank B,1.5,406,694249.7771821229,0.0358300427335732,0.007609133992442563
Bank B,1.5,407,4232349.639891711,0.04505792844912106,0.009408791150945284
Bank B,1.5,408,5283154.835485888,0.041540003118055606,0.010150169764433836
Bank B,1.5,409,1350936.9919481291,0.037749368934000015,0.009242633192544258
Bank B,1.5,410,4714653.105098584,0.027258281019837786,0.007206128774033038
Bank B,1.5,411,5387632.477024816,0.016807647776953687,0.00406385232006623
Bank B,1.5,412,4043335.30529269,0.04341020626522686,0.009514608997453933
Bank B,1.5,413,3028099.7433780907,0.04006469538039656,0.00921855993235976
Bank B,1.5,414,2462694.8564057993,0.029298938820320863,0.007270037832338927
Bank B,1.5,415,2532788.8566597495,0.028468302957910446,0.007917938798491009
Bank B,1.5,416,3264518.4812086467,0.04244819247981983,0.009519529349284572
Bank B,1.5,417,1484094.522514312,0.030435927514110582,0.007502873270670896
Bank B,1.5,418,1620468.215894966,0.04716787894698216,0.009982078579007014
Bank B,1.5,419,3940966.143645482,0.04217901694709837,0.010226562424835994
Bank B,1.5,420,3686963.9553922806,0.023395576030799527,0.00491101607074651
Bank B,1.5,421,3613315.3380798567,0.029714769558943935,0.006872070954366261
Bank B,1.5,422,1440651.9948295734,0.029371535625637456,0.007642084785859593
Bank B,1.5,423,2536558.4240090195,0.012273476957064601,0.002987262850922545
Bank B,1.5,424,3863444.3381090574,0.02673948900327065,0.00649395180879897
Bank B,1.5,425,3313031.9932383625,0.05181241527709359,0.010882001548648157
Bank B,1.5,426,287141.5739000124,0.023509382774758836,0.005180143836538309
Bank B,1.5,427,927363.3928348939,0.0030641234905680343,0.0018790395420374972
Bank B,1.5,428,6153018.37324433,0.030183662722010875,0.006776662076884432
Bank B,1.5,429,822389.2208298638,0.018426803294034455,0.004830314650795864
Bank B,1.5,430,949500.9599284772,0.025378555021483583,0.0064768554419664115
Bank B,1.5,431,3108624.313571157,0.017741296484150952,0.0050729388784640506
Bank B,1.5,432,4104749.3722222727,0.034081900150524785,0.00924512126102739
Bank B,1.5,433,2527112.2429618766,0.03887598182803712,0.008594670196487297
Bank B,1.5,434,4199617.838302626,0.048058538126918404,0.010977016639771353
Bank B,1.5,435,5775212.268464521,0.032393412731528584,0.007871488876226795
Bank B,1.5,436,507068.0867840837,0.019558553949873925,0.0044130852415974475
Bank B,1.5,437,1853021.045454687,0.017114071693624503,0.00448599504123437
Bank B,1.5,438,2597302.518768004,0.026933171223170828,0.00501213182086524
Bank B,1.5,439,3959214.77858691,0.025585144701141524,0.007081182396873942
Bank B,1.5,440,2370390.097158599,0.018343830788941074,0.0048731241877141285
Bank B,1.5,441,682356.5126536903,0.017601834242515272,0.003891957352217479
Bank B,1.5,442,6821117.220122447,0.05717914907752853,0.012000370142771888
Bank B,1.5,443,1322770.7904918632,0.012125075758147726,0.0026778770013295983
Bank B,1.5,444,2945969.656579375,0.030337012749812983,0.00783029366981891
Bank B,1.5,445,3147345.538542269,0.0211174927639531,0.007171035245255197
Bank B,1.5,446,1191684.565297505,0.029316998475174647,0.007557528297581717
Bank B,1.5,447,2247620.89105461,0.031278098086941465,0.007164561155593718
Bank B,1.5,448,1565668.371258027,0.022871274221420462,0.005083523956028513
Bank B,1.5,449,2508050.0534744784,0.04103442950222129,0.010119138106987502
Bank B,1.5,450,2582463.9540900765,0.04667046788039339,0.009871878202149742
Bank B,1.5,451,682342.5308353559,0.029007699048588808,0.006216104523791066
Bank B,1.5,452,470432.1940605838,0.03868473414174937,0.009656682311076525
Bank B,1.5,453,1438123.4735676309,0.024170645561481997,0.0060840472743147744
Bank B,1.5,454,733742.3710807589,0.01921262877815564,0.005597567975349715
Bank B,1.5,455,1187950.017956915,0.01416045156393815,0.003055231043033735
Bank B,1.5,456,1414151.668468306,0.01795829475339772,0.006015607070164131
Bank B,1.5,457,3084889.7094310336,0.04016765340154802,0.008858726722676957
Bank B,1.5,458,1882765.863113037,0.03129705736784338,0.008316305344003627
Bank B,1.5,459,2987190.2532149637,0.03038376038507746,0.007094445783673908
Bank B,1.5,460,5172343.231585972,0.030031736727137617,0.006405354160866739
Bank B,1.5,461,3862833.0408321843,0.027949672671330233,0.0070002458708461335
Bank B,1.5,462,4257684.522686557,0.02693807786118783,0.006382644108186453
Bank B,1.5,463,2676260.480469643,0.021016284848019835,0.005771929879738624
Bank B,1.5,464,3112100.521470151,0.02883792557904985,0.007658674596174531
Bank B,1.5,465,1429050.494277622,0.025809296827782855,0.0063338992672944405
Bank B,1.5,466,1795647.23439435,0.020981872395822637,0.005184164790937862
Bank B,1.5,467,1713757.0107949665,0.025084843693553342,0.005430093006810632
Bank B,1.5,468,3205516.2184464075,0.035410475301486895,0.007325180008925125
Bank B,1.5,469,1903024.2960982271,0.023143927034570348,0.006178393936509763
Bank B,1.5,470,771774.430980855,0.01939940110192426,0.004204075374000915
Bank B,1.5,471,3285536.443127663,0.042192611633698945,0.01074872662496762
Bank B,1.5,472,805235.2332605968,0.029951921114538246,0.007068425678190549
Bank B,1.5,473,1308413.734918113,0.03659739960681962,0.007804294813490209
Bank B,1.5,474,2523632.9568369878,0.026241045549245237,0.00546073622497012
Bank B,1.5,475,1627946.9246412695,0.017779265543208404,0.004294967019540907
Bank B,1.5,476,3098144.050300237,0.037861033178949836,0.008895833232762884
Bank B,1.5,477,4102604.8031548746,0.021980787076146164,0.004870478778623233
Bank B,1.5,478,1471800.880933516,0.040071585170709176,0.007828726160622801
Bank B,1.5,479,3794536.835124422,0.030307421996567517,0.006316405899260413
Bank B,1.5,480,3802956.7730593886,0.017344697195672366,0.004867828927007656
Bank B,1.5,481,1154391.7318123812,0.018026087735956178,0.004112737735969096
Bank B,1.5,482,3026810.2595954607,0.03074476069991469,0.008294330232593516
Bank B,1.5,483,3201797.809071103,0.04536746050714447,0.010752007313057144
Bank B,1.5,484,3519355.531778773,0.03514333572748497,0.009481163888152788
Bank B,1.5,485,2591090.8922155625,0.02101131303130002,0.005575514758202393
Bank B,1.5,486,606372.961680021,0.021707761690404306,0.004672290967673631
Bank B,1.5,487,1388606.8865636422,0.03192932849259662,0.007299115458405114
Bank B,1.5,488,4071016.7411577227,0.01869347195576989,0.004778122084078573
Bank B,1.5,489,3259417.8659859425,0.04920053240755674,0.01076992674799826
Bank B,1.5,490,2084325.4505799548,0.015329369078933668,0.0035505996319701305
Bank B,1.5,491,3549264.370464618,0.024537243201079022,0.005500885685540857
Bank B,1.5,492,2896125.9781169714,0.03829691971435449,0.009421869520723547
Bank B,1.5,493,354828.8901307312,0.007531260347340181,0.0030436112356481138
Bank B,1.5,494,5349916.500748908,0.03976866440098244,0.010329628504268329
Bank B,1.5,495,876377.527390239,0.010868421465175807,0.003364498240493008
Bank B,1.5,496,3711938.9944199156,0.045692729984346765,0.009983584192463368
Bank B,1.5,497,1804613.9056307464,0.021245684250008844,0.004913521874135296
Bank B,1.5,498,2982680.569066323,0.02043082107116533,0.0042017916373155995
Bank B,1.5,499,5616601.080221029,0.03385067697735979,0.008423350426793763
Bank B,1.5,500,5211460.421331948,0.03452790462501236,0.00840254662550699
Bank B,1.5,501,2581573.8793944367,0.03965579305926074,0.00945699653935217
Bank B,1.5,502,1295512.7043042853,0.035411646798703025,0.008332206688355548
Bank B,1.5,503,1299728.5822371205,0.0392357913740918,0.008790934871251821
Bank B,1.5,504,4812256.8911651885,0.02655404402957195,0.008039691256774284
Bank B,1.5,505,2837800.2240688037,0.04200293438714737,0.009033313430736434
Bank B,1.5,506,2002848.9563104622,0.022579730289300673,0.006166414963932443
Bank B,1.5,507,3291613.1167560266,0.019434669092808398,0.006456053570240372
Bank B,1.5,508,1099068.011778048,0.03951606426501894,0.009252241914617598
Bank B,1.5,509,4247684.9498741105,0.04797756033233484,0.01064246892991183
Bank B,1.5,510,2200730.123624118,0.021430788534524944,0.004543030806446247
Bank B,1.5,511,54168.53683149985,0.016171383424470102,0.0034957653717183623
Bank B,1.5,512,3280230.3289703378,0.028861015731187923,0.006208869434943476
Bank B,1.5,513,1873977.373073386,0.030499217168213442,0.007209873445275128
Bank B,1.5,514,1808071.8088278926,0.021860409249618996,0.006208719794504325
Bank B,1.5,515,2282368.1442035553,0.019929734297264592,0.004700276829348704
Bank B,1.5,516,845160.892807228,0.03856211528948909,0.008946135834318358
Bank B,1.5,517,4733136.666292188,0.039878309292736565,0.008999644633426618
Bank B,1.5,518,1227200.7918261562,0.025018347081936117,0.005673242034215709
Bank B,1.5,519,6352188.856453381,0.041227492347905584,0.00849417760592952
Bank B,1.5,520,2163923.166992414,0.020588903914397584,0.00639128283821766
Bank B,1.5,521,5463848.949696487,0.03667813003813676,0.008153613882591615
Bank B,1.5,522,3400587.6536645866,0.011576165425843088,0.003027478252589866
Bank B,1.5,523,3089405.9765144656,0.03190250772618631,0.007527583085149114
Bank B,1.5,524,4914455.678506612,0.0459922707994356,0.011184063956558687
Bank B,1.5,525,3668325.8632867076,0.021707723427967233,0.004976894788343955
Bank B,1.5,526,3243106.175478366,0.03624214402009862,0.009551735724721011
Bank B,1.5,527,3551606.3249020153,0.03349032170875462,0.008130008018411239
Bank B,1.5,528,5225189.328526985,0.04539984913130097,0.010977684383281394
Bank B,1.5,529,2183668.688645016,0.027183820405127096,0.005866402235196744
Bank B,1.5,530,5943942.406436607,0.04263803992896818,0.008160251531604712
Bank B,1.5,531,1296246.344594548,0.016435504976233112,0.004003067771781721
Bank B,1.5,532,1903197.9811838851,0.021338707447947483,0.00454076395769043
Bank B,1.5,533,2079706.844196699,0.041512255901726317,0.008891373221639576
Bank B,1.5,534,2318058.6936835786,0.041269410033656834,0.010558066615554917
Bank B,1.5,535,1668076.9536398314,0.01176740126634632,0.0037956663170602978
Bank B,1.5,536,1329390.1386031962,0.02065270318507708,0.004123593473961629
Bank B,1.5,537,1397244.6096941833,0.022001172665454028,0.005849739949663535
Bank B,1.5,538,3946576.113302444,0.025013428108372048,0.007223094547075926
Bank B,1.5,539,2075647.4892493535,0.02086424640817951,0.00497111914256787
Bank B,1.5,540,3769224.0876664533,0.04206674011798066,0.010292490434345214
Bank B,1.5,541,2063169.269165637,0.0133692768163008,0.0029870031759450244
Bank B,1.5,542,504833.23884563614,0.013132262946859262,0.003073157659159609
Bank B,1.5,543,1039065.514160092,0.023072224950415245,0.0067101793308754765
Bank B,1.5,544,1319771.7456364082,0.025931975973069597,0.006798812102105423
Bank B,1.5,545,2726749.5628180406,0.03152413421589772,0.007145625269719957
Bank B,1.5,546,1315268.597871999,0.040284045177620215,0.008666793523423588
Bank B,1.5,547,412604.11322882073,0.02963671527636809,0.0073607116417415686
Bank B,1.5,548,2032586.0992643635,0.031638460970261274,0.0068402321808886946
Bank B,1.5,549,2432215.564396063,0.017278294370094177,0.004350557030854851
Bank B,1.5,550,2551170.9224171713,0.02895870341499563,0.0066420962151962915
Bank B,1.5,551,859112.6935253693,0.032950023084875435,0.00714181371890521
Bank B,1.5,552,5127515.622210557,0.02850787234296457,0.005384817072798587
Bank B,1.5,553,4039899.5000378946,0.03406895767592741,0.009063676150744548
Bank B,1.5,554,1474112.0247912449,0.02763388868258126,0.006535205047007442
Bank B,1.5,555,102529.54408046529,0.02054036086035994,0.004780186515377927
Bank B,1.5,556,1823961.9825502245,0.020904859064632523,0.004031530565716257
Bank B,1.5,557,1564359.721719749,0.019939926335329566,0.005522491391285578
Bank B,1.5,558,3418900.6988806557,0.02158454339100209,0.0043188557984544795
Bank B,1.5,559,2587423.593119742,0.032998734151147735,0.009219874588245802
Bank B,1.5,560,4313904.297459227,0.03532044866062175,0.009062253335661463
Bank B,1.5,561,1759644.4740344856,0.028230613883383517,0.006615765777749472
Bank B,1.5,562,1938279.4779359144,0.027313040704943902,0.006731529188600094
Bank B,1.5,563,593273.9920144067,0.01325337662819653,0.0032815423855172554
Bank B,1.5,564,5952467.03879407,0.04191894926429458,0.009169465410621136
Bank B,1.5,565,1907924.3708629464,0.027218325661351288,0.006740477182372695
Bank B,1.5,566,4671537.992729805,0.0324778154200122,0.007790821468813269
Bank B,1.5,567,1480728.145565911,0.025293912695481355,0.006086783994825984
Bank B,1.5,568,2812055.8082028604,0.03881174851695212,0.009376676062064604
Bank B,1.5,569,3554221.4861046076,0.01833886383256499,0.0041209624952724955
Bank B,1.5,570,3419004.6149371415,0.03879395612977861,0.01216698063116295
Bank B,1.5,571,1990051.8719086852,0.02847096383707572,0.007429098066977224
Bank B,1.5,572,1668009.5493745578,0.035145407513510446,0.008571018119376328
Bank B,1.5,573,4822646.09750917,0.06093098965395568,0.01403892432298215
Bank B,1.5,574,2067810.5369711649,0.01818745156366086,0.004971951765624261
Bank B,1.5,575,4728985.146206128,0.02448848507833868,0.0062057481675505954
Bank B,1.5,576,771560.7870551278,0.016202827879589203,0.00379877450037458
Bank B,1.5,577,2177325.152235745,0.04501149211781374,0.010451724881951452
Bank B,1.5,578,1446573.0409959753,0.014450008772014505,0.003705391823479287
Bank B,1.5,579,1761711.9275632808,0.03530969014093095,0.007523461655179031
Bank B,1.5,580,3718181.6376664825,0.016907560306507464,0.0033460865220114044
Bank B,1.5,581,3237262.8059131526,0.03455818719592883,0.007927108996550691
Bank B,1.5,582,3359579.4107901715,0.028975298020900025,0.007120654537773774
Bank B,1.5,583,1849270.4199648611,0.018184715233381818,0.005349660452876104
Bank B,1.5,584,903042.6264714501,0.015838957946241947,0.0047300647531768325
Bank B,1.5,585,2158697.005137877,0.02752688547132644,0.006886620600958571
Bank B,1.5,586,6031622.372804737,0.05300504195384359,0.011063438971571027
Bank B,1.5,587,5646263.880594718,0.04255071234671143,0.00959201780717156
Bank B,1.5,588,1973524.1055030264,0.02085249448558975,0.004893787610499634
Bank B,1.5,589,1673631.5840144914,0.026665846793341358,0.0055176269715336845
Bank B,1.5,590,3005248.610913058,0.02226392103087952,0.007265998641286409
Bank B,1.5,591,2822512.6104953517,0.021599775070474368,0.004969544837150397
Bank B,1.5,592,461049.7179375263,0.011533945312157486,0.0022788830770011925
Bank B,1.5,593,3363749.8531207396,0.029710668924834364,0.005732024191888674
Bank B,1.5,594,0.0,0.02142459239530952,0.006512065874258233
Bank B,1.5,595,2731978.3882915475,0.013453022584233514,0.0035915050152429684
Bank B,1.5,596,1551008.8351077181,0.03115131315536461,0.007601822466376196
Bank B,1.5,597,3359019.607215408,0.02438341018979537,0.006149552898923494
Bank B,1.5,598,2478061.420956417,0.020824680387568344,0.005034277620701411
Bank B,1.5,599,802989.0036758647,0.019674241757726627,0.005731900074001817
Bank B,1.5,600,2749716.9064962994,0.017967631049253766,0.0041281281931936364
Bank B,1.5,601,877645.4519228044,0.025177484958324486,0.00675899325836693
Bank B,1.5,602,2029205.0522846524,0.03793854220130871,0.009574824083740663
Bank B,1.5,603,2648497.1529855086,0.018816790229920586,0.00733500809571197
Bank B,1.5,604,5443400.156773828,0.023435113666687088,0.005101228226425669
Bank B,1.5,605,1727678.2995006416,0.036866743466694524,0.00801329167779774
Bank B,1.5,606,2702397.6081972294,0.018611356762397977,0.0034910144119402187
Bank B,1.5,607,3216763.420554797,0.025941744115794405,0.006889633447718868
Bank B,1.5,608,3524101.2697778447,0.020907190450230657,0.004228502540684298
Bank B,1.5,609,2049240.6949305227,0.031999588676159985,0.007859364916604217
Bank B,1.5,610,1713860.6473390823,0.029205503751313908,0.006763201599637503
Bank B,1.5,611,1978465.13908863,0.04930257154069433,0.011085266335208899
Bank B,1.5,612,1770483.7798915713,0.015876404916239737,0.00363830964448586
Bank B,1.5,613,1176338.270403183,0.019326534311493608,0.004758546460701285
Bank B,1.5,614,2667312.059365359,0.02719787929711694,0.005983512891891363
Bank B,1.5,615,4728051.456462725,0.029005568100444468,0.00653487694859467
Bank B,1.5,616,2874127.645201274,0.0272656901522491,0.006204044667942554
Bank B,1.5,617,1115492.6679589772,0.03496445355380864,0.007463235611514851
Bank B,1.5,618,193765.12876700464,0.03475464060807385,0.008075979638677233
Bank B,1.5,619,210359.38248812623,0.030943738260863524,0.006685328567458515
Bank B,1.5,620,1795219.7003516667,0.028983140457091126,0.006360177128168942
Bank B,1.5,621,3359347.0407100506,0.028239824064654508,0.006825363766770898
Bank B,1.5,622,664213.6198053682,0.017578822727782696,0.005116249103063186
Bank B,1.5,623,4161995.207926914,0.025922118628692273,0.00579181403108775
Bank B,1.5,624,1729433.631335833,0.04029470536716942,0.0077729753229032195
Bank B,1.5,625,2563628.170428253,0.019402334031769095,0.005101885241725279
Bank B,1.5,626,2910108.684543641,0.009477246370111532,0.003992693764235611
Bank B,1.5,627,2588782.8137121135,0.01553839610812484,0.005070615542374646
Bank B,1.5,628,914522.5818972924,0.02973243850158348,0.007221941454459202
Bank B,1.5,629,1843480.1009945679,0.030663256664480592,0.00654783943919468
Bank B,1.5,630,1113373.128501736,0.032618038273715316,0.008255747614149378
Bank B,1.5,631,1296849.2452064264,0.045251079948861316,0.009747962016464218
Bank B,1.5,632,2080340.1951875933,0.025466383363427193,0.005333801784761616
Bank B,1.5,633,566194.392363034,0.01650563823477934,0.003710782265512691
Bank B,1.5,634,1615684.989359942,0.031315341977727916,0.005856446694769368
Bank B,1.5,635,6363073.933083574,0.02236055935788403,0.0066797215902199
Bank B,1.5,636,833633.718381044,0.01959138075307234,0.004629297327946702
Bank B,1.5,637,3866042.9632179225,0.027792499554495007,0.006154577587782817
Bank B,1.5,638,5559772.897545048,0.016645991952226793,0.004195343394035045
Bank B,1.5,639,1488697.4917930425,0.023410776964331775,0.00613781150009729
Bank B,1.5,640,1369633.025462928,0.030006472281353825,0.005695086698846108
Bank B,1.5,641,1397765.3586901654,0.03312614907864915,0.00875194581298211
Bank B,1.5,642,4120448.58060836,0.04344017604167615,0.01061534458762281
Bank B,1.5,643,2682503.078958316,0.019881894859322582,0.004721794360535769
Bank B,1.5,644,3418255.8661263026,0.026972467487063792,0.007292211034777951
Bank B,1.5,645,6765041.864018441,0.030816661118887034,0.007060152414401388
Bank B,1.5,646,837019.6031172469,0.023905319921333813,0.006498366847804693
Bank B,1.5,647,2513810.7744632363,0.03440609453738801,0.007853040720213644
Bank B,1.5,648,5074939.310581135,0.03750936914380806,0.008473618821668971
Bank B,1.5,649,1372307.2026147856,0.02188857185958929,0.005778047576201928
Bank B,1.5,650,2204522.8536115247,0.03371890962463844,0.007855263815043423
Bank B,1.5,651,2786753.9371569934,0.02183867268847005,0.005612331812852256
Bank B,1.5,652,3040341.844403269,0.029452564117831703,0.008696501104319854
Bank B,1.5,653,616671.7598670907,0.03387359349089498,0.008611672782668167
Bank B,1.5,654,3222517.261892166,0.019044092543667197,0.0050615459832150655
Bank B,1.5,655,3192577.2803941555,0.037918518829023924,0.010870388724696145
Bank B,1.5,656,2387492.457207618,0.011148595533461415,0.0029800895017587647
Bank B,1.5,657,910705.0603560739,0.02645184196247509,0.005786817049509896
Bank B,1.5,658,2932226.3300348273,0.02158826288678178,0.0061095877932716425
Bank B,1.5,659,1615448.8483302272,0.03190704617785412,0.009420376766204441
Bank B,1.5,660,382297.6517577755,0.015045567175446542,0.003036231892964758
Bank B,1.5,661,2246293.7052816413,0.031639896241859325,0.007845333257255116
Bank B,1.5,662,2650255.8574861316,0.015596123496108498,0.00440956171555662
Bank B,1.5,663,907958.3620471129,0.015043778616849423,0.004042150187408056
Bank B,1.5,664,2177429.812700549,0.0222147198607315,0.006765992558439349
Bank B,1.5,665,2108062.2828108943,0.028881714468909046,0.006267006843193257
Bank B,1.5,666,678835.8327508342,0.03380154558120174,0.00715167398779093
Bank B,1.5,667,4298714.468784548,0.0341213726786414,0.007399238423847265
Bank B,1.5,668,1227542.0734533523,0.03077046789025107,0.007322440081259485
Bank B,1.5,669,357454.1825344483,0.012738920390606027,0.0037308922600125527
Bank B,1.5,670,2728790.387279442,0.0333305594872166,0.008623147155607858
Bank B,1.5,671,3241374.265377198,0.031254808904836257,0.007795355237301904
Bank B,1.5,672,2403924.931161791,0.02134680629512817,0.005183697724976288
Bank B,1.5,673,2118171.141923588,0.021732320423050865,0.005537435313782257
Bank B,1.5,674,4736656.562180555,0.03424832048964674,0.008139630813810417
Bank B,1.5,675,1745112.9748825654,0.02334630224729354,0.0057531084662683085
Bank B,1.5,676,3895018.4139213637,0.031117136180237363,0.006454072034997704
Bank B,1.5,677,2458785.299167786,0.022277896672181184,0.005757393875350236
Bank B,1.5,678,4019230.7896244484,0.024116052908887905,0.0067633588695069635
Bank B,1.5,679,3928450.5328052593,0.03540430550408139,0.00702717959807464
Bank B,1.5,680,5920152.751464693,0.04141743747365203,0.009373128518566531
Bank B,1.5,681,2847070.247919906,0.028173555097322885,0.006397227523412652
Bank B,1.5,682,3556108.0759343184,0.032471201799124244,0.008697153844905547
Bank B,1.5,683,1988394.5518812228,0.017088007073769944,0.004162460074566443
Bank B,1.5,684,1499552.767752171,0.024955514189801683,0.005555753738263114
Bank B,1.5,685,3914720.108040284,0.025935419084187172,0.0061200484779674325
Bank B,1.5,686,946223.4234812283,0.01202601503680771,0.0033225215342399528
Bank B,1.5,687,1755411.2384073958,0.04648804593611192,0.011176689144785978
Bank B,1.5,688,2331626.0465273056,0.029897027326882923,0.006959478278780296
Bank B,1.5,689,1766221.6735160076,0.026344514088684948,0.006798467811025666
Bank B,1.5,690,3027627.3784415345,0.01831769593651475,0.004878937399398375
Bank B,1.5,691,826929.3548783355,0.023609929387612937,0.0068860472594538535
Bank B,1.5,692,2722044.3632723284,0.040213256732199665,0.008611701131929994
Bank B,1.5,693,6337578.522380187,0.02091254789146072,0.0051945419156539385
Bank B,1.5,694,5145180.997632328,0.008090623869464998,0.002177038468034742
Bank B,1.5,695,4596550.587665135,0.0243729981171408,0.005180703496986516
Bank B,1.5,696,1921584.2330960706,0.019927829078998295,0.004638570360555927
Bank B,1.5,697,1650681.4398425738,0.01632216960362874,0.0042806695478407875
Bank B,1.5,698,5125241.737664321,0.02078359039285189,0.005391750250817395
Bank B,1.5,699,2862351.454162677,0.02877423699504481,0.0060371819790059345
Bank B,1.5,700,4915871.638670564,0.052663472968842086,0.011098162355932084
Bank B,1.5,701,3320492.30348258,0.03598898026578057,0.009190537067746862
Bank B,1.5,702,3535941.9646174526,0.016346929213105967,0.005843069579589133
Bank B,1.5,703,3252014.944654777,0.034042193715794505,0.007867202477715995
Bank B,1.5,704,3300420.9612870542,0.04944705905671005,0.010344658845023558
Bank B,1.5,705,2572475.0165018453,0.052549171587074964,0.011994851404905194
Bank B,1.5,706,2378964.26002202,0.024800529722057738,0.005449746292425894
Bank B,1.5,707,1657698.1063711918,0.03219340100776751,0.006887180285763406
Bank B,1.5,708,869568.2333428741,0.026406212488486052,0.006564423194801439
Bank B,1.5,709,1809114.2444506863,0.04440046337215721,0.009049793559975816
Bank B,1.5,710,3672176.4971249406,0.042435917666035015,0.010124481008710662
Bank B,1.5,711,3857541.3963213987,0.014782989448382902,0.004034879304581018
Bank B,1.5,712,658074.4899683687,0.024339968181177455,0.005448772720167305
Bank B,1.5,713,1134521.4493868626,0.02799054104369108,0.006506086551571921
Bank B,1.5,714,2429701.20795052,0.031120547050836545,0.008019271250137017
Bank B,1.5,715,3135232.822173463,0.029145990128865037,0.007921367230992349
Bank B,1.5,716,3075356.4748252956,0.0297095922320791,0.006481746896507157
Bank B,1.5,717,4482778.545495607,0.02482961657220405,0.006642106153865401
Bank B,1.5,718,1760238.7817131535,0.04797733395787758,0.01014049197035305
Bank B,1.5,719,2267125.038310381,0.02651851173741324,0.006511626835988049
Bank B,1.5,720,3994232.890765849,0.028937024745734185,0.007395863635864308
Bank B,1.5,721,2977193.70105618,0.04826309823473955,0.011775717894906834
Bank B,1.5,722,3780793.5044504898,0.03664839026199887,0.0093270264142159
Bank B,1.5,723,1569822.1441870295,0.016578119188280466,0.003158167778410048
Bank B,1.5,724,2016201.5409427742,0.03522314476868908,0.00903770544957938
Bank B,1.5,725,3892944.311958284,0.03258369829386468,0.007220643741710608
Bank B,1.5,726,6242244.551970142,0.042094809278930626,0.008343844284259383
Bank B,1.5,727,6154038.253411492,0.02185270004848109,0.005150288487874133
Bank B,1.5,728,1841080.8705285166,0.03901701380670772,0.01028564772837326
Bank B,1.5,729,1369692.9274592223,0.018343484189281316,0.004299403090438303
Bank B,1.5,730,8033963.25192613,0.04389191198288197,0.008523477022739812
Bank B,1.5,731,3200270.2523837877,0.02709239416978746,0.006488652981627818
Bank B,1.5,732,3423664.8037820216,0.02571528360839418,0.00689734707103451
Bank B,1.5,733,2292770.5641199243,0.027805277444230128,0.008305568292395926
Bank B,1.5,734,4020946.9218150456,0.01232228735763534,0.0027316383075868256
Bank B,1.5,735,3539054.0176222073,0.03403361604194612,0.008051216863280919
Bank B,1.5,736,2779650.3862087023,0.02803235294479415,0.007162290856795428
Bank B,1.5,737,4142360.426128296,0.030650359230874107,0.006941044399771723
Bank B,1.5,738,2023791.111490081,0.020539152678690695,0.0042518192477905
Bank B,1.5,739,2698243.7500216095,0.028339232950075077,0.007241585492373193
Bank B,1.5,740,1251611.4365157534,0.02159366453493882,0.004768919172967734
Bank B,1.5,741,3766548.7652634587,0.02106659387218452,0.004597922142287381
Bank B,1.5,742,711412.3424649131,0.02075073317340548,0.005024441973336513
Bank B,1.5,743,1607445.098512395,0.022936487219768917,0.005559484706172846
Bank B,1.5,744,673463.0840308805,0.027322379971923938,0.006691335370410223
Bank B,1.5,745,4934948.975963541,0.03740011383054801,0.008245975745826972
Bank B,1.5,746,4856311.956565867,0.02246003080163881,0.005874119151604074
Bank B,1.5,747,3706355.169130584,0.016735271756860855,0.004889353333276003
Bank B,1.5,748,1191642.5694411288,0.03253618550482569,0.008352965316110739
Bank B,1.5,749,2398062.203090853,0.010799086003717345,0.0026805836862864307
Bank B,1.5,750,1539256.2007471293,0.013304338557500956,0.003945712031678483
Bank B,1.5,751,3421095.751704359,0.02552133571736772,0.00669729676488251
Bank B,1.5,752,3067092.5298078423,0.029207390596008166,0.006854137365346458
Bank B,1.5,753,1733341.6788262818,0.028693132419619072,0.005403691222159335
Bank B,1.5,754,1643576.4614259312,0.020604955160232363,0.004985852313401984
Bank B,1.5,755,5057995.436645379,0.03676971464519961,0.007650274180228012
Bank B,1.5,756,3547737.1400095806,0.027974925287362604,0.005929565306745821
Bank B,1.5,757,2728991.6197363613,0.01828526188556235,0.005391336906235278
Bank B,1.5,758,4864854.613482514,0.04884104909307196,0.010704987489547624
Bank B,1.5,759,2315751.9655353716,0.02215143020956093,0.004830084460298756
Bank B,1.5,760,3828272.640716969,0.052902584796496066,0.012400340696859247
Bank B,1.5,761,1281524.926858555,0.020688220961379403,0.004169884713021932
Bank B,1.5,762,1529745.003290591,0.02524926357933873,0.006919284492764133
Bank B,1.5,763,1855276.2730499622,0.021961245323146243,0.005303403275473073
Bank B,1.5,764,5106227.484632489,0.03110116045507505,0.0077339079959399815
Bank B,1.5,765,6152981.992402701,0.044617599351531693,0.010793580678064907
Bank B,1.5,766,2608317.4688959215,0.01845404296744597,0.006242023190355939
Bank B,1.5,767,701171.611497171,0.019964314329471506,0.004145271121876792
Bank B,1.5,768,1151643.014084674,0.023368114648698552,0.005123149947475758
Bank B,1.5,769,5314564.836608032,0.03114401051718784,0.00793284660405591
Bank B,1.5,770,1651966.3379779877,0.01834531137624741,0.005111954414420139
Bank B,1.5,771,3078155.0525727416,0.01567877334888395,0.0028226885688208414
Bank B,1.5,772,1863776.1671776115,0.03332072723869003,0.006511944316786478
Bank B,1.5,773,2318412.6235153107,0.031772503460853946,0.00771303485970154
Bank B,1.5,774,3874389.134091806,0.020904146855973273,0.005086544309951591
Bank B,1.5,775,702107.1853084157,0.03583527039557401,0.00686032985748708
Bank B,1.5,776,2245603.2034935793,0.031973560169200846,0.008006797439795488
Bank B,1.5,777,5359895.145561249,0.0277777691998738,0.007337161934926506
Bank B,1.5,778,0.0,0.037557711063022844,0.008265277102992519
Bank B,1.5,779,1843347.83004958,0.029921957207677118,0.00652740254774653
Bank B,1.5,780,968044.156659028,0.025293635228657137,0.007183073634091541
Bank B,1.5,781,2181345.102481174,0.015157685968986426,0.005684205865318481
Bank B,1.5,782,1558779.1171967757,0.03363458232873423,0.008543318726484062
Bank B,1.5,783,5101252.42856978,0.073204184519268,0.015223953666433476
Bank B,1.5,784,3011087.088974172,0.03312707295120697,0.008672373418820545
Bank B,1.5,785,0.0,0.024844834750878522,0.0070834367047816205
Bank B,1.5,786,2384424.502557306,0.015855527518242728,0.0028128273102920875
Bank B,1.5,787,1153966.7957537044,0.012776887267697882,0.0033493061356387743
Bank B,1.5,788,5292333.864975857,0.03528243659423524,0.008755625127968125
Bank B,1.5,789,2663697.809885026,0.024684949659228676,0.005878428626119203
Bank B,1.5,790,1053028.9848303944,0.013789338787135364,0.002659933445558482
Bank B,1.5,791,1848232.9524223648,0.03237898608059794,0.007734605483156964
Bank B,1.5,792,1320351.8771320113,0.028043433844979596,0.007208180125139796
Bank B,1.5,793,4899887.733558313,0.027245259864058655,0.007024895723982683
Bank B,1.5,794,1140642.8405500613,0.029601786511715907,0.007408053315153262
Bank B,1.5,795,3721990.4106174484,0.03437919474233082,0.007714427050349193
Bank B,1.5,796,3168617.8606799087,0.027454208115190847,0.0060362516839341795
Bank B,1.5,797,804911.0659518213,0.019834922091240346,0.005206388538387952
Bank B,1.5,798,3736621.2442654176,0.047405772868096455,0.010756325152064816
Bank B,1.5,799,3816376.120514297,0.03076059674544403,0.00669291835439545
Bank B,1.5,800,5333193.3627001215,0.047465010158300534,0.012012776222884325
Bank B,1.5,801,2447246.866270791,0.013092692715561979,0.0030857325843464123
Bank B,1.5,802,2549527.7646281435,0.0333244998632906,0.008274060343289813
Bank B,1.5,803,6478642.863875066,0.05443423498013451,0.011588359653249669
Bank B,1.5,804,2271124.6710517923,0.05330428525475621,0.010980508350767804
Bank B,1.5,805,3769549.481844214,0.030583720898108294,0.00653203713569761
Bank B,1.5,806,1131030.3195582423,0.024178887492032,0.007188870411739656
Bank B,1.5,807,4921068.21378834,0.039537969490843955,0.009397590515697773
Bank B,1.5,808,2087757.7555345509,0.04515088217352618,0.00933153678706966
Bank B,1.5,809,4373134.2606667485,0.035474279254939865,0.008525624355686379
Bank B,1.5,810,1499435.2847361476,0.027165718454557213,0.007428467451447318
Bank B,1.5,811,2305290.417343674,0.02130767714386066,0.005390123558298376
Bank B,1.5,812,3079879.121738767,0.022457528677953094,0.00532290421403625
Bank B,1.5,813,2323788.9943234865,0.04038410965272498,0.01062383320500393
Bank B,1.5,814,5919807.692856118,0.03439718441853746,0.009233345519490621
Bank B,1.5,815,3280452.864158619,0.0365254759572617,0.00786062682349431
Bank B,1.5,816,678570.1818324388,0.025958454509992675,0.005341323758109917
Bank B,1.5,817,3166916.5492499326,0.02544131232167037,0.0068618806704136
Bank B,1.5,818,1799585.0450427227,0.04700228724703792,0.010901293733915907
Bank B,1.5,819,1798140.7527827616,0.052157522896600264,0.012767251302118643
Bank B,1.5,820,1263968.179277885,0.03095675587357219,0.007824243568296696
Bank B,1.5,821,3892603.595602359,0.030356215153876764,0.008171421817563362
Bank B,1.5,822,409811.16769381956,0.023757318570207346,0.005291032557661057
Bank B,1.5,823,1539124.5583216604,0.03198962711899567,0.00719426648586019
Bank B,1.5,824,1507011.1292543798,0.0327999999876339,0.006905171756251494
Bank B,1.5,825,1022142.7442756263,0.01933536418926414,0.004815984892002301
Bank B,1.5,826,1053751.0230049493,0.032377257730421515,0.007831332416582959
Bank B,1.5,827,2302006.601610413,0.03712944998256123,0.00848167208253936
Bank B,1.5,828,3205217.6271974253,0.04121967221497092,0.009729766260986206
Bank B,1.5,829,3830002.3401028616,0.013549992736970112,0.0024481577681647604
Bank B,1.5,830,1686711.0461070184,0.03334616727027747,0.008355582681302876
Bank B,1.5,831,1456572.5529866708,0.014351173592879164,0.0035969012063372663
Bank B,1.5,832,4199724.954478396,0.05728282680246489,0.014018358938101882
Bank B,1.5,833,3776827.559525946,0.0237061689175325,0.00694022042739062
Bank B,1.5,834,3731780.852285083,0.01726380552529048,0.004518635452084863
Bank B,1.5,835,3322142.5401475267,0.03214177827906274,0.0067025328555126995
Bank B,1.5,836,0.0,0.017056475450998178,0.0046160069304513884
Bank B,1.5,837,1458572.6827387088,0.0373582840259094,0.008052950136606118
Bank B,1.5,838,3050397.5231894697,0.05296248493729328,0.011456960667928673
Bank B,1.5,839,4171373.744903903,0.032023909025134294,0.008326911949002258
Bank B,1.5,840,2754667.3963951967,0.025702838210971548,0.0064229458357650815
Bank B,1.5,841,1879265.3827074354,0.01683239037641094,0.004557842782745181
Bank B,1.5,842,3713887.461459548,0.039793611946951676,0.008604738048678118
Bank B,1.5,843,2906795.316934617,0.022068804844452804,0.0068744123651264255
Bank B,1.5,844,2423749.3660751632,0.030026148486588338,0.007169779561223999
Bank B,1.5,845,1415749.849224729,0.013876166766039434,0.0035551434353936484
Bank B,1.5,846,2026396.5120706772,0.02326114145360709,0.005659569602263659
Bank B,1.5,847,1179027.9350091578,0.03378338420578994,0.008331353831770416
Bank B,1.5,848,932010.9841159906,0.008291652951984845,0.0014106397494609846
Bank B,1.5,849,667404.2469687143,0.0194057473005013,0.004712753585729645
Bank B,1.5,850,1192800.8459269537,0.01349167378355072,0.003568357566779201
Bank B,1.5,851,2932982.8638229473,0.013448256148462049,0.004250812848696328
Bank B,1.5,852,2798347.2490389952,0.03168476821085664,0.008566690390398368
Bank B,1.5,853,2046767.954733534,0.04572607004553088,0.010044571844585293
Bank B,1.5,854,790794.8225168949,0.017211644591697904,0.004687148545909348
Bank B,1.5,855,2289287.0960915885,0.023031901191033512,0.005488761958580279
Bank B,1.5,856,4265377.702214227,0.023116261900302183,0.0048059420659317675
Bank B,1.5,857,679849.7260994476,0.013551585912593277,0.002844276613939156
Bank B,1.5,858,1777918.3130749138,0.02432202334022479,0.005572240391724881
Bank B,1.5,859,2973648.624598329,0.02755256619828371,0.007635854037819079
Bank B,1.5,860,1231665.7275503026,0.01265912403324488,0.003115321242821989
Bank B,1.5,861,1660121.3462495578,0.010161866777533647,0.0037074687528126926
Bank B,1.5,862,2119706.751417125,0.028766361490989933,0.006501674974589644
Bank B,1.5,863,1533772.8279892718,0.04928517447218837,0.010491813082290191
Bank B,1.5,864,7471069.585778186,0.04371147546913447,0.009018010096849438
Bank B,1.5,865,2846693.3130003894,0.023155018934665095,0.004374676602165506
Bank B,1.5,866,2168754.1597891236,0.024352053483859146,0.005761185720239759
Bank B,1.5,867,1302385.3783956761,0.02972403824660512,0.006581276654968993
Bank B,1.5,868,1084741.7207232418,0.03193340439234588,0.00831449422524988
Bank B,1.5,869,4641862.665607572,0.03379834985528646,0.007479831886039068
Bank B,1.5,870,3413068.645464226,0.01966561916457607,0.006350082108455668
Bank B,1.5,871,974263.6683839364,0.024570714520674653,0.0077850127931438085
Bank B,1.5,872,2314095.043526485,0.025035725810630773,0.00531501786117039
Bank B,1.5,873,3906012.3847569535,0.02842395650688801,0.006540863269653974
Bank B,1.5,874,5519665.69283421,0.019044297922427143,0.005344138067243875
Bank B,1.5,875,5431972.918599505,0.0336691376084141,0.007995259612944672
Bank B,1.5,876,2401158.683613031,0.02506143738588785,0.005733994028752187
Bank B,1.5,877,861371.4682316281,0.031092249412801795,0.007781567113213539
Bank B,1.5,878,2966165.316029696,0.036434575299119094,0.009355304225469374
Bank B,1.5,879,3512511.070469154,0.027121537009582353,0.006409870201870338
Bank B,1.5,880,1816192.9212958224,0.0370437137533446,0.008514039778398264
Bank B,1.5,881,6169119.001300898,0.039525066147211775,0.009733619413162753
Bank B,1.5,882,5002486.558897063,0.03412555019978793,0.007068646038873361
Bank B,1.5,883,981641.6101117055,0.02062508996725192,0.005630237205623501
Bank B,1.5,884,2094196.557276174,0.029960271826975457,0.006079009928686596
Bank B,1.5,885,3089184.2818897655,0.035314219335724734,0.008508781039131108
Bank B,1.5,886,1736642.4750934865,0.025736968457330606,0.007532454228033614
Bank B,1.5,887,4263732.091932826,0.024984391051003172,0.005615446057442464
Bank B,1.5,888,3787319.1160010397,0.03675336431773971,0.008581312131422325
Bank B,1.5,889,1206030.5332952216,0.03209535094060992,0.00773878451233001
Bank B,1.5,890,2765068.362946058,0.02381262442573454,0.00527133922584011
Bank B,1.5,891,7012689.477658238,0.0377327399152382,0.008282131905425039
Bank B,1.5,892,3622449.510498289,0.033886603891848284,0.007073456446590631
Bank B,1.5,893,4526745.261889946,0.04098193372165861,0.010070799829668742
Bank B,1.5,894,544229.1999240577,0.01905485036586589,0.005375280401472504
Bank B,1.5,895,3202426.1089923484,0.017982378224711257,0.004510081112450104
Bank B,1.5,896,2444676.7268720735,0.03501129551930266,0.008923715339133609
Bank B,1.5,897,1751459.0356291784,0.012344050001584055,0.003380761576921354
Bank B,1.5,898,2847411.147981475,0.020589062311161782,0.005971983611405496
Bank B,1.5,899,1486554.4264841382,0.013141993303317279,0.0030011351653727036
Bank B,1.5,900,576073.128001457,0.036390296456401294,0.008810921399876825
Bank B,1.5,901,4099297.4921500892,0.04696616428224591,0.009155731712901738
Bank B,1.5,902,2257920.6989798187,0.04215604293260939,0.008057590720773056
Bank B,1.5,903,3169524.230204007,0.02488322740396662,0.006246012266168166
Bank B,1.5,904,1226768.1194342454,0.024484483170363835,0.005830778856006469
Bank B,1.5,905,3121805.22857643,0.029526177469035218,0.006892222417540506
Bank B,1.5,906,2217430.4906049506,0.02599711825163404,0.007207212825752651
Bank B,1.5,907,1306104.4436491465,0.030711595687263078,0.007621334171661109
Bank B,1.5,908,482929.3149149422,0.028033932787455123,0.006105828991001316
Bank B,1.5,909,930551.1030292345,0.01863686124170115,0.0055211983847420765
Bank B,1.5,910,3929853.8747010445,0.03027813340748273,0.008731062228252706
Bank B,1.5,911,1628587.5958921837,0.010160376664860244,0.0023716889458228474
Bank B,1.5,912,3228034.177253167,0.026913009440194986,0.00564332762273223
Bank B,1.5,913,4640140.2858582325,0.02560824443411131,0.00593473086166707
Bank B,1.5,914,1655437.2927916506,0.021944270255636698,0.005631751667950713
Bank B,1.5,915,1624045.5811490093,0.02542623228170007,0.005726521477362079
Bank B,1.5,916,468949.8798272546,0.023406974764349227,0.006827071388521344
Bank B,1.5,917,1930979.7680032873,0.049125490946636687,0.011318926369552784
Bank B,1.5,918,1374813.9436906383,0.03462879532706193,0.0066517090091042785
Bank B,1.5,919,1688762.8590991923,0.013545320768654282,0.004516167264008497
Bank B,1.5,920,2022503.6045480021,0.018074953518790276,0.004311785691619163
Bank B,1.5,921,2740321.138629062,0.02787524747901327,0.008048027660133572
Bank B,1.5,922,2349228.719145452,0.026036703444702568,0.0071999952119389254
Bank B,1.5,923,5143916.780434181,0.031177897083455676,0.007971632666307404
Bank B,1.5,924,2206249.012155549,0.01759630332039433,0.004979066989845515
Bank B,1.5,925,530069.8875767218,0.015569653789390006,0.003524216892978993
Bank B,1.5,926,3012104.894419678,0.04854939182227414,0.011668754627956801
Bank B,1.5,927,1519741.097634555,0.021592951014139702,0.006210395011944536
Bank B,1.5,928,2193017.5520032938,0.032567412007596455,0.007148040870699646
Bank B,1.5,929,2148869.7154321913,0.023116071749744522,0.005314496130787605
Bank B,1.5,930,5130076.324903417,0.06753252845029231,0.014568923024179559
Bank B,1.5,931,1843700.7703575273,0.027446248219844017,0.005855357260262872
Bank B,1.5,932,370937.1294023063,0.028649744073509693,0.0060693941810373575
Bank B,1.5,933,3498731.8022193853,0.041356404441148235,0.010680244882179002
Bank B,1.5,934,1419826.9307861498,0.04050062646073316,0.008308231292406765
Bank B,1.5,935,3246095.3677978907,0.03514330826511243,0.009205107589418504
Bank B,1.5,936,936354.3510227541,0.015422987666380755,0.004873365221384374
Bank B,1.5,937,1101662.049854104,0.022360167037748686,0.004276085729663759
Bank B,1.5,938,2733976.1189610795,0.041939648858980993,0.010503886420001995
Bank B,1.5,939,1037982.387715176,0.01916641818063218,0.005068982973710057
Bank B,1.5,940,2277438.2141774334,0.020033785575930465,0.00442211469786058
Bank B,1.5,941,1206191.479655503,0.00980177135301176,0.004469856360764357
Bank B,1.5,942,901107.8602506997,0.022585910538183034,0.005206107900544765
Bank B,1.5,943,4507076.7979435045,0.03180494307787381,0.007865933560148863
Bank B,1.5,944,550997.0573396797,0.048157736549736464,0.01135962859159334
Bank B,1.5,945,4402573.025141363,0.04999457554641021,0.01079067119981314
Bank B,1.5,946,993570.5190359285,0.016109555127497566,0.004948001830029192
Bank B,1.5,947,4033299.4108991805,0.03239072612368124,0.007832923837078676
Bank B,1.5,948,1836213.8989043739,0.0350947636542373,0.007224093639739082
Bank B,1.5,949,341609.425251221,0.023579723173287236,0.004717800408992501
Bank B,1.5,950,582677.8601394192,0.021132426989777714,0.004105701026286823
Bank B,1.5,951,879177.2575178496,0.025716692568538084,0.0067074454523631255
Bank B,1.5,952,4848422.275964631,0.017713740129875526,0.003726529084297936
Bank B,1.5,953,291499.88911114587,0.022527656041347887,0.005122203498461708
Bank B,1.5,954,4021513.547270122,0.029477275682776152,0.006309027158532321
Bank B,1.5,955,2472650.324238955,0.0383561749009869,0.009730546369806303
Bank B,1.5,956,1928196.3756059986,0.048374230501060926,0.010434649357636494
Bank B,1.5,957,604588.5107505352,0.03116944043106449,0.007084746176761025
Bank B,1.5,958,4289287.520413734,0.04527612456362889,0.010371691320351983
Bank B,1.5,959,1755772.4033152636,0.04044190805935785,0.009159988031498978
Bank B,1.5,960,1708204.2120734889,0.032187535415627994,0.009250102363172252
Bank B,1.5,961,3701586.8304747622,0.032238853755281655,0.007213284655248953
Bank B,1.5,962,7615994.147332875,0.03582793567646045,0.007874592374966793
Bank B,1.5,963,5157292.33783204,0.041023159833215944,0.009829271558397967
Bank B,1.5,964,1168352.4336151755,0.03079081703666022,0.006973885293045212
Bank B,1.5,965,645491.6579011488,0.02226727460826251,0.004359057478824702
Bank B,1.5,966,1751841.5398924178,0.023764599824046495,0.005308107367007708
Bank B,1.5,967,3673069.8149511972,0.047660960872892635,0.010956284027296648
Bank B,1.5,968,1103259.0327609505,0.0064049209144760085,0.001887847714944102
Bank B,1.5,969,2406704.429645816,0.032283523229700156,0.007133916751220104
Bank B,1.5,970,908883.2287244477,0.027293931911923863,0.008300549888706765
Bank B,1.5,971,1907422.3706317074,0.02709433542867739,0.006356742468957011
Bank B,1.5,972,6739819.341568876,0.017134514966630765,0.0037397321295968844
Bank B,1.5,973,1289269.3413112625,0.013923741015718449,0.002815337136553686
Bank B,1.5,974,4843251.518469762,0.026921850095243918,0.007881940903676887
Bank B,1.5,975,600611.106441273,0.019162210063815358,0.004259602081866598
Bank B,1.5,976,1925610.8698110534,0.023879251935056172,0.004547783239895797
Bank B,1.5,977,5759987.1411449155,0.027979136296108854,0.006978281957098154
Bank B,1.5,978,2610959.3307002806,0.035023273417019364,0.007965570463308813
Bank B,1.5,979,4459460.406314534,0.03110448823303834,0.007410999009672459
Bank B,1.5,980,1381065.6562676192,0.025575900848794,0.007037275503731899
Bank B,1.5,981,2148626.798292863,0.02113739689158934,0.0045817633719932305
Bank B,1.5,982,1921916.6076007462,0.03056567151767542,0.00770055607368525
Bank B,1.5,983,4342191.841186734,0.04965645559327874,0.010856937530025035
Bank B,1.5,984,3555312.3429342434,0.05869313671584067,0.011871372197516439
Bank B,1.5,985,2017792.3151110476,0.01666336026906496,0.004940535132183621
Bank B,1.5,986,927027.0609907683,0.0172196443070596,0.003490441819353096
Bank B,1.5,987,2661178.8308435045,0.017535453115962114,0.005026638807971828
Bank B,1.5,988,1683419.3531915909,0.021980912188478804,0.007091346519471187
Bank B,1.5,989,1779492.4121853705,0.024204371050211816,0.00622557396799972
Bank B,1.5,990,3057320.8870899538,0.046684573851246976,0.01205410763361947
Bank B,1.5,991,569619.7250921205,0.007992853283095987,0.003267619510934794
Bank B,1.5,992,0.0,0.01257652467910184,0.0041559534829779254
Bank B,1.5,993,5398914.258293456,0.05348099082276308,0.011518406548046811
Bank B,1.5,994,5573449.397667103,0.041116189351491444,0.010406564788790318
Bank B,1.5,995,659171.1828077931,0.02590267593041429,0.006640548952815406
Bank B,1.5,996,1632955.9315974596,0.022898200274591766,0.005861914645574506
Bank B,1.5,997,3922588.587611466,0.0392999358366889,0.01018894224570499
Bank B,1.5,998,977908.5561146263,0.024228884055022555,0.006571129986849167
Bank B,1.5,999,3888337.9976006565,0.018699890264784812,0.004522098276832587
Bank B,1.5,1000,1971191.2846633184,0.02079414280454483,0.006470313711330999
Bank B,1.5,1001,6117571.240283994,0.03472467846635703,0.008290695183530206
Bank B,1.5,1002,1747054.6224605057,0.019039222762153897,0.004689724434993381
Bank B,1.5,1003,598776.1137559537,0.014263752978812813,0.004296164276772707
Bank B,1.5,1004,6116452.2667994015,0.03701945669214286,0.00848752610596748
Bank B,1.5,1005,4423422.876928544,0.014376511484758037,0.003914914807423897
Bank B,1.5,1006,1728578.76146012,0.028311872274113716,0.005908222204290103
Bank B,1.5,1007,5561925.08362545,0.031472572813826705,0.00772090416805471
Bank B,1.5,1008,5819592.559256898,0.029776244274451275,0.006281869591338585
Bank B,1.5,1009,1655431.701694291,0.03134952979638671,0.00722957755817244
Bank B,1.5,1010,2142824.6105781063,0.02676671917665306,0.006869689621649355
Bank B,1.5,1011,7662759.134938868,0.052361436853281866,0.011461636884594228
Bank B,1.5,1012,4332582.296750829,0.047807672980437706,0.010448238917336816
Bank B,1.5,1013,3133331.445697225,0.043921865297408325,0.009761637157503666
Bank B,1.5,1014,2644166.5848401794,0.028966636708071418,0.007060196401013186
Bank B,1.5,1015,5142260.830567248,0.04137732897716707,0.008567864532871172
Bank B,1.5,1016,844904.1730987148,0.01961028038809616,0.0051282945969370886
Bank B,1.5,1017,1713208.8137621884,0.029058870474565048,0.007795934297826879
Bank B,1.5,1018,5756642.569359876,0.03920058252523556,0.008127074621119945
Bank B,1.5,1019,848858.3457524846,0.021323856464757384,0.005051005088491434
Bank B,1.5,1020,753785.8015659449,0.009877110814993838,0.0029176164789630477
Bank B,1.5,1021,1344526.3519381424,0.02685862331104518,0.007239800428686105
Bank B,1.5,1022,2637746.909531259,0.02678540458389938,0.006691256887608854
Bank B,1.5,1023,3394278.857181074,0.04616873756214603,0.011575358510689582
Bank B,1.5,1024,2469204.2372168745,0.03546405360255428,0.007435530859143835
Bank B,1.5,1025,761389.2422810238,0.017168171800255098,0.004370269691226003
Bank B,1.5,1026,4577324.074050199,0.021482705996143513,0.005694968768789277
Bank B,1.5,1027,60255.436211543085,0.007426276969442916,0.00344947568538001
Bank B,1.5,1028,691736.7750797127,0.035448769064733085,0.008216731613822525
Bank B,1.5,1029,2181807.7368678125,0.025875443926450914,0.005453679385119314
Bank B,1.5,1030,1244293.4135033605,0.027088942934610206,0.006907887793688561
Bank B,1.5,1031,1719074.1252843174,0.04773306630196511,0.010615381034685178
Bank B,1.5,1032,1599949.910322712,0.023727984317695166,0.006191379180361056
Bank B,1.5,1033,6163022.730299566,0.03260868959549573,0.007389008904299943
Bank B,1.5,1034,1265403.7620566199,0.040652278809437295,0.009935796586925227
Bank B,1.5,1035,3326898.761673241,0.01952006309468908,0.004078758797992688
Bank B,1.5,1036,3588135.2023517983,0.03788577715813462,0.007968089246470633
Bank B,1.5,1037,1242609.0896452987,0.018279276089228573,0.0048125292758333105
Bank B,1.5,1038,1285810.4907059455,0.033879230078401545,0.00829521047120474
Bank B,1.5,1039,2474794.035952848,0.034463315154084684,0.008324979175589942
Bank B,1.5,1040,2605343.560706873,0.03940611308130384,0.008497430785996962
Bank B,1.5,1041,4433459.783838074,0.02949069516677063,0.008171933488976713
Bank B,1.5,1042,1950670.9234838886,0.046402119942740266,0.010469384916047986
Bank B,1.5,1043,1790542.243737028,0.0175776136810851,0.005065639692733437
Bank B,1.5,1044,1312621.7252445961,0.01922138008165547,0.005417207782878797
Bank B,1.5,1045,2313269.4599444256,0.02385552660298693,0.00573644453499178
Bank B,1.5,1046,1481123.2231102888,0.02778546252583615,0.006291495756491128
Bank B,1.5,1047,2187873.9285069956,0.03012863551764088,0.007171566368116666
Bank B,1.5,1048,1527277.6285251158,0.017938152173779427,0.00578948181970107
Bank B,1.5,1049,782492.607770754,0.01544295552192877,0.003655420809347776
Bank B,1.5,1050,3381261.8810096732,0.03814674789787025,0.008924569860589426
Bank B,1.5,1051,3816436.2645247923,0.027470648027863052,0.0076074803337056185
Bank B,1.5,1052,3221649.404273347,0.03215191325376556,0.0076892134725516925
Bank B,1.5,1053,2442157.3978241887,0.010392078660170057,0.00192679702716958
Bank B,1.5,1054,2586065.67781629,0.030931375127897294,0.007931976477899005
Bank B,1.5,1055,2518305.529663624,0.024393406284987262,0.006220515074377708
Bank B,1.5,1056,585280.0534616212,0.01821568117548547,0.004033753732819334
Bank B,1.5,1057,3235391.3882912993,0.029149282126838427,0.0076517641824506155
Bank B,1.5,1058,1677468.6393377117,0.039983134319669975,0.008743488699654134
Bank B,1.5,1059,2353122.4401444327,0.04505542682240033,0.009674430708033532
Bank B,1.5,1060,3323876.1883175382,0.03067876112495143,0.007932914984083994
Bank B,1.5,1061,1367584.2520667585,0.016434899393299843,0.004885094385753241
Bank B,1.5,1062,2151745.525797463,0.014627973379370943,0.003558214862721676
Bank B,1.5,1063,4143289.858294514,0.03357498990450418,0.008052774651712169
Bank B,1.5,1064,4156724.8106112196,0.023916115597530544,0.006096481996693881
Bank B,1.5,1065,2857424.4067712817,0.025684165596470146,0.005462052112151561
Bank B,1.5,1066,1965138.2468110868,0.037029158001540975,0.009042698254355441
Bank B,1.5,1067,4490162.90796378,0.0372012007687873,0.008390697411027048
Bank B,1.5,1068,1173704.3811955513,0.01734941130441023,0.004064450015550114
Bank B,1.5,1069,5485389.721770163,0.05761157671112021,0.012143713590714422
Bank B,1.5,1070,1662192.025003078,0.022122378138401746,0.005832778332628408
Bank B,1.5,1071,2956952.7869942677,0.040597136984110556,0.009870366993189106
Bank B,1.5,1072,0.0,0.016325151443742567,0.004039650243994775
Bank B,1.5,1073,2964402.9415446906,0.046127786134037625,0.010112472705016806
Bank B,1.5,1074,4109005.4170383695,0.022961707527133942,0.006085754522060394
Bank B,1.5,1075,804257.0519986787,0.01653278888736907,0.004542645332674344
Bank B,1.5,1076,1992069.7115242775,0.02125823260678951,0.004629385093886551
Bank B,1.5,1077,2321648.486411934,0.029772736569053063,0.0066406302218272595
Bank B,1.5,1078,3326503.424938605,0.01945872273695575,0.006334030342216246
Bank B,1.5,1079,3865096.485908485,0.027444755651623586,0.006490271975759132
Bank B,1.5,1080,1340568.7301761513,0.02338530490503777,0.0053281320963477485
Bank B,1.5,1081,4577688.105362673,0.037513176468993985,0.010772022127169434
Bank B,1.5,1082,3751239.74916708,0.018161139100597076,0.004011338032249179
Bank B,1.5,1083,3434481.080334905,0.01926427971504542,0.005144016851254207
Bank B,1.5,1084,2608862.256539579,0.037037483961650124,0.007750395605882865
Bank B,1.5,1085,3574586.576740622,0.03254394700847447,0.006782859369677152
Bank B,1.5,1086,1138803.6514462503,0.03193478207610605,0.008018955783924753
Bank B,1.5,1087,2176597.9909126083,0.03243133833731037,0.007713124568720531
Bank B,1.5,1088,1858432.551986054,0.015521088179245643,0.0052420871385018275
Bank B,1.5,1089,3050315.8260632493,0.021634817135916726,0.004780081566801431
Bank B,1.5,1090,4546282.971899215,0.03626029249757263,0.007647255089160088
Bank B,1.5,1091,1651421.8895450807,0.027936020897481383,0.0075602966136120164
Bank B,1.5,1092,1054206.4969797996,0.028040186369561394,0.006266776981469047
Bank B,1.5,1093,4859217.513469446,0.0334964287836874,0.007627753641539559
Bank B,1.5,1094,1312705.3288610112,0.029649475069086627,0.00845933024235479
Bank B,1.5,1095,1351497.519600504,0.029955098559328673,0.006823373823055534
Bank B,1.5,1096,1983081.0613710699,0.014078528834816051,0.004669742462683368
Bank B,1.5,1097,1745537.818714876,0.033376788599689844,0.006731373100208327
Bank B,1.5,1098,4524890.922066275,0.022355401901114114,0.005110876838936074
Bank B,1.5,1099,3810684.0888646576,0.04630743103072567,0.010534567764649228
Bank B,1.5,1100,5278595.167814117,0.051505148355490166,0.009924130455162938
Bank B,1.5,1101,4364907.863206707,0.029736832777285786,0.006979619644150503
Bank B,1.5,1102,1257223.6830946836,0.027149596355572823,0.006244073540438433
Bank B,1.5,1103,1872983.023117501,0.033906992177416835,0.007659110257983381
Bank B,1.5,1104,5552892.139394288,0.027255979958350617,0.0058681073894349955
Bank B,1.5,1105,2589534.8309470494,0.026707293576335264,0.007374909487986248
Bank B,1.5,1106,3679597.6583174597,0.04145493667907354,0.00838831269146656
Bank B,1.5,1107,1328302.7344248907,0.022217113714094596,0.0049379028293567995
Bank B,1.5,1108,2450266.057577889,0.013570101063716368,0.0030524111647802776
Bank B,1.5,1109,2830726.706432198,0.01894191074674774,0.0050950843040876714
Bank B,1.5,1110,4876313.088968076,0.05020417691015934,0.011183558906873059
Bank B,1.5,1111,1569966.2211764525,0.019287488250105404,0.00490570059789186
Bank B,1.5,1112,2296267.407519159,0.03456226384778354,0.009080489539501468
Bank B,1.5,1113,2035517.555278168,0.03297069706471425,0.006527480284012843
Bank B,1.5,1114,1171454.7318238628,0.013910423100102242,0.003280199611432555
Bank B,1.5,1115,4914007.198508502,0.02899042750349717,0.005430933367995827
Bank B,1.5,1116,3663614.8695766455,0.035912972105171845,0.007284363114688719
Bank B,1.5,1117,1532366.691127624,0.02563401222122457,0.0070901599807650095
Bank B,1.5,1118,1061905.310377161,0.03737806177269428,0.007992711260664032
Bank B,1.5,1119,989249.3697529143,0.017687571672535155,0.004324263039775733
Bank B,1.5,1120,1550740.279727713,0.016576378696968326,0.0030219686243007082
Bank B,1.5,1121,835777.3716407812,0.015436567818471577,0.004259804441774873
Bank B,1.5,1122,1722715.4220258081,0.022538193114114632,0.005602612543375907
Bank B,1.5,1123,3415980.9587637084,0.04014870948959621,0.01055209692317205
Bank B,1.5,1124,3922914.0936940103,0.032516615430983234,0.007000591065525086
Bank B,1.5,1125,1955598.079250486,0.014275542522286572,0.0036023458887350923
Bank B,1.5,1126,1693201.005707288,0.038470276121707746,0.00975219250328252
Bank B,1.5,1127,0.0,0.026472548238241484,0.006121435721965662
Bank B,1.5,1128,3253272.8850037153,0.028367926678432853,0.006639585947698645
Bank B,1.5,1129,5061714.652534165,0.04131362968408806,0.009624615717231055
Bank B,1.5,1130,2796405.8855447057,0.07311740121109679,0.01692271873275375
Bank B,1.5,1131,862018.091200153,0.02774707078160464,0.006738924451045958
Bank B,1.5,1132,717639.1314450378,0.04469363455952696,0.00947527228956302
Bank B,1.5,1133,2320663.596534446,0.018735249104271906,0.003954638027676705
Bank B,1.5,1134,2807988.790152412,0.0173006189200091,0.003776079032980162
Bank B,1.5,1135,4662647.592775776,0.015689066471413785,0.005204972829895516
Bank B,1.5,1136,3897525.7224482,0.041390255702169226,0.009550820875653843
Bank B,1.5,1137,1186097.850925231,0.025368166039934945,0.005056882568915122
Bank B,1.5,1138,1644230.4237038475,0.03934245217405504,0.00953181788879709
Bank B,1.5,1139,1295822.7241396795,0.020856764161214323,0.004692008920870738
Bank B,1.5,1140,4187536.462040878,0.023449069256300956,0.006623065402387995
Bank B,1.5,1141,2594971.6303395336,0.04988356761407866,0.012204888539603886
Bank B,1.5,1142,3037718.585161009,0.036823811181562444,0.008365660022170651
Bank B,1.5,1143,3663636.540961904,0.029652897218825892,0.0061610397863505195
Bank B,1.5,1144,4355288.333215821,0.05574741841712095,0.011748919421330384
Bank B,1.5,1145,2139337.127633413,0.023001331545080134,0.004845377407487916
Bank B,1.5,1146,874258.7606126764,0.023622286676136216,0.0057734840099169515
Bank B,1.5,1147,602113.4862745554,0.01930835233205035,0.005095739940828903
Bank B,1.5,1148,3486807.013038473,0.026091665235294312,0.0061709061485344385
Bank B,1.5,1149,537141.308190247,0.017225032649384506,0.005508585819339884
Bank B,1.5,1150,2786195.775959025,0.02894188760990198,0.007047943303958526
Bank B,1.5,1151,2905200.709587045,0.023566707175323807,0.005466246411993669
Bank B,1.5,1152,891953.639048468,0.028302365712331645,0.006830267204904206
Bank B,1.5,1153,2290320.053399063,0.03325183714048008,0.008256961115928108
Bank B,1.5,1154,2711562.81853706,0.022669771781849025,0.004673152400900493
Bank B,1.5,1155,3636462.686299784,0.028138270475063065,0.00851248042005015
Bank B,1.5,1156,5122736.6751886895,0.018897718227295884,0.00335285648284378
Bank B,1.5,1157,2626488.8691299837,0.03235413094365064,0.007719295387929703
Bank B,1.5,1158,1944304.1406445615,0.014477737626895974,0.003644129711993571
Bank B,1.5,1159,3724015.7255846984,0.014453182572122553,0.004243432354055887
Bank B,1.5,1160,3629690.443432499,0.02903162662001825,0.007854864013418617
Bank B,1.5,1161,1261858.7977344112,0.04088501598090262,0.008928988874340016
Bank B,1.5,1162,2102278.853673735,0.029320466404625684,0.0065336499750655586
Bank B,1.5,1163,2796250.6827098704,0.02427425302707341,0.006567042069721474
Bank B,1.5,1164,2281453.2787507116,0.026799669095271983,0.0056444128145646255
Bank B,1.5,1165,4510356.275822264,0.04338010105401706,0.010018663673741712
Bank B,1.5,1166,990515.091102872,0.03392100110118144,0.00762621627715343
Bank B,1.5,1167,2441108.9449334433,0.03242968340354416,0.007576703949484509
Bank B,1.5,1168,1334544.2424177818,0.012790184254229387,0.004207810525354572
Bank B,1.5,1169,2048859.5946873259,0.04507544398168276,0.01069354592946925
Bank B,1.5,1170,2957614.5401291912,0.012345732715022553,0.003823636166310096
Bank B,1.5,1171,3796679.160468965,0.014885837587212151,0.0031308799347051774
Bank B,1.5,1172,620001.2103125274,0.012207739259282542,0.0037052812025037962
Bank B,1.5,1173,963933.8063806995,0.032589221118485,0.007194387107203437
Bank B,1.5,1174,2233708.562475862,0.03249016150720116,0.006276844663092751
Bank B,1.5,1175,4946919.538138191,0.027695861955446537,0.007502907572109918
Bank B,1.5,1176,3404092.05720893,0.025413387638246954,0.0059691369440033615
Bank B,1.5,1177,559295.9654978862,0.04633113354797391,0.010119326236425419
Bank B,1.5,1178,1070840.777584819,0.025007983186738837,0.006509105033346674
Bank B,1.5,1179,767424.9306274747,0.03270691983690549,0.008425033714621999
Bank B,1.5,1180,1554345.9663609401,0.027833266819090326,0.006133149769615209
Bank B,1.5,1181,4406400.5750676505,0.029682901463585154,0.00752378978619983
Bank B,1.5,1182,1087835.393259915,0.02829709536541811,0.006969263622370048
Bank B,1.5,1183,3125865.545475114,0.01344338910493655,0.003023794597350249
Bank B,1.5,1184,3118519.593215819,0.01943927727400914,0.0039148750877980865
Bank B,1.5,1185,1228905.4347134656,0.020317507308181305,0.005393716501960744
Bank B,1.5,1186,885758.9709996774,0.014229247783231567,0.0034602931025429218
Bank B,1.5,1187,3949678.789770401,0.034202619765444926,0.007901124556011663
Bank B,1.5,1188,7063910.5212116325,0.033531193140224305,0.006785573973747239
Bank B,1.5,1189,2066873.507696319,0.021788707263052022,0.005865421792275671
Bank B,1.5,1190,3315957.845298362,0.03577558270045053,0.008709661685961212
Bank B,1.5,1191,1633745.576238085,0.03108239235363007,0.00605289395412878
Bank B,1.5,1192,5199260.796355561,0.021811293740174015,0.005649448606207419
Bank B,1.5,1193,1662918.430528149,0.027903104905707847,0.006393282644202025
Bank B,1.5,1194,2905978.3953283536,0.023529804156562768,0.005598379161809719
Bank B,1.5,1195,3986963.153642717,0.050750526195620864,0.011314474551839093
Bank B,1.5,1196,1163664.9977153805,0.039841082710576466,0.00784309163507646
Bank B,1.5,1197,2420598.87679003,0.022354701799480656,0.006238823298430507
Bank B,1.5,1198,4195880.02900067,0.03058178345499627,0.006959702635774612
Bank B,1.5,1199,2361815.0721122567,0.033218909369428416,0.00838495942046491
Bank B,1.5,1200,872574.9253157876,0.008287530739220277,0.0024343415044049133
Bank B,1.5,1201,2622390.618844737,0.025658902987160517,0.006563125020909721
Bank B,1.5,1202,2742507.7732220124,0.028180699136931324,0.005676530314803752
Bank B,1.5,1203,1322948.7709637547,0.022173122513182278,0.004882443765153677
Bank B,1.5,1204,4586297.498922106,0.02652324406664529,0.006162867472995881
Bank B,1.5,1205,1603880.5954088438,0.022485651856567562,0.005432381228953509
Bank B,1.5,1206,2411666.832140208,0.021417597625432324,0.004694539308097934
Bank B,1.5,1207,5915822.533314646,0.05704659994868785,0.014196327108824791
Bank B,1.5,1208,1155999.2510814758,0.03217989212877436,0.007884222919792627
Bank B,1.5,1209,5223975.213370752,0.032161089615577974,0.007810574124923142
Bank B,1.5,1210,848274.4762265724,0.033357888946687696,0.0068506829115179135
Bank B,1.5,1211,7369151.307501283,0.03851434678954982,0.008254900753832284
Bank B,1.5,1212,4419778.000445358,0.032502641058026346,0.007974407688353669
Bank B,1.5,1213,3917906.5080658626,0.02441783764585735,0.006130364769902807
Bank B,1.5,1214,1712320.3113840194,0.046162770652990556,0.01056191365306658
Bank B,1.5,1215,3584578.2747887736,0.04419411352119064,0.009480484055229055
Bank B,1.5,1216,1631346.106890399,0.012449893234868087,0.002906759281643523
Bank B,1.5,1217,1106652.734723466,0.031215460022850486,0.007723397472720328
Bank B,1.5,1218,2520110.939249417,0.019063028238005583,0.006274798317080776
Bank B,1.5,1219,4454228.671680852,0.020990860534831953,0.005286938638854544
Bank B,1.5,1220,980793.0006495505,0.014179106052614944,0.005917011782044068
Bank B,1.5,1221,4551781.009504644,0.04179665229815964,0.00977259465354785
Bank B,1.5,1222,3616635.955292892,0.022730796901372717,0.008104893863033036
Bank B,1.5,1223,1151834.0661392391,0.026866048123119622,0.005674937101457611
Bank B,1.5,1224,3902765.7768651634,0.029595888548881455,0.007104424966208001
Bank B,1.5,1225,1230621.362067657,0.028698717895094927,0.006098253987786184
Bank B,1.5,1226,2313987.6264056964,0.032971088569485635,0.007605099659590664
Bank B,1.5,1227,5360215.29325206,0.04276956226173251,0.01119615941764418
Bank B,1.5,1228,1421249.1994377032,0.025351340984701272,0.006125361411946639
Bank B,1.5,1229,4033869.4291638676,0.022928728812623887,0.004558147487535247
Bank B,1.5,1230,1748038.9714748692,0.018871214549523115,0.006277613219771383
Bank B,1.5,1231,1035993.3915025435,0.02076484580559889,0.004316314737281779
Bank B,1.5,1232,5420559.874727911,0.02103565218472516,0.0066126647206924405
Bank B,1.5,1233,2455850.0007964023,0.02818090533660498,0.007873603668345996
Bank B,1.5,1234,4590642.692489214,0.05754702569683687,0.014649727314314132
Bank B,1.5,1235,630937.0654107126,0.027775396020331116,0.006410524118975025
Bank B,1.5,1236,3100599.1696395664,0.026419026874781208,0.0060814239203843545
Bank B,1.5,1237,1502407.9328670548,0.023252544701802054,0.0060087514805173825
Bank B,1.5,1238,1079828.2246845774,0.02294613838491386,0.006460684443565401
Bank B,1.5,1239,3893963.418790617,0.036000465474987704,0.009271659280440492
Bank B,1.5,1240,1315792.6274956912,0.022840862600447025,0.0054109829612168925
Bank B,1.5,1241,2039420.9644896896,0.01681968458495224,0.005074892755377869
Bank B,1.5,1242,1018325.7140876016,0.030012900206860753,0.008736941798949904
Bank B,1.5,1243,6311913.335786667,0.04005884882504972,0.009348847509972003
Bank B,1.5,1244,3798587.7510989737,0.02933008818361369,0.0072878335877867295
Bank B,1.5,1245,4876646.823858455,0.024828831785190773,0.005873453092718139
Bank B,1.5,1246,608857.7007822675,0.03665800336132481,0.007526007430388004
Bank B,1.5,1247,4193004.567035405,0.02954875290432492,0.008045319766085024
Bank B,1.5,1248,2589842.183432974,0.025039639530613937,0.006458769569199441
Bank B,1.5,1249,3057155.1525359177,0.015387813386597872,0.004173352921103546
Bank B,1.5,1250,1745772.9677743425,0.029320008105157697,0.008554030280963798
Bank B,1.5,1251,2506106.312620152,0.020435806295030494,0.005981978381680353
Bank B,1.5,1252,2245683.0852764803,0.033080761738976734,0.007814679426162763
Bank B,1.5,1253,1375939.363110535,0.027596885937347975,0.006157785641200064
Bank B,1.5,1254,2948358.2569011585,0.035129225986598435,0.00855442529845929
Bank B,1.5,1255,2633484.661391977,0.019352389434159206,0.005691572655251331
Bank B,1.5,1256,653567.2547607195,0.0056022141444159665,0.0020737608294533194
Bank B,1.5,1257,775664.4316138737,0.02519239554752424,0.004965773616525504
Bank B,1.5,1258,3554993.3477629703,0.04519957864734715,0.010261076369394218
Bank B,1.5,1259,1301002.7248535287,0.04544439282335859,0.009444198981006124
Bank B,1.5,1260,2573620.649456954,0.03779437881119317,0.007681833405713601
Bank B,1.5,1261,6399313.538662544,0.029081922369353565,0.007415487292207756
Bank B,1.5,1262,498312.90586917836,0.030541941189577673,0.007715157949538476
Bank B,1.5,1263,414508.1958588418,0.01299107654095089,0.00446069129279314
Bank B,1.5,1264,3134413.578115112,0.022514030828311566,0.00539305376352428
Bank B,1.5,1265,4221034.306592375,0.012615776798877527,0.004258806379255131
Bank B,1.5,1266,1989219.9952485226,0.032368390005958605,0.006861752753188566
Bank B,1.5,1267,596983.112769756,0.020052632842458333,0.006240813403117995
Bank B,1.5,1268,3535586.581372875,0.016338971981954248,0.004448058407710009
Bank B,1.5,1269,1560016.6444410712,0.03173864710479741,0.008510382835454244
Bank B,1.5,1270,2904647.836228948,0.043322844588522876,0.00996652147372823
Bank B,1.5,1271,4708147.208197929,0.03020848897256933,0.0070273269089039525
Bank B,1.5,1272,5408310.817551479,0.027635208468056973,0.006102544141356581
Bank B,1.5,1273,2792822.1239837473,0.02977182281938394,0.007149776956214882
Bank B,1.5,1274,2399649.6670269934,0.03571181471303626,0.0076572941704515785
Bank B,1.5,1275,2307220.3647851595,0.017014913797366152,0.005593757173426583
Bank B,1.5,1276,3470723.115158282,0.0310931926640346,0.007084044274279999
Bank B,1.5,1277,2551636.054374522,0.038543718674463615,0.009124184209384545
Bank B,1.5,1278,5599264.011916409,0.027534426919250732,0.0075828416216819905
Bank B,1.5,1279,2337459.16273507,0.031100208440227393,0.008169624450030555
Bank B,1.5,1280,4655368.966069449,0.03610456155174427,0.008924980962443763
Bank B,1.5,1281,329180.5589299102,0.029577320514296897,0.006014006430856589
Bank B,1.5,1282,2723509.948700198,0.03257478713873378,0.008052225829127457
Bank B,1.5,1283,2884877.657391235,0.034868266376866325,0.008749597842189871
Bank B,1.5,1284,3354708.02309692,0.028245181975366213,0.00782954763524668
Bank B,1.5,1285,1590364.0863710623,0.035743241791051636,0.007046954662147664
Bank B,1.5,1286,3112264.043672483,0.028096684354202355,0.006326306524407799
Bank B,1.5,1287,2353123.0625789864,0.019492477691406083,0.004340662353718883
Bank B,1.5,1288,5550318.549706734,0.04635031866248819,0.010864994243748205
Bank B,1.5,1289,1428075.976531255,0.030714886597395137,0.00619110676234802
Bank B,1.5,1290,573364.5023352382,0.02021887647298532,0.0058016846603375916
Bank B,1.5,1291,3925700.287457921,0.027496826147552035,0.00617290660875891
Bank B,1.5,1292,2998507.482224702,0.027285499037282786,0.007004838296773452
Bank B,1.5,1293,1409555.5051624458,0.02366856399032032,0.004959109089578639
Bank B,1.5,1294,4493991.952682826,0.05234877652055034,0.010725978893985633
Bank B,1.5,1295,947546.6524891285,0.03080034877376974,0.006591452753153093
Bank B,1.5,1296,3988637.4267759286,0.037230619715968714,0.009258427766960509
Bank B,1.5,1297,3162904.4817468505,0.05252190537861652,0.010807911548073146
Bank B,1.5,1298,2386755.0323734754,0.03663216124159587,0.007823712834465257
Bank B,1.5,1299,7072467.907998703,0.020588038615623132,0.004728820022867453
Bank B,1.5,1300,3713915.661255136,0.04089781450077706,0.010294047629526792
Bank B,1.5,1301,2686277.078417337,0.03471151734498588,0.00690828451856107
Bank B,1.5,1302,4431121.663624634,0.033040231038315854,0.009192186357168342
Bank B,1.5,1303,1733630.587235684,0.03462733042546802,0.00899052277651835
Bank B,1.5,1304,538994.3016933344,0.01845093073215397,0.004627191208527948
Bank B,1.5,1305,3730156.0959216794,0.05950633027429875,0.013972051463961632
Bank B,1.5,1306,676811.69636884,0.023491241089398894,0.004412122995699708
Bank B,1.5,1307,5206369.512434882,0.022818420888338308,0.00499343733925206
Bank B,1.5,1308,1077213.3564467358,0.03187968569416345,0.007555509381563352
Bank B,1.5,1309,2527571.549235221,0.03348995569381264,0.008744748384743817
Bank B,1.5,1310,1612020.856745061,0.026013883133910762,0.006125175961222973
Bank B,1.5,1311,1761337.008448836,0.06131950939564748,0.014176725800310486
Bank B,1.5,1312,5058334.238511533,0.02295764423777289,0.00486963448333777
Bank B,1.5,1313,4690512.233294272,0.029138065045745662,0.006531485387323621
Bank B,1.5,1314,4159879.6924874615,0.02035530237389311,0.006237563427185289
Bank B,1.5,1315,797502.6798851481,0.02004017640684457,0.005017373658537383
Bank B,1.5,1316,2938889.8669883045,0.028306980196649234,0.007005716635364978
Bank B,1.5,1317,789561.1113476481,0.028583949690690953,0.007634823733057905
Bank B,1.5,1318,2100939.9801774547,0.03523949750878367,0.008446317501963896
Bank B,1.5,1319,3807504.1964001306,0.032070171859428974,0.008145571191536471
Bank B,1.5,1320,2999533.4025542047,0.031195632436888714,0.007813170283180515
Bank B,1.5,1321,2645163.4865946397,0.04243069813302043,0.01091154051790899
Bank B,1.5,1322,1606650.9313710313,0.019324569016595607,0.005079444086259488
Bank B,1.5,1323,4935390.927887172,0.05805103350725024,0.013930261707719382
Bank B,1.5,1324,2774530.5791260283,0.03776571079994022,0.008083375900471923
Bank B,1.5,1325,5789661.607625832,0.05216974956250388,0.013597302998385019
Bank B,1.5,1326,1453150.7998126736,0.026524198076636172,0.006063281729891679
Bank B,1.5,1327,399715.94592240005,0.024665824656128654,0.004762318868942295
Bank B,1.5,1328,1903232.95311368,0.03669454844572892,0.008456239715507685
Bank B,1.5,1329,3245722.773615552,0.06296603754947655,0.012781275772736578
Bank B,1.5,1330,841214.0795742068,0.02600056533094435,0.006911121089530958
Bank B,1.5,1331,867290.6669991792,0.03278134911954304,0.007630677155203935
Bank B,1.5,1332,1637826.1803312672,0.019718960993365637,0.004294636447223277
Bank B,1.5,1333,4972430.4992824765,0.03330939689807869,0.00837886641410146
Bank B,1.5,1334,5204059.132787997,0.05648623629366537,0.01239814412421747
Bank B,1.5,1335,3072089.8303352147,0.027936648439280384,0.0065123595651127575
Bank B,1.5,1336,1830277.7627047398,0.020760596859607697,0.006943495078787332
Bank B,1.5,1337,1417153.1685749085,0.03228754245338877,0.006972020890475772
Bank B,1.5,1338,246904.17778991707,0.025943735749662356,0.0068647221584843265
Bank B,1.5,1339,6036797.071092887,0.05069293422836616,0.01082895723896149
Bank B,1.5,1340,4904282.273080507,0.02855035180172942,0.0061271907419521154
Bank B,1.5,1341,1715014.1111004008,0.016158988251681692,0.003939837803304647
Bank B,1.5,1342,1083426.7948243585,0.02266945527094045,0.006777482886448305
Bank B,1.5,1343,2554280.872883439,0.011859392962068858,0.003746510305227324
Bank B,1.5,1344,698419.2726304448,0.02039966082179957,0.0048074960755554175
Bank B,1.5,1345,2170909.3853114783,0.011257562842763151,0.0033536911818312642
Bank B,1.5,1346,1496135.9624647715,0.019615510502792706,0.006094289836196198
Bank B,1.5,1347,1026150.9242882404,0.026453473004788324,0.005722466291083528
Bank B,1.5,1348,2263931.3697327673,0.02171069561939398,0.0046446402439921375
Bank B,1.5,1349,606396.1828023359,0.014291652882098334,0.004189986314860894
Bank B,1.5,1350,1360571.3446148564,0.011748384341994308,0.002626183682180483
Bank B,1.5,1351,2227593.889273419,0.032780626973836144,0.007857712681695883
Bank B,1.5,1352,4596813.051125854,0.016735289323695036,0.00440212669901241
Bank B,1.5,1353,1320167.4313651118,0.049170840734402484,0.011202288224662849
Bank B,1.5,1354,24756.248946873064,0.017068969183051175,0.004194663864966586
Bank B,1.5,1355,1636782.7825503384,0.01858439909257212,0.004977606248117938
Bank B,1.5,1356,2493087.1931672143,0.04042893273659175,0.0077284110671330675
Bank B,1.5,1357,831565.2878909376,0.020235708941461424,0.00458477968835902
Bank B,1.5,1358,4424186.055597479,0.03278022836380516,0.007187814808809367
Bank B,1.5,1359,158853.04058168095,0.008015747027853577,0.00521510903209399
Bank B,1.5,1360,4022035.063426231,0.058498351685573956,0.011021186097228908
Bank B,1.5,1361,4797516.09227354,0.028714074921504518,0.0073101285136888405
Bank B,1.5,1362,5084468.099158652,0.03143365193598041,0.008496872918769771
Bank B,1.5,1363,1686699.5161623205,0.018773794520546522,0.00472572408587435
Bank B,1.5,1364,6210089.9147102535,0.042872102153719525,0.009985302422153008
Bank B,1.5,1365,2029712.4890024685,0.03498764478325927,0.008713126269764726
Bank B,1.5,1366,3944671.299686415,0.031704714611177964,0.007250636843120106
Bank B,1.5,1367,358091.2502904134,0.006865958774359359,0.00204476778541407
Bank B,1.5,1368,2341968.029347514,0.03161174226930492,0.007797369093683337
Bank B,1.5,1369,226379.13254122811,0.01798225565255067,0.003790045815367127
Bank B,1.5,1370,1181098.2969022593,0.023170811262559383,0.004820546329269648
Bank B,1.5,1371,3579279.563570586,0.025458751457893253,0.005996115203246277
Bank B,1.5,1372,4047290.545957594,0.046952773921596413,0.00975182191465318
Bank B,1.5,1373,1720828.2752346196,0.01904665967814861,0.006229637612933714
Bank B,1.5,1374,1595824.9485105672,0.037805357223495775,0.007495686122045653
Bank B,1.5,1375,2668883.831536971,0.009216346340747568,0.003465492802471215
Bank B,1.5,1376,2917357.8538722256,0.01267083732425944,0.0033745455899996113
Bank B,1.5,1377,2079970.2331272995,0.03344725948395385,0.007473068008428396
Bank B,1.5,1378,6004454.922417436,0.027857279480155272,0.006131120212726104
Bank B,1.5,1379,4393765.380575812,0.0426497525663672,0.010286184144891242
Bank B,1.5,1380,2555804.3568868637,0.05022315440845386,0.011901798173235223
Bank B,1.5,1381,2382915.7359949066,0.018991766974893833,0.004115232829733473
Bank B,1.5,1382,1655700.8794398343,0.031394452620970945,0.008092406885390369
Bank B,1.5,1383,2036327.5121341553,0.019540912700028095,0.003645239948114831
Bank B,1.5,1384,3410942.399852182,0.02229390256641572,0.0055956938393721956
Bank B,1.5,1385,1095514.4532054607,0.03839260575876083,0.009170579864935191
Bank B,1.5,1386,6922153.744638371,0.04366848003168726,0.009869963540458104
Bank B,1.5,1387,701802.2954841242,0.01640375874307592,0.0029611533574050997
Bank B,1.5,1388,2220493.092610169,0.017588878327771444,0.0040253424511869085
Bank B,1.5,1389,4479992.714473119,0.03169235176313046,0.00888526869327122
Bank B,1.5,1390,2110619.3895578864,0.01009421069898997,0.0017322661062912914
Bank B,1.5,1391,2827676.4024027023,0.02361766040743121,0.00643822321125298
Bank B,1.5,1392,755403.3145843743,0.016275944954984592,0.004929846462947252
Bank B,1.5,1393,2987658.8242615405,0.0317601753115223,0.006676130670000391
Bank B,1.5,1394,2167225.7670742213,0.03827821370631684,0.009605912351336787
Bank B,1.5,1395,3510049.321179329,0.041295026811867974,0.009147845377525998
Bank B,1.5,1396,1091379.7227512402,0.019359090257865176,0.006342040705558882
Bank B,1.5,1397,3635216.370366236,0.040399705255153254,0.009664714559427523
Bank B,1.5,1398,3030887.2410939652,0.01588373115641363,0.0039757208619985995
Bank B,1.5,1399,749901.1665274829,0.0183890984952035,0.004764939346798891
Bank B,1.5,1400,3156792.8235957343,0.03313749806835102,0.00660833082849388
Bank B,1.5,1401,3211889.1785964263,0.05307001242406405,0.01259687384523367
Bank B,1.5,1402,3950648.8174653943,0.04412910687606539,0.01097589835370294
Bank B,1.5,1403,429.37280170354643,0.018714644452704373,0.0050095085116647065
Bank B,1.5,1404,637016.8625829292,0.014942478077656769,0.002894656242509508
Bank B,1.5,1405,1656637.8578121085,0.03423328365753296,0.007638773546781885
Bank B,1.5,1406,3610940.978836152,0.03389867158019038,0.006963059146636197
Bank B,1.5,1407,3630356.0045087254,0.032521416225833585,0.007318678324105821
Bank B,1.5,1408,1107606.8961754208,0.021872605492795516,0.004624004385746616
Bank B,1.5,1409,2468733.625737836,0.02392343759812638,0.006724517219710235
Bank B,1.5,1410,5625742.629844873,0.03985096915558922,0.01042452638939484
Bank B,1.5,1411,2963361.2074420108,0.022763003120235898,0.005433472725873467
Bank B,1.5,1412,2817252.538843952,0.015779130465201165,0.004799944666946887
Bank B,1.5,1413,2927786.2175265336,0.037656049828202906,0.008942600112961219
Bank B,1.5,1414,3141648.1515743723,0.03051199775023899,0.009189202275144637
Bank B,1.5,1415,609244.041646853,0.02532284374863707,0.005616128190985115
Bank B,1.5,1416,2210252.7111966494,0.01704104240622585,0.0056918289116194565
Bank B,1.5,1417,1305147.3039173135,0.02604783181066954,0.006244116448440473
Bank B,1.5,1418,2333006.819490487,0.04166977441036017,0.009880785156007543
Bank B,1.5,1419,1533896.6101971972,0.04696984340662767,0.010400337664881465
Bank B,1.5,1420,3605155.7248893115,0.03391250535286007,0.007654457759924016
Bank B,1.5,1421,2224101.616379994,0.03874564487943619,0.009490808057918798
Bank B,1.5,1422,3181492.411541566,0.03764451209665958,0.00899765944220099
Bank B,1.5,1423,397623.0829892687,0.02359566086236654,0.0057823552598815775
Bank B,1.5,1424,3924434.7043737974,0.04203499023548235,0.009161327852912016
Bank B,1.5,1425,1440038.2827402048,0.026684511803541058,0.0058335924893748725
Bank B,1.5,1426,7381263.27113319,0.06165642561559345,0.01327626502450796
Bank B,1.5,1427,5210376.880837594,0.04455546795204835,0.010088791876942227
Bank B,1.5,1428,490773.75411724683,0.02910785209948084,0.006471846001209203
Bank B,1.5,1429,4096248.172908254,0.033113050607484734,0.008610474866810436
Bank B,1.5,1430,819415.9497362128,0.011816111186022552,0.003926346594747887
Bank B,1.5,1431,2057375.696418094,0.027696538314188588,0.007176528054961495
Bank B,1.5,1432,1904119.323477838,0.03483355393788207,0.008623211363055772
Bank B,1.5,1433,1040383.146443492,0.018975013912617085,0.0039906203206485635
Bank B,1.5,1434,4744186.356680789,0.040962972045192086,0.009860987798426146
Bank B,1.5,1435,954036.9452214924,0.005726836900216789,0.003189101713737541
Bank B,1.5,1436,3059342.0681267083,0.050116572886022635,0.010508696432958597
Bank B,1.5,1437,1686451.6038106524,0.029675375671095513,0.006857073686479143
Bank B,1.5,1438,2887679.93531895,0.041696384595112844,0.010326309084200846
Bank B,1.5,1439,5185315.127158057,0.02020311715919961,0.005339191187278769
Bank B,1.5,1440,2412621.7626370867,0.046405098308170696,0.009427108810462048
Bank B,1.5,1441,359553.79302923,0.020531408986248265,0.005091194039594349
Bank B,1.5,1442,1181010.681842287,0.015920000718046265,0.003168379235017116
Bank B,1.5,1443,4254508.12405223,0.029561409766757793,0.006151979007911201
Bank B,1.5,1444,5375598.942719001,0.05016062427576162,0.010420638239213686
Bank B,1.5,1445,6370683.267187696,0.033963565082849215,0.008080801475258137
Bank B,1.5,1446,4760589.153153454,0.033365205358730665,0.009996658685017978
Bank B,1.5,1447,3101843.2538869814,0.01963374602124228,0.00581854898627121
Bank B,1.5,1448,2296269.846319004,0.03911934208462965,0.00897537939448867
Bank B,1.5,1449,2646079.4002023316,0.026722915838611278,0.007501755176217539
Bank B,1.5,1450,3951214.1161372373,0.03620644176016451,0.008221972441389669
Bank B,1.5,1451,2482615.586985078,0.028119823029201328,0.005718167680961006
Bank B,1.5,1452,3870217.958819011,0.024124224575803817,0.006440673010118636
Bank B,1.5,1453,1411729.7822333856,0.02183633550666157,0.005117551316279556
Bank B,1.5,1454,0.0,0.010567902214311845,0.003603341504558766
Bank B,1.5,1455,2070523.5848239742,0.03455540449005496,0.007937652695625963
Bank B,1.5,1456,2296533.6806954835,0.020112302873086404,0.004788145629359697
Bank B,1.5,1457,2839597.4672017638,0.01965496580808394,0.00513361000203727
Bank B,1.5,1458,1057705.890508655,0.043568031941165694,0.00975124088938173
Bank B,1.5,1459,2197955.543553713,0.02646654140853805,0.005885479046632391
Bank B,1.5,1460,5212162.147731261,0.036804734630955564,0.008017783813457968
Bank B,1.5,1461,1195512.7859227052,0.02102893430902145,0.005204591880504261
Bank B,1.5,1462,1235813.859932943,0.024891675617430244,0.004819836561673618
Bank B,1.5,1463,2715103.2159035285,0.02661729617847413,0.00620741043545725
Bank B,1.5,1464,4017340.1986685325,0.03347595599256032,0.006422501303929629
Bank B,1.5,1465,6957360.266501071,0.046201662981662193,0.011473821276825724
Bank B,1.5,1466,58029.89205246145,0.03418312804997583,0.009218971251069075
Bank B,1.5,1467,5311270.528049776,0.03506202674498757,0.008328493680353044
Bank B,1.5,1468,2769657.354638249,0.017066812991392875,0.004301478013057025
Bank B,1.5,1469,1956371.0022620857,0.024285958330453758,0.00699601069208311
Bank B,1.5,1470,455696.7982242019,0.01840313501140546,0.004464129796101335
Bank B,1.5,1471,2529078.8126564957,0.03279468485885996,0.008176917138295936
Bank B,1.5,1472,2089469.7524973385,0.017664458465324377,0.004363275231886066
Bank B,1.5,1473,3741648.2997630467,0.02309061815275252,0.008319480252577782
Bank B,1.5,1474,4647871.948406133,0.032732690426213046,0.00853918667884035
Bank B,1.5,1475,1078167.9325130747,0.03639404026572088,0.007554078446582069
Bank B,1.5,1476,3734435.6580546102,0.031656078461501355,0.00837237154668935
Bank B,1.5,1477,4944829.127407333,0.024669958560719973,0.00866987219383697
Bank B,1.5,1478,751049.9752054517,0.023627062950615348,0.00628694246915118
Bank B,1.5,1479,620175.5848476688,0.025710398209202942,0.006026503499002134
Bank B,1.5,1480,5006034.926008416,0.035893098712124885,0.01126574281029713
Bank B,1.5,1481,2313484.256641887,0.025656466722569427,0.006073373687833894
Bank B,1.5,1482,2181535.341845231,0.01984771814834508,0.005453742722216326
Bank B,1.5,1483,1522753.7850347923,0.03585829479850533,0.007767322252597686
Bank B,1.5,1484,3208269.4720575213,0.026831207606671372,0.007744115257045325
Bank B,1.5,1485,581468.1763484988,0.029362145773582538,0.006223516511877469
Bank B,1.5,1486,1449769.2684143074,0.025183036825476873,0.0056557384365122365
Bank B,1.5,1487,808794.2159535837,0.024325027674235354,0.006821561912458418
Bank B,1.5,1488,2825863.9179195818,0.03148450800074603,0.008077494576946398
Bank B,1.5,1489,463433.88974389527,0.017472029764956015,0.004353268647437014
Bank B,1.5,1490,3881021.2302701795,0.05681594021630182,0.01171993166244123
Bank B,1.5,1491,4614838.874334483,0.034316575326366144,0.009232368300073013
Bank B,1.5,1492,2002862.3619966554,0.027434285891327202,0.005665531415157354
Bank B,1.5,1493,2307008.0852070227,0.04361997493005626,0.01041410896996775
Bank B,1.5,1494,4394476.723718969,0.019535976315441232,0.005793708983995782
Bank B,1.5,1495,3016710.090216727,0.02379541036974777,0.005931711946915552
Bank B,1.5,1496,2028961.4937264489,0.022243762544488246,0.005233698281705834
Bank B,1.5,1497,1913056.328557124,0.031347806834327925,0.008533046991041293
Bank B,1.5,1498,371678.49286551576,0.02594085814575822,0.005649468613825537
Bank B,1.5,1499,3398381.6016815193,0.0327960953743351,0.008983286478803088
Bank B,1.5,1500,1018416.5798256859,0.012042492538406852,0.003441075273061478
Bank B,1.5,1501,1996764.548260757,0.03357629534241819,0.008985340133336517
Bank B,1.5,1502,1520132.0975167202,0.025413086254042885,0.005526835425763155
Bank B,1.5,1503,1004262.8493926217,0.02591031557859461,0.006898823136822885
Bank B,1.5,1504,3704335.427125997,0.030890610235378636,0.007544915770467786
Bank B,1.5,1505,1658334.2800544247,0.019470030103093828,0.0041926966343462935
Bank B,1.5,1506,1797010.4654483232,0.03932380254653152,0.008343727253832256
Bank B,1.5,1507,1803064.8173700802,0.013424443542374986,0.0032608528006959903
Bank B,1.5,1508,2017897.508356187,0.020044012263899333,0.005191691460178283
Bank B,1.5,1509,4313700.426805185,0.03093550063216911,0.007554154643091615
Bank B,1.5,1510,2807004.226192021,0.02790657077520298,0.006508655078909076
Bank B,1.5,1511,1860984.0381827569,0.027965296513370225,0.005279525137127039
Bank B,1.5,1512,4600128.138481284,0.039584464156754685,0.00881390132358928
Bank B,1.5,1513,1368685.0555896622,0.0316111492092033,0.006152883715100255
Bank B,1.5,1514,1130511.4293940337,0.018490769843747888,0.005902662808178416
Bank B,1.5,1515,2070522.033346185,0.013423663427829012,0.0031419840146198474
Bank B,1.5,1516,3879831.667962102,0.029129193496953847,0.006264834806405051
Bank B,1.5,1517,933672.8518921023,0.011448290604493207,0.003104241230850846
Bank B,1.5,1518,2158590.3689444656,0.02302205774630082,0.004794355440331355
Bank B,1.5,1519,2093857.137941194,0.030397942851003952,0.007526325704718229
Bank B,1.5,1520,4577025.570672256,0.029364929521927582,0.00752788535424731
Bank B,1.5,1521,675432.5796030978,0.026640517962930092,0.0060875730960071595
Bank B,1.5,1522,4327549.57835729,0.047963395237110865,0.010775432446898159
Bank B,1.5,1523,895573.1637072512,0.013481652869812868,0.003542853740150176
Bank B,1.5,1524,3147427.5494178287,0.047724874017984864,0.009827031539461739
Bank B,1.5,1525,3609157.2033973983,0.01776045065950347,0.005216906870840421
Bank B,1.5,1526,0.0,0.020165807484476363,0.004141621844431009
Bank B,1.5,1527,5704069.308697918,0.045640532824677706,0.010191103326709472
Bank B,1.5,1528,7397570.809456792,0.011976918563162459,0.0031760850507978056
Bank B,1.5,1529,5167304.232182336,0.037091470056582906,0.0076792311524465084
Bank B,1.5,1530,1049983.276536099,0.059417019544916246,0.014594064432203457
Bank B,1.5,1531,1323107.063984754,0.03532273230659574,0.008748863667856877
Bank B,1.5,1532,3941445.2499156655,0.022206510517479516,0.00637870974765764
Bank B,1.5,1533,4241999.616829213,0.020355684221157855,0.0043719384033591435
Bank B,1.5,1534,2426994.294874659,0.021821724470972595,0.005316492683450136
Bank B,1.5,1535,3227006.27281567,0.030323858394116273,0.007192371019655419
Bank B,1.5,1536,1438110.171668775,0.04063931083890439,0.009104165517712204
Bank B,1.5,1537,4566031.278979632,0.028792227746172683,0.006794918477031731
Bank B,1.5,1538,4692807.589795636,0.03458407450937382,0.00953879055033724
Bank B,1.5,1539,2564980.5148231164,0.015926624716402084,0.003654724590557268
Bank B,1.5,1540,3046418.9569593207,0.03205874778745314,0.00716078628118999
Bank B,1.5,1541,1834864.482573013,0.026253751474657507,0.005018852199900281
Bank B,1.5,1542,825124.7393583069,0.016126913380503996,0.004437505112136697
Bank B,1.5,1543,2306323.0829123547,0.024497234748294076,0.006385166807628351
Bank B,1.5,1544,2640175.9242367563,0.028503951773914297,0.008075682072501644
Bank B,1.5,1545,3939331.138250265,0.035211703551834624,0.0077485435107822465
Bank B,1.5,1546,5606593.443721937,0.03002944735515908,0.006841106442875389
Bank B,1.5,1547,3588125.397182977,0.026610959169689304,0.006256128765480096
Bank B,1.5,1548,769330.5644911866,0.018784494595946825,0.005737147575193169
Bank B,1.5,1549,780343.9357905176,0.030630498453675804,0.006490987968336026
Bank B,1.5,1550,140529.5150343644,0.02797239120504244,0.0058478393032251885
Bank B,1.5,1551,4870069.440132241,0.03863639690224551,0.008336812370146496
Bank B,1.5,1552,3893744.163458044,0.041467008687700466,0.009081979140526664
Bank B,1.5,1553,3289353.835177289,0.039955774027501556,0.011039451824643165
Bank B,1.5,1554,4497521.7098951135,0.019943813418594872,0.0049830899907045145
Bank B,1.5,1555,2559401.12303425,0.021491505753188284,0.006242644119144991
Bank B,1.5,1556,1025382.1982904716,0.01950344472187885,0.004468600922352239
Bank B,1.5,1557,1022762.0246400859,0.030703334041346824,0.007648404470779524
Bank B,1.5,1558,1047699.7572294482,0.016080196091556455,0.005500388562768466
Bank B,1.5,1559,661955.553067087,0.016719204035085814,0.003780986547911813
Bank B,1.5,1560,2323598.8387860563,0.024917326501338013,0.006889923845138424
Bank B,1.5,1561,3070719.581028236,0.02427202049122736,0.006303991804126552
Bank B,1.5,1562,3862584.744258923,0.021257231878164633,0.005116113676569278
Bank B,1.5,1563,1828757.664600769,0.03180070866392803,0.0067053509066893335
Bank B,1.5,1564,5854580.835892317,0.03071967637888035,0.007547548307163532
Bank B,1.5,1565,2091347.5836047411,0.0476518957218218,0.011994899574452766
Bank B,1.5,1566,2871860.630303993,0.040589093910617303,0.00987681717972666
Bank B,1.5,1567,2596577.6571784616,0.018830911965312138,0.005400127125235299
Bank B,1.5,1568,2530746.2257320923,0.01978532376938952,0.004468481242443811
Bank B,1.5,1569,311668.44406981784,0.01920850964992718,0.00542829163907721
Bank B,1.5,1570,3267954.719308389,0.041886160648084134,0.009331263768798559
Bank B,1.5,1571,2999945.672213099,0.021939938596934758,0.005641553873347194
Bank B,1.5,1572,2810358.197190839,0.03386591934782302,0.0075707549600829704
Bank B,1.5,1573,2451808.5585959135,0.03181676142962427,0.008765774133431714
Bank B,1.5,1574,4850074.094528906,0.037214792086022214,0.00884864557351539
Bank B,1.5,1575,2953314.350204665,0.03363457292684442,0.007960545299429023
Bank B,1.5,1576,4618958.980310415,0.01813605442965432,0.0038300976792892127
Bank B,1.5,1577,1891690.3589986141,0.0165351899853414,0.003944806475936979
Bank B,1.5,1578,535348.9794321891,0.017567130126437274,0.004411926096159924
Bank B,1.5,1579,2298920.351801522,0.01970755681723516,0.004667682551043106
Bank B,1.5,1580,2168110.3485084395,0.028595752630724586,0.007741078638759169
Bank B,1.5,1581,2785089.8988489816,0.03467472659978308,0.007918110210326845
Bank B,1.5,1582,1157203.1490100345,0.024692418741035765,0.006246820825849375
Bank B,1.5,1583,4213088.651598231,0.02543567995085112,0.006972576657633178
Bank B,1.5,1584,4401456.086807847,0.03528359076096047,0.008242031919639126
Bank B,1.5,1585,2783094.6268872563,0.022545051625035225,0.0055750878487382804
Bank B,1.5,1586,4735271.616044935,0.029678561397242575,0.007311245616563489
Bank B,1.5,1587,4052373.82149636,0.03276879908246887,0.008784488314135253
Bank B,1.5,1588,2795556.62436732,0.040022359621248914,0.009263658828209453
Bank B,1.5,1589,3339563.1474255687,0.02714504654329251,0.00701883067987874
Bank B,1.5,1590,2076886.8128725346,0.02341492877026687,0.005308038299555062
Bank B,1.5,1591,3056538.2628822853,0.04912077814202785,0.011425658007514494
Bank B,1.5,1592,4999966.679141223,0.04890159533053455,0.011258338609202556
Bank B,1.5,1593,3067267.2399500534,0.02188079511359059,0.006346873527764307
Bank B,1.5,1594,2473611.2218350605,0.043162381042039843,0.01105427783817503
Bank B,1.5,1595,3295837.8629555833,0.03195230329432617,0.006322941087281153
Bank B,1.5,1596,2150281.272453558,0.022479426005029567,0.004592343968835788
Bank B,1.5,1597,2773529.737536799,0.02767001606589401,0.006286767872377141
Bank B,1.5,1598,5415952.227681773,0.022167609344024855,0.005295036784161433
Bank B,1.5,1599,4873772.184331483,0.01590043538993855,0.004778552984905482
Bank B,1.5,1600,2438179.251140905,0.02396472164712287,0.005608002024676373
Bank B,1.5,1601,4217230.656483705,0.03426498365900155,0.009725548312757182
Bank B,1.5,1602,3526488.7535918304,0.04125314354139489,0.009278949127115244
Bank B,1.5,1603,5899264.531181125,0.04478418601673535,0.009822187137340066
Bank B,1.5,1604,1050643.093304221,0.01686433779186906,0.00482990513111925
Bank B,1.5,1605,3599866.7879907433,0.031057089830702034,0.006943838150929582
Bank B,1.5,1606,249955.08768068132,0.018067053735443372,0.004801714543462343
Bank B,1.5,1607,1926823.2725415244,0.014067783783017474,0.003978838276003538
Bank B,1.5,1608,4091247.336189105,0.0400372555458752,0.009118298789010382
Bank B,1.5,1609,2063502.902748808,0.02655287917744048,0.007355057271720256
Bank B,1.5,1610,1450795.3341562524,0.02807656686844905,0.005972755932977414
Bank B,1.5,1611,2374489.790565517,0.03175520699953616,0.006738499939641929
Bank B,1.5,1612,650946.9483810993,0.0170257161903231,0.003664137611975815
Bank B,1.5,1613,834829.5762098451,0.029823114414357317,0.007225969015618228
Bank B,1.5,1614,3493176.4668224044,0.03227456846579137,0.00671263612382722
Bank B,1.5,1615,838371.1068340283,0.032130447332154595,0.00868306063826818
Bank B,1.5,1616,1326397.989917314,0.017257303059983603,0.006034382621894929
Bank B,1.5,1617,1529843.7554397779,0.031567677796244024,0.007605619756004267
Bank B,1.5,1618,830348.8543004739,0.023416757752351795,0.005464576233575769
Bank B,1.5,1619,570172.4725105611,0.030238721361558578,0.007925763079967951
Bank B,1.5,1620,488383.07589290466,0.01258817052923313,0.0035990598001044427
Bank B,1.5,1621,1007686.6674747377,0.02083250193313395,0.0048338237101038795
Bank B,1.5,1622,3097391.7696101787,0.029487262482491547,0.0060282112481273575
Bank B,1.5,1623,3474320.0195989776,0.03985213658625929,0.010563492811412334
Bank B,1.5,1624,3693640.0002791104,0.026590522199826137,0.007000617312851842
Bank B,1.5,1625,93489.60348744482,0.008549352959662956,0.0020480917176173286
Bank B,1.5,1626,3577358.912127997,0.041487395819345074,0.008432654464069267
Bank B,1.5,1627,1192082.1271391837,0.03036728723001904,0.008524933492135456
Bank B,1.5,1628,2815467.0329656163,0.02379709593633282,0.006971852850629068
Bank B,1.5,1629,2697955.3597341175,0.036735126046342784,0.008871437374898816
Bank B,1.5,1630,2983027.4777839202,0.030847953686628387,0.00720370058389419
Bank B,1.5,1631,2228021.4612713116,0.027882236635337336,0.007264375960995606
Bank B,1.5,1632,2144954.3663920984,0.01872806223475329,0.004293579651100776
Bank B,1.5,1633,1897127.06273176,0.016279526294910363,0.004571873385332048
Bank B,1.5,1634,908797.5988557923,0.04701324672072229,0.011345612365059154
Bank B,1.5,1635,1472452.2829108469,0.0332311894080832,0.007192821444695352
Bank B,1.5,1636,3820863.528644475,0.02840115094738588,0.00565277227131844
Bank B,1.5,1637,4770904.303670368,0.03707804714344902,0.00866847929677561
Bank B,1.5,1638,2101081.2199493162,0.016486330362133296,0.0038610098203423204
Bank B,1.5,1639,2513427.5979925697,0.030579437296067307,0.007016299382314628
Bank B,1.5,1640,3730484.276115421,0.02624222720448326,0.0090440564340033
Bank B,1.5,1641,3698344.2218333883,0.037409851011057496,0.009800382497276439
Bank B,1.5,1642,5004098.3502920745,0.021008153790363134,0.004607086405047589
Bank B,1.5,1643,4787951.664764427,0.03774156720432216,0.008808697526240694
Bank B,1.5,1644,2931705.892272814,0.032471098492482364,0.00867102648724305
Bank B,1.5,1645,2603994.5073072095,0.029835763693647346,0.008025672835577646
Bank B,1.5,1646,3819405.2783344467,0.03342257665558613,0.007488790672741996
Bank B,1.5,1647,2483602.5999826575,0.024365142787332747,0.006605242871985828
Bank B,1.5,1648,1554707.2293709547,0.014654760115900205,0.0031817013769991354
Bank B,1.5,1649,763103.8597196052,0.031054410752264193,0.006694767765254572
Bank B,1.5,1650,4249107.082146676,0.03043726285896095,0.007043812471771549
Bank B,1.5,1651,2204691.403401411,0.03679482024121389,0.008185543711169752
Bank B,1.5,1652,3016140.509726547,0.0421431788601973,0.010240850119528244
Bank B,1.5,1653,2210756.353532172,0.021898301958828668,0.006248722522632533
Bank B,1.5,1654,1993550.9986148914,0.045928231755165645,0.010348715179364198
Bank B,1.5,1655,1302341.947209625,0.0185104010070969,0.003791483868016643
Bank B,1.5,1656,476218.6174611222,0.027765941836460334,0.006902350080648656
Bank B,1.5,1657,493453.15214818827,0.013271422792386767,0.004147320775058971
Bank B,1.5,1658,1786767.5480434434,0.027666210422689158,0.005713110381621034
Bank B,1.5,1659,1260279.088518519,0.027447844370508716,0.00591909832990789
Bank B,1.5,1660,2156032.898217729,0.01822504293960415,0.004713998974648859
Bank B,1.5,1661,1110641.746634906,0.01113069905654001,0.0020544659755327155
Bank B,1.5,1662,1147821.1537638695,0.01746142999894267,0.004000759901183759
Bank B,1.5,1663,4889001.92574072,0.03286753220794299,0.008218410112830088
Bank B,1.5,1664,1733612.2722806511,0.01860550135367811,0.00515334814687729
Bank B,1.5,1665,1530863.2370841238,0.02632942682021419,0.006443449465501683
Bank B,1.5,1666,3290198.636411088,0.03204924378369989,0.007646261925808084
Bank B,1.5,1667,991733.1127919928,0.02753096479307749,0.005950587732846957
Bank B,1.5,1668,1971185.846477658,0.012757724561208023,0.0022304049035715146
Bank B,1.5,1669,760430.8846916923,0.013187583385627089,0.0032589555660820224
Bank B,1.5,1670,2837425.1065868177,0.02793897058651325,0.00896591839292682
Bank B,1.5,1671,3108261.9387358334,0.041632429264630795,0.010288273941787107
Bank B,1.5,1672,1440003.3780779042,0.0485526417189793,0.010307297880811306
Bank B,1.5,1673,4866940.134943076,0.021859110639274593,0.0067499503760447555
Bank B,1.5,1674,1667204.681824554,0.03703404450639933,0.007516360967231073
Bank B,1.5,1675,3142082.459395936,0.029063840364130795,0.007734080918969433
Bank B,1.5,1676,4702070.289971961,0.04353049572162762,0.008943024449256876
Bank B,1.5,1677,1137693.3451582752,0.024977478389979768,0.006210761523026687
Bank B,1.5,1678,183625.71673982264,0.02976617166554925,0.006423292531903768
Bank B,1.5,1679,1612417.5753783714,0.03272747011535346,0.006941799558946138
Bank B,1.5,1680,3403478.0690696333,0.03850422059914693,0.009394649670202648
Bank B,1.5,1681,359603.18201904686,0.017749766156233384,0.004235723567555083
Bank B,1.5,1682,5098683.609748415,0.05384211319791615,0.01057615294807801
Bank B,1.5,1683,4069835.641209966,0.027853238989099357,0.007361938720399253
Bank B,1.5,1684,348098.1925803685,0.01790716865187673,0.00407436156523433
Bank B,1.5,1685,2534615.161194611,0.0252555483581348,0.005667445983652097
Bank B,1.5,1686,1744962.6156587158,0.018227798099552002,0.004135205524558705
Bank B,1.5,1687,1125624.485985848,0.037196830575747616,0.009429287893211069
Bank B,1.5,1688,1169935.372664217,0.014743961214307207,0.004046226869756864
Bank B,1.5,1689,2101261.2296440694,0.027438845122306783,0.006712746686356574
Bank B,1.5,1690,3561752.64903354,0.028858875675022096,0.007969232056354025
Bank B,1.5,1691,1668963.11961705,0.035981403268098254,0.008917224387119616
Bank B,1.5,1692,3758924.7999784164,0.02108558252073063,0.005082263048277635
Bank B,1.5,1693,2302662.60938791,0.017251052248109265,0.005426563519798866
Bank B,1.5,1694,2055156.8584205257,0.03762722376254247,0.007558082387877141
Bank B,1.5,1695,0.0,0.009456000219815195,0.003495430707093794
Bank B,1.5,1696,1086931.9181877617,0.031987743777782435,0.008243477400546873
Bank B,1.5,1697,1072891.1594893627,0.02023098647910406,0.005918381279774176
Bank B,1.5,1698,1728938.7327580876,0.020290508571399062,0.005459079920000054
Bank B,1.5,1699,2617087.5492095957,0.023518363642642308,0.00604581477596966
Bank B,1.5,1700,3237835.1858080896,0.046212608336832876,0.010444797321174537
Bank B,1.5,1701,2376216.7660052557,0.01810988743569772,0.004758738846639354
Bank B,1.5,1702,2620835.1902354434,0.047944100620528056,0.011935933439139346
Bank B,1.5,1703,5018083.878185929,0.039549297252330785,0.009503159354461443
Bank B,1.5,1704,1396614.4209585642,0.02494880418309999,0.005593026738566764
Bank B,1.5,1705,721194.7682868924,0.02317636966679111,0.006346585542423733
Bank B,1.5,1706,3445632.706944304,0.024318902009883236,0.007322517223182667
Bank B,1.5,1707,1998874.932317228,0.017985583824699284,0.004673231678568368
Bank B,1.5,1708,2140584.375408078,0.026194726718383188,0.0056116018341979546
Bank B,1.5,1709,668163.8009215201,0.013619332560073872,0.00321720365657463
Bank B,1.5,1710,5524588.962058515,0.03144448256887212,0.007714005739035912
Bank B,1.5,1711,1825582.9254668406,0.0319226010557038,0.00846352301468134
Bank B,1.5,1712,2880454.9781224653,0.019670275726102554,0.0041723725911496645
Bank B,1.5,1713,1580344.5960226539,0.016570419713616575,0.0045572998073359905
Bank B,1.5,1714,1101558.7371941751,0.020149928113848425,0.005076200566540678
Bank B,1.5,1715,5977210.218750712,0.03200197953124839,0.00837369416202971
Bank B,1.5,1716,2025313.6708051676,0.03976208925780078,0.00902339764329152
Bank B,1.5,1717,2517525.8686577403,0.040244341582908544,0.009538579917070966
Bank B,1.5,1718,4276069.3776840735,0.02887765388289702,0.007387967149479424
Bank B,1.5,1719,2898961.987926389,0.03416056630214187,0.0068898477951016
Bank B,1.5,1720,1058119.5623205625,0.032069312287115376,0.007815905940933177
Bank B,1.5,1721,1434132.4988013231,0.026919081011944793,0.005906039501311633
Bank B,1.5,1722,901040.5157250827,0.01831702477898161,0.004050431679244237
Bank B,1.5,1723,2589973.4502849164,0.021881039654336833,0.0058418477490114196
Bank B,1.5,1724,5233780.031028202,0.035183072958231254,0.007969915475870892
Bank B,1.5,1725,1689019.9067543522,0.04303102878437289,0.010403414754223905
Bank B,1.5,1726,4642787.837127535,0.05106458699344048,0.010622296129779607
Bank B,1.5,1727,5331619.954228246,0.03975913811142861,0.009370037900486072
Bank B,1.5,1728,2619519.5374462223,0.018775274186342433,0.005009749073987324
Bank B,1.5,1729,1385998.1180243443,0.020425952919773945,0.005180367860264989
Bank B,1.5,1730,618111.947928122,0.03097790474537456,0.005736081594820308
Bank B,1.5,1731,3770689.416440458,0.030760269266009502,0.007682266297599494
Bank B,1.5,1732,3586807.896828968,0.015974441679323936,0.00409384292892756
Bank B,1.5,1733,1291739.327214837,0.005632243378131868,0.0021847135211433555
Bank B,1.5,1734,3913934.9848637288,0.049477117244208585,0.012004393410911973
Bank B,1.5,1735,5321802.256956762,0.030840536050966517,0.006853151848907335
Bank B,1.5,1736,1000191.7820074582,0.03417134559680464,0.008293652702689558
Bank B,1.5,1737,4015410.2079125983,0.02934120673996062,0.0068597734680770905
Bank B,1.5,1738,352393.9305477813,0.016893312048937896,0.004609826381559823
Bank B,1.5,1739,2672921.3451416213,0.03311630343648985,0.008263713711312293
Bank B,1.5,1740,3009614.0574763278,0.021905213783256182,0.0049359768418117955
Bank B,1.5,1741,2355586.8092350485,0.0361058233205679,0.009141115193430638
Bank B,1.5,1742,3319806.246211316,0.023655852349104847,0.005063715186490181
Bank B,1.5,1743,3306724.6668305784,0.02600596042469499,0.006709838223853959
Bank B,1.5,1744,7112082.02416851,0.027368607229488008,0.006095442011546437
Bank B,1.5,1745,427434.9879075959,0.035943338341742834,0.0083008106435849
Bank B,1.5,1746,1996144.0092014873,0.026565602976944987,0.0067705449817173635
Bank B,1.5,1747,1608341.0155805643,0.016775646645946444,0.0039009658916759893
Bank B,1.5,1748,567353.1763410964,0.025121127919284992,0.006502838824347212
Bank B,1.5,1749,5177048.37258718,0.04328644132969236,0.010889127776612217
Bank B,1.5,1750,1487778.8736965824,0.030711956794046404,0.005731402089453441
Bank B,1.5,1751,3685039.2421557,0.03875372404037679,0.009184835537465186
Bank B,1.5,1752,2732881.3848066307,0.029141089601975437,0.006156832653728905
Bank B,1.5,1753,2662023.863736927,0.019577066159019885,0.004068378872070455
Bank B,1.5,1754,4493441.432550069,0.035234016583037875,0.007691810002255606
Bank B,1.5,1755,1286772.7649595337,0.03850977722111283,0.009299889424759455
Bank B,1.5,1756,3499832.642684923,0.03275395267161933,0.008565170668269895
Bank B,1.5,1757,3643145.423906705,0.03894046321181866,0.00798657265816427
Bank B,1.5,1758,4437191.791193809,0.03497788044058976,0.008780896537139982
Bank B,1.5,1759,1391640.9334983048,0.028946428156700545,0.007343439708665689
Bank B,1.5,1760,3837568.397107756,0.010141967727563934,0.004425806199566562
Bank B,1.5,1761,917333.2156852051,0.03377811647002042,0.00876057651622808
Bank B,1.5,1762,1131467.8298159628,0.03371494466949226,0.009133324118343222
Bank B,1.5,1763,1245722.0892270545,0.024591216816627733,0.005208732161192886
Bank B,1.5,1764,2528649.3707199916,0.021040245420103913,0.004878407622620817
Bank B,1.5,1765,2824496.089338255,0.025877277981655393,0.006150678447742752
Bank B,1.5,1766,872865.0371671085,0.038574631610316754,0.009015903904932454
Bank B,1.5,1767,3150486.214647228,0.03174077193329972,0.008131676746446659
Bank B,1.5,1768,1389620.147273775,0.04803531713703817,0.010045830188169513
Bank B,1.5,1769,3210219.814891873,0.03953824126076388,0.009565399199775726
Bank B,1.5,1770,3947092.374432913,0.025390638088127374,0.006245203926186327
Bank B,1.5,1771,5323361.648607958,0.05250961947325062,0.01326865065661853
Bank B,1.5,1772,2184800.9064091817,0.020040374431177937,0.005210822520833047
Bank B,1.5,1773,4192083.359804524,0.01998352095053403,0.0045249486616989465
Bank B,1.5,1774,2812057.480230017,0.024969019695257874,0.004302144797331819
Bank B,1.5,1775,1094965.2055796692,0.026499781750275814,0.005495493604799395
Bank B,1.5,1776,3042383.3721124097,0.022306720444316742,0.0058886640600227524
Bank B,1.5,1777,2902863.3989052624,0.031956517479450296,0.007490512127505955
Bank B,1.5,1778,1343156.48843572,0.02981957514459495,0.0073679613108506015
Bank B,1.5,1779,2610255.7130455934,0.008319449498595404,0.0025584113670098496
Bank B,1.5,1780,345447.0221731675,0.01591345604866565,0.0036166743028686055
Bank B,1.5,1781,5597701.2900049165,0.04512454064421037,0.0110983309387368
Bank B,1.5,1782,850511.7513780637,0.022525557913227513,0.0050399932558862215
Bank B,1.5,1783,1165291.4449059407,0.024372380997575264,0.006080237812788547
Bank B,1.5,1784,2827457.8425688166,0.0204875815846775,0.00569063947354731
Bank B,1.5,1785,2231613.7891171356,0.027450979372771064,0.004714214733748556
Bank B,1.5,1786,4284775.782293977,0.034280758891567974,0.009386358285339624
Bank B,1.5,1787,6057989.679749116,0.03771214443866218,0.009774959237204173
Bank B,1.5,1788,2110536.411649644,0.03138229238864971,0.006538947238625914
Bank B,1.5,1789,6257230.152943589,0.0255654713863018,0.006551350849846704
Bank B,1.5,1790,961109.2679301485,0.024317653722540293,0.0056755799504689675
Bank B,1.5,1791,3142455.8905852055,0.014057039458636,0.0028508531700994766
Bank B,1.5,1792,3128437.6258808505,0.030812724630430638,0.009124239472937612
Bank B,1.5,1793,4281524.624398446,0.034279440073690506,0.009063817924643947
Bank B,1.5,1794,5038283.20218534,0.03782012424494626,0.009298762596694155
Bank B,1.5,1795,2869936.9934484917,0.039077981615609346,0.008642215459186642
Bank B,1.5,1796,2646353.3661832334,0.02189369459351747,0.004380232204262091
Bank B,1.5,1797,2864383.5487125316,0.019642872253032614,0.0047502398676335655
Bank B,1.5,1798,1712203.8571824227,0.01627122490392588,0.00494670501484229
Bank B,1.5,1799,3899333.951151164,0.027127708508181407,0.007370650160565595
Bank B,1.5,1800,2601203.534940827,0.019928154544501323,0.004337114660809549
Bank B,1.5,1801,4291476.252408488,0.034183907189932056,0.007699099920129071
Bank B,1.5,1802,3305854.829612932,0.02486290623831287,0.006568789940545328
Bank B,1.5,1803,5717636.404478587,0.044289609556477025,0.009029021019817396
Bank B,1.5,1804,1476959.4831989885,0.039134818308702767,0.008909957151528869
Bank B,1.5,1805,4082761.958626123,0.032815225086386755,0.007600990215267056
Bank B,1.5,1806,754780.6390980078,0.013493264441541065,0.0034390500777937705
Bank B,1.5,1807,1695428.9603597592,0.022201480232430924,0.00587520194318969
Bank B,1.5,1808,2021431.3105332209,0.017848407392775295,0.005340049112907086
Bank B,1.5,1809,1590777.5827743714,0.0221318109491676,0.004171152243854115
Bank B,1.5,1810,3870284.920023993,0.02264916475485147,0.005319053590268186
Bank B,1.5,1811,4552649.8874931885,0.027318681684005423,0.007071439765972132
Bank B,1.5,1812,3324084.858351117,0.013211166930322232,0.003504716404639896
Bank B,1.5,1813,3611721.8436018433,0.03846723955609362,0.008168631480977684
Bank B,1.5,1814,4845126.9300291315,0.027755102646182958,0.006218242495749093
Bank B,1.5,1815,1927198.7668287,0.03208979746499575,0.00791382502482496
Bank B,1.5,1816,4042268.2437205976,0.03226780955761603,0.007636634979531376
Bank B,1.5,1817,852721.3552779565,0.026186486416472424,0.005620714868161958
Bank B,1.5,1818,2954172.3392510246,0.016438138605529562,0.0038628149250030663
Bank B,1.5,1819,896081.9414184862,0.027715451246665856,0.005705760403615923
Bank B,1.5,1820,603328.9830960631,0.041404787002988275,0.009478919315757839
Bank B,1.5,1821,4950382.660485971,0.03413738813764945,0.0090533307663625
Bank B,1.5,1822,2102874.206006815,0.019195149680423632,0.004830530746623873
Bank B,1.5,1823,1719185.409290081,0.020079096273415004,0.004215096469626367
Bank B,1.5,1824,1378471.784380951,0.029155523524178443,0.00743764568550731
Bank B,1.5,1825,949794.5769388377,0.011212118075529538,0.005199491890819585
Bank B,1.5,1826,2145785.551851133,0.018802868880708475,0.004256518594449976
Bank B,1.5,1827,4441879.300408993,0.025326699047269283,0.005117164081842818
Bank B,1.5,1828,838816.4375347282,0.04165081062099852,0.009733363610523349
Bank B,1.5,1829,2980111.5011882316,0.02168944267696209,0.004909249968345297
Bank B,1.5,1830,997162.6587900978,0.032818302137911017,0.0075836420016945905
Bank B,1.5,1831,3063105.2390129487,0.03563725187955068,0.008551235811708247
Bank B,1.5,1832,2544727.68863321,0.027621114736702975,0.0055513150372498155
Bank B,1.5,1833,1577853.7304885297,0.020976980277988815,0.0047680113480425
Bank B,1.5,1834,1452806.3913045132,0.01502892044196281,0.003846455288415096
Bank B,1.5,1835,1249246.590655178,0.028091701911040837,0.006957474010849896
Bank B,1.5,1836,3454332.8335829033,0.03416077742660106,0.008043526644917476
Bank B,1.5,1837,2642983.835905442,0.0470375151076111,0.009885072048291033
Bank B,1.5,1838,2953851.107380881,0.028807902615728125,0.008102658421924147
Bank B,1.5,1839,2767632.1713821227,0.046526141866089145,0.011385995434720186
Bank B,1.5,1840,4878128.497894515,0.02503979670693199,0.005989936636308424
Bank B,1.5,1841,887321.7549175816,0.01809096804596391,0.003830936836670573
Bank B,1.5,1842,3459507.4562056093,0.020305824805135472,0.004888875629889378
Bank B,1.5,1843,2700139.2888980233,0.030317613023068686,0.007724685885051041
Bank B,1.5,1844,2543909.7962619914,0.034268309077164494,0.008134399346948706
Bank B,1.5,1845,264239.58831064333,0.02219732839264022,0.004632238392086041
Bank B,1.5,1846,569485.198857867,0.010204673284244691,0.0031433809723269146
Bank B,1.5,1847,1609684.3456693618,0.021318022151067855,0.005462631447290978
Bank B,1.5,1848,0.0,0.03405579770359049,0.009299484163031169
Bank B,1.5,1849,4229398.7084603505,0.020781886509795212,0.005175327646310679
Bank B,1.5,1850,4022290.2059385357,0.03780885575847969,0.008770677452831555
Bank B,1.5,1851,2281047.6898958962,0.025891403073939265,0.00593619516050059
Bank B,1.5,1852,1349922.4485530148,0.01608843556179869,0.005695424529894799
Bank B,1.5,1853,525952.5737273582,0.014713276966902278,0.0035185690072603304
Bank B,1.5,1854,1957850.594555401,0.04889312455210025,0.011644434262832237
Bank B,1.5,1855,2896609.9729005257,0.01754828132863722,0.004800878304370149
Bank B,1.5,1856,2008679.4727159007,0.02000449313460943,0.005240959037256854
Bank B,1.5,1857,3234586.9791112794,0.04560849434855899,0.010374464782775816
Bank B,1.5,1858,1428230.6033820587,0.04696024568736756,0.010147923641448897
Bank B,1.5,1859,1708101.078779037,0.02386153341037427,0.004644630361097302
Bank B,1.5,1860,3500729.2376932204,0.03642233737055616,0.007863149630468969
Bank B,1.5,1861,6476241.118057279,0.023356248557205625,0.004857018028934568
Bank B,1.5,1862,1697879.0085818358,0.026634506532943268,0.006401982547354246
Bank B,1.5,1863,3336879.361815569,0.026836863122049248,0.006514051132906595
Bank B,1.5,1864,1717539.2511279075,0.03435864881147219,0.010188001417959947
Bank B,1.5,1865,2329532.7674705368,0.02730616233225273,0.0058399027180658925
Bank B,1.5,1866,3354950.6466471483,0.01999470539590325,0.004064269899828665
Bank B,1.5,1867,4354556.033958802,0.015566958906368236,0.004092522868769821
Bank B,1.5,1868,4593824.284994646,0.0220892567031644,0.005502556594996655
Bank B,1.5,1869,5320548.561241786,0.026351016074431563,0.006838270135297475
Bank B,1.5,1870,4518004.8610878885,0.025167035043630576,0.0072492075656424015
Bank B,1.5,1871,2458130.5894327434,0.0408895714942426,0.009542274872920031
Bank B,1.5,1872,1864271.2905685287,0.02273746218464174,0.00562250961333266
Bank B,1.5,1873,843167.2714904543,0.020910923422808637,0.003812263120981707
Bank B,1.5,1874,1613187.5522919262,0.02229876126039147,0.006762526368816246
Bank B,1.5,1875,2868516.5590451895,0.021552907412367442,0.005537368450570845
Bank B,1.5,1876,3852891.3715299424,0.034127787902140695,0.008234425072331075
Bank B,1.5,1877,1077821.8678594069,0.023842184141501403,0.006250885598499734
Bank B,1.5,1878,655982.4468757163,0.011033072189313594,0.0028759460552204574
Bank B,1.5,1879,1968019.2099391385,0.022035635501564586,0.005132686172238499
Bank B,1.5,1880,2456201.7882983824,0.03395403456220733,0.009555825214691338
Bank B,1.5,1881,3682048.90529388,0.02174401292646261,0.005826411406388954
Bank B,1.5,1882,1203503.6504649487,0.01810889215039822,0.004184582080385191
Bank B,1.5,1883,1114542.3815219551,0.026002519608599034,0.005552754974672891
Bank B,1.5,1884,897402.8763892236,0.03010954036215445,0.0066508152063340376
Bank B,1.5,1885,707903.6029040418,0.0258758497194573,0.006721374337030905
Bank B,1.5,1886,2528648.571166453,0.017108167157585542,0.004578094723382553
Bank B,1.5,1887,1072187.5776767547,0.02587762950607103,0.006857905415722398
Bank B,1.5,1888,3692383.9059202764,0.026669171667967773,0.005855534052000233
Bank B,1.5,1889,4020784.9188900334,0.02376438428844546,0.006287166580724368
Bank B,1.5,1890,517387.99777473987,0.023076395502685462,0.005749423220713035
Bank B,1.5,1891,5338942.600843108,0.02165226232447387,0.005770308664107993
Bank B,1.5,1892,5474395.233007993,0.03107512451340038,0.007938668916970482
Bank B,1.5,1893,286978.98877583863,0.01945745147792463,0.004720308503312953
Bank B,1.5,1894,1098166.5481034238,0.028219397104426783,0.006741434522076428
Bank B,1.5,1895,4767349.329317683,0.04441916999462869,0.00956548494615106
Bank B,1.5,1896,7094497.869946632,0.028408719937523752,0.006990577690056621
Bank B,1.5,1897,737315.8787778219,0.04010530010390302,0.00940436872936179
Bank B,1.5,1898,2458762.327986731,0.017856426754530696,0.005028835008777377
Bank B,1.5,1899,2829834.8807650143,0.02628804889695861,0.005827151592333046
Bank B,1.5,1900,1539032.9028211408,0.034560184238590544,0.009033957153792405
Bank B,1.5,1901,3741991.3335123127,0.03465020799133171,0.007473666783155086
Bank B,1.5,1902,2133937.1516090296,0.03643865045663914,0.009144125958841176
Bank B,1.5,1903,1294749.591529456,0.0231087275014344,0.0042642067957323615
Bank B,1.5,1904,1279998.2173819807,0.03244398849472895,0.0075463766290073675
Bank B,1.5,1905,1579430.5497658316,0.01965195084801492,0.003990700136514036
Bank B,1.5,1906,2050980.7976631257,0.019670618881467223,0.0048726959538553105
Bank B,1.5,1907,1107443.9712653458,0.016265494743050914,0.004096023343001409
Bank B,1.5,1908,6247955.2485262975,0.03757802500341045,0.008879919363635635
Bank B,1.5,1909,5101716.527185608,0.020094659447099615,0.0048610428015963825
Bank B,1.5,1910,4555329.671249515,0.029065255400708964,0.0067521190826258515
Bank B,1.5,1911,1816398.316736261,0.009042437409219716,0.003065691335124354
Bank B,1.5,1912,0.0,0.013504013269569725,0.0030579181762118157
Bank B,1.5,1913,4376913.253408663,0.0340107539502615,0.006890353684915529
Bank B,1.5,1914,1047430.7075093609,0.016233214151318006,0.0036583237250171763
Bank B,1.5,1915,4913395.374271248,0.03876720455093927,0.009882533453710374
Bank B,1.5,1916,5346857.862664584,0.026387452438019487,0.0073218337822610335
Bank B,1.5,1917,2316864.936632891,0.03231947816487819,0.008493583509303293
Bank B,1.5,1918,1628150.7655665793,0.037068942866996475,0.008697181769097617
Bank B,1.5,1919,3070277.1432401333,0.046029275236224264,0.009695486421396837
Bank B,1.5,1920,2338362.375406908,0.023392029596214527,0.007792793510489893
Bank B,1.5,1921,3743045.972625541,0.022352840921657118,0.004564372973106967
Bank B,1.5,1922,3024507.8307171343,0.027962011315776792,0.006204184874937124
Bank B,1.5,1923,6165337.325215823,0.03638513067638327,0.00841804721931494
Bank B,1.5,1924,342923.4916254359,0.019581705168882753,0.0043069627511207464
Bank B,1.5,1925,4308482.434262746,0.028195305912817752,0.005891682256382369
Bank B,1.5,1926,3055560.9202598487,0.03841207002994572,0.009768306787712677
Bank B,1.5,1927,3216727.2523306096,0.048384329719343984,0.011367615497285377
Bank B,1.5,1928,1186776.8600529884,0.017310969481792095,0.003582943354083934
Bank B,1.5,1929,2152260.363808118,0.02576434500791053,0.005032949286324362
Bank B,1.5,1930,4570999.266393617,0.05156303006269483,0.012230499927507132
Bank B,1.5,1931,1597855.2330725812,0.03602663092401893,0.008038623808621526
Bank B,1.5,1932,6221904.7939439565,0.038051732746331245,0.009645817572521476
Bank B,1.5,1933,4905097.202856854,0.03110745828287637,0.007923475269086322
Bank B,1.5,1934,584460.1223339614,0.013968470640573837,0.0028274935888805697
Bank B,1.5,1935,5319765.155143814,0.03226844477667668,0.008016379011416719
Bank B,1.5,1936,5230116.350133344,0.020540628611926594,0.005099816165295978
Bank B,1.5,1937,2036323.8455796547,0.02487802312779331,0.006982749246177922
Bank B,1.5,1938,1156333.6126595673,0.011729268263109403,0.004316964710707638
Bank B,1.5,1939,5801420.855151168,0.02202695430650043,0.005827359139337296
Bank B,1.5,1940,3086873.529042449,0.02172146503631124,0.005853585294742003
Bank B,1.5,1941,2214016.125926326,0.021212250804033266,0.004987745201153304
Bank B,1.5,1942,3273194.671594418,0.045463171454537335,0.01107748497504446
Bank B,1.5,1943,1101474.2577841387,0.0169398655257225,0.003567707333485992
Bank B,1.5,1944,5393726.644906207,0.03663548052429152,0.0072888024355570735
Bank B,1.5,1945,2725401.777160649,0.03353639443384446,0.009137086613976164
Bank B,1.5,1946,1898889.7348505044,0.044517612683249996,0.009726504981200312
Bank B,1.5,1947,1237847.1085887593,0.023013324213520796,0.006497949908378375
Bank B,1.5,1948,1898323.6585077546,0.0249312556968082,0.00508656285030773
Bank B,1.5,1949,227602.08892702905,0.023370716494326527,0.005103233687778652
Bank B,1.5,1950,2530400.4413914448,0.02800663847772189,0.006316351745945803
Bank B,1.5,1951,4629156.577116637,0.04182582815963874,0.010350777570398484
Bank B,1.5,1952,1819796.5104111691,0.01407651703956327,0.0031346707355344172
Bank B,1.5,1953,4247472.671704042,0.048351123884057205,0.010895451470434026
Bank B,1.5,1954,8232888.183133052,0.043049781909727136,0.009082322760079142
Bank B,1.5,1955,2371284.439345934,0.040393845999001206,0.008544495100763272
Bank B,1.5,1956,916210.5210553819,0.02630095459323352,0.006881075097427636
Bank B,1.5,1957,961863.4254923927,0.02074054772908727,0.005789097533251297
Bank B,1.5,1958,2878030.070416053,0.02780382758086071,0.006925710642162408
Bank B,1.5,1959,1747407.2102795183,0.041322400756521396,0.00920017516465732
Bank B,1.5,1960,2546586.830753991,0.030911532215933745,0.008218276581052786
Bank B,1.5,1961,5807897.111376617,0.03979740682332621,0.008656187158204931
Bank B,1.5,1962,3055473.421993346,0.034766578968145306,0.007698153815920317
Bank B,1.5,1963,1099011.0983125146,0.031913380950754626,0.007573777893276956
Bank B,1.5,1964,929031.5514018897,0.025789110202427457,0.005467922014765536
Bank B,1.5,1965,341812.6640790431,0.03315177328170639,0.009267490520189048
Bank B,1.5,1966,4910575.578447102,0.025809991716882155,0.005533595404812353
Bank B,1.5,1967,1968679.3605391711,0.020683802773128944,0.004369554392493646
Bank B,1.5,1968,3292345.7116652816,0.02080163054728332,0.004956043322889125
Bank B,1.5,1969,5160480.682552222,0.03937586435090998,0.008658592768364448
Bank B,1.5,1970,3805623.791113884,0.04424694281399798,0.008050343146272732
Bank B,1.5,1971,4416035.3390137935,0.028011428487921753,0.006419907480399112
Bank B,1.5,1972,252312.25950832193,0.041913126385385205,0.009275734666957303
Bank B,1.5,1973,5830919.966775778,0.029370832867086128,0.0071127237658549225
Bank B,1.5,1974,1668097.5392597206,0.02527375437460333,0.005617612629108537
Bank B,1.5,1975,3185055.559175507,0.027443346880248635,0.005829070678216586
Bank B,1.5,1976,2719775.992453278,0.032596506211254636,0.006702653285599602
Bank B,1.5,1977,3058923.3977223607,0.027862545810829663,0.007656123321747699
Bank B,1.5,1978,6869356.268039582,0.04132437940402108,0.010594268508441806
Bank B,1.5,1979,1418561.3039939823,0.036675200286797535,0.0076276531375703005
Bank B,1.5,1980,3526203.083433059,0.02278929410939578,0.0063340435830797626
Bank B,1.5,1981,1179497.711890364,0.042889308519721364,0.010394273066559934
Bank B,1.5,1982,2384176.857525398,0.01994247552734958,0.004865128085524417
Bank B,1.5,1983,2071324.7347626602,0.026459820679341023,0.008438460340041143
Bank B,1.5,1984,1787137.5079102938,0.012972806514393635,0.002901428298168307
Bank B,1.5,1985,1411451.3408650123,0.03216344815377396,0.006464732220273883
Bank B,1.5,1986,1583370.1136751967,0.01953897947705556,0.004899387952844947
Bank B,1.5,1987,832617.3020024634,0.04588629728210322,0.010375308986727005
Bank B,1.5,1988,1707331.2693477324,0.020446240900226523,0.005705455907625501
Bank B,1.5,1989,1265143.6766501826,0.019206726229178836,0.004375043694675007
Bank B,1.5,1990,1061404.4630587958,0.026921554025254438,0.005797480145798839
Bank B,1.5,1991,3300766.0181438453,0.027365688667588203,0.006693942159766597
Bank B,1.5,1992,5265381.644167332,0.04369071891106023,0.009493507003341839
Bank B,1.5,1993,504178.9405344199,0.008209590101129085,0.0026543332702192446
Bank B,1.5,1994,4298403.182863641,0.051964480936325726,0.011164131225122054
Bank B,1.5,1995,3172799.0653583016,0.03599046328079387,0.008097915950075696
Bank B,1.5,1996,5306935.485778484,0.03929733390000919,0.009397497571841829
Bank B,1.5,1997,1628532.9689184837,0.022541542590282314,0.005048505924367341
Bank B,1.5,1998,2518653.0285951933,0.02981029299772314,0.006835544675971805
Bank B,1.5,1999,2825278.7955157845,0.01974982894262488,0.005065986928609267
