counterparty,time_years,path,exposure,default_weight,ordinary_weight
Bank B,1.5,0,2399964.789690327,0.0004629868888124866,0.0005
Bank B,1.5,1,3571115.26882876,0.0004953105979360472,0.0005
Bank B,1.5,2,3214749.2383682155,0.00047173578406189493,0.0005
Bank B,1.5,3,4265053.098410355,0.0008858327001618847,0.0005
Bank B,1.5,4,2196814.0793817313,0.0003475387313804299,0.0005
Bank B,1.5,5,3630321.591427472,0.0007370448867330815,0.0005
Bank B,1.5,6,2168989.709917032,0.0004462337683712375,0.0005
Bank B,1.5,7,3243557.4001221433,0.0003490063233747454,0.0005
Bank B,1.5,8,1534372.7968054027,0.0004762266927520708,0.0005
Bank B,1.5,9,2210924.8820496453,0.00036280458296608214,0.0005
Bank B,1.5,10,2389011.780103969,0.00038848567397277824,0.0005
Bank B,1.5,11,4247660.438370974,0.000508892718220242,0.0005
Bank B,1.5,12,3858904.4218820506,0.0005254669944935532,0.0005
Bank B,1.5,13,1590667.5145112574,0.000498967520299811,0.0005
Bank B,1.5,14,6466151.625273785,0.0004293821596625681,0.0005
Bank B,1.5,15,4641245.995040006,0.00044572895154566783,0.0005
Bank B,1.5,16,6352610.293332417,0.0006071697135956275,0.0005
Bank B,1.5,17,6950312.455725212,0.0005390340225933188,0.0005
Bank B,1.5,18,778973.9948767776,0.00047947188205354926,0.0005
Bank B,1.5,19,2922992.51662982,0.0004424708619942119,0.0005
Bank B,1.5,20,313781.53130312247,0.0007855565898559645,0.0005
Bank B,1.5,21,4810938.600487299,0.00040125821168565207,0.0005
Bank B,1.5,22,3282097.2785789547,0.00030870811387054004,0.0005
Bank B,1.5,23,1742540.1236107098,0.0003601230214059736,0.0005
Bank B,1.5,24,5314363.38289954,0.000701225317640791,0.0005
Bank B,1.5,25,1734320.6791419336,0.0007893773926934545,0.0005
Bank B,1.5,26,4455872.087357282,0.0008153948554762712,0.0005
Bank B,1.5,27,1059388.5642527496,0.0006988126688649833,0.0005
Bank B,1.5,28,4314531.6019604765,0.0004608572425265565,0.0005
Bank B,1.5,29,1317834.7174147638,0.00046937073508444317,0.0005
Bank B,1.5,30,4494865.732209889,0.0007486723642297836,0.0005
Bank B,1.5,31,2564098.7320593195,0.0004439624254006208,0.0005
Bank B,1.5,32,1201973.8169363223,0.000298308694345913,0.0005
Bank B,1.5,33,2757095.8614400416,0.0005585808391887406,0.0005
Bank B,1.5,34,2570411.3862710213,0.0003074345447780324,0.0005
Bank B,1.5,35,2089603.2513556397,0.0005021038501998788,0.0005
Bank B,1.5,36,3091941.893995038,0.0006411238100746296,0.0005
Bank B,1.5,37,1744629.3645690866,0.0005133968994025788,0.0005
Bank B,1.5,38,798700.1576483133,0.0004319948395874182,0.0005
Bank B,1.5,39,761405.2317384529,0.00042900901824506903,0.0005
Bank B,1.5,40,843083.4060972962,0.0005501249308608719,0.0005
Bank B,1.5,41,1372574.429897923,0.0004927512984939157,0.0005
Bank B,1.5,42,3129316.6702750903,0.0006142356500800626,0.0005
Bank B,1.5,43,4698365.1004255945,0.0005586854617136206,0.0005
Bank B,1.5,44,845993.4701338455,0.00034123111916467026,0.0005
Bank B,1.5,45,4067974.1052050316,0.0007039622825106911,0.0005
Bank B,1.5,46,3294929.934785487,0.0004153029614695559,0.0005
Bank B,1.5,47,1038833.9040217396,0.0004228763529514112,0.0005
Bank B,1.5,48,5908330.256953303,0.0003989554729554784,0.0005
Bank B,1.5,49,2431438.2344570835,0.0005047033569322221,0.0005
Bank B,1.5,50,189912.09853647338,0.0005108901676549375,0.0005
Bank B,1.5,51,651415.4580785511,0.00032121467879878113,0.0005
Bank B,1.5,52,5940418.555247569,0.00038427599553510385,0.0005
Bank B,1.5,53,2440334.132806382,0.0004803016107993339,0.0005
Bank B,1.5,54,1952953.6722326805,0.00046349709592129277,0.0005
Bank B,1.5,55,2684260.061003426,0.0005331447173332899,0.0005
Bank B,1.5,56,2988224.293891332,0.0005270454134894864,0.0005
Bank B,1.5,57,3202385.3487024973,0.0006348966620764615,0.0005
Bank B,1.5,58,4484799.739059923,0.0005559607379483523,0.0005
Bank B,1.5,59,3616262.160693491,0.000453950644324504,0.0005
Bank B,1.5,60,1121238.5788904973,0.00047829124143867693,0.0005
Bank B,1.5,61,2295191.4901393154,0.0002539335525174834,0.0005
Bank B,1.5,62,3720721.571180303,0.0005275090298754177,0.0005
Bank B,1.5,63,1775174.1124256323,0.0005292167105135706,0.0005
Bank B,1.5,64,7309963.16581583,0.0007048895424806013,0.0005
Bank B,1.5,65,3200416.4453158844,0.0004972850406697724,0.0005
Bank B,1.5,66,1251192.4216270112,0.0006617689141186479,0.0005
Bank B,1.5,67,613421.869729765,0.00027220478003441137,0.0005
Bank B,1.5,68,3018687.866767067,0.0003768350710639669,0.0005
Bank B,1.5,69,3988629.4686410106,0.0005787696235495471,0.0005
Bank B,1.5,70,0.0,0.0006165119834461565,0.0005
Bank B,1.5,71,1123247.3919769935,0.0004737932031412706,0.0005
Bank B,1.5,72,807932.5327936003,0.0005668351520740253,0.0005
Bank B,1.5,73,750778.7524148423,0.0005570085417027786,0.0005
Bank B,1.5,74,2193700.4195195823,0.0007044727411091894,0.0005
Bank B,1.5,75,5481375.760982828,0.0004402942780013798,0.0005
Bank B,1.5,76,5823480.608808129,0.000736827442885263,0.0005
Bank B,1.5,77,1703457.897048002,0.0005084097714033637,0.0005
Bank B,1.5,78,2665426.7470752564,0.0004698638361695013,0.0005
Bank B,1.5,79,2242148.633705046,0.0008844932568194305,0.0005
Bank B,1.5,80,3350444.3783479338,0.000545015338324698,0.0005
Bank B,1.5,81,864720.2360657607,0.0004244750861817971,0.0005
Bank B,1.5,82,5131628.301345412,0.0005780247580465266,0.0005
Bank B,1.5,83,3949333.0296859927,0.0008313525373480652,0.0005
Bank B,1.5,84,2650695.832710231,0.0005870530967150204,0.0005
Bank B,1.5,85,1402186.1402010773,0.0004636139574133759,0.0005
Bank B,1.5,86,3058450.8242724156,0.0006843679772131236,0.0005
Bank B,1.5,87,517281.05282297113,0.0003717832782601302,0.0005
Bank B,1.5,88,0.0,0.00012850631418639594,0.0005
Bank B,1.5,89,2925159.957206485,0.0004769716393065145,0.0005
Bank B,1.5,90,2488902.2953522885,0.00030537965144660206,0.0005
Bank B,1.5,91,1894869.6081865989,0.0003362332850671011,0.0005
Bank B,1.5,92,4491549.690014954,0.00045728285941335417,0.0005
Bank B,1.5,93,2341851.311190649,0.0005307258351515826,0.0005
Bank B,1.5,94,1111147.043403059,0.00027128921241011876,0.0005
Bank B,1.5,95,2807305.8158954866,0.00040725934653105877,0.0005
Bank B,1.5,96,4025733.5314413966,0.0005650637135679533,0.0005
Bank B,1.5,97,1796949.5115172397,0.00040789824580606313,0.0005
Bank B,1.5,98,5663249.264085022,0.000557496938889159,0.0005
Bank B,1.5,99,1572708.2109341077,0.0007391592512663666,0.0005
Bank B,1.5,100,2441760.723105909,0.00043556965297094605,0.0005
Bank B,1.5,101,2781062.0206937697,0.0005414887884009456,0.0005
Bank B,1.5,102,2875189.482911385,0.0005403519506538142,0.0005
Bank B,1.5,103,2897514.6712863515,0.0006312298280673396,0.0005
Bank B,1.5,104,2532339.0244134455,0.0004561769189534999,0.0005
Bank B,1.5,105,839606.6000357984,0.0003722248953989718,0.0005
Bank B,1.5,106,785663.8958560005,0.00035369292621702415,0.0005
Bank B,1.5,107,5040819.909312712,0.0002961743569924539,0.0005
Bank B,1.5,108,4379403.0733315,0.00039547917957497486,0.0005
Bank B,1.5,109,580112.8267954051,0.0002037801888868963,0.0005
Bank B,1.5,110,503833.15869268146,0.0003835195706734231,0.0005
Bank B,1.5,111,1783107.189778186,0.0003486775482256343,0.0005
Bank B,1.5,112,3933265.2009134796,0.0005733920911637765,0.0005
Bank B,1.5,113,1295624.5043446594,0.0005087845238969906,0.0005
Bank B,1.5,114,5149320.015353397,0.0007444188727576598,0.0005
Bank B,1.5,115,4044781.075708463,0.0005560964184845612,0.0005
Bank B,1.5,116,4066545.479753246,0.0008175702334707685,0.0005
Bank B,1.5,117,1939516.4547339873,0.0004529350957063021,0.0005
Bank B,1.5,118,1904269.051280885,0.00046216467227833374,0.0005
Bank B,1.5,119,2978889.539698651,0.0005432159269887969,0.0005
Bank B,1.5,120,286020.46625963436,0.0004327844031775259,0.0005
Bank B,1.5,121,1308818.5097528247,0.000267647869673325,0.0005
Bank B,1.5,122,4931261.100425445,0.0005509163674482667,0.0005
Bank B,1.5,123,3430843.6814999566,0.0006878781949367098,0.0005
Bank B,1.5,124,2090914.6166287598,0.00043474153124185117,0.0005
Bank B,1.5,125,1159317.7048007173,0.0006864083837274592,0.0005
Bank B,1.5,126,2745669.6393367383,0.00037167790266245303,0.0005
Bank B,1.5,127,3695479.0350876558,0.0006067717472672942,0.0005
Bank B,1.5,128,1428941.9821702621,0.0003151108434737439,0.0005
Bank B,1.5,129,941388.0086248962,0.0006029160557821562,0.0005
Bank B,1.5,130,5399996.073638828,0.0004023274427325896,0.0005
Bank B,1.5,131,1025630.4338422103,0.0005039530974145256,0.0005
Bank B,1.5,132,2083672.3000502032,0.00031696931685757057,0.0005
Bank B,1.5,133,1609330.0370193592,0.00026446518890530754,0.0005
Bank B,1.5,134,2812631.3238944337,0.0005839966170936718,0.0005
Bank B,1.5,135,1360880.9848317148,0.0004644080601702493,0.0005
Bank B,1.5,136,1374461.024193503,0.0005888937572983522,0.0005
Bank B,1.5,137,1064378.9219773156,0.00043397081787623976,0.0005
Bank B,1.5,138,1192012.209371169,0.0005427169700517592,0.0005
Bank B,1.5,139,3237231.8254051874,0.0003905619569486253,0.0005
Bank B,1.5,140,2410452.4456452206,0.0006700282693474575,0.0005
Bank B,1.5,141,2463502.082954094,0.0006312128204255714,0.0005
Bank B,1.5,142,3982022.8932952466,0.000428535863678572,0.0005
Bank B,1.5,143,2320544.8667758014,0.0003102571256446104,0.0005
Bank B,1.5,144,68954.14528934381,0.00019905755659720218,0.0005
Bank B,1.5,145,3682564.4851481365,0.00053629318231234,0.0005
Bank B,1.5,146,1138955.3221462427,0.00047812769925341755,0.0005
Bank B,1.5,147,4284115.224263693,0.0007984529689584956,0.0005
Bank B,1.5,148,2724314.359106143,0.0005035105395909687,0.0005
Bank B,1.5,149,1118293.8082362497,0.0003672601440965967,0.0005
Bank B,1.5,150,5268370.88702501,0.0007986110029251172,0.0005
Bank B,1.5,151,4708685.03663488,0.0006461785111348179,0.0005
Bank B,1.5,152,5833182.130136071,0.0003548051360324243,0.0005
Bank B,1.5,153,973547.3955528759,0.00044527030644847716,0.0005
Bank B,1.5,154,1176439.7130137684,0.0004709631776665324,0.0005
Bank B,1.5,155,2627091.696441052,0.00026676274985234464,0.0005
Bank B,1.5,156,1806390.4760794751,0.0004952592476645513,0.0005
Bank B,1.5,157,1447188.80999409,0.0005082787421070306,0.0005
Bank B,1.5,158,2855466.002731862,0.0005160589449973358,0.0005
Bank B,1.5,159,1760101.23689843,0.0002846556947690496,0.0005
Bank B,1.5,160,4407572.768634518,0.0005614005677075543,0.0005
Bank B,1.5,161,1867938.030045036,0.00043716550528747077,0.0005
Bank B,1.5,162,4471242.8237120565,0.0008741821595947075,0.0005
Bank B,1.5,163,2522682.6141679194,0.0008081152757792936,0.0005
Bank B,1.5,164,1756759.5453307529,0.0005046513111427216,0.0005
Bank B,1.5,165,1480176.2583909808,0.0005293300295626115,0.0005
Bank B,1.5,166,1761804.7122478678,0.000490116908778224,0.0005
Bank B,1.5,167,2480911.020278368,0.000601711208804771,0.0005
Bank B,1.5,168,0.0,0.0005301253026758329,0.0005
Bank B,1.5,169,3108715.177749631,0.0005115611936794777,0.0005
Bank B,1.5,170,2531042.963254457,0.000382488468138988,0.0005
Bank B,1.5,171,2582623.625589842,0.00038451698015890034,0.0005
Bank B,1.5,172,1112800.1008950134,0.0006195818535923191,0.0005
Bank B,1.5,173,2418867.0182170477,0.0005366984906189776,0.0005
Bank B,1.5,174,455056.18667587626,0.0002972517998199831,0.0005
Bank B,1.5,175,741366.0254473875,0.0004077253898720996,0.0005
Bank B,1.5,176,1489057.4887242275,0.0006523741084770802,0.0005
Bank B,1.5,177,1827860.3793826266,0.000507272425233604,0.0005
Bank B,1.5,178,1313935.838740765,0.00019058791927807603,0.0005
Bank B,1.5,179,807169.1464205462,0.0004281474955228673,0.0005
Bank B,1.5,180,1549173.3445485123,0.0005742346683100164,0.0005
Bank B,1.5,181,4466169.381192364,0.0006880721036283764,0.0005
Bank B,1.5,182,1999117.295971089,0.000521259053134333,0.0005
Bank B,1.5,183,4567681.253581892,0.000562800934392446,0.0005
Bank B,1.5,184,0.0,0.0002930061463735408,0.0005
Bank B,1.5,185,2278549.592913391,0.00029056558567823313,0.0005
Bank B,1.5,186,2586107.0077479235,0.0005096379987696349,0.0005
Bank B,1.5,187,4273645.218111279,0.000395610896764482,0.0005
Bank B,1.5,188,4942557.244553223,0.0009121643680720924,0.0005
Bank B,1.5,189,3899718.228051253,0.0003444114422320964,0.0005
Bank B,1.5,190,3910129.6761732083,0.0008967889731680388,0.0005
Bank B,1.5,191,3385826.455303353,0.000503419740878256,0.0005
Bank B,1.5,192,1625338.8840707287,0.00035402414082374615,0.0005
Bank B,1.5,193,3023584.951817352,0.0005006658037862864,0.0005
Bank B,1.5,194,4804652.759345388,0.0005378577611068311,0.0005
Bank B,1.5,195,2032959.7216265611,0.0004102325778911321,0.0005
Bank B,1.5,196,4022120.226052237,0.00036574371308708723,0.0005
Bank B,1.5,197,2280788.1814064155,0.0003453169204423963,0.0005
Bank B,1.5,198,729632.4522443792,0.0003467222190700537,0.0005
Bank B,1.5,199,1592292.6864270954,0.0006091230643426012,0.0005
Bank B,1.5,200,5204103.485309732,0.0007506352098124169,0.0005
Bank B,1.5,201,343954.2387121152,0.00043271840277269254,0.0005
Bank B,1.5,202,3589431.566766143,0.0004823997104811324,0.0005
Bank B,1.5,203,337317.507394517,0.00013223435573480702,0.0005
Bank B,1.5,204,264027.3931531308,0.0005169478513936955,0.0005
Bank B,1.5,205,3006301.2345147864,0.0002586685461782186,0.0005
Bank B,1.5,206,2246792.83749764,0.000759987753294734,0.0005
Bank B,1.5,207,4190101.7714220374,0.00035996201152746417,0.0005
Bank B,1.5,208,5000739.218788543,0.0003001780885337523,0.0005
Bank B,1.5,209,3046542.822849944,0.0002826072271059945,0.0005
Bank B,1.5,210,804260.3780160574,0.0004979472885128982,0.0005
Bank B,1.5,211,501390.62020209833,0.00040669717187531647,0.0005
Bank B,1.5,212,0.0,0.00028154383098296477,0.0005
Bank B,1.5,213,2765944.444086156,0.0005994085720919241,0.0005
Bank B,1.5,214,1113551.1509572903,0.0007215391214207591,0.0005
Bank B,1.5,215,1489361.2189423526,0.0003651552872189934,0.0005
Bank B,1.5,216,650573.2320068341,0.0004643594947936926,0.0005
Bank B,1.5,217,1783877.3789427122,0.00034109885996631937,0.0005
Bank B,1.5,218,5697816.649457057,0.0004648304303855544,0.0005
Bank B,1.5,219,1446710.2250462556,0.00032089409582943885,0.0005
Bank B,1.5,220,1465433.934064843,0.0005216207160992198,0.0005
Bank B,1.5,221,1185459.0500055435,0.0005666257420235962,0.0005
Bank B,1.5,222,4141852.670325137,0.0007729047641408213,0.0005
Bank B,1.5,223,3534991.0227085603,0.0005283661944830508,0.0005
Bank B,1.5,224,1906407.3658433117,0.0006024916483955213,0.0005
Bank B,1.5,225,801388.4326697192,0.0004488986952032155,0.0005
Bank B,1.5,226,0.0,0.0004195164696633502,0.0005
Bank B,1.5,227,4519592.774082642,0.0008528232938253193,0.0005
Bank B,1.5,228,1951659.8579643231,0.00048814927825394826,0.0005
Bank B,1.5,229,2431686.7376456317,0.0005272970095801141,0.0005
Bank B,1.5,230,1408587.1129139643,0.0004262299306556292,0.0005
Bank B,1.5,231,2062357.9978976185,0.00043152031199481384,0.0005
Bank B,1.5,232,2396783.777181774,0.0004102211355568488,0.0005
Bank B,1.5,233,5576641.367514795,0.0006934610565158543,0.0005
Bank B,1.5,234,523321.892972023,0.00029723021220852614,0.0005
Bank B,1.5,235,632176.7432551716,0.0002871298772983228,0.0005
Bank B,1.5,236,0.0,0.0003323833251057026,0.0005
Bank B,1.5,237,4490547.568420613,0.00044442106013659093,0.0005
Bank B,1.5,238,2371436.072993929,0.0002574917313487567,0.0005
Bank B,1.5,239,1935983.203761504,0.0003814511477240295,0.0005
Bank B,1.5,240,1050214.834628831,0.0006452062414047082,0.0005
Bank B,1.5,241,1644812.0521576668,0.0006022041227750626,0.0005
Bank B,1.5,242,413943.94981895713,0.00040720290746720816,0.0005
Bank B,1.5,243,2853851.1104179835,0.0005783057349992329,0.0005
Bank B,1.5,244,3911512.752287758,0.0005668480206913358,0.0005
Bank B,1.5,245,1243276.6195874484,0.0005312550694657716,0.0005
Bank B,1.5,246,1279513.4814554127,0.0006886980883570507,0.0005
Bank B,1.5,247,0.0,0.0005447835668379003,0.0005
Bank B,1.5,248,2316662.5157901975,0.0005499205537451232,0.0005
Bank B,1.5,249,1012528.0923153373,0.0005129551789685416,0.0005
Bank B,1.5,250,2951133.4628365785,0.0004819612503687804,0.0005
Bank B,1.5,251,1234191.537410085,0.00035567466965866066,0.0005
Bank B,1.5,252,6640687.739352313,0.00032447660330813373,0.0005
Bank B,1.5,253,562352.7691785004,0.0003384921794608494,0.0005
Bank B,1.5,254,1078305.844966418,0.00035087230862690226,0.0005
Bank B,1.5,255,3059944.8480847143,0.0007066121513254129,0.0005
Bank B,1.5,256,1883993.3375264078,0.00018744972963183302,0.0005
Bank B,1.5,257,4071868.694098383,0.0006330237229080247,0.0005
Bank B,1.5,258,3703768.5290503423,0.0006290597222474049,0.0005
Bank B,1.5,259,2441989.847049826,0.0004045030886237492,0.0005
Bank B,1.5,260,991415.2041937023,0.0005482371602104976,0.0005
Bank B,1.5,261,1698828.2206961485,0.00043961996133982625,0.0005
Bank B,1.5,262,1915036.2973494043,0.0004691926133150206,0.0005
Bank B,1.5,263,1261564.8674557006,0.0005392820518658909,0.0005
Bank B,1.5,264,1856034.1681142158,0.0004949347664715404,0.0005
Bank B,1.5,265,0.0,0.00013322198985630512,0.0005
Bank B,1.5,266,2121442.331393496,0.00033339388575836636,0.0005
Bank B,1.5,267,984505.6279095241,0.0004031910877949751,0.0005
Bank B,1.5,268,5914528.041415092,0.0005829492842570543,0.0005
Bank B,1.5,269,2640296.3251806283,0.00028628618611194255,0.0005
Bank B,1.5,270,1015739.993305539,0.0004392869364627615,0.0005
Bank B,1.5,271,1856537.931002046,0.000535570893109211,0.0005
Bank B,1.5,272,1965961.93990102,0.000299837441354843,0.0005
Bank B,1.5,273,1673541.3657039558,0.00026186166865884705,0.0005
Bank B,1.5,274,1079491.0551173682,0.0005088429745834263,0.0005
Bank B,1.5,275,1500332.7054420747,0.000546583207692841,0.0005
Bank B,1.5,276,1214024.4507106356,0.00019781307310793816,0.0005
Bank B,1.5,277,1653173.5067601518,0.00027707447427996245,0.0005
Bank B,1.5,278,2415050.4229272977,0.0006158746782941509,0.0005
Bank B,1.5,279,2195016.098533742,0.0005954274600937434,0.0005
Bank B,1.5,280,3764572.0575592,0.0005334686775108609,0.0005
Bank B,1.5,281,506448.8288508135,0.0003543791090758476,0.0005
Bank B,1.5,282,4421287.911454495,0.0004135434747964047,0.0005
Bank B,1.5,283,1395317.076091623,0.0007411777558169248,0.0005
Bank B,1.5,284,4177582.156983728,0.00039088482782544814,0.0005
Bank B,1.5,285,56832.875987251595,0.00027602276398424583,0.0005
Bank B,1.5,286,6722303.747076965,0.0007046141959515279,0.0005
Bank B,1.5,287,33711.685130452504,0.00032833352586791,0.0005
Bank B,1.5,288,1962704.2437170355,0.0007032536635524703,0.0005
Bank B,1.5,289,1564812.4020270861,0.00041006598274210935,0.0005
Bank B,1.5,290,3213536.693558569,0.0006789176456748409,0.0005
Bank B,1.5,291,2976380.864175723,0.000509371877167807,0.0005
Bank B,1.5,292,4170940.628992457,0.0007995013476530786,0.0005
Bank B,1.5,293,901961.6424693501,0.0002136861850166362,0.0005
Bank B,1.5,294,3435231.496483353,0.0005444736012852897,0.0005
Bank B,1.5,295,766555.8852797679,0.00037349131310136964,0.0005
Bank B,1.5,296,1336339.0669694592,0.0005077248754076768,0.0005
Bank B,1.5,297,686957.5740366008,0.0003356046329411003,0.0005
Bank B,1.5,298,956925.6008317464,0.00046947934104754423,0.0005
Bank B,1.5,299,4304817.240219023,0.00038650368288823403,0.0005
Bank B,1.5,300,4732584.53287528,0.0006575702666361112,0.0005
Bank B,1.5,301,4464387.9817949105,0.0006241524774441595,0.0005
Bank B,1.5,302,3184322.1637125267,0.0003776154656797119,0.0005
Bank B,1.5,303,2096450.4018088134,0.0006149007646565611,0.0005
Bank B,1.5,304,1221303.5702842642,0.00042175807532556517,0.0005
Bank B,1.5,305,3148977.27049581,0.000479046020225524,0.0005
Bank B,1.5,306,847522.9670801144,0.000567551580713851,0.0005
Bank B,1.5,307,2117623.9068248584,0.0005195200188704443,0.0005
Bank B,1.5,308,2080322.1208685893,0.000564455209103354,0.0005
Bank B,1.5,309,1241247.1688050013,0.0005252726094279714,0.0005
Bank B,1.5,310,2539787.670616263,0.0005801782254673334,0.0005
Bank B,1.5,311,2023757.453889389,0.0005156053564095934,0.0005
Bank B,1.5,312,1500470.0928813815,0.00025918491080141544,0.0005
Bank B,1.5,313,1786733.0370327244,0.0004413084529861843,0.0005
Bank B,1.5,314,4876712.591586528,0.000522437094982985,0.0005
Bank B,1.5,315,2331935.2419109554,0.000516267689362283,0.0005
Bank B,1.5,316,2972524.269748777,0.0006550617765725895,0.0005
Bank B,1.5,317,971771.291157014,0.0006844061227768751,0.0005
Bank B,1.5,318,5140625.548885261,0.00032508992426813455,0.0005
Bank B,1.5,319,3671511.273717307,0.0008100376097284332,0.0005
Bank B,1.5,320,1849004.8572540923,0.00027064442812271535,0.0005
Bank B,1.5,321,1222888.72407981,0.00035764374819059877,0.0005
Bank B,1.5,322,3636778.7771172756,0.0005225694447312731,0.0005
Bank B,1.5,323,2326786.7576395925,0.00034035808749571626,0.0005
Bank B,1.5,324,4065991.2388283005,0.0008485199969128921,0.0005
Bank B,1.5,325,2173638.889638338,0.00033585461415689826,0.0005
Bank B,1.5,326,2277056.922954695,0.000472780885336629,0.0005
Bank B,1.5,327,1997015.5770489953,0.000837632439168372,0.0005
Bank B,1.5,328,1836980.0724396165,0.0006338127076277665,0.0005
Bank B,1.5,329,368165.88543282787,0.0001101677316499588,0.0005
Bank B,1.5,330,1222756.1894174444,0.00047349179488025714,0.0005
Bank B,1.5,331,6078558.247423147,0.0009047301449454196,0.0005
Bank B,1.5,332,3527146.8928162223,0.0004534632771294793,0.0005
Bank B,1.5,333,4800447.88325371,0.0006133183900999459,0.0005
Bank B,1.5,334,1601457.8473243404,0.00037209469656083273,0.0005
Bank B,1.5,335,5419338.5311398655,0.0006290396966256732,0.0005
Bank B,1.5,336,0.0,0.0005312930833162414,0.0005
Bank B,1.5,337,871748.2411301762,0.0004093756167789926,0.0005
Bank B,1.5,338,3251301.658523743,0.00032129020451897886,0.0005
Bank B,1.5,339,972830.0618836317,0.0006149242266637576,0.0005
Bank B,1.5,340,3506236.172921053,0.00047114052109027417,0.0005
Bank B,1.5,341,2110754.635241304,0.000501502293498745,0.0005
Bank B,1.5,342,2531131.31316618,0.00039903648961809245,0.0005
Bank B,1.5,343,2410587.469899752,0.000374502871726617,0.0005
Bank B,1.5,344,4449285.838564655,0.0006786628832080074,0.0005
Bank B,1.5,345,6202159.8629205655,0.0005157870308631005,0.0005
Bank B,1.5,346,1997899.3506522756,0.0006010201528721747,0.0005
Bank B,1.5,347,2972670.6046154583,0.00048814192515471877,0.0005
Bank B,1.5,348,1819541.6372187252,0.0002802421898875832,0.0005
Bank B,1.5,349,5290020.7190163955,0.0005550103508154552,0.0005
Bank B,1.5,350,2349560.676331536,0.00040173608056698286,0.0005
Bank B,1.5,351,5542916.318423436,0.0009094352275819391,0.0005
Bank B,1.5,352,4326351.113509364,0.0006277825795061903,0.0005
Bank B,1.5,353,2452735.583612247,0.00030243954662744496,0.0005
Bank B,1.5,354,4450798.805975095,0.0006910998695858387,0.0005
Bank B,1.5,355,3124866.165843583,0.00039965795747901706,0.0005
Bank B,1.5,356,5258071.660767518,0.0004964011421876251,0.0005
Bank B,1.5,357,321518.4956139097,0.0002992284115189628,0.0005
Bank B,1.5,358,4189128.733486917,0.0004521008636414179,0.0005
Bank B,1.5,359,2091825.655192946,0.0004197375342497482,0.0005
Bank B,1.5,360,3750198.8547303956,0.0005782451944007573,0.0005
Bank B,1.5,361,2610065.779427807,0.0005853714380168372,0.0005
Bank B,1.5,362,906737.0308032287,0.00018426744470585043,0.0005
Bank B,1.5,363,2403924.529251277,0.000571631272290497,0.0005
Bank B,1.5,364,2009605.8537664837,0.00023574126350751808,0.0005
Bank B,1.5,365,2941052.4596458278,0.00036525189808390523,0.0005
Bank B,1.5,366,2447880.899772699,0.0002217564335904226,0.0005
Bank B,1.5,367,4750163.817484167,0.0006221003660061384,0.0005
Bank B,1.5,368,1569679.3120949692,0.0005882240718765766,0.0005
Bank B,1.5,369,1667704.558430782,0.00045835442611111185,0.0005
Bank B,1.5,370,3111339.7544113058,0.0006900266936508782,0.0005
Bank B,1.5,371,2654431.240567769,0.0007022445206537586,0.0005
Bank B,1.5,372,4361505.942749843,0.00045666829067824506,0.0005
Bank B,1.5,373,4432613.272208684,0.0005732272876662016,0.0005
Bank B,1.5,374,808100.099143237,0.00045772813874640284,0.0005
Bank B,1.5,375,5312460.766888119,0.00040855476435855675,0.0005
Bank B,1.5,376,2547417.247908932,0.00037101606230848796,0.0005
Bank B,1.5,377,2414985.2661588797,0.0004902820836451549,0.0005
Bank B,1.5,378,232650.13916447642,0.00047352506795326956,0.0005
Bank B,1.5,379,1013084.1871796517,0.0005901071308692588,0.0005
Bank B,1.5,380,2958547.21912311,0.0004749156168272762,0.0005
Bank B,1.5,381,1049389.3129337314,0.0002657711290908173,0.0005
Bank B,1.5,382,1164362.726727129,0.0004665017390837254,0.0005
Bank B,1.5,383,4702040.425814714,0.0010063127578853312,0.0005
Bank B,1.5,384,1456326.8830926747,0.0002905156826311279,0.0005
Bank B,1.5,385,1331754.0950223259,0.0006127069242589271,0.0005
Bank B,1.5,386,1555118.227676954,0.0005144401322787294,0.0005
Bank B,1.5,387,4464660.203644857,0.0005904604447080061,0.0005
Bank B,1.5,388,5907555.063441183,0.0008825988484173328,0.0005
Bank B,1.5,389,1402652.1835629519,0.00045274498266751153,0.0005
Bank B,1.5,390,4770484.976427155,0.0005223523668506744,0.0005
Bank B,1.5,391,1089301.445043784,0.00041836064569972367,0.0005
Bank B,1.5,392,4610951.280632963,0.0008534145730384733,0.0005
Bank B,1.5,393,2717039.537332475,0.00044438292589586774,0.0005
Bank B,1.5,394,795105.6015863382,0.00037716009952885925,0.0005
Bank B,1.5,395,2690592.568803058,0.00042987153873738653,0.0005
Bank B,1.5,396,6200562.711608993,0.0004423205264597838,0.0005
Bank B,1.5,397,4284518.066627022,0.0002201453542472206,0.0005
Bank B,1.5,398,4752076.540459999,0.0005311611846707042,0.0005
Bank B,1.5,399,555735.0387021076,0.00023452270480084792,0.0005
Bank B,1.5,400,2767433.7118108086,0.00036227559527942033,0.0005
Bank B,1.5,401,4334708.3557493305,0.0005958580658773782,0.0005
Bank B,1.5,402,4303831.303805523,0.0009675686700423914,0.0005
Bank B,1.5,403,919415.9893129967,0.0004009883425223095,0.0005
Bank B,1.5,404,5014384.641767307,0.0006331060816331411,0.0005
Bank B,1.5,405,1622730.655554323,0.00045713224696074874,0.0005
Bank B,1.5,406,694249.7771821229,0.0005558174520607921,0.0005
Bank B,1.5,407,4232349.639891711,0.00068727536270022,0.0005
Bank B,1.5,408,5283154.835485888,0.0007414301682761031,0.0005
Bank B,1.5,409,1350936.9919481291,0.0006751381742672384,0.0005
Bank B,1.5,410,4714653.105098584,0.0005263794984269015,0.0005
Bank B,1.5,411,5387632.477024816,0.0002968485039603672,0.0005
Bank B,1.5,412,4043335.30529269,0.0006950049421618793,0.0005
Bank B,1.5,413,3028099.7433780907,0.0006733797168459559,0.0005
Bank B,1.5,414,2462694.8564057993,0.0005310478049630283,0.0005
Bank B,1.5,415,2532788.8566597495,0.0005783744343208559,0.0005
Bank B,1.5,416,3264518.4812086467,0.0006953643546023048,0.0005
Bank B,1.5,417,1484094.522514312,0.0005480555222948123,0.0005
Bank B,1.5,418,1620468.215894966,0.0007291517651765378,0.0005
Bank B,1.5,419,3940966.143645482,0.0007470103530780852,0.0005
Bank B,1.5,420,3686963.9553922806,0.0003587304997103496,0.0005
Bank B,1.5,421,3613315.3380798567,0.0005019778823753791,0.0005
Bank B,1.5,422,1440651.9948295734,0.0005582243785334532,0.0005
Bank B,1.5,423,2536558.4240090195,0.0002182078575675917,0.0005
Bank B,1.5,424,3863444.3381090574,0.0004743577589456494,0.0005
Bank B,1.5,425,3313031.9932383625,0.0007948876153447325,0.0005
Bank B,1.5,426,287141.5739000124,0.00037838922949612824,0.0005
Bank B,1.5,427,927363.3928348939,0.00013725648301292457,0.0005
Bank B,1.5,428,6153018.37324433,0.0004950086373550391,0.0005
Bank B,1.5,429,822389.2208298638,0.0003528355768900646,0.0005
Bank B,1.5,430,949500.9599284772,0.0004731089362725558,0.0005
Bank B,1.5,431,3108624.313571157,0.00037055832696447356,0.0005
Bank B,1.5,432,4104749.3722222727,0.0006753199179303439,0.0005
Bank B,1.5,433,2527112.2429618766,0.0006278070138676766,0.0005
Bank B,1.5,434,4199617.838302626,0.000801828095813058,0.0005
Bank B,1.5,435,5775212.268464521,0.0005749814493284823,0.0005
Bank B,1.5,436,507068.0867840837,0.0003223586017998873,0.0005
Bank B,1.5,437,1853021.045454687,0.00032768437725668776,0.0005
Bank B,1.5,438,2597302.518768004,0.0003661166094371632,0.0005
Bank B,1.5,439,3959214.77858691,0.0005172526546801925,0.0005
Bank B,1.5,440,2370390.097158599,0.0003559626459832682,0.0005
Bank B,1.5,441,682356.5126536903,0.0002842922494448523,0.0005
Bank B,1.5,442,6821117.220122447,0.0008765800632721903,0.0005
Bank B,1.5,443,1322770.7904918632,0.00019560843235110728,0.0005
Bank B,1.5,444,2945969.656579375,0.0005719723007597371,0.0005
Bank B,1.5,445,3147345.538542269,0.000523816053523908,0.0005
Bank B,1.5,446,1191684.565297505,0.000552047858062596,0.0005
Bank B,1.5,447,2247620.89105461,0.0005233431466170734,0.0005
Bank B,1.5,448,1565668.371258027,0.0003713315254450876,0.0005
Bank B,1.5,449,2508050.0534744784,0.0007391634271736103,0.0005
Bank B,1.5,450,2582463.9540900765,0.0007211020590284028,0.0005
Bank B,1.5,451,682342.5308353559,0.00045406210241384366,0.0005
Bank B,1.5,452,470432.1940605838,0.0007053828415735566,0.0005
Bank B,1.5,453,1438123.4735676309,0.00044441583727999667,0.0005
Bank B,1.5,454,733742.3710807589,0.000408880428822262,0.0005
Bank B,1.5,455,1187950.017956915,0.00022317266793864588,0.0005
Bank B,1.5,456,1414151.668468306,0.00043941654827715966,0.0005
Bank B,1.5,457,3084889.7094310336,0.0006470953094519744,0.0005
Bank B,1.5,458,1882765.863113037,0.000607473551057793,0.0005
Bank B,1.5,459,2987190.2532149637,0.0005182214931661721,0.0005
Bank B,1.5,460,5172343.231585972,0.0004678860475812311,0.0005
Bank B,1.5,461,3862833.0408321843,0.0005113405582812976,0.0005
Bank B,1.5,462,4257684.522686557,0.00046622716713183175,0.0005
Bank B,1.5,463,2676260.480469643,0.0004216168833951695,0.0005
Bank B,1.5,464,3112100.521470151,0.0005594361992358589,0.0005
Bank B,1.5,465,1429050.494277622,0.00046266654731719637,0.0005
Bank B,1.5,466,1795647.23439435,0.00037868294447491975,0.0005
Bank B,1.5,467,1713757.0107949665,0.0003966470379541544,0.0005
Bank B,1.5,468,3205516.2184464075,0.0005350757251076423,0.0005
Bank B,1.5,469,1903024.2960982271,0.00045130749163169317,0.0005
Bank B,1.5,470,771774.430980855,0.0003070912491447165,0.0005
Bank B,1.5,471,3285536.443127663,0.0007851524038768722,0.0005
Bank B,1.5,472,805235.2332605968,0.0005163208263167674,0.0005
Bank B,1.5,473,1308413.734918113,0.0005700731860779,0.0005
Bank B,1.5,474,2523632.9568369878,0.00039888540508729533,0.0005
Bank B,1.5,475,1627946.9246412695,0.00031373052805448823,0.0005
Bank B,1.5,476,3098144.050300237,0.0006498057947596734,0.0005
Bank B,1.5,477,4102604.8031548746,0.0003557694092046781,0.0005
Bank B,1.5,478,1471800.880933516,0.0005718578003490033,0.0005
Bank B,1.5,479,3794536.835124422,0.00046138872526040357,0.0005
Bank B,1.5,480,3802956.7730593886,0.0003555758479170504,0.0005
Bank B,1.5,481,1154391.7318123812,0.0003004193922292622,0.0005
Bank B,1.5,482,3026810.2595954607,0.0006058683551912397,0.0005
Bank B,1.5,483,3201797.809071103,0.0007853920452995014,0.0005
Bank B,1.5,484,3519355.531778773,0.0006925619078488917,0.0005
Bank B,1.5,485,2591090.8922155625,0.0004072695276373516,0.0005
Bank B,1.5,486,606372.961680021,0.00034129256542443696,0.0005
Bank B,1.5,487,1388606.8865636422,0.0005331718117222911,0.0005
Bank B,1.5,488,4071016.7411577227,0.0003490231142000752,0.0005
Bank B,1.5,489,3259417.8659859425,0.0007867009898760108,0.0005
Bank B,1.5,490,2084325.4505799548,0.0002593574042315067,0.0005
Bank B,1.5,491,3549264.370464618,0.00040181816601622715,0.0005
Bank B,1.5,492,2896125.9781169714,0.0006882306864170166,0.0005
Bank B,1.5,493,354828.8901307312,0.00022232388649506403,0.0005
Bank B,1.5,494,5349916.500748908,0.0007545389267266596,0.0005
Bank B,1.5,495,876377.527390239,0.00024576342608123125,0.0005
Bank B,1.5,496,3711938.9944199156,0.0007292617443457745,0.0005
Bank B,1.5,497,1804613.9056307464,0.00035891353883888956,0.0005
Bank B,1.5,498,2982680.569066323,0.0003069244311195811,0.0005
Bank B,1.5,499,5616601.080221029,0.0006152927753257771,0.0005
Bank B,1.5,500,5211460.421331948,0.0006137731390786198,0.0005
Bank B,1.5,501,2581573.8793944367,0.0006907965776225131,0.0005
Bank B,1.5,502,1295512.7043042853,0.0006086350820166123,0.0005
Bank B,1.5,503,1299728.5822371205,0.0006421433800777478,0.0005
Bank B,1.5,504,4812256.8911651885,0.000587267974796337,0.0005
Bank B,1.5,505,2837800.2240688037,0.000659848185053019,0.0005
Bank B,1.5,506,2002848.9563104622,0.0004504324745768161,0.0005
Bank B,1.5,507,3291613.1167560266,0.0004715894409722567,0.0005
Bank B,1.5,508,1099068.011778048,0.0006758400538011865,0.0005
Bank B,1.5,509,4247684.9498741105,0.0007773906952006391,0.0005
Bank B,1.5,510,2200730.123624118,0.0003318506166379221,0.0005
Bank B,1.5,511,54168.53683149985,0.0002553519761697789,0.0005
Bank B,1.5,512,3280230.3289703378,0.00045353360749540814,0.0005
Bank B,1.5,513,1873977.373073386,0.0005266530320025556,0.0005
Bank B,1.5,514,1808071.8088278926,0.00045352267684709827,0.0005
Bank B,1.5,515,2282368.1442035553,0.0003433368230686596,0.0005
Bank B,1.5,516,845160.892807228,0.0006534802028928936,0.0005
Bank B,1.5,517,4733136.666292188,0.0006573888112066286,0.0005
Bank B,1.5,518,1227200.7918261562,0.0004144081225950054,0.0005
Bank B,1.5,519,6352188.856453381,0.0006204664235074217,0.0005
Bank B,1.5,520,2163923.166992414,0.0004668581925441528,0.0005
Bank B,1.5,521,5463848.949696487,0.0005955895766601961,0.0005
Bank B,1.5,522,3400587.6536645866,0.00022114543523550135,0.0005
Bank B,1.5,523,3089405.9765144656,0.0005498604775154484,0.0005
Bank B,1.5,524,4914455.678506612,0.000816952091814056,0.0005
Bank B,1.5,525,3668325.8632867076,0.000363542682147459,0.0005
Bank B,1.5,526,3243106.175478366,0.0006977169042555209,0.0005
Bank B,1.5,527,3551606.3249020153,0.0005938652606873849,0.0005
Bank B,1.5,528,5225189.328526985,0.0008018768718625729,0.0005
Bank B,1.5,529,2183668.688645016,0.00042851771914770927,0.0005
Bank B,1.5,530,5943942.406436607,0.0005960744309374106,0.0005
Bank B,1.5,531,1296246.344594548,0.0002924084306503535,0.0005
Bank B,1.5,532,1903197.9811838851,0.00033168503220992854,0.0005
Bank B,1.5,533,2079706.844196699,0.0006494800084059066,0.0005
Bank B,1.5,534,2318058.6936835786,0.0007712254365311918,0.0005
Bank B,1.5,535,1668076.9536398314,0.00027725856625954935,0.0005
Bank B,1.5,536,1329390.1386031962,0.00030121236139464183,0.0005
Bank B,1.5,537,1397244.6096941833,0.0004273006044143144,0.0005
Bank B,1.5,538,3946576.113302444,0.0005276187817348713,0.0005
Bank B,1.5,539,2075647.4892493535,0.0003631207938323817,0.0005
Bank B,1.5,540,3769224.0876664533,0.0007518261360963957,0.0005
Bank B,1.5,541,2063169.269165637,0.00021818888932698601,0.0005
Bank B,1.5,542,504833.23884563614,0.00022448213707259088,0.0005
Bank B,1.5,543,1039065.514160092,0.0004901523330069485,0.0005
Bank B,1.5,544,1319771.7456364082,0.000496626609990774,0.0005
Bank B,1.5,545,2726749.5628180406,0.0005219599542788492,0.0005
Bank B,1.5,546,1315268.597871999,0.000633075340572357,0.0005
Bank B,1.5,547,412604.11322882073,0.0005376711717956899,0.0005
Bank B,1.5,548,2032586.0992643635,0.0004996521846062744,0.0005
Bank B,1.5,549,2432215.564396063,0.0003177911607729073,0.0005
Bank B,1.5,550,2551170.9224171713,0.00048517912791912253,0.0005
Bank B,1.5,551,859112.6935253693,0.0005216815354122138,0.0005
Bank B,1.5,552,5127515.622210557,0.0003933398082080043,0.0005
Bank B,1.5,553,4039899.5000378946,0.0006620660628942171,0.0005
Bank B,1.5,554,1474112.0247912449,0.000477371146510261,0.0005
Bank B,1.5,555,102529.54408046529,0.0003491739128252408,0.0005
Bank B,1.5,556,1823961.9825502245,0.0002944875263291703,0.0005
Bank B,1.5,557,1564359.721719749,0.0004033963782449687,0.0005
Bank B,1.5,558,3418900.6988806557,0.00031547550984108483,0.0005
Bank B,1.5,559,2587423.593119742,0.0006734757473121879,0.0005
Bank B,1.5,560,4313904.297459227,0.0006619621318220321,0.0005
Bank B,1.5,561,1759644.4740344856,0.00048325579253458693,0.0005
Bank B,1.5,562,1938279.4779359144,0.000491711856539343,0.0005
Bank B,1.5,563,593273.9920144067,0.00023970382560738727,0.0005
Bank B,1.5,564,5952467.03879407,0.0006697935542143072,0.0005
Bank B,1.5,565,1907924.3708629464,0.0004923654724573545,0.0005
Bank B,1.5,566,4671537.992729805,0.0005690890109908912,0.0005
Bank B,1.5,567,1480728.145565911,0.00044461574400040055,0.0005
Bank B,1.5,568,2812055.8082028604,0.0006849294811725594,0.0005
Bank B,1.5,569,3554221.4861046076,0.00030102017870041237,0.0005
Bank B,1.5,570,3419004.6149371415,0.0008887503072495075,0.0005
Bank B,1.5,571,1990051.8719086852,0.0005426665324593055,0.0005
Bank B,1.5,572,1668009.5493745578,0.0006260793222211868,0.0005
Bank B,1.5,573,4822646.09750917,0.0010254884661808144,0.0005
Bank B,1.5,574,2067810.5369711649,0.0003631816136873336,0.0005
Bank B,1.5,575,4728985.146206128,0.0004533056111306136,0.0005
Bank B,1.5,576,771560.7870551278,0.0002774856068836201,0.0005
Bank B,1.5,577,2177325.152235745,0.0007634575891680213,0.0005
Bank B,1.5,578,1446573.0409959753,0.00027066436788452915,0.0005
Bank B,1.5,579,1761711.9275632808,0.000549559423189543,0.0005
Bank B,1.5,580,3718181.6376664825,0.00024441852211914186,0.0005
Bank B,1.5,581,3237262.8059131526,0.0005790442813922161,0.0005
Bank B,1.5,582,3359579.4107901715,0.0005201359400585443,0.0005
Bank B,1.5,583,1849270.4199648611,0.00039077175474386603,0.0005
Bank B,1.5,584,903042.6264714501,0.0003455127142989593,0.0005
Bank B,1.5,585,2158697.005137877,0.0005030406771041031,0.0005
Bank B,1.5,586,6031622.372804737,0.0008081409088493058,0.0005
Bank B,1.5,587,5646263.880594718,0.0007006593526936222,0.0005
Bank B,1.5,588,1973524.1055030264,0.0003574720281304221,0.0005
Bank B,1.5,589,1673631.5840144914,0.0004030410514239485,0.0005
Bank B,1.5,590,3005248.610913058,0.0005307527578681254,0.0005
Bank B,1.5,591,2822512.6104953517,0.0003630057969842812,0.0005
Bank B,1.5,592,461049.7179375263,0.00016646348804756208,0.0005
Bank B,1.5,593,3363749.8531207396,0.00041870192910923866,0.0005
Bank B,1.5,594,0.0,0.00047568092051962474,0.0005
Bank B,1.5,595,2731978.3882915475,0.0002623453823547544,0.0005
Bank B,1.5,596,1551008.8351077181,0.0005552833737027398,0.0005
Bank B,1.5,597,3359019.607215408,0.00044920076673475866,0.0005
Bank B,1.5,598,2478061.420956417,0.0003677342734250775,0.0005
Bank B,1.5,599,802989.0036758647,0.00041869286278346535,0.0005
Bank B,1.5,600,2749716.9064962994,0.0003015436048833028,0.0005
Bank B,1.5,601,877645.4519228044,0.0004937179993272324,0.0005
Bank B,1.5,602,2029205.0522846524,0.000699403418502124,0.0005
Bank B,1.5,603,2648497.1529855086,0.000535793628375205,0.0005
Bank B,1.5,604,5443400.156773828,0.000372624753093926,0.0005
Bank B,1.5,605,1727678.2995006416,0.0005853395888937109,0.0005
Bank B,1.5,606,2702397.6081972294,0.0002550049371557001,0.0005
Bank B,1.5,607,3216763.420554797,0.0005032607537661019,0.0005
Bank B,1.5,608,3524101.2697778447,0.0003088755580503695,0.0005
Bank B,1.5,609,2049240.6949305227,0.0005740958415375034,0.0005
Bank B,1.5,610,1713860.6473390823,0.0004940254021834228,0.0005
Bank B,1.5,611,1978465.13908863,0.0008097353123194583,0.0005
Bank B,1.5,612,1770483.7798915713,0.0002657642773034138,0.0005
Bank B,1.5,613,1176338.270403183,0.0003475931915414819,0.0005
Bank B,1.5,614,2667312.059365359,0.0004370721941875521,0.0005
Bank B,1.5,615,4728051.456462725,0.00047734718020555494,0.0005
Bank B,1.5,616,2874127.645201274,0.000453181177152625,0.0005
Bank B,1.5,617,1115492.6679589772,0.0005451601464557683,0.0005
Bank B,1.5,618,193765.12876700464,0.0005899186990428464,0.0005
Bank B,1.5,619,210359.38248812623,0.0004883370820180843,0.0005
Bank B,1.5,620,1795219.7003516667,0.00046458604218893606,0.0005
Bank B,1.5,621,3359347.0407100506,0.0004985661051576346,0.0005
Bank B,1.5,622,664213.6198053682,0.0003737219693328142,0.0005
Bank B,1.5,623,4161995.207926914,0.00042306934281436737,0.0005
Bank B,1.5,624,1729433.631335833,0.0005677854198912101,0.0005
Bank B,1.5,625,2563628.170428253,0.0003726727454896647,0.0005
Bank B,1.5,626,2910108.684543641,0.00029165065000834285,0.0005
Bank B,1.5,627,2588782.8137121135,0.000370388616357882,0.0005
Bank B,1.5,628,914522.5818972924,0.0005275345528330208,0.0005
Bank B,1.5,629,1843480.1009945679,0.00047829403940199115,0.0005
Bank B,1.5,630,1113373.128501736,0.0006030500459462252,0.0005
Bank B,1.5,631,1296849.2452064264,0.0007120504667361358,0.0005
Bank B,1.5,632,2080340.1951875933,0.0003896133411171344,0.0005
Bank B,1.5,633,566194.392363034,0.00027105811857409034,0.0005
Bank B,1.5,634,1615684.989359942,0.0004277905058906254,0.0005
Bank B,1.5,635,6363073.933083574,0.0004879275142794133,0.0005
Bank B,1.5,636,833633.718381044,0.00033815204834173403,0.0005
Bank B,1.5,637,3866042.9632179225,0.0004495678005867004,0.0005
Bank B,1.5,638,5559772.897545048,0.00030645341218969686,0.0005
Bank B,1.5,639,1488697.4917930425,0.00044834310351241405,0.0005
Bank B,1.5,640,1369633.025462928,0.00041600378983493706,0.0005
Bank B,1.5,641,1397765.3586901654,0.000639295381994491,0.0005
Bank B,1.5,642,4120448.58060836,0.0007754093681751351,0.0005
Bank B,1.5,643,2682503.078958316,0.0003449085944911252,0.0005
Bank B,1.5,644,3418255.8661263026,0.0005326674706038131,0.0005
Bank B,1.5,645,6765041.864018441,0.000515716496782804,0.0005
Bank B,1.5,646,837019.6031172469,0.0004746802602622706,0.0005
Bank B,1.5,647,2513810.7744632363,0.0005736338837473487,0.0005
Bank B,1.5,648,5074939.310581135,0.0006189646847949065,0.0005
Bank B,1.5,649,1372307.2026147856,0.0004220637571739848,0.0005
Bank B,1.5,650,2204522.8536115247,0.0005737962721223207,0.0005
Bank B,1.5,651,2786753.9371569934,0.00040995886935852433,0.0005
Bank B,1.5,652,3040341.844403269,0.000635245363065988,0.0005
Bank B,1.5,653,616671.7598670907,0.0006290489862312703,0.0005
Bank B,1.5,654,3222517.261892166,0.00036972612056422144,0.0005
Bank B,1.5,655,3192577.2803941555,0.000794039344013639,0.0005
Bank B,1.5,656,2387492.457207618,0.0002176838724913774,0.0005
Bank B,1.5,657,910705.0603560739,0.0004227043328708763,0.0005
Bank B,1.5,658,2932226.3300348273,0.00044628147221099094,0.0005
Bank B,1.5,659,1615448.8483302272,0.0006881216465428094,0.0005
Bank B,1.5,660,382297.6517577755,0.00022178485439860998,0.0005
Bank B,1.5,661,2246293.7052816413,0.0005730708837492258,0.0005
Bank B,1.5,662,2650255.8574861316,0.0003221012220155087,0.0005
Bank B,1.5,663,907958.3620471129,0.00029526324812306266,0.0005
Bank B,1.5,664,2177429.812700549,0.0004942292707986409,0.0005
Bank B,1.5,665,2108062.2828108943,0.00045778031758816055,0.0005
Bank B,1.5,666,678835.8327508342,0.0005224017894561218,0.0005
Bank B,1.5,667,4298714.468784548,0.0005404854024147535,0.0005
Bank B,1.5,668,1227542.0734533523,0.0005348755841171617,0.0005
Bank B,1.5,669,357454.1825344483,0.0002725270749513826,0.0005
Bank B,1.5,670,2728790.387279442,0.0006298871442578825,0.0005
Bank B,1.5,671,3241374.265377198,0.0005694201850314706,0.0005
Bank B,1.5,672,2403924.931161791,0.00037864882713476464,0.0005
Bank B,1.5,673,2118171.141923588,0.00040448797328510705,0.0005
Bank B,1.5,674,4736656.562180555,0.0005945681682226952,0.0005
Bank B,1.5,675,1745112.9748825654,0.0004202420528179128,0.0005
Bank B,1.5,676,3895018.4139213637,0.00047144469757953397,0.0005
Bank B,1.5,677,2458785.299167786,0.0004205550851760393,0.0005
Bank B,1.5,678,4019230.7896244484,0.0004940368901317513,0.0005
Bank B,1.5,679,3928450.5328052593,0.0005133079616227971,0.0005
Bank B,1.5,680,5920152.751464693,0.0006846703470069458,0.0005
Bank B,1.5,681,2847070.247919906,0.0004672924285270735,0.0005
Bank B,1.5,682,3556108.0759343184,0.0006352930432106085,0.0005
Bank B,1.5,683,1988394.5518812228,0.0003040514144248406,0.0005
Bank B,1.5,684,1499552.767752171,0.00040582606248564294,0.0005
Bank B,1.5,685,3914720.108040284,0.00044704558427948653,0.0005
Bank B,1.5,686,946223.4234812283,0.0002426971920079911,0.0005
Bank B,1.5,687,1755411.2384073958,0.0008164133906828884,0.0005
Bank B,1.5,688,2331626.0465273056,0.0005083626452663352,0.0005
Bank B,1.5,689,1766221.6735160076,0.0004966014608751313,0.0005
Bank B,1.5,690,3027627.3784415345,0.00035638727834088436,0.0005
Bank B,1.5,691,826929.3548783355,0.0005029987967515388,0.0005
Bank B,1.5,692,2722044.3632723284,0.0006290510570338731,0.0005
Bank B,1.5,693,6337578.522380187,0.0003794409528139943,0.0005
Bank B,1.5,694,5145180.997632328,0.00015902413803505307,0.0005
Bank B,1.5,695,4596550.587665135,0.00037843011050106925,0.0005
Bank B,1.5,696,1921584.2330960706,0.00033882940707439076,0.0005
Bank B,1.5,697,1650681.4398425738,0.00031268615371449573,0.0005
Bank B,1.5,698,5125241.737664321,0.0003938462497222325,0.0005
Bank B,1.5,699,2862351.454162677,0.00044099251091269813,0.0005
Bank B,1.5,700,4915871.638670564,0.0008106773161515899,0.0005
Bank B,1.5,701,3320492.30348258,0.0006713327562819737,0.0005
Bank B,1.5,702,3535941.9646174526,0.00042681335999165883,0.0005
Bank B,1.5,703,3252014.944654777,0.0005746683446964497,0.0005
Bank B,1.5,704,3300420.9612870542,0.0007556368342822992,0.0005
Bank B,1.5,705,2572475.0165018453,0.0008761769410742234,0.0005
Bank B,1.5,706,2378964.26002202,0.0003980826335352215,0.0005
Bank B,1.5,707,1657698.1063711918,0.0005030815598882004,0.0005
Bank B,1.5,708,869568.2333428741,0.00047950541783166556,0.0005
Bank B,1.5,709,1809114.2444506863,0.0006610519939822038,0.0005
Bank B,1.5,710,3672176.4971249406,0.0007395537052296056,0.0005
Bank B,1.5,711,3857541.3963213987,0.00029473213859454466,0.0005
Bank B,1.5,712,658074.4899683687,0.00039801151789279704,0.0005
Bank B,1.5,713,1134521.4493868626,0.0004752441544035522,0.0005
Bank B,1.5,714,2429701.20795052,0.0005857763732459552,0.0005
Bank B,1.5,715,3135232.822173463,0.0005786248678944202,0.0005
Bank B,1.5,716,3075356.4748252956,0.0004734662378790735,0.0005
Bank B,1.5,717,4482778.545495607,0.00048517985389999593,0.0005
Bank B,1.5,718,1760238.7817131535,0.0007407232433023946,0.0005
Bank B,1.5,719,2267125.038310381,0.0004756488504926108,0.0005
Bank B,1.5,720,3994232.890765849,0.0005402388873632646,0.0005
Bank B,1.5,721,2977193.70105618,0.0008601700959707732,0.0005
Bank B,1.5,722,3780793.5044504898,0.0006813027687516203,0.0005
Bank B,1.5,723,1569822.1441870295,0.00023069179351024757,0.0005
Bank B,1.5,724,2016201.5409427742,0.0006601690048368623,0.0005
Bank B,1.5,725,3892944.311958284,0.000527439759996655,0.0005
Bank B,1.5,726,6242244.551970142,0.0006094851628418162,0.0005
Bank B,1.5,727,6154038.253411492,0.0003762084131454909,0.0005
Bank B,1.5,728,1841080.8705285166,0.0007513263032110358,0.0005
Bank B,1.5,729,1369692.9274592223,0.00031405456566846647,0.0005
Bank B,1.5,730,8033963.25192613,0.0006226066312123375,0.0005
Bank B,1.5,731,3200270.2523837877,0.00047397070036314773,0.0005
Bank B,1.5,732,3423664.8037820216,0.000503824203754197,0.0005
Bank B,1.5,733,2292770.5641199243,0.0006066892514682255,0.0005
Bank B,1.5,734,4020946.9218150456,0.00019953548532363087,0.0005
Bank B,1.5,735,3539054.0176222073,0.00058810987523446,0.0005
Bank B,1.5,736,2779650.3862087023,0.0005231773101769824,0.0005
Bank B,1.5,737,4142360.426128296,0.0005070161225644984,0.0005
Bank B,1.5,738,2023791.111490081,0.00031057875223082276,0.0005
Bank B,1.5,739,2698243.7500216095,0.0005289694729057103,0.0005
Bank B,1.5,740,1251611.4365157534,0.0003483508775683837,0.0005
Bank B,1.5,741,3766548.7652634587,0.00033586021384802967,0.0005
Bank B,1.5,742,711412.3424649131,0.00036701581788688414,0.0005
Bank B,1.5,743,1607445.098512395,0.00040609859508651015,0.0005
Bank B,1.5,744,673463.0840308805,0.0004887758554599722,0.0005
Bank B,1.5,745,4934948.975963541,0.0006023362492174216,0.0005
Bank B,1.5,746,4856311.956565867,0.0004290814096832615,0.0005
Bank B,1.5,747,3706355.169130584,0.00035714812153729103,0.0005
Bank B,1.5,748,1191642.5694411288,0.0006101514185141201,0.0005
Bank B,1.5,749,2398062.203090853,0.0001958061450918386,0.0005
Bank B,1.5,750,1539256.2007471293,0.00028821881835585256,0.0005
Bank B,1.5,751,3421095.751704359,0.0004892113119901905,0.0005
Bank B,1.5,752,3067092.5298078423,0.0005006679038988281,0.0005
Bank B,1.5,753,1733341.6788262818,0.00039471849093562154,0.0005
Bank B,1.5,754,1643576.4614259312,0.00036419699428856067,0.0005
Bank B,1.5,755,5057995.436645379,0.0005588225817345397,0.0005
Bank B,1.5,756,3547737.1400095806,0.00043313153427142903,0.0005
Bank B,1.5,757,2728991.6197363613,0.00039381605651855336,0.0005
Bank B,1.5,758,4864854.613482514,0.0007819574312520466,0.0005
Bank B,1.5,759,2315751.9655353716,0.00035281876237533557,0.0005
Bank B,1.5,760,3828272.640716969,0.0009057963465565928,0.0005
Bank B,1.5,761,1281524.926858555,0.00030459375520013786,0.0005
Bank B,1.5,762,1529745.003290591,0.0005054266465371278,0.0005
Bank B,1.5,763,1855276.2730499622,0.0003873928490090988,0.0005
Bank B,1.5,764,5106227.484632489,0.0005649317045862754,0.0005
Bank B,1.5,765,6152981.992402701,0.0007884288168736593,0.0005
Bank B,1.5,766,2608317.4688959215,0.0004559553595473373,0.0005
Bank B,1.5,767,701171.611497171,0.00030279582871731533,0.0005
Bank B,1.5,768,1151643.014084674,0.0003742260490036773,0.0005
Bank B,1.5,769,5314564.836608032,0.0005794633911605081,0.0005
Bank B,1.5,770,1651966.3379779877,0.0003734082591390728,0.0005
Bank B,1.5,771,3078155.0525727416,0.00020618635048894716,0.0005
Bank B,1.5,772,1863776.1671776115,0.0004756720412221519,0.0005
Bank B,1.5,773,2318412.6235153107,0.0005634070036923114,0.0005
Bank B,1.5,774,3874389.134091806,0.00037155215047594056,0.0005
Bank B,1.5,775,702107.1853084157,0.0005011202412090825,0.0005
Bank B,1.5,776,2245603.2034935793,0.0005848652102294537,0.0005
Bank B,1.5,777,5359895.145561249,0.0005359509578985859,0.0005
Bank B,1.5,778,0.0,0.000603746137802867,0.0005
Bank B,1.5,779,1843347.83004958,0.0004768012044822702,0.0005
Bank B,1.5,780,968044.156659028,0.0005246954107039208,0.0005
Bank B,1.5,781,2181345.102481174,0.00041520898753895575,0.0005
Bank B,1.5,782,1558779.1171967757,0.0006240559900001613,0.0005
Bank B,1.5,783,5101252.42856978,0.001112050220901992,0.0005
Bank B,1.5,784,3011087.088974172,0.0006334829300885073,0.0005
Bank B,1.5,785,0.0,0.000517417323048321,0.0005
Bank B,1.5,786,2384424.502557306,0.00020546602415548942,0.0005
Bank B,1.5,787,1153966.7957537044,0.00024465370229138775,0.0005
Bank B,1.5,788,5292333.864975857,0.000639564141551477,0.0005
Bank B,1.5,789,2663697.809885026,0.0004293961999270789,0.0005
Bank B,1.5,790,1053028.9848303944,0.0001942977258423879,0.0005
Bank B,1.5,791,1848232.9524223648,0.0005649826532971501,0.0005
Bank B,1.5,792,1320351.8771320113,0.0005265293415952007,0.0005
Bank B,1.5,793,4899887.733558313,0.0005131411335606444,0.0005
Bank B,1.5,794,1140642.8405500613,0.0005411292957186115,0.0005
Bank B,1.5,795,3721990.4106174484,0.000563508697769368,0.0005
Bank B,1.5,796,3168617.8606799087,0.00044092455649936263,0.0005
Bank B,1.5,797,804911.0659518213,0.00038030630223090357,0.0005
Bank B,1.5,798,3736621.2442654176,0.0007857074465367561,0.0005
Bank B,1.5,799,3816376.120514297,0.0004888914862434747,0.0005
Bank B,1.5,800,5333193.3627001215,0.0008774862788605877,0.0005
Bank B,1.5,801,2447246.866270791,0.00022540068613272388,0.0005
Bank B,1.5,802,2549527.7646281435,0.0006043877191244377,0.0005
Bank B,1.5,803,6478642.863875066,0.0008464843098348074,0.0005
Bank B,1.5,804,2271124.6710517923,0.0008020831516329853,0.0005
Bank B,1.5,805,3769549.481844214,0.0004771397429899216,0.0005
Bank B,1.5,806,1131030.3195582423,0.0005251188426195288,0.0005
Bank B,1.5,807,4921068.21378834,0.0006864572001404706,0.0005
Bank B,1.5,808,2087757.7555345509,0.0006816322338326546,0.0005
Bank B,1.5,809,4373134.2606667485,0.0006227634854783122,0.0005
Bank B,1.5,810,1499435.2847361476,0.0005426204684634013,0.0005
Bank B,1.5,811,2305290.417343674,0.0003937274262014343,0.0005
Bank B,1.5,812,3079879.121738767,0.00038881731623437626,0.0005
Bank B,1.5,813,2323788.9943234865,0.0007760294284459857,0.0005
Bank B,1.5,814,5919807.692856118,0.0006744597461074277,0.0005
Bank B,1.5,815,3280452.864158619,0.0005741880188960683,0.0005
Bank B,1.5,816,678570.1818324388,0.0003901627918253325,0.0005
Bank B,1.5,817,3166916.5492499326,0.0005012335220226807,0.0005
Bank B,1.5,818,1799585.0450427227,0.0007962968339589474,0.0005
Bank B,1.5,819,1798140.7527827616,0.0009325977299928565,0.0005
Bank B,1.5,820,1263968.179277885,0.0005715303645267667,0.0005
Bank B,1.5,821,3892603.595602359,0.0005968903766004116,0.0005
Bank B,1.5,822,409811.16769381956,0.00038648921649832074,0.0005
Bank B,1.5,823,1539124.5583216604,0.0005255130047110081,0.0005
Bank B,1.5,824,1507011.1292543798,0.0005043957663794316,0.0005
Bank B,1.5,825,1022142.7442756263,0.0003517888441042844,0.0005
Bank B,1.5,826,1053751.0230049493,0.0005720481771446586,0.0005
Bank B,1.5,827,2302006.601610413,0.0006195529439768589,0.0005
Bank B,1.5,828,3205217.6271974253,0.0007107213380260677,0.0005
Bank B,1.5,829,3830002.3401028616,0.0001788283416083429,0.0005
Bank B,1.5,830,1686711.0461070184,0.0006103426067956843,0.0005
Bank B,1.5,831,1456572.5529866708,0.00026273955299070917,0.0005
Bank B,1.5,832,4199724.954478396,0.001023986245318867,0.0005
Bank B,1.5,833,3776827.559525946,0.000506955934607513,0.0005
Bank B,1.5,834,3731780.852285083,0.00033006863149786126,0.0005
Bank B,1.5,835,3322142.5401475267,0.0004895937879139582,0.0005
Bank B,1.5,836,0.0,0.00033718123683019313,0.0005
Bank B,1.5,837,1458572.6827387088,0.0005882364840659372,0.0005
Bank B,1.5,838,3050397.5231894697,0.0008368861283207183,0.0005
Bank B,1.5,839,4171373.744903903,0.0006082483220332035,0.0005
Bank B,1.5,840,2754667.3963951967,0.0004691710505696382,0.0005
Bank B,1.5,841,1879265.3827074354,0.0003329325735248208,0.0005
Bank B,1.5,842,3713887.461459548,0.0006285424310594339,0.0005
Bank B,1.5,843,2906795.316934617,0.000502148913265916,0.0005
Bank B,1.5,844,2423749.3660751632,0.000523724330720826,0.0005
Bank B,1.5,845,1415749.849224729,0.00025968931128479727,0.0005
Bank B,1.5,846,2026396.5120706772,0.00041340940496188043,0.0005
Bank B,1.5,847,1179027.9350091578,0.0006085727841815903,0.0005
Bank B,1.5,848,932010.9841159906,0.00010304171172433156,0.0005
Bank B,1.5,849,667404.2469687143,0.00034424820128180786,0.0005
Bank B,1.5,850,1192800.8459269537,0.0002606545518555652,0.0005
Bank B,1.5,851,2932982.8638229473,0.0003105052387165602,0.0005
Bank B,1.5,852,2798347.2490389952,0.000625763198560317,0.0005
Bank B,1.5,853,2046767.954733534,0.0007337166535960578,0.0005
Bank B,1.5,854,790794.8225168949,0.00034237785335430805,0.0005
Bank B,1.5,855,2289287.0960915885,0.00040093257522029664,0.0005
Bank B,1.5,856,4265377.702214227,0.000351055254972649,0.0005
Bank B,1.5,857,679849.7260994476,0.00020776327267806258,0.0005
Bank B,1.5,858,1777918.3130749138,0.00040703034798373374,0.0005
Bank B,1.5,859,2973648.624598329,0.0005577692467794651,0.0005
Bank B,1.5,860,1231665.7275503026,0.00022756202180904738,0.0005
Bank B,1.5,861,1660121.3462495578,0.0002708160794421585,0.0005
Bank B,1.5,862,2119706.751417125,0.00047492190597419156,0.0005
Bank B,1.5,863,1533772.8279892718,0.0007663858752768099,0.0005
Bank B,1.5,864,7471069.585778186,0.0006587303364177402,0.0005
Bank B,1.5,865,2846693.3130003894,0.0003195530010406699,0.0005
Bank B,1.5,866,2168754.1597891236,0.0004208320646019763,0.0005
Bank B,1.5,867,1302385.3783956761,0.00048073649712374294,0.0005
Bank B,1.5,868,1084741.7207232418,0.0006073412559224876,0.0005
Bank B,1.5,869,4641862.665607572,0.0005463724393433575,0.0005
Bank B,1.5,870,3413068.645464226,0.0004638486405160113,0.0005
Bank B,1.5,871,974263.6683839364,0.0005686647099713989,0.0005
Bank B,1.5,872,2314095.043526485,0.0003882412490287904,0.0005
Bank B,1.5,873,3906012.3847569535,0.0004777844575253793,0.0005
Bank B,1.5,874,5519665.69283421,0.0003903683660909062,0.0005
Bank B,1.5,875,5431972.918599505,0.0005840224171430251,0.0005
Bank B,1.5,876,2401158.683613031,0.0004188458179811577,0.0005
Bank B,1.5,877,861371.4682316281,0.0005684130165406665,0.0005
Bank B,1.5,878,2966165.316029696,0.0006833683521697034,0.0005
Bank B,1.5,879,3512511.070469154,0.00046821592669842315,0.0005
Bank B,1.5,880,1816192.9212958224,0.0006219172774554443,0.0005
Bank B,1.5,881,6169119.001300898,0.0007110027957093335,0.0005
Bank B,1.5,882,5002486.558897063,0.0005163369228020411,0.0005
Bank B,1.5,883,981641.6101117055,0.0004112667882094929,0.0005
Bank B,1.5,884,2094196.557276174,0.00044404787890063514,0.0005
Bank B,1.5,885,3089184.2818897655,0.0006215331471374048,0.0005
Bank B,1.5,886,1736642.4750934865,0.0005502162954349876,0.0005
Bank B,1.5,887,4263732.091932826,0.0004101863527350745,0.0005
Bank B,1.5,888,3787319.1160010397,0.0006268312595050581,0.0005
Bank B,1.5,889,1206030.5332952216,0.0005652879150193588,0.0005
Bank B,1.5,890,2765068.362946058,0.0003850506956986899,0.0005
Bank B,1.5,891,7012689.477658238,0.0006049773151421458,0.0005
Bank B,1.5,892,3622449.510498289,0.0005166883042553632,0.0005
Bank B,1.5,893,4526745.261889946,0.0007356325052365008,0.0005
Bank B,1.5,894,544229.1999240577,0.00039264319169909944,0.0005
Bank B,1.5,895,3202426.1089923484,0.00032944377047365315,0.0005
Bank B,1.5,896,2444676.7268720735,0.0006518424734850653,0.0005
Bank B,1.5,897,1751459.0356291784,0.0002469513991442091,0.0005
Bank B,1.5,898,2847411.147981475,0.00043623002537962816,0.0005
Bank B,1.5,899,1486554.4264841382,0.00021922117583475997,0.0005
Bank B,1.5,900,576073.128001457,0.000643603317756191,0.0005
Bank B,1.5,901,4099297.4921500892,0.0006687903613567033,0.0005
Bank B,1.5,902,2257920.6989798187,0.0005885754605736847,0.0005
Bank B,1.5,903,3169524.230204007,0.000456246745920114,0.0005
Bank B,1.5,904,1226768.1194342454,0.0004259155707461961,0.0005
Bank B,1.5,905,3121805.22857643,0.0005034498678770052,0.0005
Bank B,1.5,906,2217430.4906049506,0.00052645868416148,0.0005
Bank B,1.5,907,1306104.4436491465,0.0005567086273948936,0.0005
Bank B,1.5,908,482929.3149149422,0.00044600690641904034,0.0005
Bank B,1.5,909,930551.1030292345,0.00040330192917846253,0.0005
Bank B,1.5,910,3929853.8747010445,0.0006377699178791631,0.0005
Bank B,1.5,911,1628587.5958921837,0.000173242593474799,0.0005
Bank B,1.5,912,3228034.177253167,0.00041222299193662053,0.0005
Bank B,1.5,913,4640140.2858582325,0.0004335088578377719,0.0005
Bank B,1.5,914,1655437.2927916506,0.00041137741375410665,0.0005
Bank B,1.5,915,1624045.5811490093,0.0004182999773535424,0.0005
Bank B,1.5,916,468949.8798272546,0.0004986908402419898,0.0005
Bank B,1.5,917,1930979.7680032873,0.0008268032631620174,0.0005
Bank B,1.5,918,1374813.9436906383,0.0004858813048846523,0.0005
Bank B,1.5,919,1688762.8590991923,0.00032988834002064784,0.0005
Bank B,1.5,920,2022503.6045480021,0.00031495906621282094,0.0005
Bank B,1.5,921,2740321.138629062,0.0005878769164287373,0.0005
Bank B,1.5,922,2349228.719145452,0.0005259314657258619,0.0005
Bank B,1.5,923,5143916.780434181,0.0005822965611792657,0.0005
Bank B,1.5,924,2206249.012155549,0.0003637013529640275,0.0005
Bank B,1.5,925,530069.8875767218,0.000257430248423894,0.0005
Bank B,1.5,926,3012104.894419678,0.000852356848029639,0.0005
Bank B,1.5,927,1519741.097634555,0.00045364504492343793,0.0005
Bank B,1.5,928,2193017.5520032938,0.0005221364044745035,0.0005
Bank B,1.5,929,2148869.7154321913,0.0003882031386666506,0.0005
Bank B,1.5,930,5130076.324903417,0.0010642027966141663,0.0005
Bank B,1.5,931,1843700.7703575273,0.00042771092696453615,0.0005
Bank B,1.5,932,370937.1294023063,0.0004433454861758694,0.0005
Bank B,1.5,933,3498731.8022193853,0.000780150080639135,0.0005
Bank B,1.5,934,1419826.9307861498,0.0006068837731946574,0.0005
Bank B,1.5,935,3246095.3677978907,0.000672397075853527,0.0005
Bank B,1.5,936,936354.3510227541,0.00035598025254934915,0.0005
Bank B,1.5,937,1101662.049854104,0.0003123513237400996,0.0005
Bank B,1.5,938,2733976.1189610795,0.000767267785335367,0.0005
Bank B,1.5,939,1037982.387715176,0.00037026936360765213,0.0005
Bank B,1.5,940,2277438.2141774334,0.00032301816823394577,0.0005
Bank B,1.5,941,1206191.479655503,0.0003265055098234983,0.0005
Bank B,1.5,942,901107.8602506997,0.0003802858027350205,0.0005
Bank B,1.5,943,4507076.7979435045,0.0005745756552353706,0.0005
Bank B,1.5,944,550997.0573396797,0.0008297764011525252,0.0005
Bank B,1.5,945,4402573.025141363,0.0007882162908765709,0.0005
Bank B,1.5,946,993570.5190359285,0.00036143216464455257,0.0005
Bank B,1.5,947,4033299.4108991805,0.0005721644241822275,0.0005
Bank B,1.5,948,1836213.8989043739,0.0005276917615429493,0.0005
Bank B,1.5,949,341609.425251221,0.00034461685196528213,0.0005
Bank B,1.5,950,582677.8601394192,0.00029990538813229437,0.0005
Bank B,1.5,951,879177.2575178496,0.0004899526338834362,0.0005
Bank B,1.5,952,4848422.275964631,0.00027220836204515695,0.0005
Bank B,1.5,953,291499.88911114587,0.000374156914608092,0.0005
Bank B,1.5,954,4021513.547270122,0.00046084973713442516,0.0005
Bank B,1.5,955,2472650.324238955,0.0007107783219216264,0.0005
Bank B,1.5,956,1928196.3756059986,0.00076221028895925,0.0005
Bank B,1.5,957,604588.5107505352,0.0005175129748504657,0.0005
Bank B,1.5,958,4289287.520413734,0.0007576114507859467,0.0005
Bank B,1.5,959,1755772.4033152636,0.0006691012687687986,0.0005
Bank B,1.5,960,1708204.2120734889,0.0006756837679434153,0.0005
Bank B,1.5,961,3701586.8304747622,0.0005269022075379029,0.0005
Bank B,1.5,962,7615994.147332875,0.0005752081477627394,0.0005
Bank B,1.5,963,5157292.33783204,0.0007179898104867824,0.0005
Bank B,1.5,964,1168352.4336151755,0.0005094150212618798,0.0005
Bank B,1.5,965,645491.6579011488,0.0003184120852219537,0.0005
Bank B,1.5,966,1751841.5398924178,0.0003877364644814559,0.0005
Bank B,1.5,967,3673069.8149511972,0.0008003136596299523,0.0005
Bank B,1.5,968,1103259.0327609505,0.00013789988556400624,0.0005
Bank B,1.5,969,2406704.429645816,0.0005211046928356339,0.0005
Bank B,1.5,970,908883.2287244477,0.0006063226767233606,0.0005
Bank B,1.5,971,1907422.3706317074,0.00046433515377853756,0.0005
Bank B,1.5,972,6739819.341568876,0.0002731727928206951,0.0005
Bank B,1.5,973,1289269.3413112625,0.0002056493571391407,0.0005
Bank B,1.5,974,4843251.518469762,0.0005757449290190686,0.0005
Bank B,1.5,975,600611.106441273,0.0003111472577940426,0.0005
Bank B,1.5,976,1925610.8698110534,0.0003321977632979285,0.0005
Bank B,1.5,977,5759987.1411449155,0.0005097361803601294,0.0005
Bank B,1.5,978,2610959.3307002806,0.0005818537409808174,0.0005
Bank B,1.5,979,4459460.406314534,0.0005413444671722665,0.0005
Bank B,1.5,980,1381065.6562676192,0.0005140454280104619,0.0005
Bank B,1.5,981,2148626.798292863,0.0003346798789318289,0.0005
Bank B,1.5,982,1921916.6076007462,0.000562495477222246,0.0005
Bank B,1.5,983,4342191.841186734,0.0007930567868978496,0.0005
Bank B,1.5,984,3555312.3429342434,0.0008671572683359763,0.0005
Bank B,1.5,985,2017792.3151110476,0.00036088675159545204,0.0005
Bank B,1.5,986,927027.0609907683,0.0002549631115086344,0.0005
Bank B,1.5,987,2661178.8308435045,0.0003671762880574466,0.0005
Bank B,1.5,988,1683419.3531915909,0.0005179951040482868,0.0005
Bank B,1.5,989,1779492.4121853705,0.0004547538082449821,0.0005
Bank B,1.5,990,3057320.8870899538,0.0008805053766222651,0.0005
Bank B,1.5,991,569619.7250921205,0.00023868681412047278,0.0005
Bank B,1.5,992,0.0,0.0003035761333794651,0.0005
Bank B,1.5,993,5398914.258293456,0.0008413745093323837,0.0005
Bank B,1.5,994,5573449.397667103,0.0007601588211425692,0.0005
Bank B,1.5,995,659171.1828077931,0.0004850661064589843,0.0005
Bank B,1.5,996,1632955.9315974596,0.00042818991829255234,0.0005
Bank B,1.5,997,3922588.587611466,0.0007442623462574098,0.0005
Bank B,1.5,998,977908.5561146263,0.0004799953227368982,0.0005
Bank B,1.5,999,3888337.9976006565,0.0003303215772903949,0.0005
Bank B,1.5,1000,1971191.2846633184,0.0004726310884573571,0.0005
Bank B,1.5,1001,6117571.240283994,0.0006056028290866275,0.0005
Bank B,1.5,1002,1747054.6224605057,0.00034256601196853417,0.0005
Bank B,1.5,1003,598776.1137559537,0.000313817983008587,0.0005
Bank B,1.5,1004,6116452.2667994015,0.0006199805574726067,0.0005
Bank B,1.5,1005,4423422.876928544,0.00028596920168032415,0.0005
Bank B,1.5,1006,1728578.76146012,0.00043157250418498404,0.0005
Bank B,1.5,1007,5561925.08362545,0.0005639818258629663,0.0005
Bank B,1.5,1008,5819592.559256898,0.00045886598315969106,0.0005
Bank B,1.5,1009,1655431.701694291,0.0005280923403176122,0.0005
Bank B,1.5,1010,2142824.6105781063,0.0005018039353421774,0.0005
Bank B,1.5,1011,7662759.134938868,0.0008372277076430058,0.0005
Bank B,1.5,1012,4332582.296750829,0.0007632029530987911,0.0005
Bank B,1.5,1013,3133331.445697225,0.0007130493822574904,0.0005
Bank B,1.5,1014,2644166.5848401794,0.0005157197098326095,0.0005
Bank B,1.5,1015,5142260.830567248,0.0006258489650717543,0.0005
Bank B,1.5,1016,844904.1730987148,0.0003746018455080078,0.0005
Bank B,1.5,1017,1713208.8137621884,0.0005694624831360774,0.0005
Bank B,1.5,1018,5756642.569359876,0.0005936509874980905,0.0005
Bank B,1.5,1019,848858.3457524846,0.0003689561494671756,0.0005
Bank B,1.5,1020,753785.8015659449,0.00021312046272788275,0.0005
Bank B,1.5,1021,1344526.3519381424,0.0005288390809910313,0.0005
Bank B,1.5,1022,2637746.909531259,0.0004887701225985545,0.0005
Bank B,1.5,1023,3394278.857181074,0.0008455346272639914,0.0005
Bank B,1.5,1024,2469204.2372168745,0.0005431364227457998,0.0005
Bank B,1.5,1025,761389.2422810238,0.00031923109344746863,0.0005
Bank B,1.5,1026,4577324.074050199,0.00041599517550592485,0.0005
Bank B,1.5,1027,60255.436211543085,0.0002519706957845432,0.0005
Bank B,1.5,1028,691736.7750797127,0.0006002000798511593,0.0005
Bank B,1.5,1029,2181807.7368678125,0.0003983699305603162,0.0005
Bank B,1.5,1030,1244293.4135033605,0.0005045941622822337,0.0005
Bank B,1.5,1031,1719074.1252843174,0.0007754120304903684,0.0005
Bank B,1.5,1032,1599949.910322712,0.0004522560128640676,0.0005
Bank B,1.5,1033,6163022.730299566,0.0005397381760554535,0.0005
Bank B,1.5,1034,1265403.7620566199,0.000725771046826625,0.0005
Bank B,1.5,1035,3326898.761673241,0.00029793736382122826,0.0005
Bank B,1.5,1036,3588135.2023517983,0.0005820377282309679,0.0005
Bank B,1.5,1037,1242609.0896452987,0.00035153642487020917,0.0005
Bank B,1.5,1038,1285810.4907059455,0.0006059326531760801,0.0005
Bank B,1.5,1039,2474794.035952848,0.0006081071405013089,0.0005
Bank B,1.5,1040,2605343.560706873,0.0006207040555767184,0.0005
Bank B,1.5,1041,4433459.783838074,0.0005969277521942103,0.0005
Bank B,1.5,1042,1950670.9234838886,0.000764747585528263,0.0005
Bank B,1.5,1043,1790542.243737028,0.00037002515001964147,0.0005
Bank B,1.5,1044,1312621.7252445961,0.0003957058227853666,0.0005
Bank B,1.5,1045,2313269.4599444256,0.00041902481786941075,0.0005
Bank B,1.5,1046,1481123.2231102888,0.0004595691368422937,0.0005
Bank B,1.5,1047,2187873.9285069956,0.0005238548499698487,0.0005
Bank B,1.5,1048,1527277.6285251158,0.0004228989839020524,0.0005
Bank B,1.5,1049,782492.607770754,0.00026701418091462474,0.0005
Bank B,1.5,1050,3381261.8810096732,0.0006519048929323737,0.0005
Bank B,1.5,1051,3816436.2645247923,0.0005556966587633342,0.0005
Bank B,1.5,1052,3221649.404273347,0.0005616669446102487,0.0005
Bank B,1.5,1053,2442157.3978241887,0.00014074498035431842,0.0005
Bank B,1.5,1054,2586065.67781629,0.0005793998318508702,0.0005
Bank B,1.5,1055,2518305.529663624,0.00045438427586902105,0.0005
Bank B,1.5,1056,585280.0534616212,0.0002946499199834238,0.0005
Bank B,1.5,1057,3235391.3882912993,0.0005589314205642614,0.0005
Bank B,1.5,1058,1677468.6393377117,0.0006386776229713993,0.0005
Bank B,1.5,1059,2353122.4401444327,0.0007066792924948579,0.0005
Bank B,1.5,1060,3323876.1883175382,0.0005794683860538848,0.0005
Bank B,1.5,1061,1367584.2520667585,0.00035683702209247736,0.0005
Bank B,1.5,1062,2151745.525797463,0.0002599136670279541,0.0005
Bank B,1.5,1063,4143289.858294514,0.0005882236655813729,0.0005
Bank B,1.5,1064,4156724.8106112196,0.00044532414507385373,0.0005
Bank B,1.5,1065,2857424.4067712817,0.0003989815254948364,0.0005
Bank B,1.5,1066,1965138.2468110868,0.0006605337096813325,0.0005
Bank B,1.5,1067,4490162.90796378,0.0006129076003448158,0.0005
Bank B,1.5,1068,1173704.3811955513,0.0002968921632757756,0.0005
Bank B,1.5,1069,5485389.721770163,0.0008870507410239765,0.0005
Bank B,1.5,1070,1662192.025003078,0.0004260616246864428,0.0005
Bank B,1.5,1071,2956952.7869942677,0.0007209916711294821,0.0005
Bank B,1.5,1072,0.0,0.0002950806370427944,0.0005
Bank B,1.5,1073,2964402.9415446906,0.0007386765456514827,0.0005
Bank B,1.5,1074,4109005.4170383695,0.00044454054504476317,0.0005
Bank B,1.5,1075,804257.0519986787,0.0003318224592878284,0.0005
Bank B,1.5,1076,1992069.7115242775,0.00033815845930007873,0.0005
Bank B,1.5,1077,2321648.486411934,0.00048507204284217124,0.0005
Bank B,1.5,1078,3326503.424938605,0.00046267612182713917,0.0005
Bank B,1.5,1079,3865096.485908485,0.00047408896154685956,0.0005
Bank B,1.5,1080,1340568.7301761513,0.00038919919257259514,0.0005
Bank B,1.5,1081,4577688.105362673,0.0007868540491220669,0.0005
Bank B,1.5,1082,3751239.74916708,0.0002930125408034231,0.0005
Bank B,1.5,1083,3434481.080334905,0.0003757502946408358,0.0005
Bank B,1.5,1084,2608862.256539579,0.0005661360599515675,0.0005
Bank B,1.5,1085,3574586.576740622,0.000495461325334137,0.0005
Bank B,1.5,1086,1138803.6514462503,0.0005857533296740473,0.0005
Bank B,1.5,1087,2176597.9909126083,0.0005634135565849813,0.0005
Bank B,1.5,1088,1858432.551986054,0.00038291394522643214,0.0005
Bank B,1.5,1089,3050315.8260632493,0.0003491662467425508,0.0005
Bank B,1.5,1090,4546282.971899215,0.0005586020489503123,0.0005
Bank B,1.5,1091,1651421.8895450807,0.0005522500727119881,0.0005
Bank B,1.5,1092,1054206.4969797996,0.0004577635270890047,0.0005
Bank B,1.5,1093,4859217.513469446,0.000557177544540388,0.0005
Bank B,1.5,1094,1312705.3288610112,0.0006179209600088975,0.0005
Bank B,1.5,1095,1351497.519600504,0.0004984207475588966,0.0005
Bank B,1.5,1096,1983081.0613710699,0.00034110640711106533,0.0005
Bank B,1.5,1097,1745537.818714876,0.0004917004548933351,0.0005
Bank B,1.5,1098,4524890.922066275,0.0003733295464681498,0.0005
Bank B,1.5,1099,3810684.0888646576,0.000769508937459191,0.0005
Bank B,1.5,1100,5278595.167814117,0.000724918881568665,0.0005
Bank B,1.5,1101,4364907.863206707,0.0005098338931629043,0.0005
Bank B,1.5,1102,1257223.6830946836,0.0004561051295947325,0.0005
Bank B,1.5,1103,1872983.023117501,0.0005594680226255897,0.0005
Bank B,1.5,1104,5552892.139394288,0.0004286422739899577,0.0005
Bank B,1.5,1105,2589534.8309470494,0.0005387082688861481,0.0005
Bank B,1.5,1106,3679597.6583174597,0.0006127334059159483,0.0005
Bank B,1.5,1107,1328302.7344248907,0.0003606944721781478,0.0005
Bank B,1.5,1108,2450266.057577889,0.00022296668687069322,0.0005
Bank B,1.5,1109,2830726.706432198,0.0003721759636176259,0.0005
Bank B,1.5,1110,4876313.088968076,0.0008169151999115467,0.0005
Bank B,1.5,1111,1569966.2211764525,0.0003583422252258282,0.0005
Bank B,1.5,1112,2296267.407519159,0.0006632942151266079,0.0005
Bank B,1.5,1113,2035517.555278168,0.00047680688281222445,0.0005
Bank B,1.5,1114,1171454.7318238628,0.00023960574121681237,0.0005
Bank B,1.5,1115,4914007.198508502,0.0003967084230491244,0.0005
Bank B,1.5,1116,3663614.8695766455,0.0005320942107621141,0.0005
Bank B,1.5,1117,1532366.691127624,0.0005179084320405269,0.0005
Bank B,1.5,1118,1061905.310377161,0.0005838362699844936,0.0005
Bank B,1.5,1119,989249.3697529143,0.00031587048765286237,0.0005
Bank B,1.5,1120,1550740.279727713,0.00022074297845651398,0.0005
Bank B,1.5,1121,835777.3716407812,0.00031116203939320064,0.0005
Bank B,1.5,1122,1722715.4220258081,0.00040924891476952616,0.0005
Bank B,1.5,1123,3415980.9587637084,0.0007707893738710878,0.0005
Bank B,1.5,1124,3922914.0936940103,0.0005113657734013245,0.0005
Bank B,1.5,1125,1955598.079250486,0.00026313726572656655,0.0005
Bank B,1.5,1126,1693201.005707288,0.0007123594872378987,0.0005
Bank B,1.5,1127,0.0,0.0004471469170231665,0.0005
Bank B,1.5,1128,3253272.8850037153,0.0004849957627049052,0.0005
Bank B,1.5,1129,5061714.652534165,0.0007030405024183834,0.0005
Bank B,1.5,1130,2796405.8855447057,0.001236138359151339,0.0005
Bank B,1.5,1131,862018.091200153,0.0004922520515121302,0.0005
Bank B,1.5,1132,717639.1314450378,0.0006921315496346742,0.0005
Bank B,1.5,1133,2320663.596534446,0.0002888708274225563,0.0005
Bank B,1.5,1134,2807988.790152412,0.0002758277918322591,0.0005
Bank B,1.5,1135,4662647.592775776,0.00038020289026734655,0.0005
Bank B,1.5,1136,3897525.7224482,0.0006976500781123567,0.0005
Bank B,1.5,1137,1186097.850925231,0.00036938547640462686,0.0005
Bank B,1.5,1138,1644230.4237038475,0.0006962619843099929,0.0005
Bank B,1.5,1139,1295822.7241396795,0.0003427328847192155,0.0005
Bank B,1.5,1140,4187536.462040878,0.00048378900153992366,0.0005
Bank B,1.5,1141,2594971.6303395336,0.0008915193315699521,0.0005
Bank B,1.5,1142,3037718.585161009,0.0006110787170981494,0.0005
Bank B,1.5,1143,3663636.540961904,0.0004500398388956826,0.0005
Bank B,1.5,1144,4355288.333215821,0.0008582125723791035,0.0005
Bank B,1.5,1145,2139337.127633413,0.0003539358523029964,0.0005
Bank B,1.5,1146,874258.7606126764,0.00042173040652102674,0.0005
Bank B,1.5,1147,602113.4862745554,0.00037222385531507146,0.0005
Bank B,1.5,1148,3486807.013038473,0.0004507605380311718,0.0005
Bank B,1.5,1149,537141.308190247,0.00040238063064793864,0.0005
Bank B,1.5,1150,2786195.775959025,0.0005148246690577277,0.0005
Bank B,1.5,1151,2905200.709587045,0.00039928790267964285,0.0005
Bank B,1.5,1152,891953.639048468,0.0004989242821186791,0.0005
Bank B,1.5,1153,2290320.053399063,0.0006031386875008875,0.0005
Bank B,1.5,1154,2711562.81853706,0.00034135548974956393,0.0005
Bank B,1.5,1155,3636462.686299784,0.00062180337243225,0.0005
Bank B,1.5,1156,5122736.6751886895,0.00024491304125681766,0.0005
Bank B,1.5,1157,2626488.8691299837,0.0005638643107724323,0.0005
Bank B,1.5,1158,1944304.1406445615,0.00026618941045209674,0.0005
Bank B,1.5,1159,3724015.7255846984,0.0003099661224741504,0.0005
Bank B,1.5,1160,3629690.443432499,0.000573767068178659,0.0005
Bank B,1.5,1161,1261858.7977344112,0.0006522276845885482,0.0005
Bank B,1.5,1162,2102278.853673735,0.00047725755459226255,0.0005
Bank B,1.5,1163,2796250.6827098704,0.0004796967163929428,0.0005
Bank B,1.5,1164,2281453.2787507116,0.0004123022609519747,0.0005
Bank B,1.5,1165,4510356.275822264,0.000731824163133919,0.0005
Bank B,1.5,1166,990515.091102872,0.0005570652460900209,0.0005
Bank B,1.5,1167,2441108.9449334433,0.0005534485643706726,0.0005
Bank B,1.5,1168,1334544.2424177818,0.00030736408732978627,0.0005
Bank B,1.5,1169,2048859.5946873259,0.000781121670076507,0.0005
Bank B,1.5,1170,2957614.5401291912,0.00027930165425878655,0.0005
Bank B,1.5,1171,3796679.160468965,0.00022869852334634477,0.0005
Bank B,1.5,1172,620001.2103125274,0.0002706562874552973,0.0005
Bank B,1.5,1173,963933.8063806995,0.0005255218156279579,0.0005
Bank B,1.5,1174,2233708.562475862,0.0004584989318215018,0.0005
Bank B,1.5,1175,4946919.538138191,0.0005480580278806593,0.0005
Bank B,1.5,1176,3404092.05720893,0.00043602208746923123,0.0005
Bank B,1.5,1177,559295.9654978862,0.0007391771692926141,0.0005
Bank B,1.5,1178,1070840.777584819,0.0004754646426812985,0.0005
Bank B,1.5,1179,767424.9306274747,0.0006154157329123703,0.0005
Bank B,1.5,1180,1554345.9663609401,0.00044800258234912294,0.0005
Bank B,1.5,1181,4406400.5750676505,0.0005495833918761377,0.0005
Bank B,1.5,1182,1087835.393259915,0.0005090774263106692,0.0005
Bank B,1.5,1183,3125865.545475114,0.00022087635863997972,0.0005
Bank B,1.5,1184,3118519.593215819,0.00028596630031714183,0.0005
Bank B,1.5,1185,1228905.4347134656,0.00039398987667132985,0.0005
Bank B,1.5,1186,885758.9709996774,0.00025276086576332663,0.0005
Bank B,1.5,1187,3949678.789770401,0.0005771462197273837,0.0005
Bank B,1.5,1188,7063910.5212116325,0.000495659616535092,0.0005
Bank B,1.5,1189,2066873.507696319,0.0004284461016302858,0.0005
Bank B,1.5,1190,3315957.845298362,0.0006362066920375638,0.0005
Bank B,1.5,1191,1633745.576238085,0.00044214020919062255,0.0005
Bank B,1.5,1192,5199260.796355561,0.0004126701058187869,0.0005
Bank B,1.5,1193,1662918.430528149,0.0004670042705430354,0.0005
Bank B,1.5,1194,2905978.3953283536,0.0004089396828177618,0.0005
Bank B,1.5,1195,3986963.153642717,0.00082647807530475,0.0005
Bank B,1.5,1196,1163664.9977153805,0.0005729071420239438,0.0005
Bank B,1.5,1197,2420598.87679003,0.00045572161996821703,0.0005
Bank B,1.5,1198,4195880.02900067,0.0005083790336665206,0.0005
Bank B,1.5,1199,2361815.0721122567,0.0006124884625957153,0.0005
Bank B,1.5,1200,872574.9253157876,0.00017781911762469044,0.0005
Bank B,1.5,1201,2622390.618844737,0.00047941059131059987,0.0005
Bank B,1.5,1202,2742507.7732220124,0.0004146483186199305,0.0005
Bank B,1.5,1203,1322948.7709637547,0.0003566434046335795,0.0005
Bank B,1.5,1204,4586297.498922106,0.00045017334425061516,0.0005
Bank B,1.5,1205,1603880.5954088438,0.0003968141836244062,0.0005
Bank B,1.5,1206,2411666.832140208,0.00034291771960091736,0.0005
Bank B,1.5,1207,5915822.533314646,0.001036986123530681,0.0005
Bank B,1.5,1208,1155999.2510814758,0.0005759116213633317,0.0005
Bank B,1.5,1209,5223975.213370752,0.0005705318651976021,0.0005
Bank B,1.5,1210,848274.4762265724,0.0005004155695691725,0.0005
Bank B,1.5,1211,7369151.307501283,0.0006029881861151108,0.0005
Bank B,1.5,1212,4419778.000445358,0.0005824992656768732,0.0005
Bank B,1.5,1213,3917906.5080658626,0.00044779914902206175,0.0005
Bank B,1.5,1214,1712320.3113840194,0.0007715064475621235,0.0005
Bank B,1.5,1215,3584578.2747887736,0.0006925122487150308,0.0005
Bank B,1.5,1216,1631346.106890399,0.0002123273869643789,0.0005
Bank B,1.5,1217,1106652.734723466,0.0005641639520087053,0.0005
Bank B,1.5,1218,2520110.939249417,0.000458349454255784,0.0005
Bank B,1.5,1219,4454228.671680852,0.00038619017175522117,0.0005
Bank B,1.5,1220,980793.0006495505,0.00043221454843295643,0.0005
Bank B,1.5,1221,4551781.009504644,0.0007138497844502096,0.0005
Bank B,1.5,1222,3616635.955292892,0.0005920307699468045,0.0005
Bank B,1.5,1223,1151834.0661392391,0.00041453194062165624,0.0005
Bank B,1.5,1224,3902765.7768651634,0.0005189504333866043,0.0005
Bank B,1.5,1225,1230621.362067657,0.00044545358208665655,0.0005
Bank B,1.5,1226,2313987.6264056964,0.0005555227598384269,0.0005
Bank B,1.5,1227,5360215.29325206,0.0008178356178984589,0.0005
Bank B,1.5,1228,1421249.1994377032,0.00044743367330909523,0.0005
Bank B,1.5,1229,4033869.4291638676,0.000332954831016963,0.0005
Bank B,1.5,1230,1748038.9714748692,0.0004585550718783474,0.0005
Bank B,1.5,1231,1035993.3915025435,0.00031528989526944713,0.0005
Bank B,1.5,1232,5420559.874727911,0.0004830292724557125,0.0005
Bank B,1.5,1233,2455850.0007964023,0.0005751359266143994,0.0005
Bank B,1.5,1234,4590642.692489214,0.0010701052336987002,0.0005
Bank B,1.5,1235,630937.0654107126,0.00046826369278315063,0.0005
Bank B,1.5,1236,3100599.1696395664,0.000444224211544544,0.0005
Bank B,1.5,1237,1502407.9328670548,0.0004389157742897894,0.0005
Bank B,1.5,1238,1079828.2246845774,0.000471927708141016,0.0005
Bank B,1.5,1239,3893963.418790617,0.0006772584163649332,0.0005
Bank B,1.5,1240,1315792.6274956912,0.000395251123930137,0.0005
Bank B,1.5,1241,2039420.9644896896,0.00037070105002454286,0.0005
Bank B,1.5,1242,1018325.7140876016,0.0006381993975029119,0.0005
Bank B,1.5,1243,6311913.335786667,0.0006828967143775453,0.0005
Bank B,1.5,1244,3798587.7510989737,0.0005323477152366965,0.0005
Bank B,1.5,1245,4876646.823858455,0.00042903275668894304,0.0005
Bank B,1.5,1246,608857.7007822675,0.0005497453821030772,0.0005
Bank B,1.5,1247,4193004.567035405,0.0005876791153685892,0.0005
Bank B,1.5,1248,2589842.183432974,0.0004717878340643916,0.0005
Bank B,1.5,1249,3057155.1525359177,0.00030484709422413903,0.0005
Bank B,1.5,1250,1745772.9677743425,0.00062483842712434,0.0005
Bank B,1.5,1251,2506106.312620152,0.0004369601042235047,0.0005
Bank B,1.5,1252,2245683.0852764803,0.0005708317413828834,0.0005
Bank B,1.5,1253,1375939.363110535,0.0004498021363308495,0.0005
Bank B,1.5,1254,2948358.2569011585,0.0006248672816060827,0.0005
Bank B,1.5,1255,2633484.661391977,0.00041574710270612334,0.0005
Bank B,1.5,1256,653567.2547607195,0.00015148011081878967,0.0005
Bank B,1.5,1257,775664.4316138737,0.0003627303240801414,0.0005
Bank B,1.5,1258,3554993.3477629703,0.0007495314616226281,0.0005
Bank B,1.5,1259,1301002.7248535287,0.0006898617660815988,0.0005
Bank B,1.5,1260,2573620.649456954,0.0005611278596171259,0.0005
Bank B,1.5,1261,6399313.538662544,0.00054167231864201,0.0005
Bank B,1.5,1262,498312.90586917836,0.0005635620870940276,0.0005
Bank B,1.5,1263,414508.1958588418,0.0003258360374850186,0.0005
Bank B,1.5,1264,3134413.578115112,0.00039394146622284736,0.0005
Bank B,1.5,1265,4221034.306592375,0.0003110891348330666,0.0005
Bank B,1.5,1266,1989219.9952485226,0.0005012241781701261,0.0005
Bank B,1.5,1267,596983.112769756,0.0004558669893253387,0.0005
Bank B,1.5,1268,3535586.581372875,0.0003249132546813439,0.0005
Bank B,1.5,1269,1560016.6444410712,0.0006216501520885504,0.0005
Bank B,1.5,1270,2904647.836228948,0.0007280153795344814,0.0005
Bank B,1.5,1271,4708147.208197929,0.0005133187221022275,0.0005
Bank B,1.5,1272,5408310.817551479,0.0004457669610110934,0.0005
Bank B,1.5,1273,2792822.1239837473,0.0005222632187254545,0.0005
Bank B,1.5,1274,2399649.6670269934,0.0005593353645404977,0.0005
Bank B,1.5,1275,2307220.3647851595,0.00040860206465922756,0.0005
Bank B,1.5,1276,3470723.115158282,0.0005174617036218362,0.0005
Bank B,1.5,1277,2551636.054374522,0.0006664859397180227,0.0005
Bank B,1.5,1278,5599264.011916409,0.0005538968972986742,0.0005
Bank B,1.5,1279,2337459.16273507,0.0005967590859379665,0.0005
Bank B,1.5,1280,4655368.966069449,0.0006519349223135676,0.0005
Bank B,1.5,1281,329180.5589299102,0.0004392996278414741,0.0005
Bank B,1.5,1282,2723509.948700198,0.0005881835762399353,0.0005
Bank B,1.5,1283,2884877.657391235,0.0006391238719192904,0.0005
Bank B,1.5,1284,3354708.02309692,0.000571917805854601,0.0005
Bank B,1.5,1285,1590364.0863710623,0.0005147524526434999,0.0005
Bank B,1.5,1286,3112264.043672483,0.00046211192717125104,0.0005
Bank B,1.5,1287,2353123.0625789864,0.00031706839334101026,0.0005
Bank B,1.5,1288,5550318.549706734,0.0007936452982971814,0.0005
Bank B,1.5,1289,1428075.976531255,0.0004522361137946004,0.0005
Bank B,1.5,1290,573364.5023352382,0.0004237903536423188,0.0005
Bank B,1.5,1291,3925700.287457921,0.0004509066638197332,0.0005
Bank B,1.5,1292,2998507.482224702,0.0005116760170181573,0.0005
Bank B,1.5,1293,1409555.5051624458,0.00036224350647507937,0.0005
Bank B,1.5,1294,4493991.952682826,0.0007834907711750259,0.0005
Bank B,1.5,1295,947546.6524891285,0.0004814798212615784,0.0005
Bank B,1.5,1296,3988637.4267759286,0.0006762919061002097,0.0005
Bank B,1.5,1297,3162904.4817468505,0.0007894756308293217,0.0005
Bank B,1.5,1298,2386755.0323734754,0.000571491596497947,0.0005
Bank B,1.5,1299,7072467.907998703,0.0003454217916223775,0.0005
Bank B,1.5,1300,3713915.661255136,0.0007519398831087424,0.0005
Bank B,1.5,1301,2686277.078417337,0.000504623141481184,0.0005
Bank B,1.5,1302,4431121.663624634,0.0006714532304180407,0.0005
Bank B,1.5,1303,1733630.587235684,0.000656722495267147,0.0005
Bank B,1.5,1304,538994.3016933344,0.00033799820456263506,0.0005
Bank B,1.5,1305,3730156.0959216794,0.0010206036656043333,0.0005
Bank B,1.5,1306,676811.69636884,0.00032228831350378565,0.0005
Bank B,1.5,1307,5206369.512434882,0.00036475105073519335,0.0005
Bank B,1.5,1308,1077213.3564467358,0.0005519003841505363,0.0005
Bank B,1.5,1309,2527571.549235221,0.0006387696380361415,0.0005
Bank B,1.5,1310,1612020.856745061,0.0004474201268596815,0.0005
Bank B,1.5,1311,1761337.008448836,0.0010355543246733734,0.0005
Bank B,1.5,1312,5058334.238511533,0.0003557077367390836,0.0005
Bank B,1.5,1313,4690512.233294272,0.0004770994399310303,0.0005
Bank B,1.5,1314,4159879.6924874615,0.0004556295913055417,0.0005
Bank B,1.5,1315,797502.6798851481,0.0003664995051598487,0.0005
Bank B,1.5,1316,2938889.8669883045,0.0005117401762139965,0.0005
Bank B,1.5,1317,789561.1113476481,0.0005576939870498072,0.0005
Bank B,1.5,1318,2100939.9801774547,0.0006169704302619408,0.0005
Bank B,1.5,1319,3807504.1964001306,0.0005950020895618718,0.0005
Bank B,1.5,1320,2999533.4025542047,0.0005707215043955966,0.0005
Bank B,1.5,1321,2645163.4865946397,0.0007970453214184284,0.0005
Bank B,1.5,1322,1606650.9313710313,0.00037103350692918135,0.0005
Bank B,1.5,1323,4935390.927887172,0.0010175510874975635,0.0005
Bank B,1.5,1324,2774530.5791260283,0.0005904589670141533,0.0005
Bank B,1.5,1325,5789661.607625832,0.0009932297571533374,0.0005
Bank B,1.5,1326,1453150.7998126736,0.0004428989955469737,0.0005
Bank B,1.5,1327,399715.94592240005,0.0003478687511963301,0.0005
Bank B,1.5,1328,1903232.95311368,0.0006176952091206374,0.0005
Bank B,1.5,1329,3245722.773615552,0.0009336221626724628,0.0005
Bank B,1.5,1330,841214.0795742068,0.0005048303418867281,0.0005
Bank B,1.5,1331,867290.6669991792,0.0005573910957694258,0.0005
Bank B,1.5,1332,1637826.1803312672,0.0003137063810407164,0.0005
Bank B,1.5,1333,4972430.4992824765,0.0006120433923320445,0.0005
Bank B,1.5,1334,5204059.132787997,0.0009056358955236327,0.0005
Bank B,1.5,1335,3072089.8303352147,0.00047570237348688985,0.0005
Bank B,1.5,1336,1830277.7627047398,0.0005071951350733631,0.0005
Bank B,1.5,1337,1417153.1685749085,0.0005092788339524185,0.0005
Bank B,1.5,1338,246904.17778991707,0.0005014410816031929,0.0005
Bank B,1.5,1339,6036797.071092887,0.0007910129361649929,0.0005
Bank B,1.5,1340,4904282.273080507,0.0004475672987050512,0.0005
Bank B,1.5,1341,1715014.1111004008,0.00028778972896791277,0.0005
Bank B,1.5,1342,1083426.7948243585,0.0004950685942806067,0.0005
Bank B,1.5,1343,2554280.872883439,0.00027366791201721246,0.0005
Bank B,1.5,1344,698419.2726304448,0.00035116876929245896,0.0005
Bank B,1.5,1345,2170909.3853114783,0.0002449740127504097,0.0005
Bank B,1.5,1346,1496135.9624647715,0.00044516401633074834,0.0005
Bank B,1.5,1347,1026150.9242882404,0.0004180037618699914,0.0005
Bank B,1.5,1348,2263931.3697327673,0.0003392727882987418,0.0005
Bank B,1.5,1349,606396.1828023359,0.0003060620985264046,0.0005
Bank B,1.5,1350,1360571.3446148564,0.0001918324377416598,0.0005
Bank B,1.5,1351,2227593.889273419,0.0005739751522451518,0.0005
Bank B,1.5,1352,4596813.051125854,0.0003215581231614555,0.0005
Bank B,1.5,1353,1320167.4313651118,0.0008182833032598511,0.0005
Bank B,1.5,1354,24756.248946873064,0.00030640377525127427,0.0005
Bank B,1.5,1355,1636782.7825503384,0.00036359465149892687,0.0005
Bank B,1.5,1356,2493087.1931672143,0.0005645301754547535,0.0005
Bank B,1.5,1357,831565.2878909376,0.000334900209034927,0.0005
Bank B,1.5,1358,4424186.055597479,0.0005250417349576472,0.0005
Bank B,1.5,1359,158853.04058168095,0.0003809433001596056,0.0005
Bank B,1.5,1360,4022035.063426231,0.0008050545017782241,0.0005
Bank B,1.5,1361,4797516.09227354,0.0005339762722999712,0.0005
Bank B,1.5,1362,5084468.099158652,0.0006206633055595531,0.0005
Bank B,1.5,1363,1686699.5161623205,0.0003451956455441305,0.0005
Bank B,1.5,1364,6210089.9147102535,0.0007293872542985627,0.0005
Bank B,1.5,1365,2029712.4890024685,0.000636459766322237,0.0005
Bank B,1.5,1366,3944671.299686415,0.0005296306386461026,0.0005
Bank B,1.5,1367,358091.2502904134,0.00014936228244549684,0.0005
Bank B,1.5,1368,2341968.029347514,0.0005695672893568585,0.0005
Bank B,1.5,1369,226379.13254122811,0.0002768480106124147,0.0005
Bank B,1.5,1370,1181098.2969022593,0.0003521220392408388,0.0005
Bank B,1.5,1371,3579279.563570586,0.000437992743700062,0.0005
Bank B,1.5,1372,4047290.545957594,0.000712332417189201,0.0005
Bank B,1.5,1373,1720828.2752346196,0.00045505064160020165,0.0005
Bank B,1.5,1374,1595824.9485105672,0.0005475305292219565,0.0005
Bank B,1.5,1375,2668883.831536971,0.0002531406834887728,0.0005
Bank B,1.5,1376,2917357.8538722256,0.0002464973456321645,0.0005
Bank B,1.5,1377,2079970.2331272995,0.0005458783645612143,0.0005
Bank B,1.5,1378,6004454.922417436,0.00044785433116310955,0.0005
Bank B,1.5,1379,4393765.380575812,0.0007513654863378626,0.0005
Bank B,1.5,1380,2555804.3568868637,0.0008693797667592232,0.0005
Bank B,1.5,1381,2382915.7359949066,0.000300601649061662,0.0005
Bank B,1.5,1382,1655700.8794398343,0.0005911186451104984,0.0005
Bank B,1.5,1383,2036327.5121341553,0.0002662705088547162,0.0005
Bank B,1.5,1384,3410942.399852182,0.00040874353052544203,0.0005
Bank B,1.5,1385,1095514.4532054607,0.0006698749607393981,0.0005
Bank B,1.5,1386,6922153.744638371,0.0007209622004868051,0.0005
Bank B,1.5,1387,701802.2954841242,0.00021630066127220802,0.0005
Bank B,1.5,1388,2220493.092610169,0.0002940355087862832,0.0005
Bank B,1.5,1389,4479992.714473119,0.0006490340965048806,0.0005
Bank B,1.5,1390,2110619.3895578864,0.000126535258078827,0.0005
Bank B,1.5,1391,2827676.4024027023,0.0004702870030454776,0.0005
Bank B,1.5,1392,755403.3145843743,0.00036010598614871656,0.0005
Bank B,1.5,1393,2987658.8242615405,0.0004876652116140977,0.0005
Bank B,1.5,1394,2167225.7670742213,0.0007016742947544576,0.0005
Bank B,1.5,1395,3510049.321179329,0.0006682142954287023,0.0005
Bank B,1.5,1396,1091379.7227512402,0.00046326124751261237,0.0005
Bank B,1.5,1397,3635216.370366236,0.0007059695658732213,0.0005
Bank B,1.5,1398,3030887.2410939652,0.0002904108459406497,0.0005
Bank B,1.5,1399,749901.1665274829,0.00034806016684584836,0.0005
Bank B,1.5,1400,3156792.8235957343,0.00048271269859570396,0.0005
Bank B,1.5,1401,3211889.1785964263,0.0009201523237129225,0.0005
Bank B,1.5,1402,3950648.8174653943,0.0008017464093933107,0.0005
Bank B,1.5,1403,429.37280170354643,0.0003659249869690537,0.0005
Bank B,1.5,1404,637016.8625829292,0.00021144330733319596,0.0005
Bank B,1.5,1405,1656637.8578121085,0.0005579825054807295,0.0005
Bank B,1.5,1406,3610940.978836152,0.0005086242136458394,0.0005
Bank B,1.5,1407,3630356.0045087254,0.0005346008024825502,0.0005
Bank B,1.5,1408,1107606.8961754208,0.0003377654196333319,0.0005
Bank B,1.5,1409,2468733.625737836,0.0004911996596604128,0.0005
Bank B,1.5,1410,5625742.629844873,0.0007614708457557321,0.0005
Bank B,1.5,1411,2963361.2074420108,0.0003968939132017255,0.0005
Bank B,1.5,1412,2817252.538843952,0.00035061716845372597,0.0005
Bank B,1.5,1413,2927786.2175265336,0.0006532219322883971,0.0005
Bank B,1.5,1414,3141648.1515743723,0.00067123525490745,0.0005
Bank B,1.5,1415,609244.041646853,0.0004102361799201416,0.0005
Bank B,1.5,1416,2210252.7111966494,0.00041576582123069484,0.0005
Bank B,1.5,1417,1305147.3039173135,0.00045610826385631743,0.0005
Bank B,1.5,1418,2333006.819490487,0.0007217526771412896,0.0005
Bank B,1.5,1419,1533896.6101971972,0.0007597039541172122,0.0005
Bank B,1.5,1420,3605155.7248893115,0.0005591281758546375,0.0005
Bank B,1.5,1421,2224101.616379994,0.0006932663766980288,0.0005
Bank B,1.5,1422,3181492.411541566,0.000657243800758662,0.0005
Bank B,1.5,1423,397623.0829892687,0.00042237841660428064,0.0005
Bank B,1.5,1424,3924434.7043737974,0.0006691991374782668,0.0005
Bank B,1.5,1425,1440038.2827402048,0.00042612109564974134,0.0005
Bank B,1.5,1426,7381263.27113319,0.0009697791898703414,0.0005
Bank B,1.5,1427,5210376.880837594,0.0007369467538596474,0.0005
Bank B,1.5,1428,490773.75411724683,0.00047274301623478454,0.0005
Bank B,1.5,1429,4096248.172908254,0.0006289614831671255,0.0005
Bank B,1.5,1430,819415.9497362128,0.0002868042489944116,0.0005
Bank B,1.5,1431,2057375.696418094,0.0005242172817712541,0.0005
Bank B,1.5,1432,1904119.323477838,0.0006298918343606116,0.0005
Bank B,1.5,1433,1040383.146443492,0.00029149919307084,0.0005
Bank B,1.5,1434,4744186.356680789,0.0007203065576670686,0.0005
Bank B,1.5,1435,954036.9452214924,0.00023295139639449396,0.0005
Bank B,1.5,1436,3059342.0681267083,0.0007676191379529676,0.0005
Bank B,1.5,1437,1686451.6038106524,0.0005008823906632907,0.0005
Bank B,1.5,1438,2887679.93531895,0.0007542964560846576,0.0005
Bank B,1.5,1439,5185315.127158057,0.0003900070158741027,0.0005
Bank B,1.5,1440,2412621.7626370867,0.0006886133960231234,0.0005
Bank B,1.5,1441,359553.79302923,0.0003718917950248966,0.0005
Bank B,1.5,1442,1181010.681842287,0.00023143770044246968,0.0005
Bank B,1.5,1443,4254508.12405223,0.0004493779844992649,0.0005
Bank B,1.5,1444,5375598.942719001,0.0007611868316052303,0.0005
Bank B,1.5,1445,6370683.267187696,0.0005902709153299184,0.0005
Bank B,1.5,1446,4760589.153153454,0.0007302167848465606,0.0005
Bank B,1.5,1447,3101843.2538869814,0.0004250222266360729,0.0005
Bank B,1.5,1448,2296269.846319004,0.0006556163304889107,0.0005
Bank B,1.5,1449,2646079.4002023316,0.0005479738498717948,0.0005
Bank B,1.5,1450,3951214.1161372373,0.0006005829017896287,0.0005
Bank B,1.5,1451,2482615.586985078,0.0004176897652275251,0.0005
Bank B,1.5,1452,3870217.958819011,0.0004704659512628336,0.0005
Bank B,1.5,1453,1411729.7822333856,0.0003738170909107337,0.0005
Bank B,1.5,1454,0.0,0.00026320999156513044,0.0005
Bank B,1.5,1455,2070523.5848239742,0.0005798144573361715,0.0005
Bank B,1.5,1456,2296533.6806954835,0.0003497552949455192,0.0005
Bank B,1.5,1457,2839597.4672017638,0.0003749901150433305,0.0005
Bank B,1.5,1458,1057705.890508655,0.0007122899755675551,0.0005
Bank B,1.5,1459,2197955.543553713,0.00042991120554657374,0.0005
Bank B,1.5,1460,5212162.147731261,0.0005856677218191474,0.0005
Bank B,1.5,1461,1195512.7859227052,0.00038017506340554846,0.0005
Bank B,1.5,1462,1235813.859932943,0.00035207019349634634,0.0005
Bank B,1.5,1463,2715103.2159035285,0.00045342703329421814,0.0005
Bank B,1.5,1464,4017340.1986685325,0.000469138579259186,0.0005
Bank B,1.5,1465,6957360.266501071,0.0008381177297995016,0.0005
Bank B,1.5,1466,58029.89205246145,0.000673409762067557,0.0005
Bank B,1.5,1467,5311270.528049776,0.0006083638613166636,0.0005
Bank B,1.5,1468,2769657.354638249,0.00031420613064344347,0.0005
Bank B,1.5,1469,1956371.0022620857,0.0005110311950513396,0.0005
Bank B,1.5,1470,455696.7982242019,0.0003260872066916013,0.0005
Bank B,1.5,1471,2529078.8126564957,0.0005972917882683977,0.0005
Bank B,1.5,1472,2089469.7524973385,0.00031872017557261877,0.0005
Bank B,1.5,1473,3741648.2997630467,0.0006077054657009003,0.0005
Bank B,1.5,1474,4647871.948406133,0.0006237541600947603,0.0005
Bank B,1.5,1475,1078167.9325130747,0.0005517958599515733,0.0005
Bank B,1.5,1476,3734435.6580546102,0.0006115689676918612,0.0005
Bank B,1.5,1477,4944829.127407333,0.0006333002253945457,0.0005
Bank B,1.5,1478,751049.9752054517,0.0004592365370260329,0.0005
Bank B,1.5,1479,620175.5848476688,0.0004402124897495159,0.0005
Bank B,1.5,1480,5006034.926008416,0.0008229184123463581,0.0005
Bank B,1.5,1481,2313484.256641887,0.00044363617356950796,0.0005
Bank B,1.5,1482,2181535.341845231,0.00039837455708731866,0.0005
Bank B,1.5,1483,1522753.7850347923,0.0005673724852344327,0.0005
Bank B,1.5,1484,3208269.4720575213,0.0005656773050535199,0.0005
Bank B,1.5,1485,581468.1763484988,0.00045460351912919936,0.0005
Bank B,1.5,1486,1449769.2684143074,0.00041312955330090394,0.0005
Bank B,1.5,1487,808794.2159535837,0.0004982883945825327,0.0005
Bank B,1.5,1488,2825863.9179195818,0.0005900293593531568,0.0005
Bank B,1.5,1489,463433.88974389527,0.0003179892337495641,0.0005
Bank B,1.5,1490,3881021.2302701795,0.0008560951300653364,0.0005
Bank B,1.5,1491,4614838.874334483,0.0006743883640543138,0.0005
Bank B,1.5,1492,2002862.3619966554,0.00041384489205614484,0.0005
Bank B,1.5,1493,2307008.0852070227,0.0007607098940457525,0.0005
Bank B,1.5,1494,4394476.723718969,0.0004232077617064731,0.0005
Bank B,1.5,1495,3016710.090216727,0.0004332883379327677,0.0005
Bank B,1.5,1496,2028961.4937264489,0.00038230117207581045,0.0005
Bank B,1.5,1497,1913056.328557124,0.0006233056799349537,0.0005
Bank B,1.5,1498,371678.49286551576,0.0004126715672969703,0.0005
Bank B,1.5,1499,3398381.6016815193,0.00065619391204566,0.0005
Bank B,1.5,1500,1018416.5798256859,0.00025135707854823434,0.0005
Bank B,1.5,1501,1996764.548260757,0.0006563439234702608,0.0005
Bank B,1.5,1502,1520132.0975167202,0.0004037136929587573,0.0005
Bank B,1.5,1503,1004262.8493926217,0.0005039320245819527,0.0005
Bank B,1.5,1504,3704335.427125997,0.0005511265623288797,0.0005
Bank B,1.5,1505,1658334.2800544247,0.00030626007675522033,0.0005
Bank B,1.5,1506,1797010.4654483232,0.0006094766142272322,0.0005
Bank B,1.5,1507,1803064.8173700802,0.0002381925324259329,0.0005
Bank B,1.5,1508,2017897.508356187,0.00037923273819965507,0.0005
Bank B,1.5,1509,4313700.426805185,0.0005518014258083232,0.0005
Bank B,1.5,1510,2807004.226192021,0.00047543177527098647,0.0005
Bank B,1.5,1511,1860984.0381827569,0.00038564864447430817,0.0005
Bank B,1.5,1512,4600128.138481284,0.0006438209895184226,0.0005
Bank B,1.5,1513,1368685.0555896622,0.00044944406981793324,0.0005
Bank B,1.5,1514,1130511.4293940337,0.0004311664120613779,0.0005
Bank B,1.5,1515,2070522.033346185,0.00022950963291699778,0.0005
Bank B,1.5,1516,3879831.667962102,0.0004576216588032578,0.0005
Bank B,1.5,1517,933672.8518921023,0.00022675267030745466,0.0005
Bank B,1.5,1518,2158590.3689444656,0.00035020889732858597,0.0005
Bank B,1.5,1519,2093857.137941194,0.0005497686307970097,0.0005
Bank B,1.5,1520,4577025.570672256,0.0005498825570898339,0.0005
Bank B,1.5,1521,675432.5796030978,0.00044467338475273513,0.0005
Bank B,1.5,1522,4327549.57835729,0.0007871031596284944,0.0005
Bank B,1.5,1523,895573.1637072512,0.00025879159715548703,0.0005
Bank B,1.5,1524,3147427.5494178287,0.000717826185872084,0.0005
Bank B,1.5,1525,3609157.2033973983,0.00038107462524236143,0.0005
Bank B,1.5,1526,0.0,0.0003025292632850608,0.0005
Bank B,1.5,1527,5704069.308697918,0.000744420204765198,0.0005
Bank B,1.5,1528,7397570.809456792,0.00023200058012069936,0.0005
Bank B,1.5,1529,5167304.232182336,0.0005609377752025304,0.0005
Bank B,1.5,1530,1049983.276536099,0.001066039278053834,0.0005
Bank B,1.5,1531,1323107.063984754,0.0006390702433582033,0.0005
Bank B,1.5,1532,3941445.2499156655,0.00046593977749632466,0.0005
Bank B,1.5,1533,4241999.616829213,0.00031935298633659195,0.0005
Bank B,1.5,1534,2426994.294874659,0.0003883489790231084,0.0005
Bank B,1.5,1535,3227006.27281567,0.0005253745483245848,0.0005
Bank B,1.5,1536,1438110.171668775,0.0006650236526548743,0.0005
Bank B,1.5,1537,4566031.278979632,0.0004963421959208039,0.0005
Bank B,1.5,1538,4692807.589795636,0.0006967713099408962,0.0005
Bank B,1.5,1539,2564980.5148231164,0.0002669633248573387,0.0005
Bank B,1.5,1540,3046418.9569593207,0.0005230674068186924,0.0005
Bank B,1.5,1541,1834864.482573013,0.00036660750681863255,0.0005
Bank B,1.5,1542,825124.7393583069,0.0003241423777507722,0.0005
Bank B,1.5,1543,2306323.0829123547,0.00046641144045091165,0.0005
Bank B,1.5,1544,2640175.9242367563,0.0005898969629985476,0.0005
Bank B,1.5,1545,3939331.138250265,0.0005660007716545259,0.0005
Bank B,1.5,1546,5606593.443721937,0.0004997160460220888,0.0005
Bank B,1.5,1547,3588125.397182977,0.0004569857165936382,0.0005
Bank B,1.5,1548,769330.5644911866,0.00041907617220405906,0.0005
Bank B,1.5,1549,780343.9357905176,0.0004741412620018363,0.0005
Bank B,1.5,1550,140529.5150343644,0.0004271617696321067,0.0005
Bank B,1.5,1551,4870069.440132241,0.0006089715090424197,0.0005
Bank B,1.5,1552,3893744.163458044,0.0006634030246504293,0.0005
Bank B,1.5,1553,3289353.835177289,0.0008063887416643286,0.0005
Bank B,1.5,1554,4497521.7098951135,0.0003639952174286707,0.0005
Bank B,1.5,1555,2559401.12303425,0.000456000715964741,0.0005
Bank B,1.5,1556,1025382.1982904716,0.00032641380496192855,0.0005
Bank B,1.5,1557,1022762.0246400859,0.0005586860067783378,0.0005
Bank B,1.5,1558,1047699.7572294482,0.0004017818531436997,0.0005
Bank B,1.5,1559,661955.553067087,0.0002761862665874638,0.0005
Bank B,1.5,1560,2323598.8387860563,0.0005032819661608347,0.0005
Bank B,1.5,1561,3070719.581028236,0.00046048192420606595,0.0005
Bank B,1.5,1562,3862584.744258923,0.0003737120769575636,0.0005
Bank B,1.5,1563,1828757.664600769,0.0004897996355211011,0.0005
Bank B,1.5,1564,5854580.835892317,0.0005513188588293933,0.0005
Bank B,1.5,1565,2091347.5836047411,0.0008761804596711131,0.0005
Bank B,1.5,1566,2871860.630303993,0.0007214628320066832,0.0005
Bank B,1.5,1567,2596577.6571784616,0.00039445814760704,0.0005
Bank B,1.5,1568,2530746.2257320923,0.000326405062813107,0.0005
Bank B,1.5,1569,311668.44406981784,0.0003965154550927131,0.0005
Bank B,1.5,1570,3267954.719308389,0.0006816122909166853,0.0005
Bank B,1.5,1571,2999945.672213099,0.00041209342648741633,0.0005
Bank B,1.5,1572,2810358.197190839,0.0005530140139823125,0.0005
Bank B,1.5,1573,2451808.5585959135,0.0006403054866721341,0.0005
Bank B,1.5,1574,4850074.094528906,0.0006463589209685554,0.0005
Bank B,1.5,1575,2953314.350204665,0.00058148667243049,0.0005
Bank B,1.5,1576,4618958.980310415,0.0002797736424882063,0.0005
Bank B,1.5,1577,1891690.3589986141,0.00028815267105374937,0.0005
Bank B,1.5,1578,535348.9794321891,0.0003222739307631711,0.0005
Bank B,1.5,1579,2298920.351801522,0.00034095593862930405,0.0005
Bank B,1.5,1580,2168110.3485084395,0.0005654554919746112,0.0005
Bank B,1.5,1581,2785089.8988489816,0.0005783869552844691,0.0005
Bank B,1.5,1582,1157203.1490100345,0.0004563058080397054,0.0005
Bank B,1.5,1583,4213088.651598231,0.0005093194305677068,0.0005
Bank B,1.5,1584,4401456.086807847,0.0006020481681525755,0.0005
Bank B,1.5,1585,2783094.6268872563,0.00040723834357214267,0.0005
Bank B,1.5,1586,4735271.616044935,0.0005340578722920457,0.0005
Bank B,1.5,1587,4052373.82149636,0.0006416724843155422,0.0005
Bank B,1.5,1588,2795556.62436732,0.0006766740146473651,0.0005
Bank B,1.5,1589,3339563.1474255687,0.0005126981058305719,0.0005
Bank B,1.5,1590,2076886.8128725346,0.00038773141937440585,0.0005
Bank B,1.5,1591,3056538.2628822853,0.0008345995915122703,0.0005
Bank B,1.5,1592,4999966.679141223,0.0008223775644402732,0.0005
Bank B,1.5,1593,3067267.2399500534,0.00046361426625655223,0.0005
Bank B,1.5,1594,2473611.2218350605,0.000807471723916144,0.0005
Bank B,1.5,1595,3295837.8629555833,0.00046186609516321163,0.0005
Bank B,1.5,1596,2150281.272453558,0.0003354527501132477,0.0005
Bank B,1.5,1597,2773529.737536799,0.00045922378341515147,0.0005
Bank B,1.5,1598,5415952.227681773,0.00038678170956955903,0.0005
Bank B,1.5,1599,4873772.184331483,0.0003490545898187121,0.0005
Bank B,1.5,1600,2438179.251140905,0.0004096425952813071,0.0005
Bank B,1.5,1601,4217230.656483705,0.0007104132334191692,0.0005
Bank B,1.5,1602,3526488.7535918304,0.0006777909111282924,0.0005
Bank B,1.5,1603,5899264.531181125,0.0007174723212605919,0.0005
Bank B,1.5,1604,1050643.093304221,0.0003528056630807598,0.0005
Bank B,1.5,1605,3599866.7879907433,0.0005072201951503925,0.0005
Bank B,1.5,1606,249955.08768068132,0.00035074645100496767,0.0005
Bank B,1.5,1607,1926823.2725415244,0.0002906385608305392,0.0005
Bank B,1.5,1608,4091247.336189105,0.0006660560327982703,0.0005
Bank B,1.5,1609,2063502.902748808,0.0005372581421997626,0.0005
Bank B,1.5,1610,1450795.3341562524,0.0004362864404471906,0.0005
Bank B,1.5,1611,2374489.790565517,0.000492221042615823,0.0005
Bank B,1.5,1612,650946.9483810993,0.0002676509092245278,0.0005
Bank B,1.5,1613,834829.5762098451,0.0005278287504097294,0.0005
Bank B,1.5,1614,3493176.4668224044,0.0004903317921149147,0.0005
Bank B,1.5,1615,838371.1068340283,0.000634263589633851,0.0005
Bank B,1.5,1616,1326397.989917314,0.0004407880288338712,0.0005
Bank B,1.5,1617,1529843.7554397779,0.0005555607508455142,0.0005
Bank B,1.5,1618,830348.8543004739,0.0003991659026841576,0.0005
Bank B,1.5,1619,570172.4725105611,0.0005789459674544608,0.0005
Bank B,1.5,1620,488383.07589290466,0.0002628972298155486,0.0005
Bank B,1.5,1621,1007686.6674747377,0.00035309189993624156,0.0005
Bank B,1.5,1622,3097391.7696101787,0.00044033723413809987,0.0005
Bank B,1.5,1623,3474320.0195989776,0.0007716217988976382,0.0005
Bank B,1.5,1624,3693640.0002791104,0.0005113676906657984,0.0005
Bank B,1.5,1625,93489.60348744482,0.00014960508268135455,0.0005
Bank B,1.5,1626,3577358.912127997,0.0006159723988279373,0.0005
Bank B,1.5,1627,1192082.1271391837,0.0006227130206003146,0.0005
Bank B,1.5,1628,2815467.0329656163,0.0005092665592994116,0.0005
Bank B,1.5,1629,2697955.3597341175,0.0006480237728407124,0.0005
Bank B,1.5,1630,2983027.4777839202,0.0005262021286424512,0.0005
Bank B,1.5,1631,2228021.4612713116,0.0005306342274248924,0.0005
Bank B,1.5,1632,2144954.3663920984,0.00031362918622081454,0.0005
Bank B,1.5,1633,1897127.06273176,0.00033395745412075404,0.0005
Bank B,1.5,1634,908797.5988557923,0.000828752570670965,0.0005
Bank B,1.5,1635,1472452.2829108469,0.0005254074501105554,0.0005
Bank B,1.5,1636,3820863.528644475,0.00041291288654460225,0.0005
Bank B,1.5,1637,4770904.303670368,0.0006331984797167332,0.0005
Bank B,1.5,1638,2101081.2199493162,0.0002820316533860229,0.0005
Bank B,1.5,1639,2513427.5979925697,0.0005125132044523217,0.0005
Bank B,1.5,1640,3730484.276115421,0.0006606329193879908,0.0005
Bank B,1.5,1641,3698344.2218333883,0.0007158795776585861,0.0005
Bank B,1.5,1642,5004098.3502920745,0.0003365296273689972,0.0005
Bank B,1.5,1643,4787951.664764427,0.0006434408724924636,0.0005
Bank B,1.5,1644,2931705.892272814,0.0006333845420093584,0.0005
Bank B,1.5,1645,2603994.5073072095,0.0005862439840032759,0.0005
Bank B,1.5,1646,3819405.2783344467,0.0005470268436426804,0.0005
Bank B,1.5,1647,2483602.5999826575,0.0004824871354606501,0.0005
Bank B,1.5,1648,1554707.2293709547,0.00023241083076450009,0.0005
Bank B,1.5,1649,763103.8597196052,0.0004890265784671826,0.0005
Bank B,1.5,1650,4249107.082146676,0.0005145229279366834,0.0005
Bank B,1.5,1651,2204691.403401411,0.0005979219256479607,0.0005
Bank B,1.5,1652,3016140.509726547,0.000748054013245925,0.0005
Bank B,1.5,1653,2210756.353532172,0.00045644471954548995,0.0005
Bank B,1.5,1654,1993550.9986148914,0.0007559331336272918,0.0005
Bank B,1.5,1655,1302341.947209625,0.00027695305472917977,0.0005
Bank B,1.5,1656,476218.6174611222,0.0005041896540221425,0.0005
Bank B,1.5,1657,493453.15214818827,0.00030294554785887057,0.0005
Bank B,1.5,1658,1786767.5480434434,0.0004173203493076262,0.0005
Bank B,1.5,1659,1260279.088518519,0.0004323669625865808,0.0005
Bank B,1.5,1660,2156032.898217729,0.00034433917206725984,0.0005
Bank B,1.5,1661,1110641.746634906,0.00015007069726993028,0.0005
Bank B,1.5,1662,1147821.1537638695,0.00029223984973737196,0.0005
Bank B,1.5,1663,4889001.92574072,0.0006003226876331483,0.0005
Bank B,1.5,1664,1733612.2722806511,0.0003764319092585833,0.0005
Bank B,1.5,1665,1530863.2370841238,0.0004706687604600823,0.0005
Bank B,1.5,1666,3290198.636411088,0.0005585295022552037,0.0005
Bank B,1.5,1667,991733.1127919928,0.00043466714020546504,0.0005
Bank B,1.5,1668,1971185.846477658,0.00016292234724717575,0.0005
Bank B,1.5,1669,760430.8846916923,0.00023805394686414038,0.0005
Bank B,1.5,1670,2837425.1065868177,0.0006549252413600724,0.0005
Bank B,1.5,1671,3108261.9387358334,0.0007515181378205593,0.0005
Bank B,1.5,1672,1440003.3780779042,0.0007529077620967374,0.0005
Bank B,1.5,1673,4866940.134943076,0.0004930574521721174,0.0005
Bank B,1.5,1674,1667204.681824554,0.0005490407457307109,0.0005
Bank B,1.5,1675,3142082.459395936,0.0005649443359366666,0.0005
Bank B,1.5,1676,4702070.289971961,0.000653252928393723,0.0005
Bank B,1.5,1677,1137693.3451582752,0.000453671817123275,0.0005
Bank B,1.5,1678,183625.71673982264,0.0004691963753654212,0.0005
Bank B,1.5,1679,1612417.5753783714,0.0005070712839861057,0.0005
Bank B,1.5,1680,3403478.0690696333,0.0006862423828890424,0.0005
Bank B,1.5,1681,359603.18201904686,0.00030940302579644525,0.0005
Bank B,1.5,1682,5098683.609748415,0.000772546572322741,0.0005
Bank B,1.5,1683,4069835.641209966,0.000537760805088213,0.0005
Bank B,1.5,1684,348098.1925803685,0.0002976161631812742,0.0005
Bank B,1.5,1685,2534615.161194611,0.0004139847437900742,0.0005
Bank B,1.5,1686,1744962.6156587158,0.00030206057623518456,0.0005
Bank B,1.5,1687,1125624.485985848,0.0006887725694878821,0.0005
Bank B,1.5,1688,1169935.372664217,0.00029556103381039926,0.0005
Bank B,1.5,1689,2101261.2296440694,0.000490339868274885,0.0005
Bank B,1.5,1690,3561752.64903354,0.0005821212060194007,0.0005
Bank B,1.5,1691,1668963.11961705,0.0006513683348493874,0.0005
Bank B,1.5,1692,3758924.7999784164,0.00037123942106973126,0.0005
Bank B,1.5,1693,2302662.60938791,0.00039638922274418305,0.0005
Bank B,1.5,1694,2055156.8584205257,0.0005520883321896806,0.0005
Bank B,1.5,1695,0.0,0.0002553275302290047,0.0005
Bank B,1.5,1696,1086931.9181877617,0.0006021537548745263,0.0005
Bank B,1.5,1697,1072891.1594893627,0.0004323145848812182,0.0005
Bank B,1.5,1698,1728938.7327580876,0.00039876441849286663,0.0005
Bank B,1.5,1699,2617087.5492095957,0.00044162310293766467,0.0005
Bank B,1.5,1700,3237835.1858080896,0.0007629515579713246,0.0005
Bank B,1.5,1701,2376216.7660052557,0.0003476072445811598,0.0005
Bank B,1.5,1702,2620835.1902354434,0.0008718732143104282,0.0005
Bank B,1.5,1703,5018083.878185929,0.0006941685905611042,0.0005
Bank B,1.5,1704,1396614.4209585642,0.0004085487092520177,0.0005
Bank B,1.5,1705,721194.7682868924,0.0004635932300547469,0.0005
Bank B,1.5,1706,3445632.706944304,0.0005348812190326768,0.0005
Bank B,1.5,1707,1998874.932317228,0.0003413612806728684,0.0005
Bank B,1.5,1708,2140584.375408078,0.00040990554727534176,0.0005
Bank B,1.5,1709,668163.8009215201,0.0002350041333132001,0.0005
Bank B,1.5,1710,5524588.962058515,0.0005634779226271633,0.0005
Bank B,1.5,1711,1825582.9254668406,0.0006182272256146719,0.0005
Bank B,1.5,1712,2880454.9781224653,0.0003047754849585266,0.0005
Bank B,1.5,1713,1580344.5960226539,0.00033289291129666616,0.0005
Bank B,1.5,1714,1101558.7371941751,0.0003707965805105366,0.0005
Bank B,1.5,1715,5977210.218750712,0.0006116655795650737,0.0005
Bank B,1.5,1716,2025313.6708051676,0.0006591238755956902,0.0005
Bank B,1.5,1717,2517525.8686577403,0.0006967559240053225,0.0005
Bank B,1.5,1718,4276069.3776840735,0.000539662079943782,0.0005
Bank B,1.5,1719,2898961.987926389,0.0005032764110033439,0.0005
Bank B,1.5,1720,1058119.5623205625,0.0005709213334856488,0.0005
Bank B,1.5,1721,1434132.4988013231,0.0004314130662766355,0.0005
Bank B,1.5,1722,901040.5157250827,0.00029586817868365215,0.0005
Bank B,1.5,1723,2589973.4502849164,0.0004267241100508339,0.0005
Bank B,1.5,1724,5233780.031028202,0.0005821711271398502,0.0005
Bank B,1.5,1725,1689019.9067543522,0.0007599287234483579,0.0005
Bank B,1.5,1726,4642787.837127535,0.0007759171511177566,0.0005
Bank B,1.5,1727,5331619.954228246,0.0006844445894544465,0.0005
Bank B,1.5,1728,2619519.5374462223,0.0003659425591050355,0.0005
Bank B,1.5,1729,1385998.1180243443,0.0003784055935524175,0.0005
Bank B,1.5,1730,618111.947928122,0.0004189983065106203,0.0005
Bank B,1.5,1731,3770689.416440458,0.0005611594806748276,0.0005
Bank B,1.5,1732,3586807.896828968,0.0002990392005389282,0.0005
Bank B,1.5,1733,1291739.327214837,0.00015958477062050862,0.0005
Bank B,1.5,1734,3913934.9848637288,0.0008768739472606705,0.0005
Bank B,1.5,1735,5321802.256956762,0.0005005959157807714,0.0005
Bank B,1.5,1736,1000191.7820074582,0.000605818864283958,0.0005
Bank B,1.5,1737,4015410.2079125983,0.0005010795991406788,0.0005
Bank B,1.5,1738,352393.9305477813,0.0003367297719275302,0.0005
Bank B,1.5,1739,2672921.3451416213,0.0006036319381605504,0.0005
Bank B,1.5,1740,3009614.0574763278,0.00036055378632729695,0.0005
Bank B,1.5,1741,2355586.8092350485,0.0006677226818259587,0.0005
Bank B,1.5,1742,3319806.246211316,0.00036988457237208474,0.0005
Bank B,1.5,1743,3306724.6668305784,0.000490127416474296,0.0005
Bank B,1.5,1744,7112082.02416851,0.00044524817822987284,0.0005
Bank B,1.5,1745,427434.9879075959,0.0006063417238464788,0.0005
Bank B,1.5,1746,1996144.0092014873,0.0004945618074985599,0.0005
Bank B,1.5,1747,1608341.0155805643,0.0002849502879882124,0.0005
Bank B,1.5,1748,567353.1763410964,0.0004750069206430718,0.0005
Bank B,1.5,1749,5177048.37258718,0.0007954081584017641,0.0005
Bank B,1.5,1750,1487778.8736965824,0.00041865648696157566,0.0005
Bank B,1.5,1751,3685039.2421557,0.0006709162818136366,0.0005
Bank B,1.5,1752,2732881.3848066307,0.00044973252432656735,0.0005
Bank B,1.5,1753,2662023.863736927,0.0002971791508650094,0.0005
Bank B,1.5,1754,4493441.432550069,0.000561856610940959,0.0005
Bank B,1.5,1755,1286772.7649595337,0.0006793205179000433,0.0005
Bank B,1.5,1756,3499832.642684923,0.0006256521888078107,0.0005
Bank B,1.5,1757,3643145.423906705,0.0005833878691015521,0.0005
Bank B,1.5,1758,4437191.791193809,0.0006414101190661111,0.0005
Bank B,1.5,1759,1391640.9334983048,0.0005364095246957789,0.0005
Bank B,1.5,1760,3837568.397107756,0.00032328781798312027,0.0005
Bank B,1.5,1761,917333.2156852051,0.0006399258210815714,0.0005
Bank B,1.5,1762,1131467.8298159628,0.0006671535742891218,0.0005
Bank B,1.5,1763,1245722.0892270545,0.00038047749470265183,0.0005
Bank B,1.5,1764,2528649.3707199916,0.00035634858022110417,0.0005
Bank B,1.5,1765,2824496.089338255,0.00044928298367002506,0.0005
Bank B,1.5,1766,872865.0371671085,0.0006585764873429294,0.0005
Bank B,1.5,1767,3150486.214647228,0.0005939871547381074,0.0005
Bank B,1.5,1768,1389620.147273775,0.0007338085706690774,0.0005
Bank B,1.5,1769,3210219.814891873,0.0006987149676223574,0.0005
Bank B,1.5,1770,3947092.374432913,0.0004561876998487015,0.0005
Bank B,1.5,1771,5323361.648607958,0.0009692229901025938,0.0005
Bank B,1.5,1772,2184800.9064091817,0.0003806301872916165,0.0005
Bank B,1.5,1773,4192083.359804524,0.0003305297867470014,0.0005
Bank B,1.5,1774,2812057.480230017,0.00031425483662457857,0.0005
Bank B,1.5,1775,1094965.2055796692,0.00040142429562545705,0.0005
Bank B,1.5,1776,3042383.3721124097,0.0004301438583069494,0.0005
Bank B,1.5,1777,2902863.3989052624,0.0005471525891745229,0.0005
Bank B,1.5,1778,1343156.48843572,0.0005382007317451491,0.0005
Bank B,1.5,1779,2610255.7130455934,0.00018688193541434956,0.0005
Bank B,1.5,1780,345447.0221731675,0.00026418390029019377,0.0005
Bank B,1.5,1781,5597701.2900049165,0.0008106896304655541,0.0005
Bank B,1.5,1782,850511.7513780637,0.00036815177820137475,0.0005
Bank B,1.5,1783,1165291.4449059407,0.00044413757102770905,0.0005
Bank B,1.5,1784,2827457.8425688166,0.00041567893743560055,0.0005
Bank B,1.5,1785,2231613.7891171356,0.0003443549324249,0.0005
Bank B,1.5,1786,4284775.782293977,0.0006856367296815685,0.0005
Bank B,1.5,1787,6057989.679749116,0.0007140225080301001,0.0005
Bank B,1.5,1788,2110536.411649644,0.0004776444989591163,0.0005
Bank B,1.5,1789,6257230.152943589,0.0004785505342046435,0.0005
Bank B,1.5,1790,961109.2679301485,0.0004145788982254922,0.0005
Bank B,1.5,1791,3142455.8905852055,0.0002082436643615307,0.0005
Bank B,1.5,1792,3128437.6258808505,0.000666489976504244,0.0005
Bank B,1.5,1793,4281524.624398446,0.0006620764189225918,0.0005
Bank B,1.5,1794,5038283.20218534,0.0006792382075208611,0.0005
Bank B,1.5,1795,2869936.9934484917,0.0006312800091911073,0.0005
Bank B,1.5,1796,2646353.3661832334,0.0003199588160263246,0.0005
Bank B,1.5,1797,2864383.5487125316,0.0003469864274341878,0.0005
Bank B,1.5,1798,1712203.8571824227,0.000361337437371555,0.0005
Bank B,1.5,1799,3899333.951151164,0.0005383971416912805,0.0005
Bank B,1.5,1800,2601203.534940827,0.00031680924826148893,0.0005
Bank B,1.5,1801,4291476.252408488,0.0005623891109051055,0.0005
Bank B,1.5,1802,3305854.829612932,0.0004798243915145546,0.0005
Bank B,1.5,1803,5717636.404478587,0.0006595346412381004,0.0005
Bank B,1.5,1804,1476959.4831989885,0.0006508374917372033,0.0005
Bank B,1.5,1805,4082761.958626123,0.0005552225810170786,0.0005
Bank B,1.5,1806,754780.6390980078,0.0002512091459615904,0.0005
Bank B,1.5,1807,1695428.9603597592,0.00042916050336998425,0.0005
Bank B,1.5,1808,2021431.3105332209,0.0003900696839828865,0.0005
Bank B,1.5,1809,1590777.5827743714,0.0003046863433656574,0.0005
Bank B,1.5,1810,3870284.920023993,0.00038853604324145277,0.0005
Bank B,1.5,1811,4552649.8874931885,0.0005165409936305131,0.0005
Bank B,1.5,1812,3324084.858351117,0.00025600581408572316,0.0005
Bank B,1.5,1813,3611721.8436018433,0.0005966865534356489,0.0005
Bank B,1.5,1814,4845126.9300291315,0.0004542182728962492,0.0005
Bank B,1.5,1815,1927198.7668287,0.0005780739392579894,0.0005
Bank B,1.5,1816,4042268.2437205976,0.0005578262915145385,0.0005
Bank B,1.5,1817,852721.3552779565,0.0004105712187332825,0.0005
Bank B,1.5,1818,2954172.3392510246,0.00028216350921537683,0.0005
Bank B,1.5,1819,896081.9414184862,0.0004167834621859694,0.0005
Bank B,1.5,1820,603328.9830960631,0.0006923979506218583,0.0005
Bank B,1.5,1821,4950382.660485971,0.0006613103730622953,0.0005
Bank B,1.5,1822,2102874.206006815,0.0003528513618443898,0.0005
Bank B,1.5,1823,1719185.409290081,0.0003078962970378856,0.0005
Bank B,1.5,1824,1378471.784380951,0.0005432909025331271,0.0005
Bank B,1.5,1825,949794.5769388377,0.00037980252912308106,0.0005
Bank B,1.5,1826,2145785.551851133,0.00031092202110862336,0.0005
Bank B,1.5,1827,4441879.300408993,0.0003737888049509659,0.0005
Bank B,1.5,1828,838816.4375347282,0.0007109841103278688,0.0005
Bank B,1.5,1829,2980111.5011882316,0.00035860149284337956,0.0005
Bank B,1.5,1830,997162.6587900978,0.0005539553619254932,0.0005
Bank B,1.5,1831,3063105.2390129487,0.0006246343020842204,0.0005
Bank B,1.5,1832,2544727.68863321,0.00040550183275199367,0.0005
Bank B,1.5,1833,1577853.7304885297,0.0003482845645112918,0.0005
Bank B,1.5,1834,1452806.3913045132,0.0002809685018027071,0.0005
Bank B,1.5,1835,1249246.590655178,0.000508216241339761,0.0005
Bank B,1.5,1836,3454332.8335829033,0.0005875481348865037,0.0005
Bank B,1.5,1837,2642983.835905442,0.0007220658178414842,0.0005
Bank B,1.5,1838,2953851.107380881,0.0005918674797244732,0.0005
Bank B,1.5,1839,2767632.1713821227,0.000831702395829476,0.0005
Bank B,1.5,1840,4878128.497894515,0.00043754142357135936,0.0005
Bank B,1.5,1841,887321.7549175816,0.0002798349396500185,0.0005
Bank B,1.5,1842,3459507.4562056093,0.0003571132271748763,0.0005
Bank B,1.5,1843,2700139.2888980233,0.0005642580654859515,0.0005
Bank B,1.5,1844,2543909.7962619914,0.0005941860300471151,0.0005
Bank B,1.5,1845,264239.58831064333,0.00033836688156426613,0.0005
Bank B,1.5,1846,569485.198857867,0.00022961167520908383,0.0005
Bank B,1.5,1847,1609684.3456693618,0.00039902384365895333,0.0005
Bank B,1.5,1848,0.0,0.0006792909151171961,0.0005
Bank B,1.5,1849,4229398.7084603505,0.0003780374256530602,0.0005
Bank B,1.5,1850,4022290.2059385357,0.0006406636549601634,0.0005
Bank B,1.5,1851,2281047.6898958962,0.00043361581913553733,0.0005
Bank B,1.5,1852,1349922.4485530148,0.0004160284670705985,0.0005
Bank B,1.5,1853,525952.5737273582,0.0002570176924808924,0.0005
Bank B,1.5,1854,1957850.594555401,0.0008505803405597812,0.0005
Bank B,1.5,1855,2896609.9729005257,0.0003506853670127553,0.0005
Bank B,1.5,1856,2008679.4727159007,0.00038283154184645874,0.0005
Bank B,1.5,1857,3234586.9791112794,0.0007578140413592409,0.0005
Bank B,1.5,1858,1428230.6033820587,0.0007412660977845407,0.0005
Bank B,1.5,1859,1708101.078779037,0.00033927206639196083,0.0005
Bank B,1.5,1860,3500729.2376932204,0.0005743723000699954,0.0005
Bank B,1.5,1861,6476241.118057279,0.00035478615413225953,0.0005
Bank B,1.5,1862,1697879.0085818358,0.00046763976441238316,0.0005
Bank B,1.5,1863,3336879.361815569,0.0004758259358925582,0.0005
Bank B,1.5,1864,1717539.2511279075,0.0007441936224735208,0.0005
Bank B,1.5,1865,2329532.7674705368,0.00042658203315412057,0.0005
Bank B,1.5,1866,3354950.6466471483,0.00029687900652738985,0.0005
Bank B,1.5,1867,4354556.033958802,0.0002989427753118038,0.0005
Bank B,1.5,1868,4593824.284994646,0.00040194021941116913,0.0005
Bank B,1.5,1869,5320548.561241786,0.0004995088648562974,0.0005
Bank B,1.5,1870,4518004.8610878885,0.0005295262355212878,0.0005
Bank B,1.5,1871,2458130.5894327434,0.0006970258260661279,0.0005
Bank B,1.5,1872,1864271.2905685287,0.0004107023178424412,0.0005
Bank B,1.5,1873,843167.2714904543,0.00027847089781753116,0.0005
Bank B,1.5,1874,1613187.5522919262,0.0004939760792151327,0.0005
Bank B,1.5,1875,2868516.5590451895,0.0004044830891892506,0.0005
Bank B,1.5,1876,3852891.3715299424,0.0006014925177338583,0.0005
Bank B,1.5,1877,1077821.8678594069,0.00045660272377019093,0.0005
Bank B,1.5,1878,655982.4468757163,0.00021007660139308384,0.0005
Bank B,1.5,1879,1968019.2099391385,0.00037492263289287805,0.0005
Bank B,1.5,1880,2456201.7882983824,0.0006980156254894737,0.0005
Bank B,1.5,1881,3682048.90529388,0.000425596545648094,0.0005
Bank B,1.5,1882,1203503.6504649487,0.0003056673403529242,0.0005
Bank B,1.5,1883,1114542.3815219551,0.0004056070145440893,0.0005
Bank B,1.5,1884,897402.8763892236,0.0004858160160910927,0.0005
Bank B,1.5,1885,707903.6029040418,0.0004909700843835565,0.0005
Bank B,1.5,1886,2528648.571166453,0.0003344118985118076,0.0005
Bank B,1.5,1887,1072187.5776767547,0.0005009431452286919,0.0005
Bank B,1.5,1888,3692383.9059202764,0.00042772384090889603,0.0005
Bank B,1.5,1889,4020784.9188900334,0.0004592529074991656,0.0005
Bank B,1.5,1890,517387.99777473987,0.00041997286005605774,0.0005
Bank B,1.5,1891,5338942.600843108,0.0004214984599396286,0.0005
Bank B,1.5,1892,5474395.233007993,0.0005798886883273726,0.0005
Bank B,1.5,1893,286978.98877583863,0.00034480005843741244,0.0005
Bank B,1.5,1894,1098166.5481034238,0.0004924354023751893,0.0005
Bank B,1.5,1895,4767349.329317683,0.0006987212310594198,0.0005
Bank B,1.5,1896,7094497.869946632,0.0005106343355208853,0.0005
Bank B,1.5,1897,737315.8787778219,0.0006869523221151918,0.0005
Bank B,1.5,1898,2458762.327986731,0.00036733671192922576,0.0005
Bank B,1.5,1899,2829834.8807650143,0.00042565061333383925,0.0005
Bank B,1.5,1900,1539032.9028211408,0.0006598952065023926,0.0005
Bank B,1.5,1901,3741991.3335123127,0.000545922102711085,0.0005
Bank B,1.5,1902,2133937.1516090296,0.0006679426064535051,0.0005
Bank B,1.5,1903,1294749.591529456,0.0003114836141167042,0.0005
Bank B,1.5,1904,1279998.2173819807,0.00055123327232664,0.0005
Bank B,1.5,1905,1579430.5497658316,0.00029150502330737215,0.0005
Bank B,1.5,1906,2050980.7976631257,0.00035593136517621043,0.0005
Bank B,1.5,1907,1107443.9712653458,0.0002991984712517541,0.0005
Bank B,1.5,1908,6247955.2485262975,0.0006486433489150449,0.0005
Bank B,1.5,1909,5101716.527185608,0.0003550801480201626,0.0005
Bank B,1.5,1910,4555329.671249515,0.000493215867698427,0.0005
Bank B,1.5,1911,1816398.316736261,0.0002239367513288706,0.0005
Bank B,1.5,1912,0.0,0.00022336895249847521,0.0005
Bank B,1.5,1913,4376913.253408663,0.0005033133642739369,0.0005
Bank B,1.5,1914,1047430.7075093609,0.00026722622754076067,0.0005
Bank B,1.5,1915,4913395.374271248,0.0007218803834447397,0.0005
Bank B,1.5,1916,5346857.862664584,0.0005348312963486928,0.0005
Bank B,1.5,1917,2316864.936632891,0.0006204230270744774,0.0005
Bank B,1.5,1918,1628150.7655665793,0.0006352950829635295,0.0005
Bank B,1.5,1919,3070277.1432401333,0.0007082173299330917,0.0005
Bank B,1.5,1920,2338362.375406908,0.0005692330609157771,0.0005
Bank B,1.5,1921,3743045.972625541,0.00033340957836820576,0.0005
Bank B,1.5,1922,3024507.8307171343,0.00045319141872473564,0.0005
Bank B,1.5,1923,6165337.325215823,0.0006149053967789468,0.0005
Bank B,1.5,1924,342923.4916254359,0.0003146067692888959,0.0005
Bank B,1.5,1925,4308482.434262746,0.00043036432573623733,0.0005
Bank B,1.5,1926,3055560.9202598487,0.0007135365726358754,0.0005
Bank B,1.5,1927,3216727.2523306096,0.0008303598133484474,0.0005
Bank B,1.5,1928,1186776.8600529884,0.00026171998652185823,0.0005
Bank B,1.5,1929,2152260.363808118,0.0003676372437986221,0.0005
Bank B,1.5,1930,4570999.266393617,0.0008933901432000616,0.0005
Bank B,1.5,1931,1597855.2330725812,0.0005871900018873224,0.0005
Bank B,1.5,1932,6221904.7939439565,0.0007045892149523179,0.0005
Bank B,1.5,1933,4905097.202856854,0.0005787788518252331,0.0005
Bank B,1.5,1934,584460.1223339614,0.00020653733839497585,0.0005
Bank B,1.5,1935,5319765.155143814,0.0005855651065291562,0.0005
Bank B,1.5,1936,5230116.350133344,0.00037252160755593986,0.0005
Bank B,1.5,1937,2036323.8455796547,0.0005100624983401258,0.0005
Bank B,1.5,1938,1156333.6126595673,0.00031533737328387387,0.0005
Bank B,1.5,1939,5801420.855151168,0.0004256657738300533,0.0005
Bank B,1.5,1940,3086873.529042449,0.00042758149181962643,0.0005
Bank B,1.5,1941,2214016.125926326,0.00036433526232905266,0.0005
Bank B,1.5,1942,3273194.671594418,0.0008091669144197156,0.0005
Bank B,1.5,1943,1101474.2577841387,0.00026060705485884576,0.0005
Bank B,1.5,1944,5393726.644906207,0.0005324184857737488,0.0005
Bank B,1.5,1945,2725401.777160649,0.0006674284098667537,0.0005
Bank B,1.5,1946,1898889.7348505044,0.0007104831143040446,0.0005
Bank B,1.5,1947,1237847.1085887593,0.00047464980446929473,0.0005
Bank B,1.5,1948,1898323.6585077546,0.00037155350477638,0.0005
Bank B,1.5,1949,227602.08892702905,0.00037277124419534806,0.0005
Bank B,1.5,1950,2530400.4413914448,0.0004613847695727554,0.0005
Bank B,1.5,1951,4629156.577116637,0.0007560837832190809,0.0005
Bank B,1.5,1952,1819796.5104111691,0.00022897542650776505,0.0005
Bank B,1.5,1953,4247472.671704042,0.0007958700794812378,0.0005
Bank B,1.5,1954,8232888.183133052,0.0006634281247136332,0.0005
Bank B,1.5,1955,2371284.439345934,0.00062414191953632,0.0005
Bank B,1.5,1956,916210.5210553819,0.0005026355997791381,0.0005
Bank B,1.5,1957,961863.4254923927,0.0004228709132811925,0.0005
Bank B,1.5,1958,2878030.070416053,0.0005058960515953983,0.0005
Bank B,1.5,1959,1747407.2102795183,0.000672036781532785,0.0005
Bank B,1.5,1960,2546586.830753991,0.0006003129336595288,0.0005
Bank B,1.5,1961,5807897.111376617,0.0006323005871119349,0.0005
Bank B,1.5,1962,3055473.421993346,0.0005623200016961974,0.0005
Bank B,1.5,1963,1099011.0983125146,0.0005532348274188087,0.0005
Bank B,1.5,1964,929031.5514018897,0.0003994102989029516,0.0005
Bank B,1.5,1965,341812.6640790431,0.0006769539047472497,0.0005
Bank B,1.5,1966,4910575.578447102,0.00040420748296624584,0.0005
Bank B,1.5,1967,1968679.3605391711,0.0003191788436751193,0.0005
Bank B,1.5,1968,3292345.7116652816,0.0003620195642194073,0.0005
Bank B,1.5,1969,5160480.682552222,0.0006324763075172849,0.0005
Bank B,1.5,1970,3805623.791113884,0.0005880460536271923,0.0005
Bank B,1.5,1971,4416035.3390137935,0.00046894911060384897,0.0005
Bank B,1.5,1972,252312.25950832193,0.0006775561073968149,0.0005
Bank B,1.5,1973,5830919.966775778,0.0005195566282150166,0.0005
Bank B,1.5,1974,1668097.5392597206,0.0004103446123141988,0.0005
Bank B,1.5,1975,3185055.559175507,0.00042579079504533675,0.0005
Bank B,1.5,1976,2719775.992453278,0.0004896025848603808,0.0005
Bank B,1.5,1977,3058923.3977223607,0.0005592498386259868,0.0005
Bank B,1.5,1978,6869356.268039582,0.0007738698430936406,0.0005
Bank B,1.5,1979,1418561.3039939823,0.0005571702031188583,0.0005
Bank B,1.5,1980,3526203.083433059,0.0004626770890203875,0.0005
Bank B,1.5,1981,1179497.711890364,0.0007592609589497998,0.0005
Bank B,1.5,1982,2384176.857525398,0.0003553785620191907,0.0005
Bank B,1.5,1983,2071324.7347626602,0.0006163964953404805,0.0005
Bank B,1.5,1984,1787137.5079102938,0.00021193797948974177,0.0005
Bank B,1.5,1985,1411451.3408650123,0.00047222338238447843,0.0005
Bank B,1.5,1986,1583370.1136751967,0.00035788111121610983,0.0005
Bank B,1.5,1987,832617.3020024634,0.0007578757071532242,0.0005
Bank B,1.5,1988,1707331.2693477324,0.0004167612199458239,0.0005
Bank B,1.5,1989,1265143.6766501826,0.000319579815711499,0.0005
Bank B,1.5,1990,1061404.4630587958,0.000423483230313908,0.0005
Bank B,1.5,1991,3300766.0181438453,0.0004889662712181331,0.0005
Bank B,1.5,1992,5265381.644167332,0.0006934635240961131,0.0005
Bank B,1.5,1993,504178.9405344199,0.00019388865495584018,0.0005
Bank B,1.5,1994,4298403.182863641,0.0008154960838096333,0.0005
Bank B,1.5,1995,3172799.0653583016,0.0005915210607204323,0.0005
Bank B,1.5,1996,5306935.485778484,0.0006864504109556241,0.0005
Bank B,1.5,1997,1628532.9689184837,0.000368773595310932,0.0005
Bank B,1.5,1998,2518653.0285951933,0.0004993097807214151,0.0005
Bank B,1.5,1999,2825278.7955157845,0.00037005051424111006,0.0005
